player_id,first_name,last_name,player_name,current_club_id,country_of_birth,city_of_birth,country_of_citizenship,date_of_birth,sub_position,position,foot,height_in_cm,contract_expiration_date,international_caps,international_goals,current_national_team_id,current_club_domestic_competition_id,current_club_name,market_value_in_eur,highest_market_value_in_eur,stats_player_name,stats_position,stats_club,minutes_played,goals,assists,xG,xAG,progressive_passes,progressive_carries,dribbles_attempted,dribbles_successful,shot_creating_actions,goal_creating_actions,tackles,blocks,yellow_cards_stats,red_cards_stats,position_group,goals_per90,assists_per90,xG_per90,xAG_per90,progressive_passes_per90,progressive_carries_per90,dribbles_successful_per90,shot_creating_actions_per90,goal_creating_actions_per90,tackles_per90,blocks_per90,goals_percentile,assists_percentile,xG_percentile,xAG_percentile,progressive_passes_percentile,progressive_carries_percentile,dribbles_successful_percentile,shot_creating_actions_percentile,goal_creating_actions_percentile,tackles_percentile,blocks_percentile,goals_per90_percentile,assists_per90_percentile,xG_per90_percentile,xAG_per90_percentile,progressive_passes_per90_percentile,progressive_carries_per90_percentile,dribbles_successful_per90_percentile,shot_creating_actions_per90_percentile,goal_creating_actions_per90_percentile,tackles_per90_percentile,blocks_per90_percentile,performance_score,age,market_value_in_eur_percentile,age_percentile,moneyball_score,cluster
29241,Thiago,Silva,Thiago Silva,2462,Brazil,Rio de Janeiro,Brazil,1984-09-22,Centre-Back,Defender,right,181.0,2026-12-31 00:00:00,113.0,7.0,,BRA1,Fluminense Football Club,500000.0,40000000.0,Thiago Silva,CB,Fluminense,1260.0,0.0,0.0,0.5,0.7000000000000001,34.0,2.0,0.0,0.0,13.0,0.0,13.0,10.0,2.0,0.0,Centre-Back,0.0,0.0,0.0357142857142857,0.05,2.428571428571429,0.1428571428571428,0.0,0.9285714285714286,0.0,0.9285714285714286,0.7142857142857142,0.2625,0.35,0.35,0.75,0.175,0.1625,0.0625,0.4375,0.1625,0.1,0.1125,0.2625,0.35,0.425,0.8,0.35,0.125,0.0625,0.65,0.1625,0.1,0.15,0.2,40,0.2272727272727272,1.0,0.3131818181818182,1
45319,Gabriel,Mercado,Gabriel Mercado,6600,Argentina,Puerto Madryn,Argentina,1987-03-18,Centre-Back,Defender,right,180.0,2026-12-31 00:00:00,24.0,4.0,,BRA1,Sport Club Internacional,100000.0,6000000.0,Gabriel Mercado,CB,Internacional,1186.0,1.0,0.0,0.3,0.6,32.0,2.0,3.0,1.0,9.0,2.0,17.0,7.0,6.0,0.0,Centre-Back,0.0758853288364249,0.0,0.0227655986509274,0.0455311973018549,2.4283305227655987,0.1517706576728499,0.0758853288364249,0.6829679595278246,0.1517706576728499,1.2900505902192243,0.5311973018549747,0.675,0.35,0.2375,0.6875,0.15,0.1625,0.1875,0.225,0.6875,0.175,0.0625,0.775,0.35,0.25,0.775,0.325,0.175,0.225,0.375,0.875,0.375,0.05,0.245,37,0.0303030303030303,0.9625,0.3950492424242424,1
46741,,David Luiz,David Luiz,10870,Brazil,Diadema,Brazil,1987-04-22,Centre-Back,Defender,right,189.0,2027-05-31 00:00:00,57.0,3.0,,BRA1,Fortaleza Esporte Clube,500000.0,30000000.0,David Luiz,CB,Flamengo,1756.0,3.0,0.0,1.9,0.4,104.0,32.0,10.0,4.0,31.0,1.0,11.0,19.0,5.0,0.0,Centre-Back,0.15375854214123,0.0,0.097380410022779,0.020501138952164,5.330296127562643,1.6400911161731206,0.20501138952164,1.5888382687927107,0.05125284738041,0.5637813211845102,0.9738041002277904,0.925,0.35,0.875,0.5875,0.825,0.95,0.5625,0.8625,0.425,0.05,0.35,0.95,0.35,0.875,0.625,0.95,0.95,0.5,0.925,0.4,0.025,0.325,0.5366666666666667,37,0.2272727272727272,0.9625,0.5208068181818182,2
55250,,Titi,Titi,10870,Brazil,Pelotas,Brazil,1988-03-12,Centre-Back,Defender,left,188.0,2026-11-30 00:00:00,,,,BRA1,Fortaleza Esporte Clube,200000.0,2300000.0,Titi,CB,Fortaleza,2020.0,1.0,0.0,0.2,0.5,43.0,8.0,4.0,3.0,10.0,0.0,31.0,30.0,8.0,0.0,Centre-Back,0.0445544554455445,0.0,0.0089108910891089,0.0222772277227722,1.915841584158416,0.3564356435643564,0.1336633663366336,0.4455445544554455,0.0,1.381188118811881,1.3366336633663365,0.675,0.35,0.0875,0.6375,0.3125,0.4,0.45,0.325,0.1625,0.7125,0.7375,0.625,0.35,0.025,0.65,0.175,0.4,0.4,0.15,0.1625,0.45,0.7,0.4183333333333333,36,0.0757575757575757,0.925,0.4933106060606059,3
113586,,Manoel,Manoel,2462,Brazil,Bacabal,Brazil,1990-02-26,Centre-Back,Defender,right,181.0,,,,,BRA1,Fluminense Football Club,350000.0,5500000.0,Manoel,CB,Fluminense,1047.0,0.0,0.0,0.2,0.1,17.0,0.0,3.0,3.0,2.0,0.0,14.0,14.0,2.0,0.0,Centre-Back,0.0,0.0,0.0171919770773638,0.0085959885386819,1.4613180515759312,0.0,0.2578796561604584,0.1719197707736389,0.0,1.2034383954154728,1.2034383954154728,0.2625,0.35,0.0875,0.2875,0.025,0.025,0.45,0.025,0.1625,0.125,0.2125,0.2625,0.35,0.15,0.375,0.025,0.025,0.575,0.025,0.1625,0.275,0.55,0.2316666666666666,34,0.1363636363636363,0.9,0.3699090909090909,3
139867,Robert,Arboleda,Robert Arboleda,585,Ecuador,Esmeraldas,Ecuador,1991-10-22,Centre-Back,Defender,right,189.0,2027-12-31 00:00:00,39.0,2.0,,BRA1,São Paulo Futebol Clube,400000.0,2500000.0,Robert Arboleda,CB,São Paulo,2256.0,2.0,0.0,1.2000000000000002,0.5,45.0,2.0,0.0,0.0,19.0,3.0,31.0,28.0,3.0,0.0,Centre-Back,0.0797872340425532,0.0,0.0478723404255319,0.0199468085106383,1.7952127659574468,0.0797872340425532,0.0,0.7579787234042553,0.1196808510638297,1.2367021276595744,1.1170212765957448,0.8625,0.35,0.7375,0.6375,0.45,0.1625,0.0625,0.625,0.8875,0.7125,0.6875,0.8,0.35,0.575,0.6,0.1,0.075,0.0625,0.475,0.8,0.35,0.375,0.2366666666666666,33,0.1818181818181818,0.85,0.3690454545454545,1
145400,Walter,Kannemann,Walter Kannemann,210,Argentina,Concepción del Uruguay,Argentina,1991-03-14,Centre-Back,Defender,left,184.0,2027-12-31 00:00:00,6.0,0.0,,BRA1,Grêmio Foot-Ball Porto Alegrense,350000.0,6000000.0,Walter Kannemann,CB,Grêmio,1000.0,0.0,2.0,0.6000000000000001,0.8,21.0,2.0,6.0,6.0,8.0,2.0,18.0,16.0,6.0,1.0,Centre-Back,0.0,0.18,0.054,0.072,1.89,0.18,0.54,0.72,0.18,1.62,1.44,0.2625,0.95,0.425,0.7875,0.075,0.1625,0.6875,0.175,0.6875,0.2125,0.275,0.2625,1.0,0.675,0.925,0.15,0.225,0.9,0.425,0.9,0.725,0.75,0.4733333333333334,33,0.1363636363636363,0.85,0.5224090909090909,0
169179,Alan,Empereur,Alan Empereur,3876,Brazil,Ipatinga,Brazil,1994-03-10,Centre-Back,Defender,left,186.0,2026-12-31 00:00:00,,,,BRA1,Mirasol Futebol Clube,750000.0,1000000.0,Alan Empereur,CB,Cuiabá,2548.0,0.0,0.0,0.5,1.1,96.0,18.0,7.0,4.0,31.0,1.0,20.0,20.0,9.0,0.0,Centre-Back,0.0,0.0,0.0176609105180533,0.0388540031397174,3.390894819466248,0.6357927786499216,0.141287284144427,1.0949764521193093,0.0353218210361067,0.706436420722135,0.706436420722135,0.2625,0.35,0.35,0.85,0.8,0.8125,0.5625,0.8625,0.425,0.2875,0.3875,0.2625,0.35,0.175,0.725,0.65,0.675,0.425,0.775,0.35,0.075,0.125,0.36,30,0.303030303030303,0.625,0.4464924242424243,2
175792,,André Ramalho,André Ramalho,199,Brazil,Ibiúna,Brazil,1992-02-16,Centre-Back,Defender,both,182.0,2026-12-31 00:00:00,,,,BRA1,Sport Club Corinthians Paulista,800000.0,4500000.0,André Ramalho,CB,Corinthians,1482.0,0.0,1.0,0.2,0.3,53.0,10.0,6.0,5.0,15.0,4.0,24.0,20.0,5.0,1.0,Centre-Back,0.0,0.0607287449392712,0.0121457489878542,0.0182186234817813,3.218623481781376,0.6072874493927126,0.3036437246963563,0.9109311740890688,0.242914979757085,1.45748987854251,1.2145748987854252,0.2625,0.7875,0.0875,0.5375,0.5625,0.5375,0.6375,0.5375,0.9625,0.4375,0.3875,0.2625,0.8,0.075,0.5,0.625,0.625,0.675,0.6,0.975,0.575,0.575,0.5983333333333333,32,0.3333333333333333,0.7625,0.5612916666666666,0
176140,Rodrigo,Ely,Rodrigo Ely,210,Brazil,Lajeado,Brazil,1993-11-03,Centre-Back,Defender,right,188.0,2028-06-30 00:00:00,3.0,0.0,,BRA1,Grêmio Foot-Ball Porto Alegrense,3000000.0,6000000.0,Rodrigo Ely,CB,Grêmio,1569.0,1.0,0.0,0.9,0.2,36.0,3.0,5.0,4.0,10.0,0.0,37.0,32.0,5.0,0.0,Centre-Back,0.0573613766730401,0.0,0.0516252390057361,0.011472275334608,2.0650095602294454,0.1720841300191204,0.2294455066921606,0.5736137667304015,0.0,2.122370936902485,1.8355640535372848,0.675,0.35,0.5625,0.425,0.2,0.25,0.5625,0.325,0.1625,0.85,0.775,0.7,0.35,0.65,0.4,0.25,0.2,0.525,0.275,0.1625,0.95,0.925,0.61,31,0.6666666666666666,0.675,0.4980833333333334,3
195810,,Bastos,Bastos,537,Angola,Luanda,Angola,1991-03-27,Centre-Back,Defender,right,184.0,2026-12-31 00:00:00,54.0,2.0,,BRA1,S. A. F. Botafogo,600000.0,8000000.0,Bastos,CB,Botafogo (RJ),2628.0,3.0,0.0,1.8,0.1,111.0,12.0,5.0,2.0,21.0,2.0,32.0,27.0,6.0,0.0,Centre-Back,0.1027397260273972,0.0,0.0616438356164383,0.0034246575342465,3.8013698630136985,0.410958904109589,0.0684931506849315,0.7191780821917808,0.0684931506849315,1.095890410958904,0.9246575342465752,0.925,0.35,0.85,0.2875,0.875,0.6625,0.325,0.7125,0.6875,0.7875,0.6375,0.9,0.35,0.75,0.25,0.725,0.425,0.175,0.4,0.5,0.2,0.275,0.425,33,0.2727272727272727,0.85,0.4593181818181818,1
215390,Gustavo,Gómez,Gustavo Gómez,1023,Paraguay,San Juan Bautista,Paraguay,1993-05-06,Centre-Back,Defender,right,185.0,2027-12-31 00:00:00,94.0,4.0,,BRA1,Sociedade Esportiva Palmeiras,3500000.0,9000000.0,Gustavo Gómez,CB,Palmeiras,2367.0,1.0,2.0,3.7,1.7999999999999998,82.0,8.0,4.0,1.0,22.0,2.0,38.0,35.0,9.0,0.0,Centre-Back,0.0380228136882129,0.0760456273764258,0.1406844106463878,0.0684410646387832,3.11787072243346,0.3041825095057034,0.0380228136882129,0.8365019011406843,0.0760456273764258,1.4448669201520912,1.3307984790874523,0.675,0.95,0.95,0.925,0.75,0.4,0.1875,0.7625,0.6875,0.8875,0.85,0.525,0.85,0.95,0.875,0.525,0.35,0.125,0.525,0.525,0.55,0.675,0.5483333333333333,31,0.7272727272727273,0.675,0.4459318181818182,1
258254,,Jemerson,Jemerson,210,Brazil,Jeremoabo,Brazil,1992-08-24,Centre-Back,Defender,right,184.0,2026-11-30 00:00:00,2.0,0.0,,BRA1,Grêmio Foot-Ball Porto Alegrense,1700000.0,18000000.0,Jemerson,CB,Atlético Mineiro,1256.0,1.0,0.0,0.7,0.0,23.0,2.0,2.0,2.0,4.0,0.0,21.0,23.0,7.0,0.0,Centre-Back,0.071656050955414,0.0,0.0501592356687898,0.0,1.6480891719745223,0.143312101910828,0.143312101910828,0.286624203821656,0.0,1.5047770700636942,1.6480891719745223,0.675,0.35,0.4875,0.125,0.1,0.1625,0.325,0.075,0.1625,0.3375,0.5375,0.75,0.35,0.625,0.125,0.05,0.15,0.45,0.075,0.1625,0.675,0.8375,0.44,32,0.5757575757575758,0.7625,0.4056856060606061,3
262851,Emanuel,Brítez,Emanuel Brítez,2125,Argentina,Santa Fe,Argentina,1992-03-26,Centre-Back,Defender,right,178.0,2027-06-30 00:00:00,,,,BRA1,Esporte Clube Vitória,,,Emanuel Brítez,CB,Fortaleza,2503.0,0.0,2.0,1.1,2.0,63.0,12.0,14.0,10.0,34.0,3.0,60.0,33.0,11.0,2.0,Centre-Back,0.0,0.0719137035557331,0.0395525369556532,0.0719137035557331,2.2652816620055933,0.4314822213343987,0.3595685177786655,1.222532960447463,0.1078705553335996,2.1574111066719937,1.1865761086695965,0.2625,0.95,0.65,1.0,0.65,0.6625,0.9375,0.925,0.8875,1.0,0.8,0.2625,0.825,0.475,0.9,0.275,0.475,0.8,0.8,0.775,0.975,0.475,0.5416666666666666,32,,0.7625,,0
273000,Júnior,Alonso,Júnior Alonso,330,Paraguay,Asunción,Paraguay,1993-02-09,Centre-Back,Defender,left,185.0,2026-12-31 00:00:00,76.0,3.0,,BRA1,Clube Atlético Mineiro,1500000.0,8000000.0,Júnior Alonso,CB,Atlético Mineiro,956.0,1.0,0.0,0.2,0.0,45.0,16.0,5.0,3.0,15.0,1.0,18.0,5.0,2.0,0.0,Centre-Back,0.0941422594142259,0.0,0.0188284518828451,0.0,4.236401673640168,1.506276150627615,0.2824267782426778,1.4121338912133892,0.0941422594142259,1.694560669456067,0.4707112970711297,0.675,0.35,0.0875,0.125,0.45,0.75,0.45,0.5375,0.425,0.2125,0.025,0.85,0.35,0.2,0.125,0.85,0.925,0.625,0.875,0.675,0.775,0.025,0.62,31,0.5151515151515151,0.675,0.5419621212121212,2
323850,,Zé Marcos,Zé Marcos,2125,Brazil,Americana,Brazil,1998-02-01,Centre-Back,Defender,left,188.0,2026-11-30 00:00:00,6.0,0.0,,BRA1,Esporte Clube Vitória,,,Zé Marcos,CB,Juventude,1951.0,0.0,0.0,0.9,0.1,42.0,5.0,3.0,2.0,10.0,2.0,30.0,25.0,12.0,2.0,Centre-Back,0.0,0.0,0.0415171706817016,0.0046130189646335,1.9374679651460789,0.230650948231676,0.0922603792926704,0.461301896463352,0.0922603792926704,1.3839056893900563,1.1532547411583804,0.2625,0.35,0.5625,0.2875,0.25,0.325,0.325,0.325,0.6875,0.6125,0.6,0.2625,0.35,0.5,0.275,0.2,0.275,0.3,0.175,0.625,0.475,0.45,0.35,26,,0.2625,,1
341701,,Igor Rabello,Igor Rabello,2462,Brazil,Rio de Janeiro,Brazil,1995-04-28,Centre-Back,Defender,right,190.0,2027-12-31 00:00:00,1.0,0.0,,BRA1,Fluminense Football Club,1400000.0,3500000.0,Igor Rabello,CB,Atlético Mineiro,962.0,0.0,1.0,0.3,0.2,20.0,2.0,2.0,1.0,9.0,0.0,20.0,14.0,3.0,1.0,Centre-Back,0.0,0.0935550935550935,0.028066528066528,0.0187110187110187,1.8711018711018712,0.1871101871101871,0.0935550935550935,0.841995841995842,0.0,1.8711018711018712,1.30977130977131,0.2625,0.7875,0.2375,0.425,0.05,0.1625,0.1875,0.225,0.1625,0.2875,0.2125,0.2625,0.9,0.325,0.525,0.125,0.25,0.325,0.55,0.1625,0.9,0.65,0.4883333333333333,29,0.4545454545454545,0.5625,0.4949886363636363,3
349513,,Neris,Neris,2125,Brazil,Tucuruí,Brazil,1992-06-17,Centre-Back,Defender,right,192.0,2026-12-31 00:00:00,,,,BRA1,Esporte Clube Vitória,200000.0,2000000.0,Neris,CB,Cruzeiro,1663.0,1.0,0.0,0.3,0.0,43.0,10.0,10.0,8.0,10.0,1.0,33.0,23.0,3.0,1.0,Centre-Back,0.0541190619362597,0.0,0.0162357185808779,0.0,2.3271196632591704,0.5411906193625977,0.4329524954900782,0.5411906193625977,0.0541190619362597,1.7859290438965725,1.2447384245339748,0.675,0.35,0.2375,0.125,0.3125,0.5375,0.8375,0.325,0.425,0.825,0.5375,0.675,0.35,0.125,0.125,0.3,0.55,0.825,0.25,0.425,0.825,0.625,0.56,32,0.0757575757575757,0.7625,0.6026856060606061,3
374136,,Léo Ortiz,Léo Ortiz,614,Brazil,Porto Alegre,Brazil,1996-01-03,Centre-Back,Defender,right,185.0,2028-12-31 00:00:00,2.0,0.0,,BRA1,Clube de Regatas do Flamengo,12000000.0,15000000.0,Leo Ortiz,CB,Flamengo,1878.0,1.0,2.0,1.0,1.3,138.0,16.0,13.0,7.0,32.0,2.0,31.0,17.0,2.0,0.0,Centre-Back,0.047923322683706,0.0958466453674121,0.047923322683706,0.0623003194888178,6.613418530351438,0.7667731629392972,0.3354632587859425,1.5335463258785944,0.0958466453674121,1.4856230031948885,0.8146964856230032,0.675,0.95,0.6,0.875,1.0,0.75,0.7375,0.9,0.6875,0.7125,0.3,0.65,0.95,0.6,0.85,1.0,0.75,0.725,0.9,0.7,0.6,0.175,0.64,29,0.9848484848484848,0.5625,0.4534128787878788,0
379752,Alexander,Barboza,Alexander Barboza,1023,Argentina,Villa Celina,Argentina,1995-03-16,Centre-Back,Defender,left,193.0,2028-12-31 00:00:00,,,,BRA1,Sociedade Esportiva Palmeiras,5000000.0,6000000.0,Alexander Barboza,CB,Botafogo (RJ),2033.0,0.0,1.0,1.5,0.9,89.0,14.0,12.0,8.0,24.0,2.0,30.0,27.0,11.0,2.0,Centre-Back,0.0,0.0442695523856369,0.0664043285784554,0.0398425971470732,3.939990162321693,0.6197737333989178,0.3541564190850959,1.0624692572552876,0.0885391047712739,1.3280865715691097,1.1952779144121988,0.2625,0.7875,0.8125,0.825,0.775,0.7,0.8375,0.8125,0.6875,0.6125,0.6375,0.2625,0.725,0.8,0.75,0.75,0.65,0.75,0.75,0.6,0.425,0.5,0.5833333333333334,29,0.8939393939393939,0.5625,0.4421401515151515,0
379807,,Lyanco,Lyanco,330,Brazil,Vitória,Brazil,1997-02-01,Centre-Back,Defender,right,187.0,2029-12-31 00:00:00,10.0,0.0,,BRA1,Clube Atlético Mineiro,4500000.0,8000000.0,Lyanco,CB,Atlético Mineiro,904.0,0.0,0.0,0.2,0.2,37.0,9.0,9.0,5.0,5.0,1.0,15.0,15.0,8.0,1.0,Centre-Back,0.0,0.0,0.0199115044247787,0.0199115044247787,3.683628318584071,0.8960176991150443,0.497787610619469,0.497787610619469,0.0995575221238938,1.4933628318584071,1.4933628318584071,0.2625,0.35,0.0875,0.425,0.225,0.475,0.6375,0.1,0.425,0.15,0.25,0.2625,0.35,0.225,0.575,0.7,0.8,0.875,0.2,0.725,0.625,0.775,0.7133333333333333,27,0.8333333333333334,0.375,0.5634166666666666,0
422700,Tomás,Cardona,Tomás Cardona,10870,Argentina,Buenos Aires,Argentina,1995-10-10,Centre-Back,Defender,left,185.0,2026-12-31 00:00:00,,,,BRA1,Fortaleza Esporte Clube,,,Tomás Cardona,CB,Fortaleza,1435.0,1.0,0.0,0.5,0.0,50.0,11.0,0.0,0.0,7.0,0.0,26.0,37.0,4.0,0.0,Centre-Back,0.0627177700348432,0.0,0.0313588850174216,0.0,3.1358885017421603,0.6898954703832753,0.0,0.4390243902439024,0.0,1.6306620209059235,2.320557491289198,0.675,0.35,0.35,0.125,0.525,0.6,0.0625,0.15,0.1625,0.475,0.9125,0.725,0.35,0.4,0.125,0.55,0.7,0.0625,0.125,0.1625,0.75,1.0,0.7433333333333334,29,,0.5625,,3
432773,,Fabrício Bruno,Fabrício Bruno,609,Brazil,Contagem,Brazil,1996-02-12,Centre-Back,Defender,right,190.0,2030-12-31 00:00:00,6.0,0.0,,BRA1,Cruzeiro Esporte Clube,12000000.0,12000000.0,Fabrício Bruno,CB,Flamengo,2310.0,1.0,0.0,0.6000000000000001,0.2,115.0,11.0,4.0,2.0,17.0,1.0,30.0,21.0,6.0,0.0,Centre-Back,0.0389610389610389,0.0,0.0233766233766233,0.0077922077922077,4.48051948051948,0.4285714285714286,0.0779220779220779,0.6623376623376623,0.0389610389610389,1.168831168831169,0.8181818181818181,0.675,0.35,0.425,0.425,0.9,0.6,0.325,0.6,0.425,0.6125,0.45,0.575,0.35,0.275,0.325,0.875,0.45,0.25,0.35,0.375,0.25,0.2,0.4716666666666667,28,0.9848484848484848,0.4875,0.3636628787878787,2
456535,Agustín,Rogel,Agustín Rogel,6600,Uruguay,Montevideo,Uruguay,1997-10-17,Centre-Back,Defender,right,191.0,2027-12-31 00:00:00,1.0,0.0,,BRA1,Sport Club Internacional,1500000.0,4500000.0,Agustín Rogel,CB,Internacional,1055.0,0.0,1.0,1.1,0.0,24.0,1.0,1.0,1.0,6.0,0.0,12.0,7.0,2.0,1.0,Centre-Back,0.0,0.0853080568720379,0.0938388625592417,0.0,2.0473933649289098,0.0853080568720379,0.0853080568720379,0.5118483412322274,0.0,1.0236966824644549,0.5971563981042654,0.2625,0.7875,0.65,0.125,0.125,0.0625,0.1875,0.125,0.1625,0.075,0.0625,0.2625,0.875,0.85,0.125,0.225,0.1,0.275,0.225,0.1625,0.125,0.075,0.1416666666666666,27,0.5151515151515151,0.375,0.2999621212121212,1
458710,,Murilo,Murilo,1023,Brazil,São Gonçalo dos Campos,Brazil,1997-03-27,Centre-Back,Defender,right,188.0,2027-12-31 00:00:00,0.0,0.0,,BRA1,Sociedade Esportiva Palmeiras,5000000.0,10000000.0,Murilo Cerqueira,CB,Palmeiras,2175.0,1.0,0.0,1.5,0.3,127.0,25.0,13.0,7.0,24.0,2.0,38.0,21.0,7.0,1.0,Centre-Back,0.0413793103448275,0.0,0.0620689655172413,0.0124137931034482,5.255172413793104,1.0344827586206895,0.2896551724137931,0.993103448275862,0.0827586206896551,1.572413793103448,0.8689655172413794,0.675,0.35,0.8125,0.5375,0.925,0.925,0.7375,0.8125,0.6875,0.8875,0.45,0.6,0.35,0.775,0.45,0.925,0.875,0.65,0.7,0.575,0.7,0.25,0.6783333333333333,27,0.8939393939393939,0.375,0.5272651515151515,2
466336,Nahuel,Ferraresi,Nahuel Ferraresi,537,Venezuela,San Cristóbal,Venezuela,1998-11-19,Centre-Back,Defender,right,190.0,2026-12-31 00:00:00,45.0,1.0,,BRA1,S. A. F. Botafogo,4500000.0,5000000.0,Nahuel Ferraresi,CB,São Paulo,902.0,1.0,1.0,0.3,0.8,45.0,9.0,7.0,6.0,14.0,3.0,21.0,23.0,2.0,0.0,Centre-Back,0.0997782705099778,0.0997782705099778,0.0299334811529933,0.0798226164079822,4.490022172949002,0.8980044345898004,0.5986696230598669,1.3968957871396896,0.2993348115299334,2.0953436807095343,2.29490022172949,0.675,0.7875,0.2375,0.7875,0.45,0.475,0.6875,0.4875,0.8875,0.3375,0.5375,0.875,0.975,0.35,1.0,0.9,0.825,0.925,0.85,1.0,0.925,0.975,0.9166666666666666,26,0.8333333333333334,0.2625,0.7022916666666665,0
468174,Félix,Torres,Félix Torres,6600,Ecuador,San Lorenzo,Ecuador,1997-01-11,Centre-Back,Defender,right,187.0,2026-12-31 00:00:00,50.0,5.0,,BRA1,Sport Club Internacional,1000000.0,6000000.0,Félix Torres Caicedo,CB,Corinthians,1710.0,0.0,0.0,0.8,0.7,60.0,5.0,8.0,3.0,20.0,2.0,23.0,12.0,3.0,0.0,Centre-Back,0.0,0.0,0.0421052631578947,0.0368421052631578,3.1578947368421053,0.2631578947368421,0.1578947368421052,1.0526315789473684,0.1052631578947368,1.2105263157894737,0.631578947368421,0.2625,0.35,0.525,0.725,0.625,0.325,0.45,0.6625,0.6875,0.3875,0.175,0.2625,0.35,0.55,0.7,0.575,0.325,0.475,0.725,0.75,0.3,0.1,0.3416666666666667,27,0.3939393939393939,0.375,0.4502651515151515,2
484848,,Zé Ivaldo,Zé Ivaldo,221,Brazil,Maceió,Brazil,1997-02-21,Centre-Back,Defender,right,185.0,2028-12-31 00:00:00,,,,BRA1,Santos Futebol Clube,2000000.0,4000000.0,Zé Ivaldo,CB,Cruzeiro,2361.0,1.0,0.0,1.1,0.4,80.0,23.0,17.0,8.0,21.0,0.0,28.0,30.0,9.0,0.0,Centre-Back,0.0381194409148665,0.0,0.0419313850063532,0.0152477763659466,3.049555273189326,0.8767471410419314,0.3049555273189326,0.8005082592121983,0.0,1.0673443456162643,1.1435832274459974,0.675,0.35,0.65,0.5875,0.725,0.875,0.8375,0.7125,0.1625,0.525,0.7375,0.55,0.35,0.525,0.475,0.475,0.775,0.7,0.5,0.1625,0.175,0.425,0.4216666666666667,27,0.6060606060606061,0.375,0.4452348484848485,2
524446,,Kanu,Kanu,10010,Brazil,Duque de Caxias,Brazil,1997-03-07,Centre-Back,Defender,right,186.0,2027-12-31 00:00:00,,,,BRA1,Esporte Clube Bahia,3000000.0,3500000.0,Kanu,CB,Bahia,2700.0,0.0,0.0,0.3,0.0,78.0,18.0,10.0,4.0,9.0,2.0,32.0,36.0,11.0,0.0,Centre-Back,0.0,0.0,0.0099999999999999,0.0,2.6,0.6000000000000001,0.1333333333333333,0.3,0.0666666666666666,1.0666666666666669,1.2000000000000002,0.2625,0.35,0.2375,0.125,0.7,0.8125,0.5625,0.225,0.6875,0.7875,0.875,0.2625,0.35,0.05,0.125,0.4,0.6,0.375,0.1,0.475,0.15,0.525,0.3933333333333333,27,0.6666666666666666,0.375,0.4130833333333333,3
546033,,Sabino,Sabino,585,Brazil,Brasília,Brazil,1996-10-25,Centre-Back,Defender,left,185.0,2028-12-31 00:00:00,,,,BRA1,São Paulo Futebol Clube,1000000.0,1200000.0,José Sabino,CB,São Paulo,972.0,0.0,0.0,0.3,0.0,43.0,5.0,5.0,3.0,10.0,0.0,19.0,11.0,3.0,0.0,Centre-Back,0.0,0.0,0.0277777777777777,0.0,3.9814814814814814,0.4629629629629629,0.2777777777777778,0.925925925925926,0.0,1.7592592592592593,1.0185185185185186,0.2625,0.35,0.2375,0.125,0.3125,0.325,0.45,0.325,0.1625,0.25,0.15,0.2625,0.35,0.3,0.125,0.8,0.5,0.6,0.625,0.1625,0.8,0.35,0.64,28,0.3939393939393939,0.4875,0.6123901515151515,2
563692,Bruno,Fuchs,Bruno Fuchs,1023,Brazil,Ponta Grossa,Brazil,1999-04-01,Centre-Back,Defender,right,190.0,2029-12-31 00:00:00,8.0,0.0,,BRA1,Sociedade Esportiva Palmeiras,4000000.0,5000000.0,Bruno Fuchs,CB,Atlético Mineiro,2031.0,0.0,1.0,0.7,1.8,136.0,22.0,11.0,8.0,36.0,3.0,42.0,34.0,9.0,1.0,Centre-Back,0.0,0.0443131462333825,0.0310192023633677,0.0797636632200886,6.026587887740029,0.9748892171344166,0.3545051698670606,1.5952732644017726,0.1329394387001477,1.861152141802068,1.5066469719350073,0.2625,0.7875,0.4875,0.9625,0.975,0.85,0.8375,0.95,0.8875,0.925,0.825,0.2625,0.75,0.375,0.975,0.975,0.85,0.775,0.95,0.85,0.875,0.8,0.8849999999999999,25,0.7727272727272727,0.2,0.7078181818181818,0
603122,,Cacá,Cacá,2125,Brazil,Visconde do Rio Branco,Brazil,1999-04-25,Centre-Back,Defender,right,187.0,2026-12-31 00:00:00,,,,BRA1,Esporte Clube Vitória,1500000.0,3000000.0,Cacá,CB,Corinthians,2298.0,4.0,1.0,4.2,0.2,44.0,9.0,3.0,1.0,16.0,2.0,28.0,44.0,4.0,1.0,Centre-Back,0.1566579634464752,0.0391644908616188,0.1644908616187989,0.0078328981723237,1.723237597911227,0.3524804177545692,0.0391644908616188,0.6266318537859008,0.0783289817232376,1.0966057441253263,1.723237597911227,0.9875,0.7875,1.0,0.425,0.375,0.475,0.1875,0.575,0.6875,0.525,1.0,0.975,0.7,1.0,0.35,0.075,0.375,0.15,0.3,0.55,0.225,0.9,0.375,25,0.5151515151515151,0.2,0.4662121212121212,1
661245,Mateo,Gamarra,Mateo Gamarra,609,Paraguay,Concepción,Paraguay,2000-10-20,Centre-Back,Defender,left,183.0,2026-12-31 00:00:00,4.0,0.0,,BRA1,Cruzeiro Esporte Clube,,,Mateo Gamarra,CB,Athletico Paranaense,1482.0,0.0,0.0,1.2,0.2,59.0,4.0,4.0,2.0,12.0,2.0,30.0,28.0,7.0,0.0,Centre-Back,0.0,0.0,0.0728744939271255,0.0121457489878542,3.582995951417004,0.242914979757085,0.1214574898785425,0.728744939271255,0.1214574898785425,1.8218623481781375,1.7004048582995952,0.2625,0.35,0.7,0.425,0.6,0.275,0.325,0.4,0.6875,0.6125,0.6875,0.2625,0.35,0.825,0.425,0.675,0.3,0.35,0.45,0.825,0.85,0.875,0.725,24,,0.15,,1
739272,,Adriano Martins,Adriano Martins,10492,Brazil,Rio de Janeiro,Brazil,1997-04-01,Centre-Back,Defender,right,193.0,2026-12-31 00:00:00,,,,BRA1,Esporte Clube Juventude,,,Adriano Martins,CB,Atlético Goianiense,2990.0,0.0,0.0,1.2000000000000002,0.0,106.0,24.0,14.0,8.0,22.0,1.0,43.0,41.0,7.0,0.0,Centre-Back,0.0,0.0,0.0361204013377926,0.0,3.190635451505017,0.7224080267558528,0.2408026755852842,0.6622073578595318,0.0301003344481605,1.294314381270903,1.234113712374582,0.2625,0.35,0.7375,0.125,0.85,0.9,0.8375,0.7625,0.425,0.95,0.95,0.2625,0.35,0.45,0.125,0.6,0.725,0.55,0.325,0.325,0.4,0.6,0.5633333333333332,27,,0.375,,2
809716,,Lucas Freitas,Lucas Freitas,978,Brazil,Rio de Janeiro,Brazil,2001-01-20,Centre-Back,Defender,left,184.0,2027-12-31 00:00:00,0.0,0.0,,BRA1,Club de Regatas Vasco da Gama,1000000.0,1000000.0,Lucas Freitas,CB,Juventude,1256.0,0.0,0.0,0.2,0.1,43.0,8.0,4.0,1.0,13.0,0.0,9.0,23.0,3.0,1.0,Centre-Back,0.0,0.0,0.0143312101910828,0.0071656050955414,3.0812101910828025,0.5732484076433121,0.071656050955414,0.931528662420382,0.0,0.6449044585987261,1.6480891719745223,0.2625,0.35,0.0875,0.2875,0.3125,0.4,0.1875,0.4375,0.1625,0.025,0.5375,0.2625,0.35,0.1,0.3,0.5,0.575,0.2,0.675,0.1625,0.05,0.8375,0.4800000000000001,23,0.3939393939393939,0.125,0.5707651515151515,3
874223,,Gustavo Martins,Gustavo Martins,210,Brazil,Niterói,Brazil,2002-08-11,Centre-Back,Defender,right,191.0,2027-12-31 00:00:00,0.0,0.0,,BRA1,Grêmio Foot-Ball Porto Alegrense,4000000.0,4000000.0,Gustavo Martins Santos,CB,Grêmio,1377.0,2.0,0.0,2.0,0.0,45.0,1.0,1.0,0.0,3.0,1.0,23.0,21.0,1.0,1.0,Centre-Back,0.130718954248366,0.0,0.130718954248366,0.0,2.9411764705882355,0.065359477124183,0.0,0.196078431372549,0.065359477124183,1.5032679738562091,1.3725490196078431,0.8625,0.35,0.9,0.125,0.45,0.0625,0.0625,0.05,0.425,0.3875,0.45,0.925,0.35,0.925,0.125,0.425,0.05,0.0625,0.05,0.45,0.65,0.725,0.515,22,0.7727272727272727,0.1,0.5008181818181818,1
880217,,Alix,Alix,8793,Brazil,Simões Filho,Brazil,1999-11-06,Centre-Back,Defender,right,195.0,2028-12-31 00:00:00,,,,BRA1,Red Bull Bragantino,3000000.0,3000000.0,Alix Vinicius,CB,Atlético Goianiense,2042.0,0.0,0.0,1.3,0.6,69.0,11.0,14.0,10.0,20.0,0.0,28.0,43.0,6.0,2.0,Centre-Back,0.0,0.0,0.0572967678746327,0.0264446620959843,3.041136141038198,0.484818805093046,0.4407443682664055,0.881488736532811,0.0,1.2340842311459357,1.895200783545544,0.2625,0.35,0.775,0.6875,0.675,0.6,0.9375,0.6625,0.1625,0.525,0.975,0.2625,0.35,0.725,0.675,0.45,0.525,0.85,0.575,0.1625,0.325,0.95,0.56,25,0.6666666666666666,0.2,0.5393333333333333,3
958598,,Robert Renan,Robert Renan,978,Brazil,Brasília,Brazil,2003-10-11,Centre-Back,Defender,left,186.0,2026-12-31 00:00:00,0.0,0.0,,BRA1,Club de Regatas Vasco da Gama,10000000.0,10000000.0,Robert Renan,"CB,RW",Internacional,959.0,0.0,1.0,0.6000000000000001,0.2,45.0,16.0,16.0,8.0,14.0,1.0,24.0,10.0,2.0,0.0,Centre-Back,0.0,0.0938477580813347,0.0563086548488008,0.0187695516162669,4.223149113660062,1.5015641293013555,0.7507820646506778,1.313868613138686,0.0938477580813347,2.2523461939520333,0.9384775808133472,0.2625,0.7875,0.425,0.425,0.45,0.75,0.8375,0.4875,0.425,0.4375,0.1125,0.2625,0.925,0.7,0.55,0.825,0.9,0.95,0.825,0.65,1.0,0.3,0.7416666666666667,21,0.9393939393939394,0.075,0.5989015151515151,0
1097224,,Janderson,Janderson,609,Brazil,Altos,Brazil,2005-08-31,Centre-Back,Defender,right,190.0,2029-02-01 00:00:00,,,,BRA1,Cruzeiro Esporte Clube,,,Janderson,LW,Vitória,1937.0,4.0,0.0,3.3000000000000003,1.6,53.0,61.0,82.0,31.0,64.0,4.0,31.0,18.0,8.0,0.0,Centre-Back,0.1858544140423335,0.0,0.1533298915849251,0.0743417656169334,2.462570986060919,2.834279814145586,1.4403717088280847,2.9736706246773363,0.1858544140423335,1.4403717088280847,0.8363448631905007,0.9875,0.35,0.925,0.9,0.5625,0.975,0.975,0.975,0.9625,0.7125,0.325,1.0,0.35,0.975,0.95,0.375,1.0,1.0,1.0,0.925,0.525,0.225,0.4583333333333333,19,,0.05,,0
1364987,,Breno,Breno,2462,,,Brazil,2007-03-24,Centre-Back,Defender,both,,,,,,BRA1,Fluminense Football Club,,,Breno,AM,Corinthians,2969.0,3.0,2.0,4.0,1.8,130.0,86.0,72.0,39.0,94.0,8.0,46.0,37.0,6.0,0.0,Centre-Back,0.0909397103401818,0.0606264735601212,0.1212529471202425,0.0545638262041091,3.940720781407881,2.606938363085214,1.1822162344223646,2.8494442573256986,0.242505894240485,1.3944088918827888,1.1215897608622432,0.925,0.95,0.975,0.9625,0.95,1.0,1.0,1.0,1.0,0.975,0.9125,0.825,0.775,0.9,0.825,0.775,0.975,0.975,0.975,0.95,0.5,0.4,0.6283333333333333,17,,0.025,,0
47592,,Fagner,Fagner,609,Brazil,São Paulo,Brazil,1989-06-11,Right-Back,Defender,right,168.0,2026-12-31 00:00:00,10.0,0.0,,BRA1,Cruzeiro Esporte Clube,200000.0,7000000.0,Fagner,RB,Corinthians,913.0,0.0,1.0,0.1,2.2,39.0,14.0,6.0,4.0,32.0,5.0,23.0,8.0,4.0,1.0,Full-Back,0.0,0.0985761226725082,0.0098576122672508,0.2168674698795181,3.844468784227821,1.380065717415115,0.3943044906900328,3.154435925520263,0.4928806133625411,2.267250821467689,0.7886089813800657,0.1571428571428571,0.4285714285714285,0.0857142857142857,0.6428571428571429,0.1428571428571428,0.1,0.0714285714285714,0.3714285714285714,0.6428571428571429,0.1571428571428571,0.0571428571428571,0.1571428571428571,0.6571428571428571,0.1142857142857142,1.0,0.4285714285714285,0.2,0.2285714285714285,0.8571428571428571,0.9714285714285714,0.6,0.2285714285714285,0.4822857142857142,35,0.0806451612903225,0.9285714285714286,0.5299244239631336,0
75080,Alan,Ruschel,Alan Ruschel,10492,Brazil,Taquara,Brazil,1989-08-23,Left-Back,Defender,left,176.0,2026-12-31 00:00:00,,,,BRA1,Esporte Clube Juventude,,,Alan Ruschel,LB,Juventude,2243.0,1.0,1.0,0.7,1.6,120.0,43.0,24.0,10.0,56.0,5.0,69.0,30.0,7.0,2.0,Full-Back,0.0401248328131966,0.0401248328131966,0.0280873829692376,0.0641997325011145,4.814979937583594,1.7253678109674544,0.4012483281319661,2.2469906375390103,0.200624164065983,2.768613464110566,1.2037449843958985,0.4857142857142857,0.4285714285714285,0.4285714285714285,0.4714285714285714,0.7714285714285715,0.6714285714285714,0.4857142857142857,0.6571428571428571,0.6428571428571429,0.9428571428571428,0.8714285714285714,0.3714285714285714,0.3714285714285714,0.3428571428571428,0.2571428571428571,0.6857142857142857,0.3714285714285714,0.2857142857142857,0.4857142857142857,0.5142857142857142,0.8,0.7714285714285715,0.5085714285714286,35,,0.9285714285714286,,1
75435,,Marcos Rocha,Marcos Rocha,210,Brazil,Sete Lagoas,Brazil,1988-12-11,Right-Back,Defender,right,176.0,2026-12-31 00:00:00,2.0,0.0,,BRA1,Grêmio Foot-Ball Porto Alegrense,200000.0,6000000.0,Marcos Rocha,WB,Palmeiras,1936.0,0.0,2.0,0.3,3.6,150.0,35.0,18.0,8.0,83.0,7.0,55.0,22.0,5.0,1.0,Full-Back,0.0,0.0929752066115702,0.0139462809917355,0.1673553719008264,6.973140495867769,1.6270661157024793,0.371900826446281,3.858471074380165,0.3254132231404958,2.5568181818181817,1.0227272727272727,0.1571428571428571,0.6428571428571429,0.2,0.9142857142857144,0.9714285714285714,0.4571428571428571,0.3,0.9428571428571428,0.8857142857142857,0.7142857142857143,0.6,0.1571428571428571,0.6285714285714286,0.1428571428571428,0.8571428571428571,1.0,0.3142857142857143,0.1714285714285714,0.9714285714285714,0.8,0.7428571428571429,0.5142857142857142,0.64,36,0.0806451612903225,1.0,0.6138387096774194,0
137745,,Marçal,Marçal,537,Brazil,São Paulo,Brazil,1989-02-19,Left-Back,Defender,left,178.0,2026-12-31 00:00:00,,,,BRA1,S. A. F. Botafogo,200000.0,8000000.0,Fernando Marçal,LB,Botafogo (RJ),1014.0,1.0,0.0,0.3,0.6,59.0,18.0,9.0,4.0,23.0,0.0,28.0,9.0,5.0,0.0,Full-Back,0.0887573964497041,0.0,0.0266272189349112,0.0532544378698224,5.236686390532545,1.5976331360946745,0.3550295857988166,2.0414201183431957,0.0,2.485207100591716,0.7988165680473372,0.4857142857142857,0.1714285714285714,0.2,0.0714285714285714,0.4,0.1714285714285714,0.0714285714285714,0.1142857142857142,0.0571428571428571,0.3,0.1285714285714285,0.7714285714285715,0.1714285714285714,0.3142857142857143,0.1714285714285714,0.8,0.2571428571428571,0.1142857142857142,0.2857142857142857,0.0571428571428571,0.6857142857142857,0.2571428571428571,0.3817142857142856,35,0.0806451612903225,0.9285714285714286,0.4695815668202764,2
147361,,Mayke,Mayke,221,Brazil,Carangola,Brazil,1992-11-10,Right-Back,Defender,right,178.0,2027-12-31 00:00:00,,,,BRA1,Santos Futebol Clube,1500000.0,5500000.0,Mayke,RB,Palmeiras,1035.0,1.0,0.0,1.2,0.8,73.0,20.0,11.0,8.0,36.0,2.0,36.0,13.0,7.0,0.0,Full-Back,0.0869565217391304,0.0,0.1043478260869565,0.0695652173913043,6.3478260869565215,1.7391304347826086,0.6956521739130435,3.130434782608696,0.1739130434782608,3.130434782608696,1.1304347826086956,0.4857142857142857,0.1714285714285714,0.6428571428571429,0.1714285714285714,0.4571428571428571,0.2285714285714285,0.3,0.4285714285714285,0.2571428571428571,0.4285714285714285,0.3285714285714285,0.7142857142857143,0.1714285714285714,0.8857142857142857,0.3428571428571428,0.9428571428571428,0.4,0.5142857142857142,0.8285714285714286,0.4,0.9428571428571428,0.6,0.5702857142857143,32,0.2903225806451613,0.7857142857142857,0.5517336405529955,1
147410,Raúl,Cáceres,Raúl Cáceres,2125,Paraguay,Asunción,Paraguay,1991-09-18,Right-Back,Defender,right,180.0,2026-12-31 00:00:00,0.0,0.0,,BRA1,Esporte Clube Vitória,,,Raúl Cáceres,RB,Vitória,1695.0,0.0,3.0,0.1,2.4,50.0,51.0,18.0,7.0,44.0,7.0,38.0,16.0,2.0,0.0,Full-Back,0.0,0.1592920353982301,0.0053097345132743,0.127433628318584,2.6548672566371683,2.7079646017699117,0.3716814159292035,2.336283185840708,0.3716814159292035,2.017699115044248,0.8495575221238938,0.1571428571428571,0.8285714285714286,0.0857142857142857,0.7285714285714285,0.2571428571428571,0.7714285714285715,0.2285714285714285,0.5,0.8857142857142857,0.4857142857142857,0.4571428571428571,0.1571428571428571,0.8571428571428571,0.0571428571428571,0.6857142857142857,0.1142857142857142,0.9142857142857144,0.1428571428571428,0.5714285714285714,0.8571428571428571,0.4571428571428571,0.3142857142857143,0.5222857142857142,33,,0.8285714285714286,,0
167724,,Diogo Barbosa,Diogo Barbosa,10870,Brazil,Terra Nova do Norte,Brazil,1992-08-17,Left-Back,Defender,left,179.0,,,,,BRA1,Fortaleza Esporte Clube,,,Diogo Barbosa,LB,Fluminense,1759.0,0.0,0.0,0.0,0.6000000000000001,111.0,41.0,35.0,15.0,30.0,0.0,35.0,9.0,5.0,0.0,Full-Back,0.0,0.0,0.0,0.030699260943718,5.679363274587834,2.0977828311540647,0.7674815235929505,1.534963047185901,0.0,1.7907902217168847,0.4604889141557703,0.1571428571428571,0.1714285714285714,0.0285714285714285,0.1142857142857142,0.6857142857142857,0.6142857142857143,0.6285714285714286,0.3,0.0571428571428571,0.4,0.1285714285714285,0.1571428571428571,0.1714285714285714,0.0285714285714285,0.0857142857142857,0.8571428571428571,0.6285714285714286,0.6571428571428571,0.1142857142857142,0.0571428571428571,0.2571428571428571,0.0285714285714285,0.4182857142857143,32,,0.7857142857142857,,2
188862,Guillermo,Varela,Guillermo Varela,614,Uruguay,Montevideo,Uruguay,1993-03-24,Right-Back,Defender,right,174.0,2027-12-31 00:00:00,30.0,0.0,,BRA1,Clube de Regatas do Flamengo,1000000.0,2500000.0,Guillermo Varela,RB,Flamengo,1038.0,1.0,0.0,0.2,1.0,24.0,14.0,15.0,6.0,17.0,2.0,18.0,12.0,2.0,0.0,Full-Back,0.0867052023121387,0.0,0.0173410404624277,0.0867052023121387,2.0809248554913293,1.213872832369942,0.5202312138728323,1.4739884393063585,0.1734104046242774,1.5606936416184969,1.0404624277456649,0.4857142857142857,0.1714285714285714,0.1428571428571428,0.3142857142857143,0.0285714285714285,0.1,0.1857142857142857,0.0285714285714285,0.2571428571428571,0.0571428571428571,0.2714285714285714,0.6714285714285714,0.1714285714285714,0.2,0.5428571428571428,0.0285714285714285,0.0857142857142857,0.4,0.0571428571428571,0.3714285714285714,0.1142857142857142,0.5428571428571428,0.2411428571428571,31,0.2258064516129032,0.7428571428571429,0.376805529953917,2
198250,,Samuel Xavier,Samuel Xavier,2462,Brazil,São Paulo,Brazil,1990-06-06,Right-Back,Defender,right,166.0,2027-12-31 00:00:00,,,,BRA1,Fluminense Football Club,200000.0,2000000.0,Samuel Xavier,RB,Fluminense,2660.0,0.0,2.0,0.7000000000000001,1.9,135.0,64.0,31.0,9.0,59.0,5.0,48.0,19.0,5.0,0.0,Full-Back,0.0,0.0676691729323308,0.0236842105263157,0.0642857142857142,4.56766917293233,2.165413533834587,0.3045112781954887,1.9962406015037597,0.169172932330827,1.62406015037594,0.6428571428571428,0.1571428571428571,0.6428571428571429,0.4571428571428571,0.5285714285714286,0.8571428571428571,0.9428571428571428,0.4,0.7,0.6428571428571429,0.6,0.5,0.1571428571428571,0.4571428571428571,0.2857142857142857,0.2857142857142857,0.6285714285714286,0.6571428571428571,0.0857142857142857,0.2285714285714285,0.3428571428571428,0.2285714285714285,0.1142857142857142,0.4057142857142857,34,0.0806451612903225,0.8571428571428571,0.4946958525345621,2
225617,,Reinaldo,Reinaldo,3876,Brazil,Porto Calvo,Brazil,1989-09-28,Left-Back,Defender,left,178.0,2026-12-31 00:00:00,,,,BRA1,Mirasol Futebol Clube,350000.0,4000000.0,Reinaldo,LB,Grêmio,2436.0,2.0,2.0,1.6,2.9000000000000004,127.0,34.0,50.0,27.0,76.0,4.0,51.0,19.0,5.0,0.0,Full-Back,0.0738916256157635,0.0738916256157635,0.0591133004926108,0.1071428571428571,4.692118226600985,1.2561576354679804,0.997536945812808,2.8078817733990147,0.147783251231527,1.8842364532019704,0.7019704433497537,0.7571428571428571,0.6428571428571429,0.8285714285714286,0.8285714285714286,0.8,0.4142857142857143,0.8428571428571429,0.8571428571428571,0.5142857142857142,0.6571428571428571,0.5,0.4857142857142857,0.5142857142857142,0.6857142857142857,0.6285714285714286,0.6571428571428571,0.1142857142857142,0.8,0.7428571428571429,0.2857142857142857,0.3428571428571428,0.1714285714285714,0.4422857142857143,35,0.1612903225806451,0.9285714285714286,0.4857631336405529,3
341710,,William,William,609,Brazil,Pelotas,Brazil,1995-04-03,Right-Back,Defender,right,171.0,2026-12-31 00:00:00,0.0,0.0,,BRA1,Cruzeiro Esporte Clube,3000000.0,14000000.0,William,RB,Cruzeiro,2963.0,5.0,5.0,4.5,4.6,139.0,83.0,85.0,36.0,92.0,10.0,97.0,52.0,8.0,0.0,Full-Back,0.1518731015862301,0.1518731015862301,0.1366857914276071,0.1397232534593317,4.222072224097198,2.521093486331421,1.0934863314208572,2.7944650691866357,0.3037462031724603,2.946338170772865,1.5794802564967938,1.0,0.9571428571428572,1.0,0.9714285714285714,0.9142857142857144,1.0,0.9714285714285714,0.9714285714285714,0.9857142857142858,1.0,1.0,0.9428571428571428,0.8285714285714286,0.9714285714285714,0.7714285714285715,0.5428571428571428,0.8285714285714286,0.8285714285714286,0.7142857142857143,0.7714285714285715,0.8857142857142857,0.9714285714285714,0.7862857142857144,29,0.5645161290322581,0.7,0.6256423963133642,3
346766,Guilherme,Arana,Guilherme Arana,2462,Brazil,São Paulo,Brazil,1997-04-14,Left-Back,Defender,left,176.0,2029-12-31 00:00:00,13.0,0.0,,BRA1,Fluminense Football Club,6000000.0,14000000.0,Guilherme Arana,WB,Atlético Mineiro,1213.0,1.0,1.0,0.5,1.0,90.0,41.0,23.0,10.0,46.0,3.0,21.0,13.0,5.0,0.0,Full-Back,0.0741962077493817,0.0741962077493817,0.0370981038746908,0.0741962077493817,6.677658697444353,3.0420445177246496,0.7419620774938169,3.413025556471558,0.2225886232481451,1.5581203627370157,0.964550700741962,0.4857142857142857,0.4285714285714285,0.3714285714285714,0.3142857142857143,0.5857142857142857,0.6142857142857143,0.4857142857142857,0.5857142857142857,0.4,0.1142857142857142,0.3285714285714285,0.5142857142857142,0.5428571428571428,0.5142857142857142,0.4,0.9714285714285714,0.9714285714285714,0.5714285714285714,0.9428571428571428,0.5714285714285714,0.0857142857142857,0.4571428571428571,0.6285714285714286,27,0.7258064516129032,0.5428571428571428,0.5142626728110599,3
348769,Marcelo,Hermes,Marcelo Hermes,10492,Brazil,Sarandi,Brazil,1995-02-01,Left-Back,Defender,left,177.0,2026-12-31 00:00:00,,,,BRA1,Esporte Clube Juventude,450000.0,750000.0,Marcelo Hermes,LB,Criciúma,3205.0,2.0,5.0,1.5,2.9,131.0,50.0,35.0,16.0,111.0,10.0,57.0,41.0,4.0,0.0,Full-Back,0.0561622464898595,0.1404056162246489,0.0421216848673947,0.0814352574102964,3.678627145085804,1.40405616224649,0.4492979719188767,3.117004680187208,0.2808112324492979,1.6006240249609982,1.1513260530421217,0.7571428571428571,0.9571428571428572,0.8,0.8,0.8285714285714286,0.7428571428571429,0.6571428571428571,1.0,0.9857142857142858,0.7714285714285715,0.9714285714285714,0.4571428571428571,0.7714285714285715,0.5714285714285714,0.5142857142857142,0.3428571428571428,0.2285714285714285,0.3142857142857143,0.8,0.7142857142857143,0.1714285714285714,0.6857142857142857,0.4171428571428571,29,0.1935483870967742,0.7,0.4968986175115207,0
349585,,Ayrton Lucas,Ayrton Lucas,614,Brazil,Carnaúba dos Dantas,Brazil,1997-06-19,Left-Back,Defender,left,180.0,2027-12-31 00:00:00,2.0,0.0,,BRA1,Clube de Regatas do Flamengo,4000000.0,9000000.0,Ayrton Lucas,RB,Flamengo,2393.0,3.0,3.0,1.3,2.0,106.0,59.0,67.0,32.0,59.0,5.0,50.0,23.0,3.0,0.0,Full-Back,0.1128290848307563,0.1128290848307563,0.048892603426661,0.0752193898871709,3.9866276640200575,2.218972001671542,1.203510238194735,2.218972001671542,0.1880484747179273,1.880484747179273,0.8650229837024656,0.9,0.8285714285714286,0.7,0.5714285714285714,0.6571428571428571,0.8571428571428571,0.9285714285714286,0.7,0.6428571428571429,0.6285714285714286,0.6285714285714286,0.8285714285714286,0.6857142857142857,0.6,0.4285714285714285,0.4857142857142857,0.6857142857142857,0.8857142857142857,0.4285714285714285,0.4857142857142857,0.3142857142857143,0.4,0.5417142857142858,27,0.6451612903225806,0.5428571428571428,0.4823096774193549,3
373170,Cristian,Pavón,Cristian Pavón,210,Argentina,Anisacate,Argentina,1996-01-21,Right-Back,Defender,right,174.0,2026-12-31 00:00:00,11.0,0.0,,BRA1,Grêmio Foot-Ball Porto Alegrense,1700000.0,20000000.0,Cristian Pavón,RW,Grêmio,1087.0,1.0,3.0,2.7,2.3,43.0,29.0,40.0,18.0,47.0,6.0,13.0,12.0,4.0,0.0,Full-Back,0.0827966881324747,0.2483900643974241,0.2235510579576817,0.1904323827046918,3.560257589696412,2.401103955841766,1.4903403863845446,3.891444342226311,0.4967801287948482,1.076356945722171,0.9935602575896963,0.4857142857142857,0.8285714285714286,0.9714285714285714,0.6857142857142857,0.1714285714285714,0.3,0.6857142857142857,0.6285714285714286,0.7857142857142857,0.0285714285714285,0.2714285714285714,0.6285714285714286,0.9714285714285714,1.0,0.9142857142857144,0.2857142857142857,0.7714285714285715,0.9142857142857144,1.0,1.0,0.0285714285714285,0.4857142857142857,0.6091428571428571,28,0.3709677419354839,0.6428571428571429,0.5763152073732719,3
406676,Juninho,Capixaba,Juninho Capixaba,8793,Brazil,Cachoeiro de Itapemirim,Brazil,1997-07-06,Left-Back,Defender,left,176.0,2028-12-31 00:00:00,,,,BRA1,Red Bull Bragantino,8000000.0,8000000.0,Juninho Capixaba,LB,Red Bull Bragantino,1872.0,2.0,0.0,1.7000000000000002,0.6,90.0,34.0,32.0,13.0,31.0,1.0,62.0,28.0,4.0,0.0,Full-Back,0.0961538461538461,0.0,0.0817307692307692,0.0288461538461538,4.3269230769230775,1.6346153846153848,0.625,1.4903846153846154,0.048076923076923,2.980769230769231,1.3461538461538465,0.7571428571428571,0.1714285714285714,0.8714285714285714,0.0714285714285714,0.5857142857142857,0.4142857142857143,0.5714285714285714,0.3428571428571428,0.1428571428571428,0.8428571428571429,0.8285714285714286,0.8,0.1714285714285714,0.8285714285714286,0.0571428571428571,0.6,0.3428571428571428,0.4571428571428571,0.0857142857142857,0.1428571428571428,0.9142857142857144,0.8857142857142857,0.4708571428571428,27,0.8548387096774194,0.5428571428571428,0.3873760368663594,1
412594,,Paulo Henrique,Paulo Henrique,978,Brazil,Sete Barras,Brazil,1996-07-25,Right-Back,Defender,right,175.0,2027-12-31 00:00:00,2.0,1.0,,BRA1,Club de Regatas Vasco da Gama,6000000.0,6000000.0,Paulo Henrique,RB,Vasco da Gama,2516.0,1.0,0.0,1.8,1.6,86.0,56.0,95.0,46.0,60.0,2.0,96.0,36.0,6.0,0.0,Full-Back,0.0357710651828298,0.0,0.0643879173290938,0.0572337042925278,3.0763116057233706,2.0031796502384736,1.645468998410175,2.1462639109697936,0.0715421303656597,3.434022257551669,1.287758346581876,0.4857142857142857,0.1714285714285714,0.9142857142857144,0.4714285714285714,0.5142857142857142,0.8,1.0,0.7428571428571429,0.2571428571428571,0.9714285714285714,0.9142857142857144,0.3428571428571428,0.1714285714285714,0.8,0.2,0.2285714285714285,0.5428571428571428,0.9428571428571428,0.3428571428571428,0.1714285714285714,1.0,0.8571428571428571,0.5051428571428571,28,0.7258064516129032,0.6428571428571429,0.4252055299539169,1
430339,José Luis,Rodríguez,José Luis Rodríguez,978,Uruguay,Canelones,Uruguay,1997-03-14,Right-Back,Defender,right,183.0,2027-12-31 00:00:00,5.0,0.0,,BRA1,Club de Regatas Vasco da Gama,1500000.0,3000000.0,José Luis Rodríguez Bebanz,LW,Vasco da Gama,1123.0,1.0,2.0,0.8,2.2,51.0,38.0,12.0,5.0,27.0,6.0,20.0,15.0,1.0,0.0,Full-Back,0.0801424755120213,0.1602849510240427,0.0641139804096171,0.176313446126447,4.08726625111309,3.0454140694568124,0.4007123775601068,2.163846838824577,0.4808548530721282,1.6028495102404274,1.2021371326803203,0.4857142857142857,0.6428571428571429,0.5428571428571428,0.6428571428571429,0.3285714285714285,0.5142857142857142,0.1285714285714285,0.2285714285714285,0.7857142857142857,0.0857142857142857,0.4,0.6,0.8857142857142857,0.7714285714285715,0.8857142857142857,0.5142857142857142,1.0,0.2571428571428571,0.3714285714285714,0.9428571428571428,0.2,0.7428571428571429,0.6845714285714286,27,0.2903225806451613,0.5428571428571428,0.6567336405529954,3
432166,Luan,Cândido,Luan Cândido,2125,Brazil,Ubá,Brazil,2001-02-02,Left-Back,Defender,left,187.0,2026-12-31 00:00:00,0.0,0.0,,BRA1,Esporte Clube Vitória,3000000.0,7000000.0,Luan Cândido,CB,Red Bull Bragantino,1953.0,1.0,0.0,1.3,0.1,50.0,7.0,9.0,2.0,19.0,1.0,41.0,27.0,5.0,0.0,Full-Back,0.0460829493087557,0.0,0.0599078341013824,0.0046082949308755,2.3041474654377883,0.3225806451612903,0.0921658986175115,0.8755760368663595,0.0460829493087557,1.8894009216589864,1.2442396313364057,0.4857142857142857,0.1714285714285714,0.7,0.0285714285714285,0.2571428571428571,0.0285714285714285,0.0285714285714285,0.0571428571428571,0.1428571428571428,0.5142857142857142,0.8,0.4285714285714285,0.1714285714285714,0.7142857142857143,0.0285714285714285,0.0571428571428571,0.0285714285714285,0.0285714285714285,0.0285714285714285,0.1142857142857142,0.3714285714285714,0.8,0.1851428571428571,23,0.5645161290322581,0.2,0.3399566820276498,2
496268,Joaquín,Piquerez,Joaquín Piquerez,1023,Uruguay,Montevideo,Uruguay,1998-08-24,Left-Back,Defender,left,185.0,2030-12-31 00:00:00,19.0,0.0,,BRA1,Sociedade Esportiva Palmeiras,12000000.0,15000000.0,Joaquín Piquerez,CB,Palmeiras,1314.0,2.0,0.0,1.9,1.9,87.0,29.0,19.0,8.0,45.0,0.0,27.0,20.0,2.0,0.0,Full-Back,0.136986301369863,0.0,0.1301369863013698,0.1301369863013698,5.9589041095890405,1.9863013698630136,0.547945205479452,3.0821917808219177,0.0,1.8493150684931503,1.36986301369863,0.7571428571428571,0.1714285714285714,0.9428571428571428,0.5285714285714286,0.5428571428571428,0.3,0.3,0.5428571428571428,0.0571428571428571,0.2571428571428571,0.5571428571428572,0.9142857142857144,0.1714285714285714,0.9428571428571428,0.7428571428571429,0.8857142857142857,0.5142857142857142,0.4285714285714285,0.7714285714285715,0.0571428571428571,0.2857142857142857,0.9142857142857144,0.5977142857142858,26,0.935483870967742,0.4428571428571428,0.4583290322580646,3
552240,,Igor Vinícius,Igor Vinícius,221,Brazil,Sinop,Brazil,1997-04-01,Right-Back,Defender,right,174.0,2028-06-30 00:00:00,,,,BRA1,Santos Futebol Clube,2000000.0,3500000.0,Igor Vinícius de Souza,WB,São Paulo,2463.0,0.0,2.0,0.7999999999999999,2.4,138.0,65.0,59.0,21.0,69.0,5.0,66.0,25.0,7.0,1.0,Full-Back,0.0,0.0730816077953715,0.0292326431181485,0.0876979293544457,5.0426309378806335,2.3751522533495737,0.7673568818514007,2.5213154689403168,0.1827040194884287,2.4116930572472595,0.9135200974421436,0.1571428571428571,0.6428571428571429,0.4857142857142857,0.7285714285714285,0.8857142857142857,0.9714285714285714,0.7428571428571429,0.7714285714285715,0.6428571428571429,0.9,0.7285714285714285,0.1571428571428571,0.4857142857142857,0.3714285714285714,0.5714285714285714,0.7428571428571429,0.7428571428571429,0.6285714285714286,0.6285714285714286,0.4571428571428571,0.6285714285714286,0.4285714285714285,0.6239999999999999,27,0.4516129032258064,0.5428571428571428,0.580068202764977,3
601011,,Caio Paulista,Caio Paulista,210,Brazil,São Paulo,Brazil,1998-05-11,Left-Back,Defender,left,184.0,2026-12-31 00:00:00,,,,BRA1,Grêmio Foot-Ball Porto Alegrense,2000000.0,4000000.0,Caio Paulista,LB,Palmeiras,1201.0,0.0,0.0,0.4,0.7,74.0,39.0,45.0,24.0,30.0,2.0,29.0,15.0,1.0,1.0,Full-Back,0.0,0.0,0.0299750208159866,0.0524562864279766,5.545378850957535,2.922564529558701,1.7985012489592007,2.2481265611990007,0.1498751040799334,2.1731890091590342,1.1240632805995003,0.1571428571428571,0.1714285714285714,0.2857142857142857,0.1428571428571428,0.4857142857142857,0.5571428571428572,0.8,0.3,0.2571428571428571,0.3428571428571428,0.4,0.1571428571428571,0.1714285714285714,0.4,0.1428571428571428,0.8285714285714286,0.9428571428571428,0.9714285714285714,0.5142857142857142,0.3142857142857143,0.5142857142857142,0.5714285714285714,0.6057142857142856,26,0.4516129032258064,0.4428571428571428,0.5840967741935483,1
670021,Matheus,Bidu,Matheus Bidu,199,Brazil,São Paulo,Brazil,1999-05-04,Left-Back,Defender,left,172.0,2027-12-31 00:00:00,,,,BRA1,Sport Club Corinthians Paulista,7000000.0,7000000.0,Matheus Bidu,"LB,CM",Corinthians,1500.0,2.0,1.0,0.9,1.0,64.0,33.0,26.0,14.0,43.0,2.0,33.0,20.0,3.0,0.0,Full-Back,0.12,0.06,0.054,0.06,3.84,1.98,0.8400000000000001,2.58,0.12,1.98,1.2000000000000002,0.7571428571428571,0.4285714285714285,0.6,0.3142857142857143,0.4285714285714285,0.3714285714285714,0.6,0.4571428571428571,0.2571428571428571,0.3714285714285714,0.5571428571428572,0.8571428571428571,0.4285714285714285,0.6571428571428571,0.2285714285714285,0.4,0.4857142857142857,0.6857142857142857,0.6857142857142857,0.2571428571428571,0.4285714285714285,0.7142857142857143,0.4571428571428571,25,0.8064516129032258,0.3857142857142857,0.4148156682027649,1
670201,Lucas,Piton,Lucas Piton,978,Brazil,Jundiaí,Italy,2000-10-09,Left-Back,Defender,left,175.0,2028-12-31 00:00:00,,,,BRA1,Club de Regatas Vasco da Gama,6000000.0,8000000.0,Lucas Piton,LB,Vasco da Gama,2703.0,1.0,5.0,0.5,3.5,103.0,63.0,47.0,28.0,77.0,7.0,66.0,24.0,5.0,0.0,Full-Back,0.0332963374028856,0.1664816870144284,0.0166481687014428,0.1165371809100998,3.4295227524972254,2.097669256381798,0.932297447280799,2.563817980022198,0.2330743618201997,2.197558268590455,0.7991120976692564,0.4857142857142857,0.9571428571428572,0.3714285714285714,0.8714285714285714,0.6285714285714286,0.9142857142857144,0.8857142857142857,0.8857142857142857,0.8857142857142857,0.9,0.6714285714285714,0.3142857142857143,0.9142857142857144,0.1714285714285714,0.6571428571428571,0.2571428571428571,0.6,0.7714285714285715,0.6571428571428571,0.6285714285714286,0.5428571428571428,0.2857142857142857,0.5474285714285714,24,0.7258064516129032,0.3,0.502005529953917,0
676034,,Ewerthon,Ewerthon,10492,Brazil,Recife,Brazil,2000-11-10,Right-Back,Defender,right,171.0,2026-12-31 00:00:00,,,,BRA1,Esporte Clube Juventude,,,Ewerton,RW,Juventude,1189.0,1.0,2.0,0.8,1.4,36.0,10.0,11.0,6.0,29.0,4.0,28.0,8.0,1.0,0.0,Full-Back,0.0756938603868797,0.1513877207737594,0.0605550883095037,0.1059714045416316,2.72497897392767,0.7569386038687973,0.4541631623212784,2.1951219512195124,0.3027754415475189,2.1194280908326326,0.6055508830950378,0.4857142857142857,0.6428571428571429,0.5428571428571428,0.4142857142857143,0.1142857142857142,0.0571428571428571,0.1857142857142857,0.2571428571428571,0.5142857142857142,0.3,0.0571428571428571,0.5428571428571428,0.8,0.7428571428571429,0.6,0.1428571428571428,0.0571428571428571,0.3428571428571428,0.4,0.7428571428571429,0.4857142857142857,0.0571428571428571,0.3245714285714286,24,,0.3,,0
676035,Luciano,Juba,Luciano Juba,10010,Brazil,Jaboatão dos Guararapes,Brazil,1999-08-29,Left-Back,Defender,left,176.0,2029-12-31 00:00:00,0.0,0.0,,BRA1,Esporte Clube Bahia,14000000.0,14000000.0,Luciano Juba,LB,Bahia,3114.0,3.0,1.0,1.4,4.5,148.0,47.0,24.0,10.0,80.0,3.0,47.0,24.0,2.0,0.0,Full-Back,0.0867052023121387,0.0289017341040462,0.0404624277456647,0.130057803468208,4.277456647398844,1.3583815028901731,0.2890173410404624,2.312138728323699,0.0867052023121387,1.3583815028901731,0.6936416184971098,0.9,0.4285714285714285,0.7571428571428571,0.9428571428571428,0.9428571428571428,0.7142857142857143,0.4857142857142857,0.9142857142857144,0.4,0.5714285714285714,0.6714285714285714,0.6714285714285714,0.3428571428571428,0.5428571428571428,0.7142857142857143,0.5714285714285714,0.1714285714285714,0.0571428571428571,0.5428571428571428,0.2285714285714285,0.0571428571428571,0.1428571428571428,0.3325714285714285,25,0.9838709677419356,0.3857142857142857,0.2957179723502304,2
680506,José Andrés,Hurtado,José Andrés Hurtado,8793,Ecuador,Santo Domingo,Ecuador,2001-12-23,Right-Back,Defender,right,178.0,2027-12-31 00:00:00,10.0,0.0,,BRA1,Red Bull Bragantino,3000000.0,3000000.0,José Hurtado,RB,Red Bull Bragantino,1325.0,0.0,2.0,0.1,2.1,56.0,39.0,18.0,11.0,33.0,6.0,23.0,11.0,2.0,0.0,Full-Back,0.0,0.1358490566037735,0.0067924528301886,0.1426415094339622,3.803773584905661,2.6490566037735848,0.7471698113207548,2.241509433962264,0.4075471698113208,1.562264150943396,0.7471698113207548,0.1571428571428571,0.6428571428571429,0.0857142857142857,0.6,0.3714285714285714,0.5571428571428572,0.5428571428571428,0.4,0.7857142857142857,0.1571428571428571,0.2142857142857142,0.1571428571428571,0.7428571428571429,0.0857142857142857,0.8,0.3714285714285714,0.8857142857142857,0.6,0.4571428571428571,0.9142857142857144,0.1428571428571428,0.2,0.5577142857142857,23,0.5645161290322581,0.2,0.5634995391705069,0
697845,,Claudinho,Claudinho,2125,Brazil,Nova Veneza,Brazil,2000-09-24,Right-Back,Defender,right,180.0,2027-12-31 00:00:00,,,,BRA1,Esporte Clube Vitória,1700000.0,2500000.0,Claudinho,RB,Criciúma,2047.0,2.0,3.0,0.8,3.5,115.0,43.0,38.0,21.0,72.0,4.0,58.0,40.0,3.0,1.0,Full-Back,0.087933561309233,0.1319003419638495,0.0351734245236932,0.1538837322911578,5.056179775280898,1.89057156814851,0.9233023937469468,3.1656082071323888,0.175867122618466,2.550073277967757,1.7586712261846604,0.7571428571428571,0.8285714285714286,0.5428571428571428,0.8714285714285714,0.7428571428571429,0.6714285714285714,0.7428571428571429,0.8,0.5142857142857142,0.8,0.9428571428571428,0.7428571428571429,0.7142857142857143,0.4857142857142857,0.8285714285714286,0.7714285714285715,0.4571428571428571,0.7428571428571429,0.8857142857142857,0.4285714285714285,0.7142857142857143,1.0,0.7291428571428571,24,0.3709677419354839,0.3,0.6997437788018432,3
703322,,Bruno Gomes,Bruno Gomes,6600,Brazil,Rio de Janeiro,Brazil,2001-04-04,Right-Back,Defender,right,175.0,2027-12-31 00:00:00,5.0,0.0,,BRA1,Sport Club Internacional,6000000.0,6000000.0,Bruno Gomes,CM,Internacional,2157.0,1.0,2.0,0.5,1.0,152.0,58.0,37.0,21.0,46.0,5.0,62.0,30.0,3.0,0.0,Full-Back,0.0417246175243393,0.0834492350486787,0.0208623087621696,0.0417246175243393,6.342141863699582,2.420027816411683,0.8762169680111266,1.9193324061196104,0.2086230876216968,2.586926286509041,1.251738525730181,0.4857142857142857,0.6428571428571429,0.3714285714285714,0.3142857142857143,1.0,0.8285714285714286,0.7428571428571429,0.5857142857142857,0.6428571428571429,0.8428571428571429,0.8714285714285714,0.4,0.6,0.2285714285714285,0.1142857142857142,0.9142857142857144,0.8,0.7142857142857143,0.1714285714285714,0.5428571428571428,0.7714285714285715,0.8285714285714286,0.6822857142857143,23,0.7258064516129032,0.2,0.5979198156682027,1
719635,Alexandro,Bernabei,Alexandro Bernabei,6600,Argentina,Cañada de Gómez,Argentina,2000-09-24,Left-Back,Defender,left,169.0,2028-12-31 00:00:00,2.0,0.0,,BRA1,Sport Club Internacional,8000000.0,8000000.0,Alexandro Bernabei,LB,Internacional,2063.0,3.0,5.0,1.2,4.9,113.0,60.0,64.0,27.0,74.0,9.0,56.0,26.0,5.0,0.0,Full-Back,0.1308773630634997,0.2181289384391662,0.0523509452253999,0.2137663596703829,4.929714008725157,2.6175472612699955,1.177896267571498,3.228308288899661,0.3926320891904992,2.443044110518662,1.1342704798836645,0.9,0.9571428571428572,0.6428571428571429,1.0,0.7142857142857143,0.8857142857142857,0.8428571428571429,0.8285714285714286,0.9428571428571428,0.7428571428571429,0.7714285714285715,0.8857142857142857,0.9428571428571428,0.6285714285714286,0.9428571428571428,0.7142857142857143,0.8571428571428571,0.8571428571428571,0.9142857142857144,0.8857142857142857,0.6571428571428571,0.6285714285714286,0.8011428571428573,24,0.8548387096774194,0.3,0.6219760368663595,3
816129,,Vanderlan,Vanderlan,8793,Brazil,Brumado,Brazil,2002-09-07,Left-Back,Defender,left,183.0,2030-12-31 00:00:00,,,,BRA1,Red Bull Bragantino,3000000.0,4000000.0,Vanderlan,LB,Palmeiras,1051.0,0.0,3.0,0.4,2.5,32.0,19.0,23.0,8.0,21.0,3.0,26.0,10.0,0.0,0.0,Full-Back,0.0,0.2568981921979067,0.0342530922930542,0.2140818268315889,2.740247383444339,1.6270218839200763,0.6850618458610848,1.7982873453853474,0.2568981921979067,2.226450999048525,0.8563273073263559,0.1571428571428571,0.8285714285714286,0.2857142857142857,0.7714285714285715,0.0714285714285714,0.2,0.3,0.0857142857142857,0.4,0.2285714285714285,0.1714285714285714,0.1571428571428571,1.0,0.4571428571428571,0.9714285714285714,0.1714285714285714,0.2857142857142857,0.4857142857142857,0.1428571428571428,0.6857142857142857,0.5714285714285714,0.3714285714285714,0.5188571428571428,22,0.5645161290322581,0.1285714285714285,0.5508995391705068,0
856047,Mateo,Ponte,Mateo Ponte,537,Uruguay,Montevideo,Uruguay,2003-05-24,Right-Back,Defender,right,183.0,2028-06-30 00:00:00,0.0,0.0,,BRA1,S. A. F. Botafogo,2000000.0,2000000.0,Mateo Ponte,RB,Botafogo (RJ),1132.0,3.0,0.0,1.4,0.9,45.0,22.0,25.0,9.0,26.0,3.0,37.0,8.0,3.0,0.0,Full-Back,0.2385159010600707,0.0,0.1113074204946996,0.0715547703180212,3.57773851590106,1.7491166077738516,0.715547703180212,2.067137809187279,0.2385159010600707,2.9416961130742054,0.6360424028268551,0.9,0.1714285714285714,0.7571428571428571,0.2142857142857142,0.2,0.2571428571428571,0.4,0.1714285714285714,0.4,0.4571428571428571,0.0571428571428571,1.0,0.1714285714285714,0.9142857142857144,0.3714285714285714,0.3142857142857143,0.4285714285714285,0.5428571428571428,0.3142857142857143,0.6571428571428571,0.8571428571428571,0.0857142857142857,0.385142857142857,21,0.4516129032258064,0.0571428571428571,0.5096110599078341,1
879217,,Kaiki,Kaiki,609,Brazil,Betim,Brazil,2003-03-08,Left-Back,Defender,left,172.0,2027-12-31 00:00:00,1.0,0.0,,BRA1,Cruzeiro Esporte Clube,14000000.0,14000000.0,Kaiki,LB,Cruzeiro,1184.0,1.0,0.0,0.4,1.0,32.0,31.0,58.0,32.0,26.0,3.0,42.0,15.0,4.0,0.0,Full-Back,0.0760135135135135,0.0,0.0304054054054054,0.0760135135135135,2.4324324324324325,2.356418918918919,2.4324324324324325,1.9763513513513515,0.2280405405405405,3.1925675675675675,1.1402027027027029,0.4857142857142857,0.1714285714285714,0.2857142857142857,0.3142857142857143,0.0714285714285714,0.3428571428571428,0.9285714285714286,0.1714285714285714,0.4,0.5428571428571428,0.4,0.5714285714285714,0.1714285714285714,0.4285714285714285,0.4571428571428571,0.0857142857142857,0.7142857142857143,1.0,0.2,0.6,0.9714285714285714,0.6571428571428571,0.5291428571428571,21,0.9838709677419356,0.0571428571428571,0.4629465437788018,1
887801,,Nathan Mendes,Nathan Mendes,2125,Brazil,Caçapava,Brazil,2002-08-19,Right-Back,Defender,right,182.0,2026-12-31 00:00:00,,,,BRA1,Esporte Clube Vitória,1500000.0,1500000.0,Nathan Mendes,RB,Red Bull Bragantino,1165.0,0.0,1.0,0.3,0.9,51.0,17.0,15.0,5.0,26.0,1.0,25.0,11.0,6.0,0.0,Full-Back,0.0,0.0772532188841201,0.023175965665236,0.0695278969957081,3.939914163090129,1.313304721030043,0.3862660944206008,2.008583690987124,0.0772532188841201,1.931330472103004,0.8497854077253219,0.1571428571428571,0.4285714285714285,0.2,0.2142857142857142,0.3285714285714285,0.1428571428571428,0.1285714285714285,0.1714285714285714,0.1428571428571428,0.2,0.2142857142857142,0.1571428571428571,0.5714285714285714,0.2571428571428571,0.3142857142857143,0.4571428571428571,0.1428571428571428,0.2,0.2571428571428571,0.2,0.4,0.3428571428571428,0.344,22,0.2903225806451613,0.1285714285714285,0.5145336405529953,2
891353,,Cuiabano,Cuiabano,978,Brazil,Cuiabá,Brazil,2003-02-16,Left-Back,Defender,left,179.0,2026-12-31 00:00:00,2.0,0.0,,BRA1,Club de Regatas Vasco da Gama,10000000.0,10000000.0,Cuiabano,LB,Grêmio,1639.0,4.0,1.0,1.7000000000000002,1.4,50.0,37.0,25.0,9.0,44.0,6.0,52.0,25.0,5.0,0.0,Full-Back,0.2196461256863941,0.0549115314215985,0.0933496034167175,0.0768761439902379,2.7455765710799267,2.0317266625991457,0.4942037827943868,2.416107382550336,0.3294691885295912,2.855399633923124,1.3727882855399631,0.9714285714285714,0.4285714285714285,0.8714285714285714,0.4142857142857143,0.2571428571428571,0.4857142857142857,0.4,0.5,0.7857142857142857,0.6857142857142857,0.7285714285714285,0.9714285714285714,0.4,0.8571428571428571,0.4857142857142857,0.2,0.5714285714285714,0.3714285714285714,0.6,0.8285714285714286,0.8285714285714286,0.9428571428571428,0.5222857142857142,21,0.9032258064516128,0.0571428571428571,0.4789935483870967,1
121986,,Lucas Sasha,Lucas Sasha,10870,Brazil,São Paulo,Brazil,1990-03-01,Defensive Midfield,Midfield,both,177.0,2026-12-31 00:00:00,,,,BRA1,Fortaleza Esporte Clube,750000.0,2000000.0,Lucas Sasha,CM,Fortaleza,1220.0,0.0,0.0,0.5,1.5,40.0,7.0,12.0,6.0,18.0,0.0,61.0,35.0,2.0,0.0,Defensive Midfielder,0.0,0.0,0.0368852459016393,0.110655737704918,2.950819672131148,0.5163934426229508,0.4426229508196722,1.3278688524590163,0.0,4.5,2.581967213114754,0.2619047619047619,0.1904761904761904,0.2619047619047619,0.7142857142857143,0.0952380952380952,0.1428571428571428,0.238095238095238,0.1428571428571428,0.0952380952380952,0.6666666666666666,0.7619047619047619,0.2619047619047619,0.1904761904761904,0.3809523809523809,0.8571428571428571,0.1428571428571428,0.1428571428571428,0.4285714285714285,0.1904761904761904,0.0952380952380952,1.0,1.0,0.5602240896358542,34,0.1764705882352941,1.0,0.5420168067226889,3
215616,Erick,Pulgar,Erick Pulgar,614,Chile,Antofagasta,Chile,1994-01-15,Defensive Midfield,Midfield,right,188.0,2027-12-31 00:00:00,54.0,4.0,,BRA1,Clube de Regatas do Flamengo,4500000.0,15000000.0,Erick Pulgar,DM,Flamengo,1750.0,0.0,3.0,1.0,1.8,110.0,12.0,10.0,5.0,46.0,5.0,51.0,20.0,7.0,1.0,Defensive Midfielder,0.0,0.1542857142857142,0.0514285714285714,0.0925714285714285,5.6571428571428575,0.6171428571428571,0.2571428571428571,2.3657142857142857,0.2571428571428571,2.6228571428571428,1.0285714285714285,0.2619047619047619,0.8095238095238095,0.5476190476190477,0.8095238095238095,0.6190476190476191,0.3333333333333333,0.1666666666666666,0.5714285714285714,0.6904761904761905,0.4285714285714285,0.3333333333333333,0.2619047619047619,0.8095238095238095,0.5714285714285714,0.8095238095238095,0.8571428571428571,0.238095238095238,0.1428571428571428,0.6666666666666666,0.8571428571428571,0.6190476190476191,0.2857142857142857,0.6218487394957984,30,0.7647058823529411,0.8809523809523809,0.4497899159663866,2
242201,Lucas,Romero,Lucas Romero,609,Argentina,Loma Hermosa,Argentina,1994-04-18,Defensive Midfield,Midfield,right,167.0,2027-12-31 00:00:00,0.0,0.0,,BRA1,Cruzeiro Esporte Clube,2500000.0,4000000.0,Lucas Romero,CM,Cruzeiro,2531.0,0.0,2.0,0.5,0.4,159.0,22.0,26.0,13.0,79.0,7.0,73.0,29.0,8.0,1.0,Defensive Midfielder,0.0,0.0711181351244567,0.0177795337811141,0.0142236270248913,5.65389174239431,0.7822994863690241,0.4622678783089687,2.809166337416041,0.2489134729355985,2.595811932042671,1.0312129593046226,0.2619047619047619,0.6666666666666666,0.2619047619047619,0.2619047619047619,0.8571428571428571,0.6428571428571429,0.5952380952380952,0.8571428571428571,0.9047619047619048,0.8333333333333334,0.5952380952380952,0.2619047619047619,0.5714285714285714,0.1428571428571428,0.238095238095238,0.8095238095238095,0.3809523809523809,0.4761904761904761,0.8571428571428571,0.7619047619047619,0.5714285714285714,0.3333333333333333,0.5616246498599441,30,0.4705882352941176,0.8809523809523809,0.4871848739495799,2
273438,Danilo,Barbosa,Danilo Barbosa,537,Brazil,Simões Filho,Brazil,1996-02-28,Defensive Midfield,Midfield,right,183.0,2028-06-30 00:00:00,11.0,2.0,,BRA1,S. A. F. Botafogo,2000000.0,10000000.0,Danilo Barbosa,"CB,CM",Botafogo (RJ),1153.0,3.0,1.0,1.4,0.4,53.0,9.0,19.0,13.0,23.0,3.0,29.0,15.0,4.0,0.0,Defensive Midfielder,0.2341717259323504,0.0780572419774501,0.1092801387684301,0.03122289679098,4.137033824804857,0.7025151777970512,1.0147441457068516,1.795316565481353,0.2341717259323504,2.2636600173460537,1.170858629661752,0.9523809523809524,0.4761904761904761,0.7142857142857143,0.2619047619047619,0.2857142857142857,0.2142857142857142,0.5952380952380952,0.2619047619047619,0.4761904761904761,0.1904761904761904,0.1904761904761904,1.0,0.6666666666666666,1.0,0.2857142857142857,0.3809523809523809,0.3333333333333333,0.9523809523809524,0.5238095238095238,0.6666666666666666,0.3809523809523809,0.4761904761904761,0.392156862745098,28,0.3529411764705882,0.6666666666666666,0.4470588235294117,1
294873,,Thiago Maia,Thiago Maia,6600,Brazil,Boa Vista,Brazil,1997-03-23,Defensive Midfield,Midfield,left,179.0,2026-12-31 00:00:00,1.0,0.0,,BRA1,Sport Club Internacional,2500000.0,9000000.0,Thiago Maia,CM,Internacional,1896.0,2.0,4.0,2.3,2.4,104.0,22.0,22.0,14.0,55.0,8.0,40.0,21.0,4.0,0.0,Defensive Midfielder,0.0949367088607594,0.1898734177215189,0.1091772151898734,0.1139240506329113,4.936708860759494,1.0443037974683544,0.6645569620253164,2.6107594936708862,0.3797468354430379,1.8987341772151896,0.9968354430379748,0.8333333333333334,0.9285714285714286,1.0,0.9523809523809524,0.5714285714285714,0.6428571428571429,0.6666666666666666,0.7142857142857143,0.9523809523809524,0.3095238095238095,0.4047619047619047,0.8571428571428571,0.9523809523809524,0.9523809523809524,0.9047619047619048,0.7619047619047619,0.7619047619047619,0.6666666666666666,0.7619047619047619,1.0,0.1904761904761904,0.238095238095238,0.5532212885154062,27,0.4705882352941176,0.5238095238095238,0.5357142857142857,2
312314,,Otávio,Otávio,2462,Brazil,Maceió,Brazil,1994-05-04,Defensive Midfield,Midfield,right,173.0,2027-12-31 00:00:00,0.0,0.0,,BRA1,Fluminense Football Club,1200000.0,8000000.0,Otávio,CM,Atlético Mineiro,1917.0,0.0,0.0,0.0,0.2,89.0,18.0,17.0,10.0,32.0,2.0,57.0,32.0,2.0,0.0,Defensive Midfielder,0.0,0.0,0.0,0.0093896713615023,4.178403755868545,0.8450704225352113,0.4694835680751174,1.5023474178403755,0.0938967136150234,2.676056338028169,1.5023474178403755,0.2619047619047619,0.1904761904761904,0.0476190476190476,0.1904761904761904,0.5,0.4761904761904761,0.5238095238095238,0.3809523809523809,0.3095238095238095,0.5714285714285714,0.6666666666666666,0.2619047619047619,0.1904761904761904,0.0476190476190476,0.1428571428571428,0.4285714285714285,0.5238095238095238,0.5238095238095238,0.238095238095238,0.2857142857142857,0.6666666666666666,0.7619047619047619,0.5224089635854341,30,0.2941176470588235,0.8809523809523809,0.5077731092436975,3
364972,,Marlon Freitas,Marlon Freitas,1023,Brazil,Magé,Brazil,1995-03-27,Defensive Midfield,Midfield,right,185.0,2028-12-31 00:00:00,,,,BRA1,Sociedade Esportiva Palmeiras,6000000.0,7000000.0,Marlon Freitas,CM,Botafogo (RJ),2425.0,0.0,5.0,1.6,4.4,263.0,44.0,10.0,5.0,96.0,10.0,43.0,33.0,6.0,0.0,Defensive Midfielder,0.0,0.1855670103092783,0.059381443298969,0.1632989690721649,9.760824742268042,1.6329896907216497,0.1855670103092783,3.562886597938144,0.3711340206185567,1.5958762886597937,1.224742268041237,0.2619047619047619,1.0,0.8095238095238095,1.0,1.0,0.9523809523809524,0.1666666666666666,1.0,1.0,0.3809523809523809,0.7142857142857143,0.2619047619047619,0.9047619047619048,0.6666666666666666,1.0,1.0,0.9523809523809524,0.0952380952380952,0.9523809523809524,0.9047619047619048,0.1428571428571428,0.5238095238095238,0.7058823529411765,29,0.8529411764705882,0.7619047619047619,0.4960084033613445,2
373174,,Dodi,Dodi,210,Brazil,Santo Antônio do Sudoeste,Brazil,1996-04-17,Defensive Midfield,Midfield,right,169.0,2026-12-31 00:00:00,,,,BRA1,Grêmio Foot-Ball Porto Alegrense,700000.0,1000000.0,Dodi,CM,Grêmio,2319.0,0.0,2.0,0.8,1.1,79.0,24.0,35.0,22.0,30.0,3.0,78.0,29.0,6.0,1.0,Defensive Midfielder,0.0,0.0776196636481242,0.0310478654592496,0.0426908150064683,3.0659767141009056,0.9314359637774904,0.853816300129366,1.1642949547218628,0.1164294954721863,3.0271668822768434,1.125485122897801,0.2619047619047619,0.6666666666666666,0.4047619047619047,0.5238095238095238,0.4285714285714285,0.7619047619047619,0.9285714285714286,0.3333333333333333,0.4761904761904761,0.9285714285714286,0.5952380952380952,0.2619047619047619,0.6190476190476191,0.2857142857142857,0.5714285714285714,0.238095238095238,0.6190476190476191,0.8571428571428571,0.0952380952380952,0.3809523809523809,0.7142857142857143,0.4285714285714285,0.4691876750700279,28,0.1176470588235294,0.6666666666666666,0.5521008403361345,3
436385,Mathías,Villasanti,Mathías Villasanti,210,Paraguay,Caacupé,Paraguay,1997-01-24,Defensive Midfield,Midfield,right,178.0,2029-12-31 00:00:00,51.0,0.0,,BRA1,Grêmio Foot-Ball Porto Alegrense,4000000.0,10000000.0,Mathías Villasanti,DM,Grêmio,2249.0,3.0,1.0,2.1,1.5,117.0,17.0,43.0,20.0,47.0,5.0,78.0,41.0,4.0,0.0,Defensive Midfielder,0.1200533570475766,0.0400177856825255,0.0840373499333037,0.0600266785237883,4.682080924855492,0.6803023566029346,0.8003557136505113,1.8808359270787016,0.2000889284126278,3.1213872832369938,1.640729212983548,0.9523809523809524,0.4761904761904761,0.9285714285714286,0.7142857142857143,0.7619047619047619,0.4285714285714285,0.8571428571428571,0.6190476190476191,0.6904761904761905,0.9285714285714286,0.9523809523809524,0.9047619047619048,0.4761904761904761,0.9047619047619048,0.6190476190476191,0.5714285714285714,0.2857142857142857,0.7619047619047619,0.5714285714285714,0.5714285714285714,0.8571428571428571,0.9047619047619048,0.665266106442577,27,0.6764705882352942,0.5238095238095238,0.551470588235294,1
546036,,Gregore,Gregore,537,Brazil,Juiz de Fora,Brazil,1994-03-02,Defensive Midfield,Midfield,right,181.0,2027-06-30 00:00:00,,,,BRA1,S. A. F. Botafogo,,,Gregore,CM,Botafogo (RJ),2220.0,3.0,2.0,1.2,1.5,199.0,29.0,14.0,9.0,57.0,6.0,97.0,37.0,9.0,0.0,Defensive Midfielder,0.1216216216216216,0.081081081081081,0.0486486486486486,0.0608108108108108,8.067567567567568,1.1756756756756757,0.3648648648648649,2.310810810810811,0.2432432432432432,3.932432432432433,1.5,0.9523809523809524,0.6666666666666666,0.6190476190476191,0.7142857142857143,0.9047619047619048,0.8571428571428571,0.4523809523809524,0.7857142857142857,0.8095238095238095,1.0,0.8095238095238095,0.9523809523809524,0.7142857142857143,0.4761904761904761,0.6666666666666666,0.9523809523809524,0.8571428571428571,0.2857142857142857,0.6190476190476191,0.7142857142857143,0.9523809523809524,0.7142857142857143,0.8669467787114845,30,,0.8809523809523809,,2
546530,,Raniele,Raniele,199,Brazil,Baixa Grande,Brazil,1996-12-31,Defensive Midfield,Midfield,right,184.0,2028-12-31 00:00:00,,,,BRA1,Sport Club Corinthians Paulista,4000000.0,4000000.0,Raniele,"DM,CB",Corinthians,2290.0,0.0,0.0,1.3,1.0,71.0,20.0,14.0,8.0,43.0,3.0,63.0,40.0,8.0,0.0,Defensive Midfielder,0.0,0.0,0.0510917030567685,0.0393013100436681,2.7903930131004366,0.7860262008733624,0.314410480349345,1.689956331877729,0.1179039301310043,2.475982532751092,1.5720524017467248,0.2619047619047619,0.1904761904761904,0.6666666666666666,0.4761904761904761,0.3333333333333333,0.5238095238095238,0.3571428571428571,0.5238095238095238,0.4761904761904761,0.7142857142857143,0.8571428571428571,0.2619047619047619,0.1904761904761904,0.5238095238095238,0.4761904761904761,0.0952380952380952,0.4285714285714285,0.1904761904761904,0.4285714285714285,0.4285714285714285,0.5238095238095238,0.8571428571428571,0.4061624649859943,28,0.6764705882352942,0.6666666666666666,0.374579831932773,3
552242,,Baralhas,Baralhas,2125,Brazil,Botucatu,Brazil,1998-10-10,Defensive Midfield,Midfield,right,178.0,2028-12-31 00:00:00,,,,BRA1,Esporte Clube Vitória,2500000.0,2500000.0,Gabriel Baralhas,CM,Atlético Goianiense,2452.0,1.0,3.0,2.1,2.2,121.0,22.0,40.0,15.0,87.0,6.0,56.0,41.0,9.0,0.0,Defensive Midfielder,0.0367047308319739,0.1101141924959216,0.0770799347471451,0.0807504078303425,4.441272430668842,0.8075040783034257,0.5505709624796085,3.193311582381729,0.2202283849918433,2.0554649265905383,1.5048939641109298,0.6428571428571429,0.8095238095238095,0.9285714285714286,0.8571428571428571,0.8095238095238095,0.6428571428571429,0.7142857142857143,0.9523809523809524,0.8095238095238095,0.5238095238095238,0.9523809523809524,0.5714285714285714,0.7619047619047619,0.8571428571428571,0.7619047619047619,0.5238095238095238,0.4761904761904761,0.5714285714285714,0.9047619047619048,0.6190476190476191,0.3333333333333333,0.8095238095238095,0.5518207282913166,26,0.4705882352941176,0.4285714285714285,0.5491596638655463,2
612162,,Jadsom,Jadsom,8793,Brazil,Recife,Brazil,2001-05-20,Defensive Midfield,Midfield,right,176.0,,2.0,0.0,,BRA1,Red Bull Bragantino,,,Jadsom,"CM,RM",Red Bull Bragantino,1663.0,0.0,1.0,0.1,0.6000000000000001,89.0,11.0,11.0,8.0,23.0,2.0,68.0,15.0,10.0,1.0,Defensive Midfielder,0.0,0.0541190619362597,0.0054119061936259,0.0324714371617558,4.81659651232712,0.5953096812988575,0.4329524954900782,1.2447384245339748,0.1082381238725195,3.680096211665665,0.8117859290438966,0.2619047619047619,0.4761904761904761,0.0952380952380952,0.3333333333333333,0.5,0.2857142857142857,0.3571428571428571,0.2619047619047619,0.3095238095238095,0.7619047619047619,0.1904761904761904,0.2619047619047619,0.5238095238095238,0.0952380952380952,0.3809523809523809,0.6666666666666666,0.1904761904761904,0.3809523809523809,0.1428571428571428,0.3333333333333333,0.9047619047619048,0.0952380952380952,0.5364145658263306,23,,0.238095238095238,,3
644157,,Hugo Moura,Hugo Moura,978,Brazil,Rio de Janeiro,Brazil,1998-01-03,Defensive Midfield,Midfield,right,177.0,2026-12-31 00:00:00,,,,BRA1,Club de Regatas Vasco da Gama,1000000.0,1800000.0,Hugo Moura,CM,Vasco da Gama,2114.0,1.0,4.0,1.7,0.9,115.0,22.0,16.0,9.0,57.0,6.0,73.0,26.0,8.0,1.0,Defensive Midfielder,0.042573320719016,0.1702932828760643,0.0723746452223273,0.0383159886471144,4.89593188268685,0.936613055818354,0.3831598864711448,2.4266792809839166,0.2554399243140965,3.1078524124881737,1.1069063386944182,0.6428571428571429,0.9285714285714286,0.8571428571428571,0.4285714285714285,0.6904761904761905,0.6428571428571429,0.4523809523809524,0.7857142857142857,0.8095238095238095,0.8333333333333334,0.4761904761904761,0.6666666666666666,0.8571428571428571,0.7619047619047619,0.4285714285714285,0.7142857142857143,0.6666666666666666,0.3333333333333333,0.7142857142857143,0.8095238095238095,0.8095238095238095,0.3809523809523809,0.6512605042016808,27,0.2352941176470588,0.5238095238095238,0.6533613445378151,2
727751,,Caio Alexandre,Caio Alexandre,10010,Brazil,Duque de Caxias,Brazil,1999-02-24,Defensive Midfield,Midfield,right,174.0,2028-12-31 00:00:00,,,,BRA1,Esporte Clube Bahia,7000000.0,7000000.0,Caio Alexandre,CM,Bahia,2774.0,2.0,0.0,0.8,2.3000000000000003,235.0,80.0,30.0,17.0,81.0,4.0,59.0,27.0,6.0,0.0,Defensive Midfielder,0.0648882480173035,0.0,0.0259552992069214,0.074621485219899,7.6243691420331645,2.595529920692141,0.5515501081470799,2.627974044700793,0.129776496034607,1.9142033165104544,0.8759913482335977,0.8333333333333334,0.1904761904761904,0.4047619047619047,0.9047619047619048,0.9523809523809524,1.0,0.7857142857142857,0.9047619047619048,0.5952380952380952,0.6190476190476191,0.5238095238095238,0.7142857142857143,0.1904761904761904,0.238095238095238,0.7142857142857143,0.9047619047619048,1.0,0.6190476190476191,0.8095238095238095,0.4761904761904761,0.238095238095238,0.1428571428571428,0.5868347338935574,25,0.9411764705882352,0.3809523809523809,0.4596638655462185,0
811219,,Newton,Newton,537,Brazil,Salvador,Brazil,2000-03-12,Defensive Midfield,Midfield,right,188.0,2027-12-31 00:00:00,,,,BRA1,S. A. F. Botafogo,3000000.0,3000000.0,Newton,CM,Criciúma,2299.0,1.0,1.0,1.5,0.8,78.0,35.0,32.0,22.0,42.0,1.0,52.0,15.0,7.0,0.0,Defensive Midfielder,0.039147455415398,0.039147455415398,0.058721183123097,0.0313179643323184,3.053501522401044,1.3701609395389298,0.8612440191387559,1.644193127446716,0.039147455415398,2.035667681600696,0.58721183123097,0.6428571428571429,0.4761904761904761,0.7619047619047619,0.3809523809523809,0.3809523809523809,0.9047619047619048,0.9285714285714286,0.4761904761904761,0.1904761904761904,0.4761904761904761,0.1904761904761904,0.6190476190476191,0.4285714285714285,0.6190476190476191,0.3333333333333333,0.1904761904761904,0.9047619047619048,0.9047619047619048,0.3809523809523809,0.1904761904761904,0.2857142857142857,0.0476190476190476,0.2913165266106443,24,0.5882352941176471,0.3333333333333333,0.3777310924369748,0
815558,,Martinelli,Martinelli,2462,Brazil,Presidente Prudente,Brazil,2001-10-05,Defensive Midfield,Midfield,right,176.0,2030-12-31 00:00:00,,,,BRA1,Fluminense Football Club,16000000.0,16000000.0,Martinelli,CB,Fluminense,2578.0,1.0,1.0,1.0,1.2,115.0,28.0,52.0,24.0,49.0,2.0,40.0,41.0,8.0,0.0,Defensive Midfielder,0.0349107835531419,0.0349107835531419,0.0349107835531419,0.0418929402637703,4.014740108611327,0.9775019394879751,0.8378588052754072,1.7106283941039566,0.0698215671062839,1.3964313421256789,1.4313421256788208,0.6428571428571429,0.4761904761904761,0.5476190476190477,0.5714285714285714,0.6904761904761905,0.8095238095238095,1.0,0.6666666666666666,0.3095238095238095,0.3095238095238095,0.9523809523809524,0.5238095238095238,0.3809523809523809,0.3333333333333333,0.5238095238095238,0.3333333333333333,0.7142857142857143,0.8095238095238095,0.4761904761904761,0.238095238095238,0.0476190476190476,0.6666666666666666,0.3879551820728291,23,1.0,0.238095238095238,0.3470588235294117,0
859135,,Léo Naldi,Léo Naldi,2125,Brazil,Pindamonhangaba,Brazil,2001-08-18,Defensive Midfield,Midfield,right,177.0,2026-12-31 00:00:00,,,,BRA1,Esporte Clube Vitória,,,Léo Naldi,RM,Vitória,1103.0,0.0,0.0,0.3,0.1,45.0,13.0,15.0,4.0,20.0,0.0,38.0,21.0,6.0,0.0,Defensive Midfielder,0.0,0.0,0.0244786944696282,0.0081595648232094,3.671804170444244,1.0607434270172258,0.3263825929283771,1.6319129646418855,0.0,3.100634632819583,1.71350861287398,0.2619047619047619,0.1904761904761904,0.1428571428571428,0.119047619047619,0.1666666666666666,0.3809523809523809,0.0952380952380952,0.1904761904761904,0.0952380952380952,0.238095238095238,0.4047619047619047,0.2619047619047619,0.1904761904761904,0.1904761904761904,0.0952380952380952,0.2857142857142857,0.8095238095238095,0.238095238095238,0.3333333333333333,0.0952380952380952,0.7619047619047619,0.9523809523809524,0.557422969187675,23,,0.238095238095238,,3
898350,Facundo,Bernal,Facundo Bernal,2462,Uruguay,Montevideo,Uruguay,2003-08-21,Defensive Midfield,Midfield,right,187.0,2028-07-31 00:00:00,1.0,0.0,,BRA1,Fluminense Football Club,6000000.0,6000000.0,Facundo Bernal,DM,Fluminense,919.0,0.0,0.0,0.4,0.1,49.0,2.0,10.0,7.0,16.0,0.0,25.0,9.0,6.0,0.0,Defensive Midfielder,0.0,0.0,0.0391730141458106,0.0097932535364526,4.798694232861806,0.1958650707290533,0.6855277475516867,1.5669205658324266,0.0,2.4483133841131663,0.8813928182807399,0.2619047619047619,0.1904761904761904,0.1904761904761904,0.119047619047619,0.238095238095238,0.0714285714285714,0.2857142857142857,0.0952380952380952,0.0952380952380952,0.1428571428571428,0.0476190476190476,0.2619047619047619,0.1904761904761904,0.4285714285714285,0.1904761904761904,0.6190476190476191,0.0952380952380952,0.7142857142857143,0.2857142857142857,0.0952380952380952,0.4761904761904761,0.1904761904761904,0.3977591036414565,21,0.8529411764705882,0.1428571428571428,0.4039915966386554,3
1101124,,Gustavinho,Gustavinho,221,Brazil,Limeira,Brazil,2005-04-07,Defensive Midfield,Midfield,right,,2028-12-31 00:00:00,,,,BRA1,Santos Futebol Clube,500000.0,500000.0,Gustavinho,LM,Red Bull Bragantino,954.0,1.0,3.0,0.7000000000000001,1.4,45.0,9.0,33.0,17.0,38.0,4.0,24.0,14.0,1.0,0.0,Defensive Midfielder,0.0943396226415094,0.2830188679245283,0.0660377358490566,0.1320754716981131,4.245283018867925,0.8490566037735848,1.6037735849056602,3.5849056603773586,0.3773584905660377,2.2641509433962264,1.3207547169811322,0.6428571428571429,0.8095238095238095,0.3333333333333333,0.6190476190476191,0.1666666666666666,0.2142857142857142,0.7857142857142857,0.4285714285714285,0.5952380952380952,0.0952380952380952,0.0952380952380952,0.8095238095238095,1.0,0.7142857142857143,0.9523809523809524,0.4761904761904761,0.5714285714285714,1.0,1.0,0.9523809523809524,0.4285714285714285,0.5714285714285714,0.5504201680672268,19,0.0588235294117647,0.0952380952380952,0.7012605042016806,2
1376049,,Luiz Felipe,Luiz Felipe,614,,,Brazil,2008-02-08,Defensive Midfield,Midfield,right,183.0,,,,,BRA1,Clube de Regatas do Flamengo,,,Luiz Felipe,LM,Atlético Goianiense,1090.0,1.0,0.0,0.8999999999999999,0.0,20.0,2.0,2.0,1.0,7.0,2.0,19.0,17.0,5.0,1.0,Defensive Midfielder,0.0825688073394495,0.0,0.0743119266055045,0.0,1.651376146788991,0.1651376146788991,0.0825688073394495,0.5779816513761469,0.1651376146788991,1.5688073394495414,1.4036697247706422,0.6428571428571429,0.1904761904761904,0.4761904761904761,0.0476190476190476,0.0476190476190476,0.0714285714285714,0.0476190476190476,0.0476190476190476,0.3095238095238095,0.0476190476190476,0.2857142857142857,0.7619047619047619,0.1904761904761904,0.8095238095238095,0.0476190476190476,0.0476190476190476,0.0476190476190476,0.0476190476190476,0.0476190476190476,0.5238095238095238,0.0952380952380952,0.6190476190476191,0.1638655462184874,16,,0.0476190476190476,,1
225432,,Zé Rafael,Zé Rafael,221,Brazil,Ponta Grossa,Brazil,1993-06-16,Central Midfield,Midfield,right,175.0,2027-12-31 00:00:00,,,,BRA1,Santos Futebol Clube,1500000.0,5000000.0,Zé Rafael,CM,Palmeiras,951.0,0.0,2.0,0.4,1.8,49.0,10.0,19.0,6.0,34.0,5.0,25.0,10.0,7.0,0.0,Central Midfielder,0.0,0.1892744479495268,0.0378548895899053,0.1703470031545741,4.637223974763407,0.946372239747634,0.5678233438485805,3.217665615141956,0.473186119873817,2.365930599369085,0.946372239747634,0.1764705882352941,0.6764705882352942,0.2058823529411764,0.7647058823529411,0.1764705882352941,0.2352941176470588,0.1176470588235294,0.3529411764705882,0.6764705882352942,0.5294117647058824,0.1764705882352941,0.1764705882352941,0.8823529411764706,0.2941176470588235,0.9411764705882352,0.4705882352941176,0.3529411764705882,0.2941176470588235,0.6470588235294118,0.8823529411764706,0.8823529411764706,0.4705882352941176,0.649616368286445,31,0.1333333333333333,0.9411764705882352,0.6152600170502983,0
270188,Lucas,Evangelista,Lucas Evangelista,1023,Brazil,Limeira,Brazil,1995-02-06,Central Midfield,Midfield,left,181.0,2027-12-31 00:00:00,10.0,1.0,,BRA1,Sociedade Esportiva Palmeiras,4000000.0,5000000.0,Lucas Evangelista,DM,Red Bull Bragantino,2540.0,2.0,3.0,2.5,1.6,132.0,26.0,34.0,15.0,73.0,6.0,48.0,29.0,4.0,0.0,Central Midfielder,0.0708661417322834,0.1062992125984252,0.0885826771653543,0.0566929133858267,4.677165354330708,0.9212598425196852,0.5314960629921259,2.5866141732283463,0.2125984251968504,1.7007874015748032,1.0275590551181102,0.6764705882352942,0.8529411764705882,0.8823529411764706,0.6470588235294118,0.9411764705882352,0.6764705882352942,0.7647058823529411,0.8823529411764706,0.7647058823529411,0.8235294117647058,0.8823529411764706,0.4705882352941176,0.5882352941176471,0.5882352941176471,0.3529411764705882,0.5294117647058824,0.2941176470588235,0.1176470588235294,0.5294117647058824,0.4117647058823529,0.3529411764705882,0.5882352941176471,0.4552429667519181,29,0.3333333333333333,0.8823529411764706,0.4574595055413469,2
341705,,Gerson,Gerson,609,Brazil,Belford Roxo,Brazil,1997-05-20,Central Midfield,Midfield,left,184.0,2030-12-31 00:00:00,14.0,1.0,,BRA1,Cruzeiro Esporte Clube,18000000.0,25000000.0,Gerson,LB,Flamengo,2457.0,3.0,6.0,2.1,3.6,181.0,71.0,80.0,36.0,111.0,16.0,57.0,23.0,3.0,0.0,Central Midfielder,0.1098901098901098,0.2197802197802197,0.0769230769230769,0.1318681318681318,6.630036630036631,2.600732600732601,1.3186813186813189,4.065934065934066,0.5860805860805861,2.087912087912088,0.8424908424908425,0.8529411764705882,0.9705882352941176,0.7647058823529411,1.0,1.0,1.0,0.9117647058823528,1.0,1.0,1.0,0.8235294117647058,0.7058823529411765,0.9411764705882352,0.4705882352941176,0.8235294117647058,0.9411764705882352,0.9411764705882352,0.9411764705882352,0.8823529411764706,0.9411764705882352,0.7058823529411765,0.2941176470588235,0.8260869565217391,27,1.0,0.6764705882352942,0.5441815856777493,0
364261,,Tchê Tchê,Tchê Tchê,978,Brazil,São Paulo,Brazil,1992-08-30,Central Midfield,Midfield,both,175.0,2026-12-31 00:00:00,,,,BRA1,Club de Regatas Vasco da Gama,800000.0,5000000.0,Tchê Tchê,CM,Botafogo (RJ),1570.0,0.0,0.0,0.4,2.8000000000000003,94.0,30.0,15.0,10.0,54.0,5.0,16.0,10.0,2.0,1.0,Central Midfielder,0.0,0.0,0.0229299363057324,0.1605095541401274,5.388535031847134,1.719745222929936,0.5732484076433121,3.095541401273885,0.286624203821656,0.9171974522292992,0.5732484076433121,0.1764705882352941,0.2352941176470588,0.2058823529411764,0.9411764705882352,0.7058823529411765,0.8235294117647058,0.3823529411764705,0.6470588235294118,0.6764705882352942,0.1176470588235294,0.1764705882352941,0.1764705882352941,0.2352941176470588,0.1764705882352941,0.8823529411764706,0.7058823529411765,0.7647058823529411,0.3529411764705882,0.5882352941176471,0.7058823529411765,0.0588235294117647,0.0588235294117647,0.547314578005115,32,0.0666666666666666,1.0,0.5617220801364022,0
397458,Nicolás,de la Cruz,Nicolás de la Cruz,614,Uruguay,Montevideo,Uruguay,1997-06-01,Central Midfield,Midfield,right,167.0,2028-06-30 00:00:00,37.0,5.0,,BRA1,Clube de Regatas do Flamengo,8000000.0,18000000.0,Nicolás De La Cruz,DM,Flamengo,1010.0,2.0,3.0,1.6,2.6,104.0,18.0,15.0,8.0,72.0,7.0,20.0,16.0,3.0,0.0,Central Midfielder,0.1782178217821782,0.2673267326732673,0.1425742574257426,0.2316831683168317,9.267326732673268,1.6039603960396038,0.7128712871287128,6.415841584158415,0.6237623762376238,1.7821782178217822,1.4257425742574257,0.6764705882352942,0.8529411764705882,0.5882352941176471,0.8823529411764706,0.8235294117647058,0.3529411764705882,0.2352941176470588,0.8235294117647058,0.8235294117647058,0.1764705882352941,0.5588235294117647,0.9411764705882352,1.0,0.7647058823529411,1.0,1.0,0.5882352941176471,0.4117647058823529,1.0,1.0,0.4705882352941176,0.9411764705882352,0.8721227621483376,27,0.6666666666666666,0.6764705882352942,0.6551364023870418,0
445000,Matheus,Rossetto,Matheus Rossetto,10870,Brazil,Santo Amaro da Imperatriz,Brazil,1996-06-03,Central Midfield,Midfield,right,180.0,2027-12-31 00:00:00,,,,BRA1,Fortaleza Esporte Clube,,,Matheus Rossetto,DM,Fortaleza,1548.0,0.0,0.0,0.0,0.2,93.0,26.0,27.0,18.0,22.0,3.0,22.0,11.0,3.0,0.0,Central Midfielder,0.0,0.0,0.0,0.0116279069767441,5.406976744186046,1.5116279069767442,1.0465116279069768,1.2790697674418603,0.1744186046511628,1.2790697674418603,0.6395348837209303,0.1764705882352941,0.2352941176470588,0.0588235294117647,0.1764705882352941,0.6470588235294118,0.6764705882352942,0.8235294117647058,0.1470588235294117,0.4411764705882353,0.2647058823529412,0.2941176470588235,0.1764705882352941,0.2352941176470588,0.0588235294117647,0.1176470588235294,0.7647058823529411,0.4705882352941176,0.7647058823529411,0.0588235294117647,0.3529411764705882,0.1176470588235294,0.1176470588235294,0.3350383631713555,28,,0.8235294117647058,,2
468304,Rodrigo,Nestor,Rodrigo Nestor,10010,Brazil,São Paulo,Brazil,2000-08-09,Central Midfield,Midfield,left,175.0,2030-12-31 00:00:00,14.0,0.0,,BRA1,Esporte Clube Bahia,7000000.0,9000000.0,Rodrigo Nestor,CM,São Paulo,984.0,0.0,2.0,0.9,1.4,50.0,29.0,24.0,6.0,37.0,3.0,15.0,7.0,3.0,0.0,Central Midfielder,0.0,0.1829268292682927,0.0823170731707317,0.1280487804878048,4.573170731707317,2.652439024390244,0.5487804878048781,3.3841463414634148,0.274390243902439,1.371951219512195,0.6402439024390244,0.1764705882352941,0.6764705882352942,0.4117647058823529,0.4411764705882353,0.2352941176470588,0.7647058823529411,0.1176470588235294,0.4117647058823529,0.4411764705882353,0.0588235294117647,0.0588235294117647,0.1764705882352941,0.7647058823529411,0.5294117647058824,0.7647058823529411,0.4117647058823529,1.0,0.2352941176470588,0.7647058823529411,0.5882352941176471,0.1764705882352941,0.1764705882352941,0.5754475703324807,24,0.5666666666666667,0.3529411764705882,0.5506606990622336,0
552549,,Matheus Henrique,Matheus Henrique,609,Brazil,São Paulo,Brazil,1997-12-19,Central Midfield,Midfield,right,175.0,2029-06-30 00:00:00,1.0,0.0,,BRA1,Cruzeiro Esporte Clube,4500000.0,22000000.0,Matheus Henrique,RM,Cruzeiro,1219.0,2.0,0.0,1.2000000000000002,0.2,57.0,23.0,25.0,12.0,45.0,2.0,24.0,17.0,4.0,0.0,Central Midfielder,0.14766201804758,0.0,0.088597210828548,0.0147662018047579,4.20836751435603,1.6981132075471697,0.8859721082854799,3.3223954060705494,0.14766201804758,1.7719442165709598,1.25512715340443,0.6764705882352942,0.2352941176470588,0.5294117647058824,0.1764705882352941,0.3235294117647059,0.4705882352941176,0.6470588235294118,0.5294117647058824,0.2352941176470588,0.4117647058823529,0.7058823529411765,0.7647058823529411,0.2352941176470588,0.6470588235294118,0.1764705882352941,0.3529411764705882,0.7058823529411765,0.5882352941176471,0.7058823529411765,0.2352941176470588,0.4117647058823529,0.6470588235294118,0.4373401534526855,27,0.4,0.6764705882352942,0.4609335038363172,1
578872,,Jean Lucas,Jean Lucas,10010,Brazil,Rio de Janeiro,Brazil,1998-06-22,Central Midfield,Midfield,right,181.0,2028-12-31 00:00:00,1.0,0.0,,BRA1,Esporte Clube Bahia,13000000.0,13000000.0,Jean Lucas,LM,Bahia,2901.0,3.0,6.0,5.2,2.5,126.0,53.0,70.0,36.0,78.0,9.0,50.0,33.0,7.0,0.0,Central Midfielder,0.093071354705274,0.1861427094105481,0.1613236814891416,0.077559462254395,3.90899689762151,1.644260599793175,1.1168562564632885,2.419855222337125,0.2792140641158221,1.5511892450879008,1.0237849017580145,0.8529411764705882,0.9705882352941176,1.0,0.8235294117647058,0.8823529411764706,0.9411764705882352,0.9117647058823528,0.9411764705882352,0.9117647058823528,0.8823529411764706,0.9705882352941176,0.6470588235294118,0.8235294117647058,0.8235294117647058,0.5294117647058824,0.2941176470588235,0.6470588235294118,0.8235294117647058,0.4117647058823529,0.6470588235294118,0.2352941176470588,0.5294117647058824,0.4552429667519181,26,0.8,0.5294117647058824,0.3937340153452685,1
606716,,Pepê,Pepê,210,Brazil,Rio de Janeiro,Brazil,1998-01-06,Central Midfield,Midfield,right,183.0,2026-12-31 00:00:00,,,,BRA1,Grêmio Foot-Ball Porto Alegrense,1800000.0,1800000.0,João Pedro Pepê,CM,Grêmio,1283.0,1.0,0.0,0.5,0.3,81.0,22.0,27.0,11.0,22.0,0.0,44.0,13.0,2.0,1.0,Central Midfielder,0.0701480904130943,0.0,0.0350740452065471,0.0210444271239282,5.681995323460639,1.5432579890880749,0.7716289945440374,1.5432579890880749,0.0,3.0865159781761498,0.911925175370226,0.4411764705882353,0.2352941176470588,0.2941176470588235,0.2941176470588235,0.5882352941176471,0.4117647058823529,0.5294117647058824,0.1470588235294117,0.088235294117647,0.7647058823529411,0.3529411764705882,0.4117647058823529,0.2352941176470588,0.2352941176470588,0.2941176470588235,0.8235294117647058,0.5294117647058824,0.4705882352941176,0.1176470588235294,0.088235294117647,1.0,0.4117647058823529,0.5370843989769821,27,0.2,0.6764705882352942,0.5707800511508951,2
608216,,Gabriel Menino,Gabriel Menino,221,Brazil,Morungaba,Brazil,2000-09-29,Central Midfield,Midfield,right,176.0,2026-12-31 00:00:00,0.0,0.0,,BRA1,Santos Futebol Clube,7000000.0,15000000.0,Gabriel Menino,DM,Palmeiras,1067.0,1.0,0.0,2.1,1.4,73.0,25.0,25.0,11.0,58.0,3.0,28.0,16.0,7.0,1.0,Central Midfielder,0.0843486410496719,0.0,0.1771321462043111,0.1180880974695407,6.157450796626055,2.1087160262418,0.9278350515463918,4.892221180880974,0.2530459231490159,2.3617619493908157,1.3495782567947516,0.4411764705882353,0.2352941176470588,0.7647058823529411,0.4411764705882353,0.5294117647058824,0.5588235294117647,0.5294117647058824,0.7058823529411765,0.4411764705882353,0.6470588235294118,0.5588235294117647,0.5294117647058824,0.2352941176470588,0.9411764705882352,0.6470588235294118,0.8823529411764706,0.8823529411764706,0.7058823529411765,0.9411764705882352,0.5294117647058824,0.8235294117647058,0.8235294117647058,0.7800511508951409,24,0.5666666666666667,0.3529411764705882,0.6734228473998296,1
614328,,Eric Ramires,Eric Ramires,8793,Brazil,Salvador,Brazil,2000-08-10,Central Midfield,Midfield,right,172.0,2026-12-31 00:00:00,4.0,0.0,,BRA1,Red Bull Bragantino,3500000.0,4500000.0,Eric Ramires,CM,Red Bull Bragantino,1106.0,2.0,2.0,2.1,0.2,38.0,9.0,21.0,10.0,27.0,3.0,24.0,10.0,4.0,0.0,Central Midfielder,0.162748643761302,0.162748643761302,0.1708860759493671,0.0162748643761302,3.092224231464738,0.732368896925859,0.81374321880651,2.1971066907775767,0.244122965641953,1.952983725135624,0.81374321880651,0.6764705882352942,0.6764705882352942,0.7647058823529411,0.1764705882352941,0.0588235294117647,0.1470588235294117,0.3823529411764705,0.2941176470588235,0.4411764705882353,0.4117647058823529,0.1764705882352941,0.8823529411764706,0.6470588235294118,0.8823529411764706,0.2352941176470588,0.0588235294117647,0.1176470588235294,0.5294117647058824,0.2941176470588235,0.4705882352941176,0.5882352941176471,0.2352941176470588,0.2634271099744245,24,0.2666666666666666,0.3529411764705882,0.4384484228473998,1
658678,,Christian,Christian,609,Brazil,Jundiaí,Brazil,2000-12-19,Central Midfield,Midfield,right,178.0,2027-12-31 00:00:00,,,,BRA1,Cruzeiro Esporte Clube,12000000.0,12000000.0,Christian,LW,Athletico Paranaense,1494.0,1.0,0.0,1.8,1.7,57.0,15.0,24.0,9.0,41.0,2.0,27.0,15.0,7.0,0.0,Central Midfielder,0.0602409638554216,0.0,0.108433734939759,0.1024096385542168,3.433734939759036,0.9036144578313252,0.5421686746987953,2.469879518072289,0.1204819277108433,1.6265060240963856,0.9036144578313252,0.4411764705882353,0.2352941176470588,0.6470588235294118,0.7058823529411765,0.3235294117647059,0.2941176470588235,0.2941176470588235,0.4705882352941176,0.2352941176470588,0.5882352941176471,0.4117647058823529,0.3529411764705882,0.2352941176470588,0.7058823529411765,0.5882352941176471,0.1764705882352941,0.2352941176470588,0.1764705882352941,0.4705882352941176,0.1764705882352941,0.2941176470588235,0.3529411764705882,0.329923273657289,24,0.7333333333333333,0.3529411764705882,0.3616794543904518,2
861852,Damián,Bobadilla,Damián Bobadilla,585,Paraguay,Asunción,Paraguay,2001-07-11,Central Midfield,Midfield,right,180.0,2027-12-31 00:00:00,23.0,1.0,,BRA1,São Paulo Futebol Clube,6000000.0,6000000.0,Damián Bobadilla,CM,São Paulo,1031.0,1.0,0.0,0.7000000000000001,0.7,60.0,7.0,9.0,6.0,20.0,0.0,34.0,16.0,3.0,0.0,Central Midfielder,0.08729388942774,0.0,0.061105722599418,0.061105722599418,5.237633365664403,0.6110572259941804,0.5237633365664404,1.7458777885548014,0.0,2.967992240543162,1.396702230843841,0.4411764705882353,0.2352941176470588,0.3529411764705882,0.3529411764705882,0.4117647058823529,0.0588235294117647,0.1176470588235294,0.0588235294117647,0.088235294117647,0.7058823529411765,0.5588235294117647,0.5882352941176471,0.2352941176470588,0.4117647058823529,0.4705882352941176,0.5882352941176471,0.0588235294117647,0.0588235294117647,0.1764705882352941,0.088235294117647,0.9411764705882352,0.8823529411764706,0.4859335038363171,23,0.4666666666666667,0.1470588235294117,0.5528346121057118,2
892091,,Mandaca,Mandaca,10492,Brazil,João Pessoa,Brazil,2001-10-02,Central Midfield,Midfield,right,178.0,2026-12-31 00:00:00,,,,BRA1,Esporte Clube Juventude,,,Luis Mandaca,FW,Juventude,1101.0,4.0,2.0,4.7,1.5,42.0,25.0,43.0,14.0,47.0,4.0,22.0,22.0,5.0,0.0,Central Midfielder,0.326975476839237,0.1634877384196185,0.3841961852861036,0.1226158038147138,3.433242506811989,2.043596730245232,1.1444141689373295,3.841961852861036,0.326975476839237,1.7983651226158035,1.7983651226158035,0.9705882352941176,0.6764705882352942,0.9411764705882352,0.5588235294117647,0.1176470588235294,0.5588235294117647,0.7058823529411765,0.5882352941176471,0.5882352941176471,0.2647058823529412,0.7647058823529411,1.0,0.7058823529411765,1.0,0.7058823529411765,0.1176470588235294,0.8235294117647058,0.8823529411764706,0.8235294117647058,0.7647058823529411,0.5294117647058824,1.0,0.5856777493606138,23,,0.1470588235294117,,1
982617,,Hércules,Hércules,2462,Brazil,Jaicós,Brazil,2000-10-20,Central Midfield,Midfield,right,178.0,2029-12-31 00:00:00,,,,BRA1,Fluminense Football Club,15000000.0,15000000.0,Hércules,CM,Fortaleza,2317.0,4.0,1.0,1.0,1.5,96.0,31.0,56.0,37.0,59.0,9.0,55.0,33.0,6.0,2.0,Central Midfielder,0.1553733275787656,0.0388433318946914,0.0388433318946914,0.0582649978420371,3.728959861890376,1.2041432887354335,1.4372032801035823,2.2917565817867933,0.3495899870522227,2.1363832542080274,1.281829952524817,0.9705882352941176,0.5,0.4705882352941176,0.5588235294117647,0.7647058823529411,0.8823529411764706,1.0,0.7647058823529411,0.9117647058823528,0.9411764705882352,0.9705882352941176,0.8235294117647058,0.4705882352941176,0.3529411764705882,0.4117647058823529,0.2352941176470588,0.4117647058823529,1.0,0.3529411764705882,0.8235294117647058,0.7647058823529411,0.7058823529411765,0.4347826086956521,24,0.8666666666666667,0.3529411764705882,0.3912617220801364,1
1221818,,André,André,199,Brazil,São Paulo,Brazil,2006-06-20,Central Midfield,Midfield,right,183.0,2029-12-31 00:00:00,,,,BRA1,Sport Club Corinthians Paulista,16000000.0,16000000.0,André,"DM,CB",Fluminense,1072.0,0.0,1.0,0.1,0.0,64.0,9.0,28.0,11.0,25.0,2.0,24.0,16.0,5.0,0.0,Central Midfielder,0.0,0.083955223880597,0.0083955223880597,0.0,5.3731343283582085,0.7555970149253731,0.9235074626865672,2.0988805970149254,0.167910447761194,2.014925373134328,1.343283582089552,0.1764705882352941,0.5,0.1176470588235294,0.0588235294117647,0.4705882352941176,0.1470588235294117,0.5294117647058824,0.2352941176470588,0.2352941176470588,0.4117647058823529,0.5588235294117647,0.1764705882352941,0.5294117647058824,0.1176470588235294,0.0588235294117647,0.6470588235294118,0.1764705882352941,0.6470588235294118,0.2352941176470588,0.2941176470588235,0.6470588235294118,0.7647058823529411,0.4296675191815857,18,0.9333333333333332,0.0588235294117647,0.4156436487638533,2
29091,,Nenê,Nenê,10492,Brazil,Jundiaí,Brazil,1981-07-19,Attacking Midfield,Midfield,left,181.0,,4.0,1.0,,BRA1,Esporte Clube Juventude,200000.0,14000000.0,Nenê,LM,Juventude,1506.0,3.0,4.0,1.6,4.3,73.0,23.0,26.0,12.0,75.0,4.0,10.0,8.0,5.0,1.0,Attacking Midfielder,0.1792828685258964,0.2390438247011952,0.095617529880478,0.2569721115537848,4.362549800796812,1.3745019920318726,0.7171314741035857,4.48207171314741,0.2390438247011952,0.5976095617529881,0.4780876494023904,0.4285714285714285,0.5476190476190477,0.238095238095238,0.6428571428571429,0.3333333333333333,0.3333333333333333,0.2619047619047619,0.4761904761904761,0.2142857142857142,0.119047619047619,0.1666666666666666,0.4761904761904761,0.6666666666666666,0.238095238095238,0.8571428571428571,0.3809523809523809,0.2857142857142857,0.3333333333333333,0.5238095238095238,0.3333333333333333,0.0952380952380952,0.1904761904761904,0.5396825396825397,43,0.0588235294117647,1.0,0.5591036414565826,1
37647,Dimitri,Payet,Dimitri Payet,978,Réunion,Saint-Pierre,France,1987-03-29,Attacking Midfield,Midfield,right,175.0,,38.0,8.0,,BRA1,Club de Regatas Vasco da Gama,1800000.0,30000000.0,Dimitri Payet,AM,Vasco da Gama,1220.0,3.0,3.0,1.7000000000000002,2.5,101.0,24.0,29.0,17.0,61.0,9.0,12.0,2.0,2.0,0.0,Attacking Midfielder,0.2213114754098361,0.2213114754098361,0.1254098360655738,0.1844262295081967,7.450819672131147,1.7704918032786887,1.2540983606557377,4.5,0.6639344262295083,0.8852459016393444,0.1475409836065573,0.4285714285714285,0.4047619047619047,0.2857142857142857,0.4047619047619047,0.5714285714285714,0.3809523809523809,0.4761904761904761,0.3809523809523809,0.5238095238095238,0.1904761904761904,0.0476190476190476,0.5238095238095238,0.6190476190476191,0.3809523809523809,0.5714285714285714,0.9047619047619048,0.5238095238095238,0.6190476190476191,0.5714285714285714,0.8571428571428571,0.238095238095238,0.0476190476190476,0.5978835978835979,37,0.5294117647058824,0.9523809523809524,0.4835200746965453,1
52896,,Everton Ribeiro,Everton Ribeiro,10010,Brazil,Arujá,Brazil,1989-04-10,Attacking Midfield,Midfield,left,174.0,2026-12-31 00:00:00,22.0,3.0,,BRA1,Esporte Clube Bahia,1000000.0,17000000.0,Everton Ribeiro,RM,Bahia,2681.0,2.0,5.0,1.2,4.3,326.0,85.0,69.0,29.0,122.0,13.0,53.0,22.0,4.0,0.0,Attacking Midfielder,0.0671391271913465,0.1678478179783663,0.0402834763148079,0.144349123461395,10.943677732189482,2.8534129056322266,0.9735173442745244,4.095486758672137,0.4364043267437523,1.7791868705706828,0.7385303991048116,0.238095238095238,0.6904761904761905,0.1666666666666666,0.6428571428571429,1.0,0.9047619047619048,0.7142857142857143,0.8095238095238095,0.8333333333333334,0.9761904761904762,0.7619047619047619,0.0952380952380952,0.4761904761904761,0.0476190476190476,0.4285714285714285,1.0,0.7142857142857143,0.4761904761904761,0.4285714285714285,0.5714285714285714,0.8571428571428571,0.6190476190476191,0.380952380952381,35,0.2352941176470588,0.8809523809523809,0.4376050420168067,3
67920,,Ganso,Ganso,2462,Brazil,Ananindeua,Brazil,1989-10-12,Attacking Midfield,Midfield,left,184.0,2026-12-31 00:00:00,8.0,0.0,,BRA1,Fluminense Football Club,300000.0,18000000.0,Ganso,"AM,DM",Fluminense,2169.0,3.0,6.0,2.5,3.4,165.0,15.0,20.0,14.0,95.0,9.0,34.0,15.0,11.0,1.0,Attacking Midfielder,0.1244813278008298,0.2489626556016597,0.1037344398340249,0.1410788381742738,6.846473029045643,0.6224066390041494,0.5809128630705394,3.941908713692946,0.3734439834024896,1.4107883817427385,0.6224066390041494,0.4285714285714285,0.7857142857142857,0.4285714285714285,0.4761904761904761,0.9047619047619048,0.0952380952380952,0.3333333333333333,0.6190476190476191,0.5238095238095238,0.8095238095238095,0.4761904761904761,0.3333333333333333,0.7142857142857143,0.2857142857142857,0.3809523809523809,0.7619047619047619,0.0476190476190476,0.238095238095238,0.3809523809523809,0.4285714285714285,0.5714285714285714,0.3809523809523809,0.4109347442680776,35,0.1176470588235294,0.8809523809523809,0.485006224712107,1
104505,,Alan Patrick,Alan Patrick,6600,Brazil,São Paulo,Brazil,1991-05-13,Attacking Midfield,Midfield,right,177.0,2027-12-31 00:00:00,4.0,0.0,,BRA1,Sport Club Internacional,2000000.0,8000000.0,Alan Patrick,AM,Internacional,1777.0,8.0,3.0,7.2,8.200000000000001,128.0,35.0,58.0,34.0,127.0,13.0,22.0,17.0,3.0,0.0,Attacking Midfielder,0.4051772650534609,0.1519414743950478,0.3646595385481148,0.4153066966797974,6.482836240855375,1.7726505346088912,1.7220033764772087,6.432189082723692,0.6584130557118739,1.1142374788970175,0.8610016882386043,0.8333333333333334,0.4047619047619047,0.9523809523809524,1.0,0.7142857142857143,0.5238095238095238,0.8095238095238095,0.8571428571428571,0.8333333333333334,0.4761904761904761,0.6428571428571429,0.9047619047619048,0.3809523809523809,0.9523809523809524,1.0,0.7142857142857143,0.5714285714285714,0.7619047619047619,1.0,0.8095238095238095,0.3809523809523809,0.7142857142857143,0.8465608465608467,33,0.5882352941176471,0.8095238095238095,0.6394491129785248,0
215915,Igor,Coronado,Igor Coronado,199,Brazil,Londrina,Italy,1992-08-18,Attacking Midfield,Midfield,right,170.0,2027-06-30 00:00:00,,,,BRA1,Sport Club Corinthians Paulista,,,Igor Coronado,AM,Corinthians,1378.0,1.0,2.0,1.2,3.9,114.0,71.0,78.0,30.0,79.0,3.0,33.0,27.0,6.0,0.0,Attacking Midfielder,0.0653120464441219,0.1306240928882438,0.0783744557329463,0.2547169811320754,7.445573294629899,4.637155297532656,1.9593613933236576,5.159651669085632,0.1959361393323657,2.1552975326560238,1.7634252539912916,0.0952380952380952,0.2857142857142857,0.1666666666666666,0.5714285714285714,0.6190476190476191,0.8095238095238095,0.7619047619047619,0.5238095238095238,0.1428571428571428,0.7619047619047619,0.8809523809523809,0.0476190476190476,0.3333333333333333,0.1428571428571428,0.8095238095238095,0.8571428571428571,0.9047619047619048,0.8571428571428571,0.8571428571428571,0.1904761904761904,0.9523809523809524,0.9523809523809524,0.5008818342151675,32,,0.7619047619047619,,3
248410,Giorgian,de Arrascaeta,Giorgian de Arrascaeta,614,Uruguay,Nuevo Berlín,Uruguay,1994-06-01,Attacking Midfield,Midfield,right,177.0,2028-12-31 00:00:00,59.0,13.0,,BRA1,Clube de Regatas do Flamengo,14000000.0,19000000.0,Giorgian De Arrascaeta,AM,Flamengo,1007.0,5.0,5.0,2.2,2.5,80.0,19.0,33.0,18.0,57.0,12.0,16.0,13.0,2.0,0.0,Attacking Midfielder,0.4468718967229394,0.4468718967229394,0.1966236345580933,0.2234359483614697,7.149950347567031,1.6981132075471697,1.608738828202582,5.09433962264151,1.0724925521350546,1.429990069513406,1.1618669314796426,0.6666666666666666,0.6904761904761905,0.3571428571428571,0.4047619047619047,0.3809523809523809,0.2142857142857142,0.5238095238095238,0.3333333333333333,0.7619047619047619,0.2619047619047619,0.4285714285714285,0.9523809523809524,1.0,0.6666666666666666,0.6666666666666666,0.8095238095238095,0.4285714285714285,0.7142857142857143,0.7619047619047619,1.0,0.6190476190476191,0.8095238095238095,0.818342151675485,30,0.9411764705882352,0.6428571428571429,0.5592826019296607,0
309193,Jefferson,Savarino,Jefferson Savarino,2462,Venezuela,Maracaibo,Venezuela,1996-11-11,Attacking Midfield,Midfield,right,168.0,2029-12-31 00:00:00,51.0,4.0,,BRA1,Fluminense Football Club,8000000.0,10000000.0,Jefferson Savarino,"RM,LM",Botafogo (RJ),2009.0,8.0,7.0,4.8,6.6,124.0,46.0,19.0,8.0,115.0,11.0,8.0,9.0,3.0,0.0,Attacking Midfielder,0.3583872573419611,0.313588850174216,0.2150323544051766,0.2956694873071179,5.555002488800398,2.060726729716277,0.3583872573419611,5.151816824290692,0.4927824788451966,0.3583872573419611,0.4031856645097063,0.8333333333333334,0.8809523809523809,0.7619047619047619,0.8571428571428571,0.6666666666666666,0.6190476190476191,0.0952380952380952,0.7142857142857143,0.7142857142857143,0.0476190476190476,0.238095238095238,0.8095238095238095,0.8095238095238095,0.7142857142857143,0.9047619047619048,0.6190476190476191,0.6666666666666666,0.0952380952380952,0.8095238095238095,0.7142857142857143,0.0476190476190476,0.0952380952380952,0.7530864197530863,28,0.8235294117647058,0.5,0.5709694989106753,1
330085,Gustavo,Scarpa,Gustavo Scarpa,330,Brazil,Campinas,Brazil,1994-01-05,Attacking Midfield,Midfield,left,177.0,2027-12-31 00:00:00,1.0,0.0,,BRA1,Clube Atlético Mineiro,4500000.0,12000000.0,Gustavo Scarpa,AM,Atlético Mineiro,2155.0,4.0,4.0,4.0,3.6,136.0,87.0,48.0,22.0,101.0,9.0,40.0,12.0,5.0,0.0,Attacking Midfielder,0.1670533642691415,0.1670533642691415,0.1670533642691415,0.1503480278422274,5.679814385150812,3.6334106728538287,0.9187935034802784,4.218097447795824,0.3758700696055684,1.6705336426914152,0.5011600928074246,0.5714285714285714,0.5476190476190477,0.7142857142857143,0.5238095238095238,0.8095238095238095,0.9523809523809524,0.6190476190476191,0.6666666666666666,0.5238095238095238,0.8571428571428571,0.3809523809523809,0.3809523809523809,0.4285714285714285,0.5238095238095238,0.4761904761904761,0.6666666666666666,0.8571428571428571,0.4285714285714285,0.4761904761904761,0.4761904761904761,0.7619047619047619,0.238095238095238,0.4603174603174603,31,0.7647058823529411,0.7142857142857143,0.3778711484593838,3
348354,Tomás,Pochettino,Tomás Pochettino,2125,Argentina,Rafaela,Argentina,1996-02-01,Attacking Midfield,Midfield,right,180.0,2026-12-31 00:00:00,,,,BRA1,Esporte Clube Vitória,,,Tomas Pochettino,CM,Fortaleza,1648.0,5.0,6.0,2.9,4.5,89.0,57.0,41.0,20.0,83.0,10.0,27.0,27.0,3.0,0.0,Attacking Midfielder,0.2730582524271844,0.3276699029126214,0.1583737864077669,0.245752427184466,4.860436893203883,3.1128640776699026,1.0922330097087378,4.532766990291262,0.5461165048543689,1.4745145631067962,1.4745145631067962,0.6666666666666666,0.7857142857142857,0.5238095238095238,0.7142857142857143,0.4285714285714285,0.6666666666666666,0.5714285714285714,0.5714285714285714,0.6428571428571429,0.5952380952380952,0.8809523809523809,0.6666666666666666,0.8571428571428571,0.4285714285714285,0.7619047619047619,0.5238095238095238,0.7619047619047619,0.5714285714285714,0.6190476190476191,0.7619047619047619,0.6666666666666666,0.8571428571428571,0.6878306878306878,28,,0.5,,0
360526,Emmanuel,Martínez,Emmanuel Martínez,2125,Argentina,Tandil,Argentina,1994-06-04,Attacking Midfield,Midfield,right,169.0,2027-12-31 00:00:00,,,,BRA1,Esporte Clube Vitória,1200000.0,2000000.0,Leandro Emmanuel Martínez,LM,Fortaleza,1011.0,1.0,4.0,1.0,1.8,50.0,14.0,27.0,15.0,42.0,10.0,27.0,21.0,4.0,0.0,Attacking Midfielder,0.0890207715133531,0.3560830860534124,0.0890207715133531,0.1602373887240356,4.451038575667656,1.2462908011869436,1.3353115727002969,3.738872403560831,0.890207715133531,2.403560830860534,1.8694362017804156,0.0952380952380952,0.5476190476190477,0.0952380952380952,0.2857142857142857,0.1666666666666666,0.0476190476190476,0.4047619047619047,0.1428571428571428,0.6428571428571429,0.5952380952380952,0.7142857142857143,0.238095238095238,0.9047619047619048,0.1904761904761904,0.5238095238095238,0.4285714285714285,0.1904761904761904,0.6666666666666666,0.2857142857142857,0.9523809523809524,1.0,1.0,0.5414462081128748,30,0.3823529411764705,0.6428571428571429,0.5328509181450358,0
392487,,Thaciano,Thaciano,221,Brazil,Campina Grande,Brazil,1995-05-12,Attacking Midfield,Midfield,right,182.0,2028-12-31 00:00:00,,,,BRA1,Santos Futebol Clube,1000000.0,2000000.0,Thaciano,FW,Bahia,2343.0,7.0,2.0,5.6000000000000005,2.4,50.0,20.0,20.0,10.0,56.0,5.0,19.0,16.0,6.0,0.0,Attacking Midfielder,0.2688860435339308,0.0768245838668374,0.2151088348271446,0.0921895006402048,1.9206145966709345,0.7682458386683739,0.3841229193341869,2.151088348271447,0.1920614596670934,0.7298335467349552,0.6145966709346992,0.7619047619047619,0.2857142857142857,0.8095238095238095,0.3333333333333333,0.1666666666666666,0.2857142857142857,0.1666666666666666,0.2857142857142857,0.3333333333333333,0.3809523809523809,0.5476190476190477,0.6190476190476191,0.1428571428571428,0.7619047619047619,0.1904761904761904,0.0476190476190476,0.0952380952380952,0.1428571428571428,0.0476190476190476,0.1428571428571428,0.1904761904761904,0.3333333333333333,0.2574955908289241,29,0.2352941176470588,0.5714285714285714,0.409959539371304,2
401533,,Matheusinho,Matheusinho,8718,Brazil,Belo Horizonte,Brazil,1998-02-11,Attacking Midfield,Midfield,right,164.0,2026-12-31 00:00:00,0.0,0.0,,BRA1,Sport Club do Recife,1500000.0,2000000.0,Matheusinho,AM,Criciúma,3494.0,9.0,7.0,6.5,5.1,159.0,68.0,147.0,67.0,151.0,15.0,53.0,25.0,8.0,0.0,Attacking Midfielder,0.2318259874069834,0.1803091013165426,0.1674298797939324,0.1313680595306239,4.09559244419004,1.7515741270749856,1.7258156840297654,3.889524899828277,0.3863766456783057,1.36519748139668,0.6439610761305095,0.9047619047619048,0.8809523809523809,0.9047619047619048,0.7619047619047619,0.8571428571428571,0.7619047619047619,0.9523809523809524,0.9523809523809524,0.9285714285714286,0.9761904761904762,0.8095238095238095,0.5714285714285714,0.5238095238095238,0.5714285714285714,0.3333333333333333,0.2857142857142857,0.4761904761904761,0.8095238095238095,0.3333333333333333,0.5238095238095238,0.5238095238095238,0.4285714285714285,0.4779541446208111,26,0.4705882352941176,0.2857142857142857,0.5262682850918143,3
430761,Lucas,Fernandes,Lucas Fernandes,10492,Brazil,São Bernardo do Campo,Brazil,1997-09-20,Attacking Midfield,Midfield,right,175.0,2026-11-30 00:00:00,3.0,0.0,,BRA1,Esporte Clube Juventude,1200000.0,2200000.0,Lucas Fernandes,CM,Cuiabá,1039.0,1.0,1.0,0.7000000000000001,0.5,45.0,16.0,19.0,12.0,30.0,1.0,20.0,8.0,3.0,0.0,Attacking Midfielder,0.0866217516843118,0.0866217516843118,0.0606352261790182,0.0433108758421559,3.897978825794033,1.3859480269489894,1.039461020211742,2.598652550529355,0.0866217516843118,1.7324350336862366,0.6929740134744947,0.0952380952380952,0.1428571428571428,0.0476190476190476,0.0476190476190476,0.0952380952380952,0.1428571428571428,0.2619047619047619,0.0476190476190476,0.0476190476190476,0.4285714285714285,0.1666666666666666,0.1904761904761904,0.238095238095238,0.0952380952380952,0.0476190476190476,0.1428571428571428,0.3333333333333333,0.5238095238095238,0.1428571428571428,0.0476190476190476,0.8095238095238095,0.5238095238095238,0.1499118165784832,27,0.3823529411764705,0.3809523809523809,0.3372159975101151,2
480274,,Shaylon,Shaylon,3876,Brazil,Modelo,Brazil,1997-04-27,Attacking Midfield,Midfield,left,178.0,2026-12-31 00:00:00,0.0,0.0,,BRA1,Mirasol Futebol Clube,1000000.0,2000000.0,Shaylon,RM,Atlético Goianiense,2167.0,2.0,2.0,3.9,5.7,129.0,36.0,24.0,10.0,118.0,5.0,16.0,17.0,3.0,0.0,Attacking Midfielder,0.0830641439778495,0.0830641439778495,0.1619750807568066,0.2367328103368712,5.357637286571297,1.495154591601292,0.4153207198892478,4.900784494693124,0.2076603599446239,0.6645131518227965,0.7060452238117213,0.238095238095238,0.2857142857142857,0.6428571428571429,0.8095238095238095,0.7619047619047619,0.5714285714285714,0.1666666666666666,0.7619047619047619,0.3333333333333333,0.2619047619047619,0.6428571428571429,0.1428571428571428,0.1904761904761904,0.4761904761904761,0.7142857142857143,0.5714285714285714,0.3809523809523809,0.1904761904761904,0.6666666666666666,0.238095238095238,0.1428571428571428,0.5714285714285714,0.4285714285714285,27,0.2352941176470588,0.3809523809523809,0.5411764705882353,1
553459,,Igor Gomes,Igor Gomes,330,Brazil,São José do Rio Preto,Brazil,1999-03-17,Attacking Midfield,Midfield,right,183.0,2026-12-31 00:00:00,4.0,0.0,,BRA1,Clube Atlético Mineiro,2500000.0,8500000.0,Igor Gomes,AM,Atlético Mineiro,1907.0,2.0,4.0,2.2,1.1,100.0,27.0,29.0,15.0,55.0,6.0,28.0,34.0,8.0,0.0,Attacking Midfielder,0.0943890928159412,0.1887781856318825,0.1038280020975354,0.0519140010487677,4.719454640797063,1.274252753015207,0.7079181961195594,2.595700052438385,0.2831672784478238,1.3214472994231778,1.6046145778710017,0.238095238095238,0.5476190476190477,0.3571428571428571,0.1428571428571428,0.5238095238095238,0.4285714285714285,0.4047619047619047,0.238095238095238,0.4285714285714285,0.6666666666666666,1.0,0.2857142857142857,0.5714285714285714,0.3333333333333333,0.0952380952380952,0.4761904761904761,0.238095238095238,0.2857142857142857,0.0952380952380952,0.3809523809523809,0.4761904761904761,0.9047619047619048,0.2698412698412698,25,0.6470588235294118,0.238095238095238,0.3644257703081232,2
565009,Rodrigo,Garro,Rodrigo Garro,199,Argentina,General Pico,Argentina,1998-01-04,Attacking Midfield,Midfield,left,174.0,2028-12-31 00:00:00,,,,BRA1,Sport Club Corinthians Paulista,12000000.0,15000000.0,Rodrigo Garro,AM,Corinthians,2995.0,10.0,10.0,6.1000000000000005,7.2,248.0,62.0,69.0,27.0,191.0,15.0,51.0,29.0,8.0,0.0,Attacking Midfielder,0.3005008347245409,0.3005008347245409,0.1833055091819699,0.2163606010016694,7.452420701168614,1.8631051752921532,0.8113522537562604,5.739565943238731,0.4507512520868113,1.5325542570951585,0.8714524207011686,0.9523809523809524,1.0,0.8571428571428571,0.9523809523809524,0.9523809523809524,0.7142857142857143,0.6666666666666666,1.0,0.9285714285714286,0.9047619047619048,0.9523809523809524,0.7619047619047619,0.7619047619047619,0.6190476190476191,0.6190476190476191,0.9523809523809524,0.6190476190476191,0.3809523809523809,0.9047619047619048,0.6190476190476191,0.7142857142857143,0.7619047619047619,0.6913580246913581,27,0.8823529411764706,0.3809523809523809,0.5370837223778401,0
678439,,Mauricio,Mauricio,1023,Brazil,São Paulo,Paraguay,2001-06-22,Attacking Midfield,Midfield,left,175.0,2028-12-31 00:00:00,7.0,1.0,,BRA1,Sociedade Esportiva Palmeiras,15000000.0,15000000.0,Mauricio,RM,Internacional,1513.0,3.0,0.0,3.9,1.7000000000000002,53.0,19.0,15.0,3.0,53.0,4.0,18.0,10.0,2.0,0.0,Attacking Midfielder,0.1784534038334435,0.0,0.2319894249834765,0.1011235955056179,3.1526768010575017,1.130204890945142,0.1784534038334435,3.1526768010575017,0.2379378717779246,1.0707204230006608,0.5948446794448117,0.4285714285714285,0.0476190476190476,0.6428571428571429,0.238095238095238,0.238095238095238,0.2142857142857142,0.0476190476190476,0.1904761904761904,0.2142857142857142,0.3333333333333333,0.2857142857142857,0.4285714285714285,0.0476190476190476,0.8571428571428571,0.238095238095238,0.0952380952380952,0.1428571428571428,0.0476190476190476,0.1904761904761904,0.2857142857142857,0.3333333333333333,0.2857142857142857,0.2839506172839506,23,1.0,0.1904761904761904,0.2917989417989418,2
828045,Miguel,Monsalve,Miguel Monsalve,210,Colombia,Medellín,Colombia,2004-02-27,Attacking Midfield,Midfield,right,178.0,2028-12-31 00:00:00,17.0,3.0,,BRA1,Grêmio Foot-Ball Porto Alegrense,3500000.0,6000000.0,Miguel Monsalve,FW,Grêmio,969.0,3.0,1.0,2.7,0.8,43.0,34.0,64.0,38.0,34.0,5.0,10.0,5.0,3.0,1.0,Attacking Midfielder,0.2786377708978328,0.0928792569659442,0.2507739938080495,0.0743034055727554,3.993808049535604,3.1578947368421053,3.5294117647058822,3.1578947368421053,0.4643962848297213,0.9287925696594428,0.4643962848297213,0.4285714285714285,0.1428571428571428,0.4761904761904761,0.0952380952380952,0.0476190476190476,0.4761904761904761,0.8571428571428571,0.0952380952380952,0.3333333333333333,0.119047619047619,0.0952380952380952,0.7142857142857143,0.2857142857142857,0.9047619047619048,0.1428571428571428,0.238095238095238,0.8095238095238095,0.9047619047619048,0.238095238095238,0.6666666666666666,0.2857142857142857,0.1428571428571428,0.4638447971781306,20,0.7058823529411765,0.0952380952380952,0.4875505757858699,3
982552,,Estêvão,Estêvão,6600,Brazil,Amambai,Brazil,2002-02-03,Attacking Midfield,Midfield,left,176.0,,,,,BRA1,Sport Club Internacional,,,Estevão,RW,Palmeiras,2097.0,13.0,9.0,10.3,6.9,92.0,145.0,182.0,84.0,139.0,19.0,30.0,16.0,4.0,0.0,Attacking Midfielder,0.5579399141630901,0.3862660944206008,0.4420600858369099,0.296137339055794,3.948497854077253,6.223175965665236,3.6051502145922742,5.965665236051502,0.8154506437768241,1.2875536480686696,0.6866952789699571,1.0,0.9523809523809524,1.0,0.9047619047619048,0.4761904761904761,1.0,1.0,0.9047619047619048,1.0,0.7142857142857143,0.5476190476190477,1.0,0.9523809523809524,1.0,0.9523809523809524,0.1904761904761904,1.0,0.9523809523809524,0.9523809523809524,0.9047619047619048,0.4285714285714285,0.4761904761904761,0.9559082892416226,22,,0.1428571428571428,,0
1362701,,Pedro Ferreira,Pedro Ferreira,585,Brazil,Diadema,Brazil,2007-04-24,Attacking Midfield,Midfield,right,175.0,2029-04-30 00:00:00,2.0,0.0,,BRA1,São Paulo Futebol Clube,,,Ferreira,LM,São Paulo,1230.0,5.0,1.0,3.1,1.6,57.0,76.0,94.0,50.0,69.0,2.0,26.0,11.0,4.0,0.0,Attacking Midfielder,0.3658536585365854,0.073170731707317,0.2268292682926829,0.1170731707317073,4.170731707317073,5.560975609756098,3.658536585365853,5.048780487804878,0.1463414634146341,1.902439024390244,0.8048780487804879,0.6666666666666666,0.1428571428571428,0.5714285714285714,0.1904761904761904,0.2857142857142857,0.8571428571428571,0.9047619047619048,0.4285714285714285,0.0952380952380952,0.5238095238095238,0.3333333333333333,0.8571428571428571,0.0952380952380952,0.8095238095238095,0.2857142857142857,0.3333333333333333,0.9523809523809524,1.0,0.7142857142857143,0.0952380952380952,0.9047619047619048,0.6666666666666666,0.4832451499118165,17,,0.0476190476190476,,3
52769,,Willian,Willian,210,Brazil,Ribeirão Pires,Brazil,1988-08-09,Left Winger,Attack,right,175.0,2026-12-31 00:00:00,70.0,9.0,,BRA1,Grêmio Foot-Ball Porto Alegrense,400000.0,50000000.0,Willian,CM,Vitória,2649.0,5.0,1.0,4.0,1.3,102.0,11.0,20.0,4.0,67.0,9.0,51.0,35.0,8.0,0.0,Winger,0.1698754246885617,0.0339750849377123,0.1359003397508493,0.044167610419026,3.4654586636466598,0.3737259343148358,0.1359003397508493,2.276330690826727,0.3057757644394111,1.7327293318233297,1.1891279728199322,0.7692307692307693,0.2307692307692307,0.7692307692307693,0.1153846153846153,0.8076923076923077,0.0384615384615384,0.0384615384615384,0.6538461538461539,0.8653846153846154,0.9230769230769232,0.8846153846153846,0.5384615384615384,0.1538461538461538,0.3461538461538461,0.0384615384615384,0.3846153846153846,0.0384615384615384,0.0384615384615384,0.0384615384615384,0.5384615384615384,0.5,0.6153846153846154,0.2144970414201183,36,0.1428571428571428,0.9615384615384616,0.348753169907016,0
74758,,Marinho,Marinho,2125,Brazil,Penedo,Brazil,1990-05-29,Right Winger,Attack,left,169.0,2026-12-31 00:00:00,,,,BRA1,Esporte Clube Vitória,200000.0,4000000.0,Marinho,FW,Fortaleza,1348.0,4.0,3.0,2.2,1.8,53.0,54.0,59.0,26.0,63.0,8.0,28.0,20.0,4.0,1.0,Winger,0.2670623145400593,0.2002967359050445,0.1468842729970326,0.1201780415430267,3.538575667655786,3.605341246290801,1.735905044510386,4.206231454005934,0.5341246290801187,1.8694362017804156,1.3353115727002969,0.6153846153846154,0.6730769230769231,0.25,0.3653846153846153,0.3076923076923077,0.6538461538461539,0.5769230769230769,0.5961538461538461,0.7307692307692307,0.5192307692307693,0.6153846153846154,0.8461538461538461,0.7307692307692307,0.4230769230769231,0.4230769230769231,0.4230769230769231,0.8076923076923077,0.5769230769230769,0.8846153846153846,0.8461538461538461,0.6538461538461539,0.6923076923076923,0.6508875739644969,34,0.0952380952380952,0.9230769230769232,0.6282614821076359,1
76191,,Osvaldo,Osvaldo,2125,Brazil,Fortaleza,Brazil,1987-04-11,Right Winger,Attack,right,170.0,2026-06-30 00:00:00,2.0,0.0,,BRA1,Esporte Clube Vitória,75000.0,4500000.0,Osvaldo,LW,Vitória,1072.0,2.0,0.0,2.3000000000000003,1.6,37.0,29.0,33.0,12.0,43.0,3.0,8.0,10.0,1.0,0.0,Winger,0.167910447761194,0.0,0.1930970149253731,0.1343283582089552,3.1063432835820897,2.434701492537313,1.007462686567164,3.610074626865672,0.251865671641791,0.6716417910447761,0.8395522388059701,0.2884615384615384,0.0769230769230769,0.3269230769230769,0.2307692307692307,0.1538461538461538,0.173076923076923,0.173076923076923,0.1538461538461538,0.1538461538461538,0.0769230769230769,0.2307692307692307,0.4230769230769231,0.0769230769230769,0.6538461538461539,0.5,0.2692307692307692,0.3461538461538461,0.2307692307692307,0.4230769230769231,0.3076923076923077,0.1153846153846153,0.4615384615384615,0.3905325443786983,37,0.0476190476190476,1.0,0.472414764722457,0
77100,,Lucas Moura,Lucas Moura,585,Brazil,São Paulo,Brazil,1992-08-13,Right Winger,Attack,right,172.0,2026-12-31 00:00:00,37.0,4.0,,BRA1,São Paulo Futebol Clube,2000000.0,40000000.0,Lucas Moura,FW,São Paulo,2246.0,10.0,6.0,4.9,2.9,131.0,87.0,100.0,48.0,103.0,12.0,27.0,17.0,4.0,0.0,Winger,0.4007123775601068,0.2404274265360641,0.1963490650044524,0.1162065894924309,5.2493321460374,3.4861976847729297,1.9234194122885129,4.127337488869101,0.4808548530721282,1.0819234194122884,0.6812110418521816,1.0,1.0,0.8076923076923077,0.6923076923076923,0.9230769230769232,0.8076923076923077,0.8461538461538461,0.903846153846154,0.9615384615384616,0.4615384615384615,0.5576923076923077,0.9615384615384616,0.8076923076923077,0.6923076923076923,0.3461538461538461,0.8461538461538461,0.6923076923076923,0.6923076923076923,0.8461538461538461,0.6923076923076923,0.3076923076923077,0.3076923076923077,0.6937869822485208,32,0.5,0.8461538461538461,0.5643491124260355,1
159372,,Felipe Anderson,Felipe Anderson,1023,Brazil,Brasília,Brazil,1993-04-15,Left Winger,Attack,right,175.0,2027-12-31 00:00:00,2.0,0.0,,BRA1,Sociedade Esportiva Palmeiras,1500000.0,45000000.0,Felipe Anderson,LM,Palmeiras,1310.0,2.0,2.0,3.0,4.0,57.0,46.0,42.0,24.0,57.0,7.0,35.0,25.0,0.0,0.0,Winger,0.1374045801526717,0.1374045801526717,0.2061068702290076,0.2748091603053435,3.916030534351145,3.1603053435114505,1.6488549618320612,3.916030534351145,0.4809160305343511,2.404580152671756,1.717557251908397,0.2884615384615384,0.4423076923076923,0.5384615384615384,0.8461538461538461,0.3846153846153846,0.5,0.4423076923076923,0.5384615384615384,0.5769230769230769,0.6730769230769231,0.7115384615384616,0.3076923076923077,0.5769230769230769,0.7307692307692307,0.9615384615384616,0.5384615384615384,0.5769230769230769,0.5384615384615384,0.6153846153846154,0.7307692307692307,0.9615384615384616,0.8846153846153846,0.6612426035502958,31,0.3809523809523809,0.7692307692307693,0.5861228515074669,1
175169,,Bernard,Bernard,330,Brazil,Belo Horizonte,Brazil,1992-09-08,Left Winger,Attack,right,167.0,2027-12-31 00:00:00,14.0,1.0,,BRA1,Clube Atlético Mineiro,600000.0,20000000.0,Bernard,AM,Atlético Mineiro,900.0,0.0,0.0,0.6000000000000001,1.8,61.0,28.0,25.0,12.0,40.0,1.0,20.0,7.0,1.0,0.0,Winger,0.0,0.0,0.06,0.18,6.1000000000000005,2.8,1.2000000000000002,4.0,0.1,2.0,0.7,0.0576923076923076,0.0769230769230769,0.0769230769230769,0.3653846153846153,0.4230769230769231,0.1153846153846153,0.173076923076923,0.0384615384615384,0.0576923076923076,0.3076923076923077,0.0769230769230769,0.0576923076923076,0.0769230769230769,0.0769230769230769,0.6153846153846154,0.9615384615384616,0.4615384615384615,0.4038461538461538,0.7692307692307693,0.0769230769230769,0.7307692307692307,0.3846153846153846,0.3350591715976331,32,0.238095238095238,0.8461538461538461,0.4145886165116934,2
312294,Yeferson,Soteldo,Yeferson Soteldo,2462,Venezuela,Acarigua,Venezuela,1997-06-30,Left Winger,Attack,right,160.0,2028-12-31 00:00:00,54.0,4.0,,BRA1,Fluminense Football Club,3500000.0,10000000.0,Yeferson Soteldo,LW,Grêmio,1592.0,5.0,2.0,2.9,4.6,77.0,116.0,118.0,61.0,89.0,4.0,14.0,10.0,1.0,0.0,Winger,0.2826633165829146,0.1130653266331658,0.1639447236180904,0.2600502512562814,4.353015075376884,6.557788944723618,3.448492462311558,5.03140703517588,0.2261306532663316,0.7914572864321608,0.5653266331658292,0.7692307692307693,0.4423076923076923,0.5,0.9615384615384616,0.6730769230769231,0.9615384615384616,0.8846153846153846,0.8461538461538461,0.2115384615384615,0.2692307692307692,0.2307692307692307,0.8846153846153846,0.4615384615384615,0.5,0.9230769230769232,0.7307692307692307,1.0,1.0,1.0,0.1923076923076923,0.1923076923076923,0.1153846153846153,0.7396449704142012,27,0.6904761904761905,0.3653846153846153,0.6163602423217808,1
363794,,Carlos Eduardo,Carlos Eduardo,3876,Brazil,Nerópolis,Brazil,1996-10-10,Right Winger,Attack,right,173.0,2026-12-31 00:00:00,,,,BRA1,Mirasol Futebol Clube,500000.0,4000000.0,Carlos Eduardo,FW,Atlético Mineiro,2210.0,3.0,3.0,3.9,1.7000000000000002,66.0,39.0,49.0,27.0,63.0,6.0,45.0,17.0,5.0,0.0,Winger,0.1221719457013574,0.1221719457013574,0.1588235294117647,0.0692307692307692,2.6877828054298645,1.588235294117647,1.0995475113122173,2.5656108597285066,0.2443438914027149,1.832579185520362,0.6923076923076923,0.4615384615384615,0.6730769230769231,0.7307692307692307,0.3076923076923077,0.5,0.2884615384615384,0.6153846153846154,0.5961538461538461,0.4807692307692308,0.8461538461538461,0.5576923076923077,0.2307692307692307,0.5384615384615384,0.4615384615384615,0.1538461538461538,0.1923076923076923,0.0769230769230769,0.3461538461538461,0.2307692307692307,0.2692307692307692,0.5384615384615384,0.3461538461538461,0.3091715976331362,28,0.1904761904761904,0.5,0.4628839109608341,0
373189,,David,David,978,Brazil,Serra,Brazil,1995-10-17,Left Winger,Attack,right,179.0,2027-12-31 00:00:00,,,,BRA1,Club de Regatas Vasco da Gama,1500000.0,2000000.0,David,LW,Vasco da Gama,1662.0,4.0,3.0,1.9,1.7,50.0,43.0,66.0,39.0,48.0,5.0,21.0,12.0,7.0,1.0,Winger,0.2166064981949458,0.1624548736462094,0.1028880866425992,0.0920577617328519,2.707581227436823,2.328519855595668,2.111913357400722,2.5992779783393503,0.2707581227436823,1.1371841155234657,0.6498194945848376,0.6153846153846154,0.6730769230769231,0.1923076923076923,0.2692307692307692,0.2692307692307692,0.3846153846153846,0.7692307692307693,0.3846153846153846,0.3461538461538461,0.3461538461538461,0.3846153846153846,0.5769230769230769,0.6538461538461539,0.1538461538461538,0.2692307692307692,0.2307692307692307,0.2307692307692307,0.7307692307692307,0.2692307692307692,0.3461538461538461,0.3846153846153846,0.1923076923076923,0.4112426035502957,29,0.3809523809523809,0.6346153846153846,0.4563151591997745,0
392809,,Clayson,Clayson,3876,Brazil,Botucatu,Brazil,1995-03-19,Left Winger,Attack,right,166.0,2026-11-30 00:00:00,,,,BRA1,Mirasol Futebol Clube,,,Clayson,LM,Cuiabá,2043.0,5.0,1.0,2.7,1.1,77.0,54.0,78.0,24.0,55.0,8.0,11.0,27.0,6.0,0.0,Winger,0.2202643171806167,0.0440528634361233,0.118942731277533,0.0484581497797356,3.392070484581497,2.378854625550661,1.0572687224669604,2.4229074889867843,0.3524229074889868,0.4845814977973568,1.1894273127753303,0.7692307692307693,0.2307692307692307,0.4423076923076923,0.0576923076923076,0.6730769230769231,0.6538461538461539,0.4423076923076923,0.4615384615384615,0.7307692307692307,0.1346153846153846,0.7692307692307693,0.6153846153846154,0.2307692307692307,0.2307692307692307,0.0769230769230769,0.3461538461538461,0.2692307692307692,0.3076923076923077,0.1153846153846153,0.5769230769230769,0.0769230769230769,0.6538461538461539,0.279585798816568,29,,0.6346153846153846,,0
435485,,Luiz Araújo,Luiz Araújo,614,Brazil,Taquaritinga,Brazil,1996-06-02,Right Winger,Attack,left,175.0,2027-12-31 00:00:00,,,,BRA1,Clube de Regatas do Flamengo,7000000.0,10000000.0,Luiz Araújo,RW,Flamengo,1566.0,4.0,5.0,3.3000000000000003,4.5,74.0,54.0,63.0,38.0,69.0,10.0,37.0,25.0,3.0,0.0,Winger,0.2298850574712644,0.2873563218390805,0.1896551724137931,0.2586206896551724,4.25287356321839,3.103448275862069,2.1839080459770117,3.96551724137931,0.574712643678161,2.126436781609195,1.4367816091954024,0.6153846153846154,0.9230769230769232,0.6153846153846154,0.9230769230769232,0.6153846153846154,0.6538461538461539,0.7307692307692307,0.7115384615384616,0.9230769230769232,0.7692307692307693,0.7115384615384616,0.6538461538461539,0.9230769230769232,0.6153846153846154,0.8846153846153846,0.6923076923076923,0.5384615384615384,0.7692307692307693,0.7307692307692307,0.9230769230769232,0.8076923076923077,0.8076923076923077,0.7840236686390534,28,0.8809523809523809,0.5,0.5751761059453367,1
438202,Bruno,Tabata,Bruno Tabata,6600,Brazil,Ipatinga,Brazil,1997-03-30,Right Winger,Attack,left,175.0,2027-12-31 00:00:00,7.0,1.0,,BRA1,Sport Club Internacional,1500000.0,4000000.0,Bruno Tabata,RW,Internacional,1071.0,2.0,3.0,2.5,2.5,62.0,38.0,44.0,19.0,47.0,6.0,13.0,16.0,2.0,0.0,Winger,0.1680672268907563,0.2521008403361344,0.2100840336134453,0.2100840336134453,5.2100840336134455,3.193277310924369,1.5966386554621848,3.949579831932773,0.5042016806722689,1.092436974789916,1.3445378151260503,0.2884615384615384,0.6730769230769231,0.3846153846153846,0.5192307692307693,0.4615384615384615,0.2307692307692307,0.3846153846153846,0.3076923076923077,0.4807692307692308,0.2307692307692307,0.5,0.4615384615384615,0.8846153846153846,0.7692307692307693,0.7692307692307693,0.8076923076923077,0.6153846153846154,0.5,0.6923076923076923,0.8076923076923077,0.3461538461538461,0.7692307692307693,0.6982248520710059,27,0.3809523809523809,0.3653846153846153,0.6688891236968161,1
442818,,Fernandinho,Fernandinho,3876,Brazil,São Luís,Brazil,1997-07-19,Left Winger,Attack,right,175.0,,,,,BRA1,Mirasol Futebol Clube,,,Fernandinho,AM,Athletico Paranaense,1465.0,2.0,3.0,1.6,2.5,166.0,39.0,23.0,11.0,77.0,8.0,28.0,11.0,7.0,0.0,Winger,0.1228668941979522,0.1843003412969283,0.0982935153583617,0.1535836177474402,10.197952218430034,2.3959044368600684,0.6757679180887372,4.73037542662116,0.4914675767918088,1.720136518771331,0.6757679180887372,0.2884615384615384,0.6730769230769231,0.1538461538461538,0.5192307692307693,0.9615384615384616,0.2884615384615384,0.1153846153846153,0.8076923076923077,0.7307692307692307,0.5192307692307693,0.3269230769230769,0.2692307692307692,0.6923076923076923,0.1153846153846153,0.5769230769230769,1.0,0.3076923076923077,0.1153846153846153,0.9230769230769232,0.7692307692307693,0.4615384615384615,0.2692307692307692,0.4881656804733728,27,,0.3653846153846153,,2
457533,Agustín,Canobbio,Agustín Canobbio,2462,Uruguay,Montevideo,Uruguay,1998-10-01,Right Winger,Attack,right,176.0,2028-12-31 00:00:00,17.0,2.0,,BRA1,Fluminense Football Club,8000000.0,8000000.0,Agustín Canobbio,"FW,LM",Athletico Paranaense,1125.0,4.0,1.0,3.4000000000000004,2.3,56.0,44.0,42.0,15.0,45.0,2.0,29.0,22.0,5.0,1.0,Winger,0.32,0.08,0.272,0.1839999999999999,4.48,3.52,1.2000000000000002,3.6,0.16,2.32,1.76,0.6153846153846154,0.2307692307692307,0.6538461538461539,0.4615384615384615,0.3461538461538461,0.4423076923076923,0.2692307692307692,0.1923076923076923,0.1153846153846153,0.5769230769230769,0.6538461538461539,0.9230769230769232,0.3846153846153846,0.9230769230769232,0.6538461538461539,0.7692307692307693,0.7307692307692307,0.4038461538461538,0.3846153846153846,0.1538461538461538,0.8846153846153846,0.9230769230769232,0.5576923076923077,26,0.9523809523809524,0.2692307692307692,0.4561355311355311,1
503052,Tomás,Cuello,Tomás Cuello,330,Argentina,San Miguel de Tucumán,Argentina,2000-03-05,Left Winger,Attack,right,176.0,2028-12-31 00:00:00,0.0,0.0,,BRA1,Clube Atlético Mineiro,6000000.0,7000000.0,Tomás Cuello,LM,Athletico Paranaense,1920.0,3.0,5.0,2.7,4.1,86.0,100.0,118.0,62.0,103.0,8.0,36.0,33.0,3.0,0.0,Winger,0.140625,0.234375,0.1265625,0.1921874999999999,4.03125,4.6875,2.9062500000000004,4.828125,0.375,1.6875,1.5468750000000002,0.4615384615384615,0.9230769230769232,0.4423076923076923,0.8846153846153846,0.7692307692307693,0.9230769230769232,0.9230769230769232,0.903846153846154,0.7307692307692307,0.7307692307692307,0.8076923076923077,0.3461538461538461,0.7692307692307693,0.2692307692307692,0.7307692307692307,0.6153846153846154,0.9230769230769232,0.9230769230769232,0.9615384615384616,0.6538461538461539,0.4230769230769231,0.8461538461538461,0.6760355029585798,24,0.7857142857142857,0.1538461538461538,0.5861158072696534,1
542483,,Wellington Rato,Wellington Rato,2125,Brazil,Japeri,Brazil,1992-06-18,Right Winger,Attack,left,172.0,2027-12-31 00:00:00,,,,BRA1,Esporte Clube Vitória,,,Wellington Rato,AM,São Paulo,1052.0,1.0,5.0,2.2,3.5,47.0,24.0,16.0,9.0,46.0,9.0,11.0,7.0,2.0,0.0,Winger,0.085551330798479,0.4277566539923954,0.188212927756654,0.2994296577946768,4.020912547528517,2.0532319391634983,0.7699619771863118,3.935361216730038,0.7699619771863118,0.9410646387832698,0.5988593155893536,0.1346153846153846,0.9230769230769232,0.25,0.7884615384615384,0.2307692307692307,0.0769230769230769,0.0769230769230769,0.2307692307692307,0.8653846153846154,0.1346153846153846,0.0769230769230769,0.1538461538461538,1.0,0.5769230769230769,1.0,0.5769230769230769,0.1538461538461538,0.1538461538461538,0.6538461538461539,1.0,0.2307692307692307,0.1538461538461538,0.6538461538461539,32,,0.8461538461538461,,2
544259,,Ademir,Ademir,10010,Brazil,São Paulo,Brazil,1995-02-16,Right Winger,Attack,left,172.0,2026-12-31 00:00:00,,,,BRA1,Esporte Clube Bahia,1200000.0,4500000.0,Ademir Santos,LW,Bahia,1131.0,3.0,4.0,3.3,2.7,29.0,65.0,62.0,28.0,47.0,8.0,30.0,10.0,0.0,0.0,Winger,0.2387267904509283,0.3183023872679045,0.2625994694960212,0.2148541114058355,2.3076923076923075,5.172413793103448,2.2281167108753315,3.7400530503978784,0.636604774535809,2.387267904509284,0.7957559681697614,0.4615384615384615,0.8269230769230769,0.5769230769230769,0.6153846153846154,0.0769230769230769,0.7692307692307693,0.6538461538461539,0.3076923076923077,0.7307692307692307,0.6153846153846154,0.2307692307692307,0.7307692307692307,0.9615384615384616,0.8846153846153846,0.8076923076923077,0.1538461538461538,0.9615384615384616,0.8076923076923077,0.5,0.9615384615384616,0.9230769230769232,0.4230769230769231,0.7988165680473371,29,0.2857142857142857,0.6346153846153846,0.7126690617075232,1
550178,,Bruno Tubarão,Bruno Tubarão,2029,Brazil,Rio de Janeiro,Brazil,1995-03-05,Right Winger,Attack,right,180.0,,,,,BRA1,Ceará Sporting Club,,,Bruno Tubarão,RB,Atlético Goianiense,1586.0,0.0,0.0,0.3,1.1,107.0,49.0,34.0,14.0,42.0,1.0,35.0,15.0,4.0,1.0,Winger,0.0,0.0,0.0170239596469104,0.062421185372005,6.0718789407314,2.780580075662043,0.7944514501891552,2.383354350567465,0.0567465321563682,1.986128625472888,0.8511979823455232,0.0576923076923076,0.0769230769230769,0.0384615384615384,0.0576923076923076,0.8846153846153846,0.5576923076923077,0.2307692307692307,0.0961538461538461,0.0576923076923076,0.6730769230769231,0.4423076923076923,0.0576923076923076,0.0769230769230769,0.0384615384615384,0.1153846153846153,0.9230769230769232,0.4230769230769231,0.1923076923076923,0.0769230769230769,0.0384615384615384,0.6923076923076923,0.5,0.0894970414201183,29,,0.6346153846153846,,0
588989,Jhon,Arias,Jhon Arias,1023,Colombia,Quibdó,Colombia,1997-09-21,Right Winger,Attack,right,168.0,2029-12-31 00:00:00,43.0,7.0,,BRA1,Sociedade Esportiva Palmeiras,15000000.0,17000000.0,Jhon Arias,LW,Fluminense,2286.0,6.0,3.0,6.2,3.5,84.0,88.0,116.0,47.0,104.0,7.0,47.0,34.0,5.0,0.0,Winger,0.2362204724409448,0.1181102362204724,0.2440944881889764,0.1377952755905512,3.307086614173228,3.464566929133858,1.8503937007874012,4.094488188976378,0.2755905511811024,1.8503937007874012,1.3385826771653542,0.8461538461538461,0.6730769230769231,0.9807692307692308,0.7884615384615384,0.7307692307692307,0.8461538461538461,0.8076923076923077,0.9615384615384616,0.5769230769230769,0.8846153846153846,0.8461538461538461,0.6923076923076923,0.5,0.8461538461538461,0.5384615384615384,0.3076923076923077,0.6538461538461539,0.6538461538461539,0.8076923076923077,0.4230769230769231,0.6153846153846154,0.7307692307692307,0.6449704142011833,27,1.0,0.3653846153846153,0.4821745562130176,1
592347,,Júnior Santos,Júnior Santos,537,Brazil,Conceição do Jacuípe,Brazil,1994-10-11,Right Winger,Attack,right,188.0,2026-12-31 00:00:00,,,,BRA1,S. A. F. Botafogo,3000000.0,6000000.0,Júnior Santos,FW,Botafogo (RJ),1481.0,4.0,1.0,6.2,1.4,31.0,44.0,57.0,25.0,42.0,5.0,12.0,11.0,2.0,0.0,Winger,0.2430790006752194,0.0607697501688048,0.3767724510465902,0.0850776502363268,1.8838622552329507,2.673869007427414,1.5192437542201216,2.552329507089804,0.3038487508440243,0.7292370020256583,0.6684672518568535,0.6153846153846154,0.2307692307692307,0.9807692307692308,0.1538461538461538,0.1153846153846153,0.4423076923076923,0.5192307692307693,0.0961538461538461,0.3461538461538461,0.1923076923076923,0.3269230769230769,0.7692307692307693,0.2692307692307692,0.9615384615384616,0.1923076923076923,0.0769230769230769,0.3846153846153846,0.4615384615384615,0.1923076923076923,0.5,0.1538461538461538,0.2307692307692307,0.46301775147929,30,0.6190476190476191,0.7307692307692307,0.4134333615102846,0
613873,Álvaro,Barreal,Álvaro Barreal,221,Argentina,Buenos Aires,Argentina,2000-08-17,Left Winger,Attack,left,172.0,2028-12-31 00:00:00,6.0,2.0,,BRA1,Santos Futebol Clube,7000000.0,7000000.0,Álvaro Barreal,LW,Cruzeiro,1488.0,2.0,4.0,2.3000000000000003,1.5,69.0,29.0,38.0,17.0,56.0,5.0,38.0,39.0,6.0,0.0,Winger,0.1209677419354838,0.2419354838709677,0.1391129032258064,0.0907258064516129,4.173387096774194,1.7540322580645162,1.028225806451613,3.3870967741935485,0.3024193548387097,2.298387096774193,2.3588709677419355,0.2884615384615384,0.8269230769230769,0.3269230769230769,0.1923076923076923,0.5384615384615384,0.173076923076923,0.3076923076923077,0.5,0.3461538461538461,0.8076923076923077,0.9230769230769232,0.1923076923076923,0.8461538461538461,0.3846153846153846,0.2307692307692307,0.6538461538461539,0.1153846153846153,0.2692307692307692,0.3461538461538461,0.4615384615384615,0.8461538461538461,1.0,0.3713017751479289,24,0.8809523809523809,0.1538461538461538,0.3794660467737391,2
674732,,Wesley,Wesley,6600,Brazil,Salvador,Brazil,1999-03-30,Left Winger,Attack,right,175.0,,,,,BRA1,Sport Club Internacional,,,Wesley,FW,Internacional,4251.0,8.0,2.0,6.1,5.7,183.0,167.0,233.0,123.0,184.0,13.0,97.0,56.0,4.0,0.0,Winger,0.1693719124911785,0.0423429781227946,0.1291460832745236,0.1206774876499647,3.874382498235709,3.535638673253352,2.60409315455187,3.895553987297107,0.2752293577981651,2.05363443895554,1.18560338743825,0.9615384615384616,0.4423076923076923,0.8846153846153846,1.0,1.0,1.0,1.0,1.0,1.0,1.0,0.9615384615384616,0.5,0.1923076923076923,0.3076923076923077,0.4615384615384615,0.5,0.7692307692307693,0.8846153846153846,0.5384615384615384,0.3846153846153846,0.7692307692307693,0.5769230769230769,0.4792899408284023,25,,0.2307692307692307,,1
788361,,Moisés,Moisés,221,Brazil,Morro da Fumaça,Brazil,1996-09-02,Left Winger,Attack,right,177.0,2028-12-31 00:00:00,,,,BRA1,Santos Futebol Clube,2000000.0,3000000.0,Moises,FW,Fortaleza,1171.0,7.0,2.0,5.6,2.8,25.0,49.0,71.0,33.0,47.0,7.0,6.0,7.0,0.0,0.0,Winger,0.5380017079419299,0.1537147736976943,0.4304013663535439,0.2152006831767719,1.9214346712211785,3.76601195559351,2.5362937660119558,3.612297181895816,0.5380017079419299,0.4611443210930828,0.5380017079419299,0.903846153846154,0.4423076923076923,0.8461538461538461,0.6538461538461539,0.0384615384615384,0.5576923076923077,0.6923076923076923,0.3076923076923077,0.5769230769230769,0.0384615384615384,0.0769230769230769,1.0,0.6153846153846154,1.0,0.8461538461538461,0.1153846153846153,0.8461538461538461,0.8461538461538461,0.4615384615384615,0.8846153846153846,0.0384615384615384,0.0769230769230769,0.8062130177514792,28,0.5,0.5,0.6837278106508875,1
816144,,Lucas Barbosa,Lucas Barbosa,8793,Brazil,Bebedouro,Brazil,2001-02-22,Right Winger,Attack,left,194.0,2029-12-31 00:00:00,,,,BRA1,Red Bull Bragantino,6000000.0,6000000.0,Lucas Barbosa,RM,Juventude,2443.0,7.0,2.0,6.1000000000000005,3.2,103.0,61.0,51.0,18.0,69.0,4.0,68.0,57.0,12.0,1.0,Winger,0.2578796561604584,0.0736799017601309,0.2247237003683995,0.1178878428162095,3.7945149406467458,2.247237003683995,0.6631191158411789,2.541956610724519,0.1473598035202619,2.5051166598444534,2.099877200163733,0.903846153846154,0.4423076923076923,0.9230769230769232,0.7307692307692307,0.8461538461538461,0.7307692307692307,0.3461538461538461,0.7115384615384616,0.2115384615384615,0.9615384615384616,1.0,0.8076923076923077,0.3461538461538461,0.8076923076923077,0.3846153846153846,0.4615384615384615,0.1923076923076923,0.0769230769230769,0.1538461538461538,0.1153846153846153,1.0,0.9615384615384616,0.3801775147928995,23,0.7857142857142857,0.0576923076923076,0.4230240912933221,0
868891,,Adson,Adson,978,Brazil,Araguapaz,Brazil,2000-10-06,Right Winger,Attack,left,171.0,2027-12-31 00:00:00,,,,BRA1,Club de Regatas Vasco da Gama,2500000.0,6000000.0,Adson,LW,Vasco da Gama,1224.0,2.0,1.0,1.5,2.6,72.0,42.0,50.0,25.0,53.0,5.0,25.0,15.0,2.0,0.0,Winger,0.1470588235294117,0.0735294117647058,0.1102941176470588,0.1911764705882353,5.294117647058823,3.088235294117647,1.8382352941176472,3.897058823529412,0.3676470588235294,1.8382352941176472,1.1029411764705883,0.2884615384615384,0.2307692307692307,0.1153846153846153,0.5769230769230769,0.5769230769230769,0.3461538461538461,0.5192307692307693,0.4230769230769231,0.3461538461538461,0.4230769230769231,0.4423076923076923,0.3846153846153846,0.3076923076923077,0.1923076923076923,0.6923076923076923,0.8846153846153846,0.5,0.6153846153846154,0.5769230769230769,0.6153846153846154,0.5769230769230769,0.5384615384615384,0.4970414201183432,24,0.5714285714285714,0.1538461538461538,0.5322907861369399,2
975191,Henry,Mosquera,Henry Mosquera,8793,Colombia,Quibdó,Colombia,2001-11-15,Left Winger,Attack,right,175.0,2027-12-31 00:00:00,2.0,0.0,,BRA1,Red Bull Bragantino,3500000.0,3500000.0,Henry Mosquera,"RM,FW",Red Bull Bragantino,1934.0,1.0,2.0,3.8,2.1,38.0,97.0,141.0,70.0,70.0,5.0,23.0,9.0,4.0,0.0,Winger,0.046535677352637,0.093071354705274,0.1768355739400207,0.0977249224405377,1.7683557394002067,4.513960703205791,3.2574974146845914,3.2574974146845914,0.2326783867631851,1.0703205791106516,0.4188210961737332,0.1346153846153846,0.4423076923076923,0.6923076923076923,0.4230769230769231,0.1923076923076923,0.8846153846153846,0.9615384615384616,0.7692307692307693,0.3461538461538461,0.3846153846153846,0.1538461538461538,0.1153846153846153,0.4230769230769231,0.5384615384615384,0.3076923076923077,0.0384615384615384,0.8846153846153846,0.9615384615384616,0.3076923076923077,0.2307692307692307,0.2692307692307692,0.0384615384615384,0.4260355029585798,23,0.6904761904761905,0.0576923076923076,0.4743484080022541,0
54590,Germán,Cano,Germán Cano,2462,Argentina,Posadas,Argentina,1988-01-02,Centre-Forward,Attack,right,176.0,2026-12-31 00:00:00,,,,BRA1,Fluminense Football Club,500000.0,3300000.0,Germán Cano,"FW,AM",Fluminense,1598.0,4.0,0.0,5.3,1.2000000000000002,19.0,4.0,17.0,6.0,18.0,0.0,9.0,4.0,5.0,0.0,Centre-Forward,0.2252816020025031,0.0,0.2984981226533166,0.0675844806007509,1.07008760951189,0.2252816020025031,0.3379224030037547,1.013767209011264,0.0,0.506883604505632,0.2252816020025031,0.2619047619047619,0.0952380952380952,0.3333333333333333,0.2857142857142857,0.2142857142857142,0.0952380952380952,0.3095238095238095,0.0952380952380952,0.0952380952380952,0.3333333333333333,0.0952380952380952,0.3333333333333333,0.0952380952380952,0.4285714285714285,0.2857142857142857,0.0952380952380952,0.0952380952380952,0.1904761904761904,0.0476190476190476,0.0952380952380952,0.4761904761904761,0.0952380952380952,0.269047619047619,37,0.0555555555555555,0.9523809523809524,0.4046825396825397,0
80562,,Hulk,Hulk,2462,Brazil,Campina Grande,Brazil,1986-07-25,Centre-Forward,Attack,left,180.0,2027-12-31 00:00:00,49.0,11.0,,BRA1,Fluminense Football Club,1000000.0,48000000.0,Hulk,FW,Atlético Mineiro,1806.0,10.0,5.0,8.5,2.0,57.0,33.0,78.0,33.0,80.0,13.0,10.0,8.0,5.0,1.0,Centre-Forward,0.4983388704318937,0.2491694352159468,0.4235880398671096,0.0996677740863787,2.840531561461794,1.6445182724252494,1.6445182724252494,3.98671096345515,0.6478405315614618,0.4983388704318937,0.3986710963455149,0.7380952380952381,0.9761904761904762,0.7142857142857143,0.5,0.8809523809523809,0.8571428571428571,1.0,1.0,1.0,0.4523809523809524,0.2857142857142857,0.8571428571428571,0.9523809523809524,0.8571428571428571,0.6666666666666666,0.9047619047619048,0.9047619047619048,1.0,1.0,1.0,0.4285714285714285,0.3333333333333333,0.8833333333333332,38,0.3333333333333333,1.0,0.6966666666666665,1
95732,Martin,Braithwaite,Martin Braithwaite,210,Denmark,Esbjerg,Denmark,1991-06-05,Centre-Forward,Attack,right,177.0,2027-12-31 00:00:00,69.0,10.0,,BRA1,Grêmio Foot-Ball Porto Alegrense,1000000.0,12000000.0,Martin Braithwaite,FW,Grêmio,1395.0,7.0,2.0,5.2,1.2999999999999998,29.0,19.0,28.0,11.0,30.0,7.0,9.0,6.0,1.0,0.0,Centre-Forward,0.4516129032258064,0.1290322580645161,0.3354838709677419,0.0838709677419354,1.870967741935484,1.2258064516129032,0.7096774193548387,1.935483870967742,0.4516129032258064,0.5806451612903226,0.3870967741935484,0.5238095238095238,0.4285714285714285,0.2857142857142857,0.3333333333333333,0.4761904761904761,0.4761904761904761,0.5238095238095238,0.238095238095238,0.6904761904761905,0.3333333333333333,0.1428571428571428,0.8095238095238095,0.6190476190476191,0.5238095238095238,0.4285714285714285,0.6666666666666666,0.6666666666666666,0.8095238095238095,0.2857142857142857,0.8571428571428571,0.5238095238095238,0.2857142857142857,0.6214285714285714,33,0.3333333333333333,0.7380952380952381,0.5788095238095238,1
103381,,Tiquinho Soares,Tiquinho Soares,3876,Brazil,Sousa,Brazil,1991-01-17,Centre-Forward,Attack,right,187.0,2026-12-31 00:00:00,,,,BRA1,Mirasol Futebol Clube,800000.0,12000000.0,Tiquinho Soares,FW,Botafogo (RJ),1349.0,5.0,3.0,6.7,2.1,27.0,7.0,19.0,9.0,41.0,6.0,13.0,10.0,4.0,1.0,Centre-Forward,0.3335804299481097,0.2001482579688658,0.446997776130467,0.140103780578206,1.8013343217197924,0.4670126019273535,0.6004447739065975,2.7353595255745,0.4002965159377316,0.8673091178650852,0.6671608598962194,0.4047619047619047,0.6904761904761905,0.5476190476190477,0.5952380952380952,0.3809523809523809,0.1904761904761904,0.3809523809523809,0.4285714285714285,0.5714285714285714,0.6190476190476191,0.5238095238095238,0.4761904761904761,0.9047619047619048,0.9523809523809524,1.0,0.6190476190476191,0.1904761904761904,0.6666666666666666,0.9047619047619048,0.7619047619047619,0.7619047619047619,0.6190476190476191,0.8,33,0.1944444444444444,0.7380952380952381,0.7206746031746031,2
162807,Juan Martín,Lucero,Juan Martín Lucero,10870,Argentina,Mendoza,Argentina,1991-10-10,Centre-Forward,Attack,right,183.0,2027-12-31 00:00:00,,,,BRA1,Fortaleza Esporte Clube,,,Juan Martín Lucero,FW,Fortaleza,2246.0,8.0,3.0,6.7,2.0,27.0,13.0,10.0,3.0,36.0,3.0,17.0,9.0,8.0,0.0,Centre-Forward,0.3205699020480855,0.120213713268032,0.2684772929652716,0.0801424755120213,1.0819234194122884,0.5209260908281389,0.120213713268032,1.4425645592163845,0.120213713268032,0.6812110418521816,0.3606411398040961,0.6428571428571429,0.6904761904761905,0.5476190476190477,0.5,0.3809523809523809,0.2857142857142857,0.119047619047619,0.3571428571428571,0.2619047619047619,0.8095238095238095,0.4523809523809524,0.4285714285714285,0.5714285714285714,0.3333333333333333,0.3809523809523809,0.1428571428571428,0.2857142857142857,0.1428571428571428,0.1904761904761904,0.1904761904761904,0.6666666666666666,0.238095238095238,0.3499999999999999,33,,0.7380952380952381,,0
162883,Eduardo,Sasha,Eduardo Sasha,8793,Brazil,Porto Alegre,Brazil,1992-02-24,Centre-Forward,Attack,right,173.0,2027-12-31 00:00:00,,,,BRA1,Red Bull Bragantino,800000.0,5500000.0,Eduardo Sasha,"FW,LW",Red Bull Bragantino,2079.0,8.0,4.0,5.4,2.6,57.0,25.0,33.0,11.0,54.0,8.0,9.0,12.0,7.0,1.0,Centre-Forward,0.3463203463203463,0.1731601731601731,0.2337662337662337,0.1125541125541125,2.4675324675324672,1.0822510822510822,0.4761904761904761,2.337662337662338,0.3463203463203463,0.3896103896103896,0.5194805194805194,0.6428571428571429,0.8333333333333334,0.4285714285714285,0.8333333333333334,0.8809523809523809,0.7619047619047619,0.5238095238095238,0.7142857142857143,0.7619047619047619,0.3333333333333333,0.6666666666666666,0.5238095238095238,0.8095238095238095,0.238095238095238,0.7619047619047619,0.8571428571428571,0.5238095238095238,0.4285714285714285,0.5714285714285714,0.6666666666666666,0.1904761904761904,0.4285714285714285,0.5166666666666666,32,0.1944444444444444,0.6190476190476191,0.568531746031746,3
164013,,Gilberto,Gilberto,10492,Brazil,Piranhas,Brazil,1989-06-05,Centre-Forward,Attack,right,178.0,2026-11-30 00:00:00,,,,BRA1,Esporte Clube Juventude,700000.0,1400000.0,Gilberto,FW,Juventude,2058.0,4.0,2.0,3.7,2.1,79.0,66.0,48.0,27.0,50.0,5.0,44.0,16.0,3.0,0.0,Centre-Forward,0.1749271137026239,0.0874635568513119,0.1618075801749271,0.0918367346938775,3.454810495626822,2.8862973760932946,1.1807580174927117,2.186588921282799,0.2186588921282798,1.924198250728863,0.6997084548104956,0.2619047619047619,0.4285714285714285,0.1428571428571428,0.5952380952380952,0.9523809523809524,1.0,0.9523809523809524,0.6428571428571429,0.4523809523809524,1.0,0.7619047619047619,0.1428571428571428,0.4285714285714285,0.0476190476190476,0.5714285714285714,0.9523809523809524,1.0,0.9523809523809524,0.4761904761904761,0.4761904761904761,1.0,0.6666666666666666,0.2690476190476191,35,0.1111111111111111,0.8571428571428571,0.4050793650793651,3
195882,Gonzalo,Mastriani,Gonzalo Mastriani,537,Uruguay,Montevideo,Uruguay,1993-04-28,Centre-Forward,Attack,left,182.0,2026-11-30 00:00:00,0.0,0.0,,BRA1,S. A. F. Botafogo,,,Gonzalo Mastriani,FW,Athletico Paranaense,900.0,4.0,0.0,4.2,0.8999999999999999,17.0,2.0,12.0,1.0,19.0,0.0,15.0,8.0,0.0,0.0,Centre-Forward,0.4,0.0,0.42,0.0899999999999999,1.7,0.2,0.1,1.9,0.0,1.5,0.8,0.2619047619047619,0.0952380952380952,0.238095238095238,0.1904761904761904,0.0952380952380952,0.0476190476190476,0.0476190476190476,0.1428571428571428,0.0952380952380952,0.7142857142857143,0.2857142857142857,0.6190476190476191,0.0952380952380952,0.8095238095238095,0.5238095238095238,0.5238095238095238,0.0476190476190476,0.0952380952380952,0.238095238095238,0.0952380952380952,0.9523809523809524,0.7619047619047619,0.4976190476190476,31,,0.5238095238095238,,0
223560,,Luciano,Luciano,585,Brazil,Anápolis,Brazil,1993-05-18,Centre-Forward,Attack,left,181.0,2028-12-31 00:00:00,6.0,5.0,,BRA1,São Paulo Futebol Clube,1300000.0,5500000.0,Luciano,FW,São Paulo,2302.0,11.0,2.0,7.0,2.2,91.0,24.0,36.0,15.0,60.0,10.0,26.0,23.0,13.0,1.0,Centre-Forward,0.4300608166811469,0.0781928757602085,0.2736750651607298,0.0860121633362293,3.557775847089488,0.9383145091225022,0.5864465682015638,2.3457862728062557,0.3909643788010426,1.0165073848827109,0.8992180712423979,0.8333333333333334,0.4285714285714285,0.6190476190476191,0.6904761904761905,1.0,0.6904761904761905,0.7857142857142857,0.8095238095238095,0.8333333333333334,0.9523809523809524,0.9047619047619048,0.7619047619047619,0.2857142857142857,0.3809523809523809,0.4761904761904761,1.0,0.4285714285714285,0.5714285714285714,0.6190476190476191,0.7142857142857143,0.8571428571428571,0.8571428571428571,0.55,31,0.4444444444444444,0.5238095238095238,0.5403174603174603,2
243541,,Deyverson,Deyverson,330,Brazil,Santa Margarida,Brazil,1991-05-08,Centre-Forward,Attack,left,187.0,2026-12-31 00:00:00,,,,BRA1,Clube Atlético Mineiro,1000000.0,5000000.0,Deyverson,FW,Cuiabá,1147.0,3.0,1.0,2.9,0.6,19.0,6.0,16.0,6.0,14.0,4.0,6.0,9.0,4.0,0.0,Centre-Forward,0.2353966870095902,0.07846556233653,0.2275501307759372,0.047079337401918,1.4908456843940714,0.4707933740191805,0.4707933740191805,1.098517872711421,0.3138622493461203,0.4707933740191805,0.7061900610287707,0.1428571428571428,0.1904761904761904,0.0952380952380952,0.0952380952380952,0.2142857142857142,0.1428571428571428,0.3095238095238095,0.0476190476190476,0.3571428571428571,0.1666666666666666,0.4523809523809524,0.3809523809523809,0.3333333333333333,0.1428571428571428,0.1428571428571428,0.4285714285714285,0.238095238095238,0.3809523809523809,0.0952380952380952,0.6190476190476191,0.2857142857142857,0.7142857142857143,0.288095238095238,33,0.3333333333333333,0.7380952380952381,0.3788095238095238,0
284727,Jonathan,Calleri,Jonathan Calleri,585,Argentina,Buenos Aires,Argentina,1993-09-23,Centre-Forward,Attack,right,181.0,2026-12-31 00:00:00,3.0,1.0,,BRA1,São Paulo Futebol Clube,1500000.0,10000000.0,Jonathan Calleri,FW,São Paulo,2047.0,5.0,4.0,5.4,1.2,27.0,24.0,22.0,11.0,47.0,11.0,11.0,8.0,6.0,0.0,Centre-Forward,0.2198339032730825,0.175867122618466,0.2374206155349291,0.0527601367855398,1.1871030776746458,1.0552027357107965,0.4836345872007816,2.066438690766976,0.4836345872007816,0.4836345872007816,0.3517342452369321,0.4047619047619047,0.8333333333333334,0.4285714285714285,0.238095238095238,0.3809523809523809,0.6904761904761905,0.5238095238095238,0.5,0.9285714285714286,0.5238095238095238,0.2857142857142857,0.238095238095238,0.8571428571428571,0.2857142857142857,0.1904761904761904,0.238095238095238,0.4761904761904761,0.4761904761904761,0.3333333333333333,0.9047619047619048,0.3809523809523809,0.1904761904761904,0.419047619047619,31,0.5277777777777778,0.5238095238095238,0.4409126984126983,3
334229,Pablo,Vegetti,Pablo Vegetti,978,Argentina,Santo Domingo,Argentina,1988-10-15,Centre-Forward,Attack,right,187.0,2028-12-31 00:00:00,,,,BRA1,Club de Regatas Vasco da Gama,,,Pablo Vegetti,FW,Vasco da Gama,2986.0,12.0,2.0,12.8,2.6,37.0,10.0,17.0,3.0,47.0,5.0,16.0,21.0,7.0,0.0,Centre-Forward,0.3616878767582049,0.0602813127930341,0.3858004018754186,0.0783657066309444,1.115204286671132,0.3014065639651708,0.0904219691895512,1.4166108506363029,0.1507032819825854,0.4822505023442732,0.6329537843268587,0.9047619047619048,0.4285714285714285,1.0,0.8333333333333334,0.6666666666666666,0.238095238095238,0.119047619047619,0.5,0.4523809523809524,0.7619047619047619,0.8571428571428571,0.5714285714285714,0.1904761904761904,0.5714285714285714,0.3333333333333333,0.1904761904761904,0.1428571428571428,0.0476190476190476,0.1428571428571428,0.238095238095238,0.3333333333333333,0.5714285714285714,0.4166666666666666,36,,0.9047619047619048,,0
371009,,Rony,Rony,221,Brazil,Magalhães Barata,Brazil,1995-05-11,Centre-Forward,Attack,right,167.0,2029-12-31 00:00:00,3.0,0.0,,BRA1,Santos Futebol Clube,4500000.0,13000000.0,Rony,LW,Palmeiras,1721.0,4.0,2.0,8.0,2.6,20.0,22.0,23.0,13.0,59.0,4.0,21.0,11.0,4.0,0.0,Centre-Forward,0.2091807088901801,0.10459035444509,0.4183614177803602,0.1359674607786171,1.0459035444509006,1.1504938988959907,0.6798373038930854,3.085415456130157,0.2091807088901801,1.0981987216734457,0.5752469494479954,0.2619047619047619,0.4285714285714285,0.6666666666666666,0.8333333333333334,0.2857142857142857,0.6190476190476191,0.6666666666666666,0.7619047619047619,0.3571428571428571,0.8571428571428571,0.5952380952380952,0.1904761904761904,0.4761904761904761,0.7619047619047619,0.9523809523809524,0.0476190476190476,0.5714285714285714,0.7142857142857143,0.9523809523809524,0.4285714285714285,0.9047619047619048,0.4761904761904761,0.5785714285714285,29,0.7222222222222222,0.4285714285714285,0.5023015873015872,2
371996,,Alerrandro,Alerrandro,6600,Brazil,Lavras,Brazil,2000-01-12,Centre-Forward,Attack,right,181.0,2026-12-31 00:00:00,0.0,0.0,,BRA1,Sport Club Internacional,3000000.0,4000000.0,Alerrandro,FW,Vitória,2387.0,15.0,4.0,11.0,2.6,55.0,16.0,24.0,10.0,68.0,7.0,24.0,29.0,4.0,0.0,Centre-Forward,0.5655634687892752,0.1508169250104734,0.4147465437788018,0.0980310012568077,2.0737327188940093,0.6032677000418936,0.3770423125261835,2.563887725178048,0.2639296187683284,0.9049015500628405,1.0934227063259323,0.9761904761904762,0.8333333333333334,0.9523809523809524,0.8333333333333334,0.8095238095238095,0.4047619047619047,0.4285714285714285,0.9047619047619048,0.6904761904761905,0.9047619047619048,1.0,0.9047619047619048,0.6666666666666666,0.6666666666666666,0.6190476190476191,0.8095238095238095,0.3333333333333333,0.238095238095238,0.7619047619047619,0.5714285714285714,0.8095238095238095,0.9523809523809524,0.7166666666666667,24,0.6388888888888888,0.1666666666666666,0.6452777777777778,2
432895,,Pedro,Pedro,614,Brazil,Rio de Janeiro,Brazil,1997-06-20,Centre-Forward,Attack,right,185.0,2027-12-31 00:00:00,6.0,1.0,,BRA1,Clube de Regatas do Flamengo,20000000.0,23000000.0,Pedro,FW,Flamengo,1653.0,11.0,5.0,10.6,2.2,36.0,16.0,36.0,15.0,48.0,11.0,12.0,15.0,3.0,0.0,Centre-Forward,0.5989110707803993,0.2722323049001814,0.5771324863883848,0.1197822141560798,1.9600725952813067,0.8711433756805809,0.8166969147005445,2.613430127041742,0.5989110707803993,0.6533575317604355,0.8166969147005445,0.8333333333333334,0.9761904761904762,0.8571428571428571,0.6904761904761905,0.6190476190476191,0.4047619047619047,0.7857142857142857,0.5714285714285714,0.9285714285714286,0.5714285714285714,0.7142857142857143,0.9523809523809524,1.0,1.0,0.8571428571428571,0.7619047619047619,0.3809523809523809,0.8571428571428571,0.8571428571428571,0.9523809523809524,0.6190476190476191,0.8095238095238095,0.9523809523809526,27,0.8333333333333334,0.3571428571428571,0.7095238095238096,2
489893,,Yuri Alberto,Yuri Alberto,199,Brazil,São José dos Campos,Brazil,2001-03-18,Centre-Forward,Attack,right,183.0,2030-06-30 00:00:00,1.0,0.0,,BRA1,Sport Club Corinthians Paulista,23000000.0,25000000.0,Yuri Alberto,FW,Corinthians,2197.0,15.0,4.0,10.7,1.6,31.0,52.0,52.0,21.0,63.0,10.0,10.0,11.0,6.0,1.0,Centre-Forward,0.6144742831133364,0.163859808830223,0.4383249886208465,0.0655439235320892,1.2699135184342285,2.130177514792899,0.860263996358671,2.5807919890760127,0.4096495220755575,0.4096495220755575,0.4506144742831133,0.9761904761904762,0.8333333333333334,0.9047619047619048,0.4285714285714285,0.5238095238095238,0.9523809523809524,0.9047619047619048,0.8571428571428571,0.8333333333333334,0.4523809523809524,0.5952380952380952,1.0,0.7619047619047619,0.9047619047619048,0.238095238095238,0.2857142857142857,0.9523809523809524,0.9047619047619048,0.8095238095238095,0.8095238095238095,0.238095238095238,0.3809523809523809,0.8238095238095239,23,0.8888888888888888,0.0952380952380952,0.6577777777777778,1
565232,André,Silva,André Silva,585,Brazil,Taboão da Serra,Brazil,1997-06-03,Centre-Forward,Attack,left,181.0,2027-12-31 00:00:00,,,,BRA1,São Paulo Futebol Clube,3000000.0,5000000.0,André Silva,FW,São Paulo,1535.0,7.0,2.0,3.9,0.8,32.0,20.0,25.0,12.0,36.0,3.0,3.0,18.0,3.0,0.0,Centre-Forward,0.4104234527687296,0.1172638436482084,0.2286644951140065,0.0469055374592833,1.876221498371336,1.1726384364820848,0.7035830618892508,2.1107491856677525,0.1758957654723127,0.1758957654723127,1.0553745928338762,0.5238095238095238,0.4285714285714285,0.1904761904761904,0.1428571428571428,0.5714285714285714,0.5476190476190477,0.6190476190476191,0.3571428571428571,0.2619047619047619,0.0952380952380952,0.8095238095238095,0.6666666666666666,0.5238095238095238,0.1904761904761904,0.0476190476190476,0.7142857142857143,0.6190476190476191,0.7619047619047619,0.4285714285714285,0.3333333333333333,0.0952380952380952,0.9047619047619048,0.3738095238095237,27,0.6388888888888888,0.3571428571428571,0.4109920634920634,3
620477,,Kaio Jorge,Kaio Jorge,609,Brazil,Olinda,Brazil,2002-01-24,Centre-Forward,Attack,right,182.0,2030-12-31 00:00:00,1.0,0.0,,BRA1,Cruzeiro Esporte Clube,25000000.0,26000000.0,Kaio Jorge,"FW,RW",Cruzeiro,1163.0,2.0,2.0,5.4,1.3,18.0,20.0,14.0,5.0,31.0,2.0,2.0,8.0,3.0,0.0,Centre-Forward,0.1547721410146173,0.1547721410146173,0.4178847807394669,0.1006018916595013,1.392949269131556,1.5477214101461736,0.3869303525365434,2.398968185726569,0.1547721410146173,0.1547721410146173,0.6190885640584695,0.0952380952380952,0.4285714285714285,0.4285714285714285,0.3809523809523809,0.1428571428571428,0.5476190476190477,0.2142857142857142,0.2857142857142857,0.1904761904761904,0.0476190476190476,0.2857142857142857,0.0952380952380952,0.7142857142857143,0.7142857142857143,0.7142857142857143,0.3333333333333333,0.8095238095238095,0.2857142857142857,0.6666666666666666,0.2857142857142857,0.0476190476190476,0.5238095238095238,0.4904761904761905,22,0.9722222222222222,0.0476190476190476,0.4440873015873016,3
675178,Isidro,Pitta,Isidro Pitta,8793,Paraguay,Tobatí,Paraguay,1999-08-14,Centre-Forward,Attack,right,185.0,2028-12-31 00:00:00,6.0,0.0,,BRA1,Red Bull Bragantino,7500000.0,7500000.0,Isidro Pitta,FW,Cuiabá,2831.0,7.0,2.0,9.7,3.7,52.0,49.0,50.0,17.0,70.0,6.0,6.0,8.0,5.0,0.0,Centre-Forward,0.2225362062875309,0.0635817732250088,0.3083716001412928,0.1176262804662663,1.6531261038502296,1.5577534440127163,0.5404450724125751,2.225362062875309,0.1907453196750265,0.1907453196750265,0.2543270929000353,0.5238095238095238,0.4285714285714285,0.8095238095238095,1.0,0.7619047619047619,0.9047619047619048,0.8571428571428571,0.9523809523809524,0.5714285714285714,0.1666666666666666,0.2857142857142857,0.2857142857142857,0.238095238095238,0.4761904761904761,0.8095238095238095,0.4761904761904761,0.8571428571428571,0.5238095238095238,0.5238095238095238,0.3809523809523809,0.1428571428571428,0.1428571428571428,0.4285714285714285,25,0.7777777777777778,0.238095238095238,0.4269841269841268,3
720294,,Lautaro Díaz,Lautaro Díaz,221,Argentina,Buenos Aires,Argentina,1998-05-21,Centre-Forward,Attack,right,181.0,2026-12-31 00:00:00,,,,BRA1,Santos Futebol Clube,1500000.0,1500000.0,Lautaro Díaz,LW,Cruzeiro,959.0,1.0,0.0,2.4,0.5,15.0,15.0,27.0,5.0,26.0,0.0,8.0,2.0,1.0,0.0,Centre-Forward,0.0938477580813347,0.0,0.2252346193952033,0.0469238790406673,1.407716371220021,1.407716371220021,0.4692387904066736,2.440041710114703,0.0,0.7507820646506778,0.1876955161626694,0.0476190476190476,0.0952380952380952,0.0476190476190476,0.0476190476190476,0.0476190476190476,0.3333333333333333,0.2142857142857142,0.1904761904761904,0.0952380952380952,0.238095238095238,0.0476190476190476,0.0476190476190476,0.0952380952380952,0.0952380952380952,0.0952380952380952,0.3809523809523809,0.7619047619047619,0.3333333333333333,0.7142857142857143,0.0952380952380952,0.7142857142857143,0.0476190476190476,0.1452380952380952,26,0.5277777777777778,0.2857142857142857,0.3123412698412698,3
844797,José Manuel,López,José Manuel López,1023,Argentina,San Lorenzo,Argentina,2000-12-06,Centre-Forward,Attack,left,190.0,2029-12-31 00:00:00,3.0,0.0,,BRA1,Sociedade Esportiva Palmeiras,25000000.0,25000000.0,José López,DM,Palmeiras,2140.0,10.0,2.0,9.5,3.2,41.0,32.0,37.0,14.0,50.0,6.0,14.0,26.0,8.0,0.0,Centre-Forward,0.4205607476635514,0.0841121495327102,0.3995327102803738,0.1345794392523364,1.7242990654205608,1.3457943925233646,0.588785046728972,2.102803738317757,0.2523364485981308,0.588785046728972,1.0934579439252337,0.7380952380952381,0.4285714285714285,0.7619047619047619,0.9523809523809524,0.7142857142857143,0.8095238095238095,0.7142857142857143,0.6428571428571429,0.5714285714285714,0.6666666666666666,0.9523809523809524,0.7142857142857143,0.3809523809523809,0.6190476190476191,0.9047619047619048,0.5714285714285714,0.7142857142857143,0.6190476190476191,0.3809523809523809,0.5238095238095238,0.5714285714285714,1.0,0.6095238095238097,24,0.9722222222222222,0.1666666666666666,0.4976587301587303,2
