player_id,first_name,last_name,player_name,current_club_id,country_of_birth,city_of_birth,country_of_citizenship,date_of_birth,sub_position,position,foot,height_in_cm,contract_expiration_date,international_caps,international_goals,current_national_team_id,current_club_domestic_competition_id,current_club_name,market_value_in_eur,highest_market_value_in_eur,stats_player_name,stats_position,stats_club,minutes_played,goals,assists,xG,xAG,progressive_passes,progressive_carries,dribbles_attempted,dribbles_successful,shot_creating_actions,goal_creating_actions,tackles,blocks,yellow_cards_stats,red_cards_stats
22415,,Fábio,Fábio,2462,Brazil,Nobres,Brazil,1980-09-30 00:00:00,Goalkeeper,Goalkeeper,right,188.0,2027-12-31 00:00:00,0.0,0.0,,BRA1,Fluminense Football Club,75000.0,3500000.0,Fábio,GK,Fluminense,3519.0,0.0,0.0,0.3,0.2,13.0,11.0,6.0,3.0,14.0,1.0,8.0,4.0,4.0,0.0
29091,,Nenê,Nenê,10492,Brazil,Jundiaí,Brazil,1981-07-19 00:00:00,Attacking Midfield,Midfield,left,181.0,,4.0,1.0,,BRA1,Esporte Clube Juventude,200000.0,14000000.0,Nenê,LM,Juventude,1506.0,3.0,4.0,1.6,4.3,73.0,23.0,26.0,12.0,75.0,4.0,10.0,8.0,5.0,1.0
29241,Thiago,Silva,Thiago Silva,2462,Brazil,Rio de Janeiro,Brazil,1984-09-22 00:00:00,Centre-Back,Defender,right,181.0,2026-12-31 00:00:00,113.0,7.0,,BRA1,Fluminense Football Club,500000.0,40000000.0,Thiago Silva,CB,Fluminense,1260.0,0.0,0.0,0.5,0.7000000000000001,34.0,2.0,0.0,0.0,13.0,0.0,13.0,10.0,2.0,0.0
37647,Dimitri,Payet,Dimitri Payet,978,Réunion,Saint-Pierre,France,1987-03-29 00:00:00,Attacking Midfield,Midfield,right,175.0,,38.0,8.0,,BRA1,Club de Regatas Vasco da Gama,1800000.0,30000000.0,Dimitri Payet,AM,Vasco da Gama,1220.0,3.0,3.0,1.7000000000000002,2.5,101.0,24.0,29.0,17.0,61.0,9.0,12.0,2.0,2.0,0.0
45319,Gabriel,Mercado,Gabriel Mercado,6600,Argentina,Puerto Madryn,Argentina,1987-03-18 00:00:00,Centre-Back,Defender,right,180.0,2026-12-31 00:00:00,24.0,4.0,,BRA1,Sport Club Internacional,100000.0,6000000.0,Gabriel Mercado,CB,Internacional,1186.0,1.0,0.0,0.3,0.6,32.0,2.0,3.0,1.0,9.0,2.0,17.0,7.0,6.0,0.0
46741,,David Luiz,David Luiz,10870,Brazil,Diadema,Brazil,1987-04-22 00:00:00,Centre-Back,Defender,right,189.0,2027-05-31 00:00:00,57.0,3.0,,BRA1,Fortaleza Esporte Clube,500000.0,30000000.0,David Luiz,CB,Flamengo,1756.0,3.0,0.0,1.9,0.4,104.0,32.0,10.0,4.0,31.0,1.0,11.0,19.0,5.0,0.0
47592,,Fagner,Fagner,609,Brazil,São Paulo,Brazil,1989-06-11 00:00:00,Right-Back,Defender,right,168.0,2026-12-31 00:00:00,10.0,0.0,,BRA1,Cruzeiro Esporte Clube,200000.0,7000000.0,Fagner,RB,Corinthians,913.0,0.0,1.0,0.1,2.2,39.0,14.0,6.0,4.0,32.0,5.0,23.0,8.0,4.0,1.0
50144,,Cássio,Cássio,609,Brazil,Veranópolis,Brazil,1987-06-06 00:00:00,Goalkeeper,Goalkeeper,left,196.0,2027-05-31 00:00:00,1.0,0.0,,BRA1,Cruzeiro Esporte Clube,250000.0,5000000.0,Cássio,GK,Corinthians,2160.0,0.0,0.0,0.0,0.0,2.0,0.0,0.0,0.0,3.0,0.0,1.0,0.0,2.0,0.0
51174,,Fernando,Fernando,6600,Brazil,Brasília,Brazil,1987-07-25 00:00:00,Defensive Midfield,Midfield,right,183.0,,3.0,0.0,,BRA1,Sport Club Internacional,2000000.0,17500000.0,,,,,,,,,,,,,,,,,,
52769,,Willian,Willian,210,Brazil,Ribeirão Pires,Brazil,1988-08-09 00:00:00,Left Winger,Attack,right,175.0,2026-12-31 00:00:00,70.0,9.0,,BRA1,Grêmio Foot-Ball Porto Alegrense,400000.0,50000000.0,Willian,CM,Vitória,2649.0,5.0,1.0,4.0,1.3,102.0,11.0,20.0,4.0,67.0,9.0,51.0,35.0,8.0,0.0
52896,,Everton Ribeiro,Everton Ribeiro,10010,Brazil,Arujá,Brazil,1989-04-10 00:00:00,Attacking Midfield,Midfield,left,174.0,2026-12-31 00:00:00,22.0,3.0,,BRA1,Esporte Clube Bahia,1000000.0,17000000.0,Everton Ribeiro,RM,Bahia,2681.0,2.0,5.0,1.2,4.3,326.0,85.0,69.0,29.0,122.0,13.0,53.0,22.0,4.0,0.0
53015,,Marcelo Lomba,Marcelo Lomba,1023,Brazil,Rio de Janeiro,Brazil,1986-12-18 00:00:00,Goalkeeper,Goalkeeper,right,189.0,2026-12-31 00:00:00,0.0,0.0,,BRA1,Sociedade Esportiva Palmeiras,75000.0,3250000.0,Marcelo Lomba,GK,Palmeiras,90.0,0.0,0.0,0.0,0.0,0.0,0.0,0.0,0.0,0.0,0.0,0.0,0.0,0.0,0.0
53058,Renato,Augusto,Renato Augusto,2462,Brazil,Rio de Janeiro,Brazil,1988-02-08 00:00:00,Central Midfield,Midfield,right,186.0,,33.0,6.0,,BRA1,Fluminense Football Club,1500000.0,15000000.0,Renato Augusto,AM,Fluminense,442.0,1.0,1.0,0.6000000000000001,0.7,21.0,8.0,5.0,2.0,12.0,1.0,14.0,1.0,0.0,0.0
53226,,David Braz,David Braz,3876,Brazil,Guarulhos,Brazil,1987-05-21 00:00:00,Centre-Back,Defender,right,188.0,2026-11-30 00:00:00,3.0,1.0,,BRA1,Mirasol Futebol Clube,150000.0,3000000.0,,,,,,,,,,,,,,,,,,
54590,Germán,Cano,Germán Cano,2462,Argentina,Posadas,Argentina,1988-01-02 00:00:00,Centre-Forward,Attack,right,176.0,2026-12-31 00:00:00,,,,BRA1,Fluminense Football Club,500000.0,3300000.0,Germán Cano,"FW,AM",Fluminense,1598.0,4.0,0.0,5.3,1.2000000000000002,19.0,4.0,17.0,6.0,18.0,0.0,9.0,4.0,5.0,0.0
55250,,Titi,Titi,10870,Brazil,Pelotas,Brazil,1988-03-12 00:00:00,Centre-Back,Defender,left,188.0,2026-11-30 00:00:00,,,,BRA1,Fortaleza Esporte Clube,200000.0,2300000.0,Titi,CB,Fortaleza,2020.0,1.0,0.0,0.2,0.5,43.0,8.0,4.0,3.0,10.0,0.0,31.0,30.0,8.0,0.0
67144,,Léo Vieira,Léo Vieira,10010,Brazil,Suzano,Brazil,1990-09-22 00:00:00,Goalkeeper,Goalkeeper,right,193.0,2026-12-31 00:00:00,0.0,0.0,,BRA1,Esporte Clube Bahia,200000.0,200000.0,,,,,,,,,,,,,,,,,,
67920,,Ganso,Ganso,2462,Brazil,Ananindeua,Brazil,1989-10-12 00:00:00,Attacking Midfield,Midfield,left,184.0,2026-12-31 00:00:00,8.0,0.0,,BRA1,Fluminense Football Club,300000.0,18000000.0,Ganso,"AM,DM",Fluminense,2169.0,3.0,6.0,2.5,3.4,165.0,15.0,20.0,14.0,95.0,9.0,34.0,15.0,11.0,1.0
68097,,Rafael,Rafael,585,Brazil,Coronel Fabriciano,Brazil,1989-06-23 00:00:00,Goalkeeper,Goalkeeper,left,192.0,2027-12-31 00:00:00,0.0,0.0,,BRA1,São Paulo Futebol Clube,400000.0,1250000.0,Rafael,RW,Botafogo (RJ),1.0,0.0,0.0,0.0,0.0,0.0,0.0,0.0,0.0,0.0,0.0,0.0,0.0,0.0,0.0
68290,,Neymar,Neymar,221,Brazil,Mogi das Cruzes,Brazil,1992-02-05 00:00:00,Attacking Midfield,Midfield,right,175.0,2026-12-31 00:00:00,130.0,80.0,,BRA1,Santos Futebol Clube,8000000.0,180000000.0,,,,,,,,,,,,,,,,,,
69400,,Weverton,Weverton,210,Brazil,Rio Branco,Brazil,1987-12-13 00:00:00,Goalkeeper,Goalkeeper,right,189.0,2028-12-31 00:00:00,11.0,0.0,3439.0,BRA1,Grêmio Foot-Ball Porto Alegrense,700000.0,6000000.0,Wéverton,GK,Palmeiras,3330.0,0.0,1.0,0.0,0.3,0.0,0.0,0.0,0.0,8.0,1.0,1.0,0.0,2.0,0.0
72441,Rafael,Tolói,Rafael Tolói,585,Brazil,Glória D'Oeste,Italy,1990-10-10 00:00:00,Centre-Back,Defender,right,185.0,2026-12-31 00:00:00,14.0,0.0,,BRA1,São Paulo Futebol Clube,800000.0,16000000.0,,,,,,,,,,,,,,,,,,
73741,,Souza,Souza,978,Brazil,Rio de Janeiro,Brazil,1989-02-11 00:00:00,Defensive Midfield,Midfield,right,188.0,,3.0,0.0,,BRA1,Club de Regatas Vasco da Gama,325000.0,12500000.0,,,,,,,,,,,,,,,,,,
74758,,Marinho,Marinho,2125,Brazil,Penedo,Brazil,1990-05-29 00:00:00,Right Winger,Attack,left,169.0,2026-12-31 00:00:00,,,,BRA1,Esporte Clube Vitória,200000.0,4000000.0,Marinho,FW,Fortaleza,1348.0,4.0,3.0,2.2,1.8,53.0,54.0,59.0,26.0,63.0,8.0,28.0,20.0,4.0,1.0
75080,Alan,Ruschel,Alan Ruschel,10492,Brazil,Taquara,Brazil,1989-08-23 00:00:00,Left-Back,Defender,left,176.0,2026-12-31 00:00:00,,,,BRA1,Esporte Clube Juventude,,,Alan Ruschel,LB,Juventude,2243.0,1.0,1.0,0.7,1.6,120.0,43.0,24.0,10.0,56.0,5.0,69.0,30.0,7.0,2.0
75102,,Denis,Denis,8718,Brazil,Jaú,Brazil,1987-04-14 00:00:00,Goalkeeper,Goalkeeper,left,188.0,2026-12-31 00:00:00,,,,BRA1,Sport Club do Recife,200000.0,2000000.0,,,,,,,,,,,,,,,,,,
75435,,Marcos Rocha,Marcos Rocha,210,Brazil,Sete Lagoas,Brazil,1988-12-11 00:00:00,Right-Back,Defender,right,176.0,2026-12-31 00:00:00,2.0,0.0,,BRA1,Grêmio Foot-Ball Porto Alegrense,200000.0,6000000.0,Marcos Rocha,WB,Palmeiras,1936.0,0.0,2.0,0.3,3.6,150.0,35.0,18.0,8.0,83.0,7.0,55.0,22.0,5.0,1.0
75942,Tomás,Rincón,Tomás Rincón,221,Venezuela,San Cristóbal,Venezuela,1988-01-13 00:00:00,Defensive Midfield,Midfield,right,175.0,2026-12-31 00:00:00,143.0,1.0,3504.0,BRA1,Santos Futebol Clube,100000.0,9000000.0,,,,,,,,,,,,,,,,,,
76191,,Osvaldo,Osvaldo,2125,Brazil,Fortaleza,Brazil,1987-04-11 00:00:00,Right Winger,Attack,right,170.0,2026-06-30 00:00:00,2.0,0.0,,BRA1,Esporte Clube Vitória,75000.0,4500000.0,Osvaldo,LW,Vitória,1072.0,2.0,0.0,2.3000000000000003,1.6,37.0,29.0,33.0,12.0,43.0,3.0,8.0,10.0,1.0,0.0
77100,,Lucas Moura,Lucas Moura,585,Brazil,São Paulo,Brazil,1992-08-13 00:00:00,Right Winger,Attack,right,172.0,2026-12-31 00:00:00,37.0,4.0,,BRA1,São Paulo Futebol Clube,2000000.0,40000000.0,Lucas Moura,FW,São Paulo,2246.0,10.0,6.0,4.9,2.9,131.0,87.0,100.0,48.0,103.0,12.0,27.0,17.0,4.0,0.0
79960,,Alex Sandro,Alex Sandro,614,Brazil,Catanduva,Brazil,1991-01-26 00:00:00,Left-Back,Defender,left,180.0,2026-12-31 00:00:00,46.0,2.0,,BRA1,Clube de Regatas do Flamengo,1000000.0,50000000.0,Alex Sandro,LB,Flamengo,512.0,0.0,1.0,0.4,1.6,37.0,18.0,7.0,4.0,25.0,3.0,13.0,2.0,1.0,0.0
80444,Philippe,Coutinho,Philippe Coutinho,978,Brazil,Rio de Janeiro,Brazil,1992-06-12 00:00:00,Attacking Midfield,Midfield,right,172.0,,68.0,21.0,,BRA1,Club de Regatas Vasco da Gama,7500000.0,150000000.0,Philippe Coutinho,AM,Vasco da Gama,667.0,2.0,1.0,2.1,0.9,58.0,28.0,23.0,12.0,35.0,2.0,10.0,7.0,0.0,0.0
80562,,Hulk,Hulk,2462,Brazil,Campina Grande,Brazil,1986-07-25 00:00:00,Centre-Forward,Attack,left,180.0,2027-12-31 00:00:00,49.0,11.0,,BRA1,Fluminense Football Club,1000000.0,48000000.0,Hulk,FW,Atlético Mineiro,1806.0,10.0,5.0,8.5,2.0,57.0,33.0,78.0,33.0,80.0,13.0,10.0,8.0,5.0,1.0
85314,,Oscar,Oscar,585,Brazil,Americana,Brazil,1991-09-09 00:00:00,Attacking Midfield,Midfield,right,180.0,2027-12-31 00:00:00,48.0,12.0,,BRA1,São Paulo Futebol Clube,7500000.0,40000000.0,,,,,,,,,,,,,,,,,,
95732,Martin,Braithwaite,Martin Braithwaite,210,Denmark,Esbjerg,Denmark,1991-06-05 00:00:00,Centre-Forward,Attack,right,177.0,2027-12-31 00:00:00,69.0,10.0,,BRA1,Grêmio Foot-Ball Porto Alegrense,1000000.0,12000000.0,Martin Braithwaite,FW,Grêmio,1395.0,7.0,2.0,5.2,1.2999999999999998,29.0,19.0,28.0,11.0,30.0,7.0,9.0,6.0,1.0,0.0
99439,,Danilo Fernandes,Danilo Fernandes,10010,Brazil,Guarulhos,Brazil,1988-04-03 00:00:00,Goalkeeper,Goalkeeper,right,188.0,,0.0,0.0,,BRA1,Esporte Clube Bahia,,,Danilo Fernandes,GK,Bahia,90.0,0.0,0.0,0.0,0.0,0.0,0.0,0.0,0.0,0.0,0.0,0.0,0.0,0.0,0.0
101469,,Gil,Gil,221,Brazil,Campos dos Goytacazes,Brazil,1987-06-12 00:00:00,Centre-Back,Defender,right,192.0,,11.0,0.0,,BRA1,Santos Futebol Clube,500000.0,7500000.0,,,,,,,,,,,,,,,,,,
101506,,Aderlan,Aderlan,221,Brazil,Campina Grande,Brazil,1990-08-18 00:00:00,Right-Back,Defender,right,180.0,,,,,BRA1,Santos Futebol Clube,800000.0,1000000.0,,,,,,,,,,,,,,,,,,
102017,,Jorginho,Jorginho,614,Brazil,Imbituba,Italy,1991-12-20 00:00:00,Defensive Midfield,Midfield,right,180.0,2028-06-30 00:00:00,57.0,5.0,,BRA1,Clube de Regatas do Flamengo,4000000.0,65000000.0,Jorginho,AM,Atlético Goianiense,73.0,0.0,1.0,0.0,0.1,5.0,2.0,1.0,1.0,6.0,2.0,1.0,1.0,1.0,0.0
103381,,Tiquinho Soares,Tiquinho Soares,3876,Brazil,Sousa,Brazil,1991-01-17 00:00:00,Centre-Forward,Attack,right,187.0,2026-12-31 00:00:00,,,,BRA1,Mirasol Futebol Clube,800000.0,12000000.0,Tiquinho Soares,FW,Botafogo (RJ),1349.0,5.0,3.0,6.7,2.1,27.0,7.0,19.0,9.0,41.0,6.0,13.0,10.0,4.0,1.0
104505,,Alan Patrick,Alan Patrick,6600,Brazil,São Paulo,Brazil,1991-05-13 00:00:00,Attacking Midfield,Midfield,right,177.0,2027-12-31 00:00:00,4.0,0.0,,BRA1,Sport Club Internacional,2000000.0,8000000.0,Alan Patrick,AM,Internacional,1777.0,8.0,3.0,7.2,8.200000000000001,128.0,35.0,58.0,34.0,127.0,13.0,22.0,17.0,3.0,0.0
106032,,Everson,Everson,330,Brazil,Pindamonhangaba,Brazil,1990-07-22 00:00:00,Goalkeeper,Goalkeeper,right,193.0,2027-12-31 00:00:00,0.0,0.0,,BRA1,Clube Atlético Mineiro,900000.0,3500000.0,Éverson,GK,Atlético Mineiro,2152.0,0.0,0.0,0.0,0.0,2.0,0.0,0.0,0.0,2.0,1.0,1.0,0.0,5.0,1.0
106281,,Vina,Vina,2029,Brazil,Curitiba,Brazil,1991-04-15 00:00:00,Attacking Midfield,Midfield,right,177.0,2026-12-31 00:00:00,,,,BRA1,Ceará Sporting Club,,,,,,,,,,,,,,,,,,,,
110078,,Eduardo,Eduardo,3876,Brazil,Ribeirão Preto,Brazil,1989-10-17 00:00:00,Attacking Midfield,Midfield,right,184.0,2026-12-31 00:00:00,,,,BRA1,Mirasol Futebol Clube,600000.0,6000000.0,,,,,,,,,,,,,,,,,,
111819,,Neto,Neto,537,Brazil,Araxá,Brazil,1989-07-19 00:00:00,Goalkeeper,Goalkeeper,right,190.0,2027-06-30 00:00:00,1.0,0.0,,BRA1,S. A. F. Botafogo,900000.0,18000000.0,,,,,,,,,,,,,,,,,,
112465,Sérgio,Oliveira,Sérgio Oliveira,8718,Portugal,Paços de Brandão,Portugal,1992-06-02 00:00:00,Central Midfield,Midfield,right,181.0,,13.0,0.0,,BRA1,Sport Club do Recife,2500000.0,19000000.0,,,,,,,,,,,,,,,,,,
112988,Cédric,Soares,Cédric Soares,585,Germany,Singen,Portugal,1991-08-31 00:00:00,Right-Back,Defender,right,171.0,2027-12-31 00:00:00,34.0,1.0,,BRA1,São Paulo Futebol Clube,500000.0,15000000.0,,,,,,,,,,,,,,,,,,
113586,,Manoel,Manoel,2462,Brazil,Bacabal,Brazil,1990-02-26 00:00:00,Centre-Back,Defender,right,181.0,,,,,BRA1,Fluminense Football Club,350000.0,5500000.0,Manoel,CB,Fluminense,1047.0,0.0,0.0,0.2,0.1,17.0,0.0,3.0,3.0,2.0,0.0,14.0,14.0,2.0,0.0
114937,,Dudu,Dudu,330,Brazil,Goiânia,Brazil,1992-01-07 00:00:00,Left Winger,Attack,right,166.0,2027-12-31 00:00:00,3.0,1.0,,BRA1,Clube Atlético Mineiro,800000.0,15000000.0,,,,,,,,,,,,,,,,,,
121986,,Lucas Sasha,Lucas Sasha,10870,Brazil,São Paulo,Brazil,1990-03-01 00:00:00,Defensive Midfield,Midfield,both,177.0,2026-12-31 00:00:00,,,,BRA1,Fortaleza Esporte Clube,750000.0,2000000.0,Lucas Sasha,CM,Fortaleza,1220.0,0.0,0.0,0.5,1.5,40.0,7.0,12.0,6.0,18.0,0.0,61.0,35.0,2.0,0.0
122155,,Willian José,Willian José,10010,Brazil,Porto Calvo,Brazil,1991-11-23 00:00:00,Centre-Forward,Attack,right,186.0,2026-12-31 00:00:00,0.0,0.0,,BRA1,Esporte Clube Bahia,1200000.0,30000000.0,,,,,,,,,,,,,,,,,,
123349,Zakaria,Labyad,Zakaria Labyad,199,Netherlands,Utrecht,Morocco,1993-03-09 00:00:00,Attacking Midfield,Midfield,both,175.0,2026-12-31 00:00:00,6.0,0.0,,BRA1,Sport Club Corinthians Paulista,400000.0,6000000.0,,,,,,,,,,,,,,,,,,
126239,Christian,Ortíz,Christian Ortíz,8718,Argentina,Rosario,Argentina,1992-08-20 00:00:00,Attacking Midfield,Midfield,right,170.0,2026-11-30 00:00:00,,,,BRA1,Sport Club do Recife,,,,,,,,,,,,,,,,,,,,
126422,,Allan,Allan,537,Brazil,Rio de Janeiro,Brazil,1991-01-08 00:00:00,Defensive Midfield,Midfield,right,175.0,2026-12-31 00:00:00,10.0,0.0,,BRA1,S. A. F. Botafogo,1000000.0,60000000.0,,,,,,,,,,,,,,,,,,
135057,André,Carrillo,André Carrillo,199,Peru,Lima,Peru,1991-06-14 00:00:00,Central Midfield,Midfield,right,180.0,2026-12-31 00:00:00,108.0,11.0,,BRA1,Sport Club Corinthians Paulista,800000.0,12000000.0,André Carrillo,"RM,FW",Corinthians,730.0,0.0,2.0,0.3,2.1,67.0,14.0,12.0,9.0,24.0,5.0,23.0,11.0,3.0,0.0
135617,Thiago,Mendes,Thiago Mendes,978,Brazil,São Luís,Brazil,1992-03-15 00:00:00,Defensive Midfield,Midfield,right,177.0,2027-12-31 00:00:00,,,,BRA1,Club de Regatas Vasco da Gama,1300000.0,25000000.0,,,,,,,,,,,,,,,,,,
137745,,Marçal,Marçal,537,Brazil,São Paulo,Brazil,1989-02-19 00:00:00,Left-Back,Defender,left,178.0,2026-12-31 00:00:00,,,,BRA1,S. A. F. Botafogo,200000.0,8000000.0,Fernando Marçal,LB,Botafogo (RJ),1014.0,1.0,0.0,0.3,0.6,59.0,18.0,9.0,4.0,23.0,0.0,28.0,9.0,5.0,0.0
139607,,Guilherme,Guilherme,3876,Brazil,Três Rios,Brazil,1991-05-21 00:00:00,Attacking Midfield,Midfield,left,174.0,,,,,BRA1,Mirasol Futebol Clube,1200000.0,4000000.0,Guilherme,LB,Red Bull Bragantino,704.0,1.0,1.0,0.5,0.2,18.0,9.0,11.0,5.0,12.0,2.0,18.0,9.0,1.0,0.0
139867,Robert,Arboleda,Robert Arboleda,585,Ecuador,Esmeraldas,Ecuador,1991-10-22 00:00:00,Centre-Back,Defender,right,189.0,2027-12-31 00:00:00,39.0,2.0,,BRA1,São Paulo Futebol Clube,400000.0,2500000.0,Robert Arboleda,CB,São Paulo,2256.0,2.0,0.0,1.2000000000000002,0.5,45.0,2.0,0.0,0.0,19.0,3.0,31.0,28.0,3.0,0.0
141660,Jesse,Lingard,Jesse Lingard,199,England,Warrington,England,1992-12-15 00:00:00,Attacking Midfield,Midfield,right,174.0,2026-12-31 00:00:00,32.0,6.0,,BRA1,Sport Club Corinthians Paulista,2000000.0,40000000.0,,,,,,,,,,,,,,,,,,
143817,,Léo Gamalho,Léo Gamalho,3876,Brazil,Porto Alegre,Brazil,1986-01-30 00:00:00,Centre-Forward,Attack,right,188.0,,,,,BRA1,Mirasol Futebol Clube,,,Léo Gamalho,FW,Vitória,17.0,0.0,0.0,0.0,0.0,2.0,1.0,0.0,0.0,0.0,0.0,0.0,0.0,0.0,0.0
143855,,Thomazella,Thomazella,3876,Brazil,Botucatu,Brazil,1990-08-15 00:00:00,Goalkeeper,Goalkeeper,right,192.0,2026-12-31 00:00:00,,,,BRA1,Mirasol Futebol Clube,200000.0,250000.0,,,,,,,,,,,,,,,,,,
145400,Walter,Kannemann,Walter Kannemann,210,Argentina,Concepción del Uruguay,Argentina,1991-03-14 00:00:00,Centre-Back,Defender,left,184.0,2027-12-31 00:00:00,6.0,0.0,,BRA1,Grêmio Foot-Ball Porto Alegrense,350000.0,6000000.0,Walter Kannemann,CB,Grêmio,1000.0,0.0,2.0,0.6000000000000001,0.8,21.0,2.0,6.0,6.0,8.0,2.0,18.0,16.0,6.0,1.0
145573,,Richardson,Richardson,2029,Brazil,Natal,Brazil,1991-08-17 00:00:00,Defensive Midfield,Midfield,right,174.0,2026-12-31 00:00:00,,,,BRA1,Ceará Sporting Club,,,,,,,,,,,,,,,,,,,,
145707,,Danilo,Danilo,614,Brazil,Bicas,Brazil,1991-07-15 00:00:00,Centre-Back,Defender,right,184.0,2026-12-31 00:00:00,75.0,1.0,,BRA1,Clube de Regatas do Flamengo,2000000.0,25000000.0,,,,,,,,,,,,,,,,,,
147361,,Mayke,Mayke,221,Brazil,Carangola,Brazil,1992-11-10 00:00:00,Right-Back,Defender,right,178.0,2027-12-31 00:00:00,,,,BRA1,Santos Futebol Clube,1500000.0,5500000.0,Mayke,RB,Palmeiras,1035.0,1.0,0.0,1.2,0.8,73.0,20.0,11.0,8.0,36.0,2.0,36.0,13.0,7.0,0.0
147410,Raúl,Cáceres,Raúl Cáceres,2125,Paraguay,Asunción,Paraguay,1991-09-18 00:00:00,Right-Back,Defender,right,180.0,2026-12-31 00:00:00,0.0,0.0,,BRA1,Esporte Clube Vitória,,,Raúl Cáceres,RB,Vitória,1695.0,0.0,3.0,0.1,2.4,50.0,51.0,18.0,7.0,44.0,7.0,38.0,16.0,2.0,0.0
148231,Lucas,Mugni,Lucas Mugni,3876,Argentina,Santa Fe,Argentina,1992-01-12 00:00:00,Attacking Midfield,Midfield,left,184.0,2027-12-31 00:00:00,0.0,0.0,,BRA1,Mirasol Futebol Clube,200000.0,2500000.0,,,,,,,,,,,,,,,,,,
148928,Saúl,Ñíguez,Saúl Ñíguez,614,Spain,Elche,Spain,1994-11-21 00:00:00,Central Midfield,Midfield,left,184.0,2028-12-31 00:00:00,19.0,3.0,,BRA1,Clube de Regatas do Flamengo,1000000.0,90000000.0,,,,,,,,,,,,,,,,,,
149752,,Vitor Hugo,Vitor Hugo,330,Brazil,Guaraci,Brazil,1991-05-20 00:00:00,Centre-Back,Defender,left,187.0,2028-12-31 00:00:00,0.0,0.0,,BRA1,Clube Atlético Mineiro,500000.0,9000000.0,Vitor Hugo,CB,Bahia,15.0,0.0,0.0,0.0,0.0,0.0,0.0,0.0,0.0,0.0,0.0,0.0,0.0,0.0,0.0
159372,,Felipe Anderson,Felipe Anderson,1023,Brazil,Brasília,Brazil,1993-04-15 00:00:00,Left Winger,Attack,right,175.0,2027-12-31 00:00:00,2.0,0.0,,BRA1,Sociedade Esportiva Palmeiras,1500000.0,45000000.0,Felipe Anderson,LM,Palmeiras,1310.0,2.0,2.0,3.0,4.0,57.0,46.0,42.0,24.0,57.0,7.0,35.0,25.0,0.0,0.0
159893,,Richard Costa,Richard Costa,2029,Brazil,São Paulo,Brazil,1991-03-01 00:00:00,Goalkeeper,Goalkeeper,right,186.0,2026-12-31 00:00:00,,,,BRA1,Ceará Sporting Club,,,,,,,,,,,,,,,,,,,,
160188,,Marcão,Marcão,10492,Brazil,Itabuna,Brazil,1992-03-06 00:00:00,Goalkeeper,Goalkeeper,right,195.0,2026-06-30 00:00:00,,,,BRA1,Esporte Clube Juventude,50000.0,50000.0,,,,,,,,,,,,,,,,,,
162807,Juan Martín,Lucero,Juan Martín Lucero,10870,Argentina,Mendoza,Argentina,1991-10-10 00:00:00,Centre-Forward,Attack,right,183.0,2027-12-31 00:00:00,,,,BRA1,Fortaleza Esporte Clube,,,Juan Martín Lucero,FW,Fortaleza,2246.0,8.0,3.0,6.7,2.0,27.0,13.0,10.0,3.0,36.0,3.0,17.0,9.0,8.0,0.0
162812,,Cauly,Cauly,585,Brazil,Porto Seguro,Brazil,1995-09-15 00:00:00,Attacking Midfield,Midfield,both,175.0,2026-12-31 00:00:00,,,,BRA1,São Paulo Futebol Clube,3000000.0,6000000.0,,,,,,,,,,,,,,,,,,
162883,Eduardo,Sasha,Eduardo Sasha,8793,Brazil,Porto Alegre,Brazil,1992-02-24 00:00:00,Centre-Forward,Attack,right,173.0,2027-12-31 00:00:00,,,,BRA1,Red Bull Bragantino,800000.0,5500000.0,Eduardo Sasha,"FW,LW",Red Bull Bragantino,2079.0,8.0,4.0,5.4,2.6,57.0,25.0,33.0,11.0,54.0,8.0,9.0,12.0,7.0,1.0
164013,,Gilberto,Gilberto,10492,Brazil,Piranhas,Brazil,1989-06-05 00:00:00,Centre-Forward,Attack,right,178.0,2026-11-30 00:00:00,,,,BRA1,Esporte Clube Juventude,700000.0,1400000.0,Gilberto,FW,Juventude,2058.0,4.0,2.0,3.7,2.1,79.0,66.0,48.0,27.0,50.0,5.0,44.0,16.0,3.0,0.0
167291,,Gabriel Pires,Gabriel Pires,3876,Brazil,Resende,Brazil,1993-09-18 00:00:00,Defensive Midfield,Midfield,left,187.0,2026-12-15 00:00:00,,,,BRA1,Mirasol Futebol Clube,400000.0,15000000.0,,,,,,,,,,,,,,,,,,
167724,,Diogo Barbosa,Diogo Barbosa,10870,Brazil,Terra Nova do Norte,Brazil,1992-08-17 00:00:00,Left-Back,Defender,left,179.0,,,,,BRA1,Fortaleza Esporte Clube,,,Diogo Barbosa,LB,Fluminense,1759.0,0.0,0.0,0.0,0.6000000000000001,111.0,41.0,35.0,15.0,30.0,0.0,35.0,9.0,5.0,0.0
167850,Memphis,Depay,Memphis Depay,199,Netherlands,Moordrecht,Netherlands,1994-02-13 00:00:00,Centre-Forward,Attack,right,178.0,2026-07-31 00:00:00,112.0,55.0,,BRA1,Sport Club Corinthians Paulista,7000000.0,55000000.0,Memphis,FW,Corinthians,793.0,7.0,1.0,3.7,0.9,31.0,24.0,30.0,13.0,37.0,6.0,8.0,4.0,2.0,0.0
169052,,Edenilson,Edenilson,537,Brazil,Porto Alegre,Brazil,1989-12-18 00:00:00,Central Midfield,Midfield,right,175.0,2026-12-31 00:00:00,2.0,0.0,,BRA1,S. A. F. Botafogo,250000.0,4000000.0,,,,,,,,,,,,,,,,,,
169179,Alan,Empereur,Alan Empereur,3876,Brazil,Ipatinga,Brazil,1994-03-10 00:00:00,Centre-Back,Defender,left,186.0,2026-12-31 00:00:00,,,,BRA1,Mirasol Futebol Clube,750000.0,1000000.0,Alan Empereur,CB,Cuiabá,2548.0,0.0,0.0,0.5,1.1,96.0,18.0,7.0,4.0,31.0,1.0,20.0,20.0,9.0,0.0
175169,,Bernard,Bernard,330,Brazil,Belo Horizonte,Brazil,1992-09-08 00:00:00,Left Winger,Attack,right,167.0,2027-12-31 00:00:00,14.0,1.0,,BRA1,Clube Atlético Mineiro,600000.0,20000000.0,Bernard,AM,Atlético Mineiro,900.0,0.0,0.0,0.6000000000000001,1.8,61.0,28.0,25.0,12.0,40.0,1.0,20.0,7.0,1.0,0.0
175383,Helton,Leite,Helton Leite,10870,Brazil,Belo Horizonte,Brazil,1990-11-02 00:00:00,Goalkeeper,Goalkeeper,right,196.0,2026-11-30 00:00:00,,,,BRA1,Fortaleza Esporte Clube,1000000.0,7000000.0,,,,,,,,,,,,,,,,,,
175792,,André Ramalho,André Ramalho,199,Brazil,Ibiúna,Brazil,1992-02-16 00:00:00,Centre-Back,Defender,both,182.0,2026-12-31 00:00:00,,,,BRA1,Sport Club Corinthians Paulista,800000.0,4500000.0,André Ramalho,CB,Corinthians,1482.0,0.0,1.0,0.2,0.3,53.0,10.0,6.0,5.0,15.0,4.0,24.0,20.0,5.0,1.0
176140,Rodrigo,Ely,Rodrigo Ely,210,Brazil,Lajeado,Brazil,1993-11-03 00:00:00,Centre-Back,Defender,right,188.0,2028-06-30 00:00:00,3.0,0.0,,BRA1,Grêmio Foot-Ball Porto Alegrense,3000000.0,6000000.0,Rodrigo Ely,CB,Grêmio,1569.0,1.0,0.0,0.9,0.2,36.0,3.0,5.0,4.0,10.0,0.0,37.0,32.0,5.0,0.0
188862,Guillermo,Varela,Guillermo Varela,614,Uruguay,Montevideo,Uruguay,1993-03-24 00:00:00,Right-Back,Defender,right,174.0,2027-12-31 00:00:00,30.0,0.0,,BRA1,Clube de Regatas do Flamengo,1000000.0,2500000.0,Guillermo Varela,RB,Flamengo,1038.0,1.0,0.0,0.2,1.0,24.0,14.0,15.0,6.0,17.0,2.0,18.0,12.0,2.0,0.0
193925,,Romarinho,Romarinho,2125,Brazil,Palestina,Brazil,1990-12-12 00:00:00,Centre-Forward,Attack,right,176.0,,,,,BRA1,Esporte Clube Vitória,,,,,,,,,,,,,,,,,,,,
195810,,Bastos,Bastos,537,Angola,Luanda,Angola,1991-03-27 00:00:00,Centre-Back,Defender,right,184.0,2026-12-31 00:00:00,54.0,2.0,,BRA1,S. A. F. Botafogo,600000.0,8000000.0,Bastos,CB,Botafogo (RJ),2628.0,3.0,0.0,1.8,0.1,111.0,12.0,5.0,2.0,21.0,2.0,32.0,27.0,6.0,0.0
195882,Gonzalo,Mastriani,Gonzalo Mastriani,537,Uruguay,Montevideo,Uruguay,1993-04-28 00:00:00,Centre-Forward,Attack,left,182.0,2026-11-30 00:00:00,0.0,0.0,,BRA1,S. A. F. Botafogo,,,Gonzalo Mastriani,FW,Athletico Paranaense,900.0,4.0,0.0,4.2,0.8999999999999999,17.0,2.0,12.0,1.0,19.0,0.0,15.0,8.0,0.0,0.0
198250,,Samuel Xavier,Samuel Xavier,2462,Brazil,São Paulo,Brazil,1990-06-06 00:00:00,Right-Back,Defender,right,166.0,2027-12-31 00:00:00,,,,BRA1,Fluminense Football Club,200000.0,2000000.0,Samuel Xavier,RB,Fluminense,2660.0,0.0,2.0,0.7000000000000001,1.9,135.0,64.0,31.0,9.0,59.0,5.0,48.0,19.0,5.0,0.0
198859,,João Schmidt,João Schmidt,221,Brazil,São Paulo,Brazil,1993-05-19 00:00:00,Defensive Midfield,Midfield,left,183.0,2027-12-31 00:00:00,5.0,0.0,,BRA1,Santos Futebol Clube,700000.0,1400000.0,,,,,,,,,,,,,,,,,,
203394,Andreas,Pereira,Andreas Pereira,1023,Belgium,Duffel,Brazil,1996-01-01 00:00:00,Central Midfield,Midfield,right,178.0,2028-12-31 00:00:00,10.0,2.0,,BRA1,Sociedade Esportiva Palmeiras,14000000.0,20000000.0,,,,,,,,,,,,,,,,,,
203822,,Ruan Carneiro,Ruan Carneiro,10492,Brazil,Balsas,Brazil,1990-03-28 00:00:00,Goalkeeper,Goalkeeper,right,195.0,2027-12-31 00:00:00,,,,BRA1,Esporte Clube Juventude,,,,,,,,,,,,,,,,,,,,
205041,,Everaldo,Everaldo,10010,Brazil,Garibaldi,Brazil,1991-07-05 00:00:00,Centre-Forward,Attack,right,182.0,2026-12-31 00:00:00,,,,BRA1,Esporte Clube Bahia,350000.0,1500000.0,Everaldo,LM,Vitória,421.0,2.0,0.0,1.0,0.1,16.0,18.0,14.0,5.0,4.0,0.0,6.0,2.0,2.0,0.0
208681,,Gustavo Henrique,Gustavo Henrique,199,Brazil,São Paulo,Brazil,1993-03-24 00:00:00,Centre-Back,Defender,right,194.0,2027-12-31 00:00:00,0.0,0.0,,BRA1,Sport Club Corinthians Paulista,700000.0,3500000.0,,,,,,,,,,,,,,,,,,
210747,Willian,Arão,Willian Arão,221,Brazil,São Paulo,Brazil,1992-03-12 00:00:00,Defensive Midfield,Midfield,right,181.0,2026-12-31 00:00:00,1.0,0.0,,BRA1,Santos Futebol Clube,800000.0,7000000.0,,,,,,,,,,,,,,,,,,
212209,,Renê,Renê,2462,Brazil,Picos,Brazil,1992-09-14 00:00:00,Left-Back,Defender,left,174.0,2027-12-31 00:00:00,,,,BRA1,Fluminense Football Club,400000.0,3000000.0,,,,,,,,,,,,,,,,,,
213619,,Rafa Silva,Rafa Silva,3876,Brazil,São Paulo,Brazil,1992-04-04 00:00:00,Centre-Forward,Attack,right,179.0,,,,,BRA1,Mirasol Futebol Clube,,,Rafael Silva,RW,Cruzeiro,527.0,3.0,0.0,1.8,0.1,10.0,6.0,10.0,5.0,8.0,0.0,4.0,3.0,2.0,1.0
214701,,Bruno,Bruno,2029,Brazil,São Paulo,Brazil,1994-03-16 00:00:00,Goalkeeper,Goalkeeper,right,197.0,2027-12-31 00:00:00,,,,BRA1,Ceará Sporting Club,200000.0,200000.0,,,,,,,,,,,,,,,,,,
215390,Gustavo,Gómez,Gustavo Gómez,1023,Paraguay,San Juan Bautista,Paraguay,1993-05-06 00:00:00,Centre-Back,Defender,right,185.0,2027-12-31 00:00:00,94.0,4.0,,BRA1,Sociedade Esportiva Palmeiras,3500000.0,9000000.0,Gustavo Gómez,CB,Palmeiras,2367.0,1.0,2.0,3.7,1.7999999999999998,82.0,8.0,4.0,1.0,22.0,2.0,38.0,35.0,9.0,0.0
215616,Erick,Pulgar,Erick Pulgar,614,Chile,Antofagasta,Chile,1994-01-15 00:00:00,Defensive Midfield,Midfield,right,188.0,2027-12-31 00:00:00,54.0,4.0,,BRA1,Clube de Regatas do Flamengo,4500000.0,15000000.0,Erick Pulgar,DM,Flamengo,1750.0,0.0,3.0,1.0,1.8,110.0,12.0,10.0,5.0,46.0,5.0,51.0,20.0,7.0,1.0
215915,Igor,Coronado,Igor Coronado,199,Brazil,Londrina,Italy,1992-08-18 00:00:00,Attacking Midfield,Midfield,right,170.0,2027-06-30 00:00:00,,,,BRA1,Sport Club Corinthians Paulista,,,Igor Coronado,AM,Corinthians,1378.0,1.0,2.0,1.2,3.9,114.0,71.0,78.0,30.0,79.0,3.0,33.0,27.0,6.0,0.0
217228,Jean,Meneses,Jean Meneses,978,Chile,Quillota,Chile,1993-03-16 00:00:00,Left Winger,Attack,right,163.0,2026-12-31 00:00:00,24.0,3.0,,BRA1,Club de Regatas Vasco da Gama,,,Jean Meneses,AM,Vasco da Gama,291.0,0.0,0.0,0.0,0.1,7.0,7.0,8.0,1.0,3.0,0.0,5.0,5.0,0.0,0.0
218118,Lucas,Silva,Lucas Silva,609,Brazil,Bom Jesus de Goiás,Brazil,1993-02-16 00:00:00,Defensive Midfield,Midfield,right,181.0,2027-12-31 00:00:00,7.0,1.0,,BRA1,Cruzeiro Esporte Clube,450000.0,13000000.0,,,,,,,,,,,,,,,,,,
219835,,Alex Santana,Alex Santana,199,Brazil,Atibaia,Brazil,1995-05-13 00:00:00,Central Midfield,Midfield,right,182.0,2027-12-31 00:00:00,,,,BRA1,Sport Club Corinthians Paulista,1000000.0,2000000.0,Alex Santana,FW,Athletico Paranaense,670.0,0.0,0.0,0.8999999999999999,0.2,24.0,10.0,9.0,4.0,15.0,2.0,20.0,7.0,4.0,0.0
223560,,Luciano,Luciano,585,Brazil,Anápolis,Brazil,1993-05-18 00:00:00,Centre-Forward,Attack,left,181.0,2028-12-31 00:00:00,6.0,5.0,,BRA1,São Paulo Futebol Clube,1300000.0,5500000.0,Luciano,FW,São Paulo,2302.0,11.0,2.0,7.0,2.2,91.0,24.0,36.0,15.0,60.0,10.0,26.0,23.0,13.0,1.0
225432,,Zé Rafael,Zé Rafael,221,Brazil,Ponta Grossa,Brazil,1993-06-16 00:00:00,Central Midfield,Midfield,right,175.0,2027-12-31 00:00:00,,,,BRA1,Santos Futebol Clube,1500000.0,5000000.0,Zé Rafael,CM,Palmeiras,951.0,0.0,2.0,0.4,1.8,49.0,10.0,19.0,6.0,34.0,5.0,25.0,10.0,7.0,0.0
225617,,Reinaldo,Reinaldo,3876,Brazil,Porto Calvo,Brazil,1989-09-28 00:00:00,Left-Back,Defender,left,178.0,2026-12-31 00:00:00,,,,BRA1,Mirasol Futebol Clube,350000.0,4000000.0,Reinaldo,LB,Grêmio,2436.0,2.0,2.0,1.6,2.9000000000000004,127.0,34.0,50.0,27.0,76.0,4.0,51.0,19.0,5.0,0.0
225984,Matheus,Pereira,Matheus Pereira,609,Brazil,Belo Horizonte,Brazil,1996-05-05 00:00:00,Attacking Midfield,Midfield,left,175.0,2028-12-31 00:00:00,1.0,0.0,,BRA1,Cruzeiro Esporte Clube,14000000.0,15000000.0,,,,,,,,,,,,,,,,,,
227081,Joaquín,Correa,Joaquín Correa,537,Argentina,Juan Bautista Alberdi,Argentina,1994-08-13 00:00:00,Second Striker,Attack,right,188.0,2027-12-31 00:00:00,19.0,4.0,,BRA1,S. A. F. Botafogo,1500000.0,38000000.0,,,,,,,,,,,,,,,,,,
227671,Tiago,Volpi,Tiago Volpi,8793,Brazil,Blumenau,Brazil,1990-12-19 00:00:00,Goalkeeper,Goalkeeper,right,189.0,2026-12-31 00:00:00,,,,BRA1,Red Bull Bragantino,900000.0,4000000.0,,,,,,,,,,,,,,,,,,
228433,,Wendell,Wendell,585,Brazil,Fortaleza,Brazil,1993-07-20 00:00:00,Left-Back,Defender,left,176.0,2027-12-31 00:00:00,6.0,0.0,,BRA1,São Paulo Futebol Clube,1500000.0,25000000.0,,,,,,,,,,,,,,,,,,
229736,,Alisson,Alisson,2462,Brazil,Rio Pomba,Brazil,1993-06-25 00:00:00,Central Midfield,Midfield,right,174.0,2026-12-31 00:00:00,3.0,0.0,,BRA1,Fluminense Football Club,800000.0,4000000.0,,,,,,,,,,,,,,,,,,
230014,Guido,Herrera,Guido Herrera,10010,Argentina,Río Cuarto,Argentina,1992-02-29 00:00:00,Goalkeeper,Goalkeeper,left,187.0,2027-12-31 00:00:00,0.0,0.0,,BRA1,Esporte Clube Bahia,1500000.0,3000000.0,,,,,,,,,,,,,,,,,,
232847,,Lucas Lima,Lucas Lima,8718,Brazil,Marília,Brazil,1990-07-09 00:00:00,Attacking Midfield,Midfield,left,176.0,2026-11-30 00:00:00,14.0,2.0,,BRA1,Sport Club do Recife,,,,,,,,,,,,,,,,,,,,
234538,,Victor Luís,Victor Luís,3876,Brazil,São Paulo,Brazil,1993-06-23 00:00:00,Left-Back,Defender,left,177.0,2026-12-10 00:00:00,,,,BRA1,Mirasol Futebol Clube,300000.0,2000000.0,Victor Luis,LM,Vasco da Gama,442.0,1.0,1.0,0.3,0.3,17.0,9.0,6.0,3.0,6.0,1.0,14.0,5.0,3.0,1.0
236202,,Wanderson,Wanderson,609,Brazil,São Luís,Brazil,1994-10-07 00:00:00,Left Winger,Attack,right,175.0,2027-12-31 00:00:00,,,,BRA1,Cruzeiro Esporte Clube,3000000.0,11000000.0,,,,,,,,,,,,,,,,,,
239294,,Jair,Jair,978,Brazil,Ibirubá,Brazil,1994-08-26 00:00:00,Defensive Midfield,Midfield,right,178.0,2026-12-31 00:00:00,,,,BRA1,Club de Regatas Vasco da Gama,800000.0,5500000.0,Jair,DM,Vasco da Gama,271.0,0.0,0.0,0.0,0.0,17.0,3.0,4.0,1.0,2.0,0.0,11.0,2.0,2.0,0.0
240913,Lucas,Villalba,Lucas Villalba,609,Argentina,Florencio Varela,Argentina,1994-08-19 00:00:00,Centre-Back,Defender,left,181.0,2026-12-31 00:00:00,1.0,0.0,,BRA1,Cruzeiro Esporte Clube,1700000.0,2500000.0,,,,,,,,,,,,,,,,,,
242201,Lucas,Romero,Lucas Romero,609,Argentina,Loma Hermosa,Argentina,1994-04-18 00:00:00,Defensive Midfield,Midfield,right,167.0,2027-12-31 00:00:00,0.0,0.0,,BRA1,Cruzeiro Esporte Clube,2500000.0,4000000.0,Lucas Romero,CM,Cruzeiro,2531.0,0.0,2.0,0.5,0.4,159.0,22.0,26.0,13.0,79.0,7.0,73.0,29.0,8.0,1.0
243541,,Deyverson,Deyverson,330,Brazil,Santa Margarida,Brazil,1991-05-08 00:00:00,Centre-Forward,Attack,left,187.0,2026-12-31 00:00:00,,,,BRA1,Clube Atlético Mineiro,1000000.0,5000000.0,Deyverson,FW,Cuiabá,1147.0,3.0,1.0,2.9,0.6,19.0,6.0,16.0,6.0,14.0,4.0,6.0,9.0,4.0,0.0
244275,,Gabriel Barbosa,Gabriel Barbosa,221,Brazil,São Bernardo do Campo,Brazil,1996-08-30 00:00:00,Centre-Forward,Attack,left,178.0,2026-12-31 00:00:00,18.0,5.0,,BRA1,Santos Futebol Clube,3000000.0,26000000.0,Gabriel Barbosa,FW,Flamengo,754.0,4.0,1.0,5.4,0.9,25.0,17.0,6.0,2.0,12.0,1.0,5.0,2.0,2.0,0.0
248030,Renzo,López,Renzo López,2125,Uruguay,Montevideo,Uruguay,1994-04-16 00:00:00,Centre-Forward,Attack,right,192.0,2026-06-30 00:00:00,,,,BRA1,Esporte Clube Vitória,650000.0,1400000.0,,,,,,,,,,,,,,,,,,
248410,Giorgian,de Arrascaeta,Giorgian de Arrascaeta,614,Uruguay,Nuevo Berlín,Uruguay,1994-06-01 00:00:00,Attacking Midfield,Midfield,right,177.0,2028-12-31 00:00:00,59.0,13.0,,BRA1,Clube de Regatas do Flamengo,14000000.0,19000000.0,Giorgian De Arrascaeta,AM,Flamengo,1007.0,5.0,5.0,2.2,2.5,80.0,19.0,33.0,18.0,57.0,12.0,16.0,13.0,2.0,0.0
255755,Alex,Telles,Alex Telles,537,Brazil,Caxias do Sul,Brazil,1992-12-15 00:00:00,Left-Back,Defender,left,181.0,2026-12-31 00:00:00,12.0,0.0,,BRA1,S. A. F. Botafogo,2800000.0,40000000.0,Alex Telles,LB,Botafogo (RJ),650.0,0.0,1.0,0.8999999999999999,1.0,31.0,18.0,11.0,5.0,25.0,3.0,10.0,9.0,1.0,0.0
258254,,Jemerson,Jemerson,210,Brazil,Jeremoabo,Brazil,1992-08-24 00:00:00,Centre-Back,Defender,right,184.0,2026-11-30 00:00:00,2.0,0.0,,BRA1,Grêmio Foot-Ball Porto Alegrense,1700000.0,18000000.0,Jemerson,CB,Atlético Mineiro,1256.0,1.0,0.0,0.7,0.0,23.0,2.0,2.0,2.0,4.0,0.0,21.0,23.0,7.0,0.0
258369,,Georgemy,Georgemy,3876,Brazil,Americana,Brazil,1995-08-15 00:00:00,Goalkeeper,Goalkeeper,right,197.0,2026-12-31 00:00:00,1.0,0.0,,BRA1,Mirasol Futebol Clube,50000.0,900000.0,,,,,,,,,,,,,,,,,,
261309,David,Terans,David Terans,2462,Uruguay,Montevideo,Uruguay,1994-08-11 00:00:00,Attacking Midfield,Midfield,left,176.0,2026-12-31 00:00:00,2.0,0.0,,BRA1,Fluminense Football Club,1000000.0,6000000.0,David Terans,FW,Fluminense,217.0,0.0,0.0,0.2,0.0,1.0,5.0,6.0,4.0,6.0,0.0,6.0,4.0,1.0,0.0
262851,Emanuel,Brítez,Emanuel Brítez,2125,Argentina,Santa Fe,Argentina,1992-03-26 00:00:00,Centre-Back,Defender,right,178.0,2027-06-30 00:00:00,,,,BRA1,Esporte Clube Vitória,,,Emanuel Brítez,CB,Fortaleza,2503.0,0.0,2.0,1.1,2.0,63.0,12.0,14.0,10.0,34.0,3.0,60.0,33.0,11.0,2.0
264014,Sergio,Rochet,Sergio Rochet,6600,Uruguay,Nueva Palmira,Uruguay,1993-03-23 00:00:00,Goalkeeper,Goalkeeper,right,189.0,2026-12-31 00:00:00,36.0,0.0,,BRA1,Sport Club Internacional,1800000.0,4000000.0,Sergio Rochet,GK,Internacional,2520.0,0.0,0.0,0.0,0.0,0.0,0.0,0.0,0.0,3.0,0.0,1.0,0.0,4.0,0.0
265693,,Luiz Otávio,Luiz Otávio,2029,Brazil,Carmo,Brazil,1988-09-14 00:00:00,Centre-Back,Defender,right,190.0,2026-12-31 00:00:00,,,,BRA1,Ceará Sporting Club,,,,,,,,,,,,,,,,,,,,
266070,Gastón,Guruceaga,Gastón Guruceaga,10492,Uruguay,Artigas,Uruguay,1995-03-15 00:00:00,Goalkeeper,Goalkeeper,left,194.0,2026-11-30 00:00:00,0.0,0.0,,BRA1,Esporte Clube Juventude,,,,,,,,,,,,,,,,,,,,
267849,,Romarinho,Romarinho,8718,Brazil,Ceará-Mirim,Brazil,1994-03-01 00:00:00,Right Winger,Attack,right,168.0,2026-11-30 00:00:00,,,,BRA1,Sport Club do Recife,,,,,,,,,,,,,,,,,,,,
268506,Fabrizio,Angileri,Fabrizio Angileri,199,Argentina,Junín,Argentina,1994-03-15 00:00:00,Left-Back,Defender,left,185.0,2026-12-31 00:00:00,,,,BRA1,Sport Club Corinthians Paulista,400000.0,4300000.0,,,,,,,,,,,,,,,,,,
269860,,Walter,Walter,3876,Brazil,Jaú,Brazil,1987-11-18 00:00:00,Goalkeeper,Goalkeeper,right,188.0,2026-12-31 00:00:00,,,,BRA1,Mirasol Futebol Clube,150000.0,1500000.0,Walter,GK,Cuiabá,3240.0,0.0,0.0,0.0,0.0,0.0,0.0,2.0,2.0,7.0,2.0,1.0,0.0,5.0,0.0
270188,Lucas,Evangelista,Lucas Evangelista,1023,Brazil,Limeira,Brazil,1995-02-06 00:00:00,Central Midfield,Midfield,left,181.0,2027-12-31 00:00:00,10.0,1.0,,BRA1,Sociedade Esportiva Palmeiras,4000000.0,5000000.0,Lucas Evangelista,DM,Red Bull Bragantino,2540.0,2.0,3.0,2.5,1.6,132.0,26.0,34.0,15.0,73.0,6.0,48.0,29.0,4.0,0.0
270420,,João Ricardo,João Ricardo,10870,Brazil,Mariano Moro,Brazil,1988-09-06 00:00:00,Goalkeeper,Goalkeeper,right,186.0,2027-12-31 00:00:00,,,,BRA1,Fortaleza Esporte Clube,,,João Ricardo Riedi,GK,Fortaleza,3420.0,0.0,0.0,0.0,0.0,0.0,0.0,1.0,1.0,8.0,1.0,2.0,0.0,2.0,0.0
273000,Júnior,Alonso,Júnior Alonso,330,Paraguay,Asunción,Paraguay,1993-02-09 00:00:00,Centre-Back,Defender,left,185.0,2026-12-31 00:00:00,76.0,3.0,,BRA1,Clube Atlético Mineiro,1500000.0,8000000.0,Júnior Alonso,CB,Atlético Mineiro,956.0,1.0,0.0,0.2,0.0,45.0,16.0,5.0,3.0,15.0,1.0,18.0,5.0,2.0,0.0
273438,Danilo,Barbosa,Danilo Barbosa,537,Brazil,Simões Filho,Brazil,1996-02-28 00:00:00,Defensive Midfield,Midfield,right,183.0,2028-06-30 00:00:00,11.0,2.0,,BRA1,S. A. F. Botafogo,2000000.0,10000000.0,Danilo Barbosa,"CB,CM",Botafogo (RJ),1153.0,3.0,1.0,1.4,0.4,53.0,9.0,19.0,13.0,23.0,3.0,29.0,15.0,4.0,0.0
275412,,João Paulo,João Paulo,221,Brazil,Dourados,Brazil,1995-06-29 00:00:00,Goalkeeper,Goalkeeper,right,188.0,2027-12-31 00:00:00,,,,BRA1,Santos Futebol Clube,2000000.0,7000000.0,,,,,,,,,,,,,,,,,,
276877,,Daniel Borges,Daniel Borges,3876,Brazil,São José dos Campos,Brazil,1993-03-23 00:00:00,Right-Back,Defender,right,174.0,2026-12-31 00:00:00,,,,BRA1,Mirasol Futebol Clube,300000.0,800000.0,,,,,,,,,,,,,,,,,,
277335,,Bruno Henrique,Bruno Henrique,6600,Brazil,Apucarana,Brazil,1989-10-21 00:00:00,Central Midfield,Midfield,right,180.0,2026-12-31 00:00:00,,,,BRA1,Sport Club Internacional,300000.0,4500000.0,,,,,,,,,,,,,,,,,,
277743,,Alex Muralha,Alex Muralha,3876,Brazil,Três Corações,Brazil,1989-11-10 00:00:00,Goalkeeper,Goalkeeper,right,189.0,2026-12-31 00:00:00,0.0,0.0,,BRA1,Mirasol Futebol Clube,75000.0,3500000.0,,,,,,,,,,,,,,,,,,
282145,Jorge,Recalde,Jorge Recalde,2029,Paraguay,Asunción,Paraguay,1992-05-08 00:00:00,Attacking Midfield,Midfield,both,178.0,2026-12-31 00:00:00,2.0,0.0,,BRA1,Ceará Sporting Club,,,,,,,,,,,,,,,,,,,,
284727,Jonathan,Calleri,Jonathan Calleri,585,Argentina,Buenos Aires,Argentina,1993-09-23 00:00:00,Centre-Forward,Attack,right,181.0,2026-12-31 00:00:00,3.0,1.0,,BRA1,São Paulo Futebol Clube,1500000.0,10000000.0,Jonathan Calleri,FW,São Paulo,2047.0,5.0,4.0,5.4,1.2,27.0,24.0,22.0,11.0,47.0,11.0,11.0,8.0,6.0,0.0
285548,Fabián,Balbuena,Fabián Balbuena,210,Paraguay,Ciudad del Este,Paraguay,1991-08-23 00:00:00,Centre-Back,Defender,right,188.0,2027-06-30 00:00:00,47.0,2.0,3581.0,BRA1,Grêmio Foot-Ball Porto Alegrense,900000.0,12000000.0,,,,,,,,,,,,,,,,,,
286772,,Vinícius,Vinícius,10870,Brazil,Guarulhos,Brazil,1994-03-28 00:00:00,Goalkeeper,Goalkeeper,right,195.0,2026-12-31 00:00:00,,,,BRA1,Fortaleza Esporte Clube,1200000.0,1500000.0,,,,,,,,,,,,,,,,,,
288415,,Léo Jardim,Léo Jardim,978,Brazil,Ribeirão Preto,Brazil,1995-03-20 00:00:00,Goalkeeper,Goalkeeper,right,188.0,2030-12-31 00:00:00,0.0,0.0,,BRA1,Club de Regatas Vasco da Gama,7000000.0,7000000.0,Léo Jardim,GK,Vasco da Gama,3420.0,0.0,0.0,0.0,0.0,0.0,0.0,0.0,0.0,5.0,1.0,0.0,0.0,0.0,0.0
288431,,Léo Pereira,Léo Pereira,614,Brazil,Curitiba,Brazil,1996-01-31 00:00:00,Centre-Back,Defender,left,189.0,2027-12-31 00:00:00,4.0,0.0,,BRA1,Clube de Regatas do Flamengo,12000000.0,12000000.0,,,,,,,,,,,,,,,,,,
290388,Rafael,Ramos,Rafael Ramos,2029,Portugal,Seia,Portugal,1995-01-09 00:00:00,Right-Back,Defender,right,174.0,2026-12-31 00:00:00,2.0,0.0,,BRA1,Ceará Sporting Club,700000.0,800000.0,,,,,,,,,,,,,,,,,,
291963,,Fernando Miguel,Fernando Miguel,2029,Brazil,Venâncio Aires,Brazil,1985-02-02 00:00:00,Goalkeeper,Goalkeeper,left,191.0,,,,,BRA1,Ceará Sporting Club,,,,,,,,,,,,,,,,,,,,
292731,,Danielzinho,Danielzinho,585,Brazil,Andradina,Brazil,1994-11-04 00:00:00,Central Midfield,Midfield,right,166.0,2027-12-31 00:00:00,,,,BRA1,São Paulo Futebol Clube,1000000.0,1000000.0,Danielzinho,AM,Atlético Goianiense,103.0,0.0,0.0,0.0,0.1,16.0,4.0,1.0,1.0,8.0,0.0,1.0,0.0,0.0,0.0
294798,,Nathan,Nathan,210,Brazil,Blumenau,Brazil,1996-03-13 00:00:00,Attacking Midfield,Midfield,right,177.0,,9.0,1.0,,BRA1,Grêmio Foot-Ball Porto Alegrense,2000000.0,3000000.0,,,,,,,,,,,,,,,,,,
294873,,Thiago Maia,Thiago Maia,6600,Brazil,Boa Vista,Brazil,1997-03-23 00:00:00,Defensive Midfield,Midfield,left,179.0,2026-12-31 00:00:00,1.0,0.0,,BRA1,Sport Club Internacional,2500000.0,9000000.0,Thiago Maia,CM,Internacional,1896.0,2.0,4.0,2.3,2.4,104.0,22.0,22.0,14.0,55.0,8.0,40.0,21.0,4.0,0.0
303140,Mauricio,Lemos,Mauricio Lemos,978,Uruguay,Rivera,Uruguay,1995-12-28 00:00:00,Centre-Back,Defender,right,187.0,2026-12-31 00:00:00,3.0,0.0,,BRA1,Club de Regatas Vasco da Gama,1500000.0,10000000.0,Mauricio Lemos,CB,Atlético Mineiro,382.0,0.0,0.0,0.1,0.1,17.0,6.0,2.0,1.0,1.0,0.0,3.0,5.0,3.0,0.0
305428,,Zé Roberto,Zé Roberto,8718,Brazil,Teixeira de Freitas,Brazil,1993-09-14 00:00:00,Centre-Forward,Attack,right,184.0,2026-11-30 00:00:00,,,,BRA1,Sport Club do Recife,,,,,,,,,,,,,,,,,,,,
309193,Jefferson,Savarino,Jefferson Savarino,2462,Venezuela,Maracaibo,Venezuela,1996-11-11 00:00:00,Attacking Midfield,Midfield,right,168.0,2029-12-31 00:00:00,51.0,4.0,,BRA1,Fluminense Football Club,8000000.0,10000000.0,Jefferson Savarino,"RM,LM",Botafogo (RJ),2009.0,8.0,7.0,4.8,6.6,124.0,46.0,19.0,8.0,115.0,11.0,8.0,9.0,3.0,0.0
312294,Yeferson,Soteldo,Yeferson Soteldo,2462,Venezuela,Acarigua,Venezuela,1997-06-30 00:00:00,Left Winger,Attack,right,160.0,2028-12-31 00:00:00,54.0,4.0,,BRA1,Fluminense Football Club,3500000.0,10000000.0,Yeferson Soteldo,LW,Grêmio,1592.0,5.0,2.0,2.9,4.6,77.0,116.0,118.0,61.0,89.0,4.0,14.0,10.0,1.0,0.0
312314,,Otávio,Otávio,2462,Brazil,Maceió,Brazil,1994-05-04 00:00:00,Defensive Midfield,Midfield,right,173.0,2027-12-31 00:00:00,0.0,0.0,,BRA1,Fluminense Football Club,1200000.0,8000000.0,Otávio,CM,Atlético Mineiro,1917.0,0.0,0.0,0.0,0.2,89.0,18.0,17.0,10.0,32.0,2.0,57.0,32.0,2.0,0.0
312678,,Léo Duarte,Léo Duarte,330,Brazil,Mococa,Brazil,1996-07-17 00:00:00,Centre-Back,Defender,right,183.0,2030-12-31 00:00:00,,,,BRA1,Clube Atlético Mineiro,2500000.0,8000000.0,,,,,,,,,,,,,,,,,,
312862,,Dalbert,Dalbert,8718,Brazil,Barra Mansa,Brazil,1993-09-08 00:00:00,Left-Back,Defender,left,181.0,2026-11-30 00:00:00,,,,BRA1,Sport Club do Recife,1000000.0,12000000.0,,,,,,,,,,,,,,,,,,
315169,Luciano,Acosta,Luciano Acosta,2462,Argentina,Rosario,Argentina,1994-05-31 00:00:00,Attacking Midfield,Midfield,right,160.0,2028-12-31 00:00:00,,,,BRA1,Fluminense Football Club,5000000.0,8000000.0,,,,,,,,,,,,,,,,,,
321239,,Everton,Everton,614,Brazil,Fortaleza,Brazil,1996-03-22 00:00:00,Left Winger,Attack,right,174.0,2026-12-31 00:00:00,25.0,3.0,,BRA1,Clube de Regatas do Flamengo,7000000.0,40000000.0,Everton,FW,Grêmio,482.0,0.0,0.0,0.1,0.7000000000000001,12.0,11.0,23.0,11.0,12.0,0.0,6.0,5.0,5.0,0.0
323740,Aitor,Cantalapiedra,Aitor Cantalapiedra,2125,Spain,Barcelona,Spain,1996-02-10 00:00:00,Attacking Midfield,Midfield,left,177.0,2027-06-30 00:00:00,,,,BRA1,Esporte Clube Vitória,1800000.0,2500000.0,,,,,,,,,,,,,,,,,,
323850,,Zé Marcos,Zé Marcos,2125,Brazil,Americana,Brazil,1998-02-01 00:00:00,Centre-Back,Defender,left,188.0,2026-11-30 00:00:00,6.0,0.0,,BRA1,Esporte Clube Vitória,,,Zé Marcos,CB,Juventude,1951.0,0.0,0.0,0.9,0.1,42.0,5.0,3.0,2.0,10.0,2.0,30.0,25.0,12.0,2.0
323929,Bruno,Bertinato,Bruno Bertinato,3876,Brazil,Curitiba,Brazil,1998-05-31 00:00:00,Goalkeeper,Goalkeeper,left,194.0,2026-12-31 00:00:00,3.0,0.0,,BRA1,Mirasol Futebol Clube,200000.0,200000.0,,,,,,,,,,,,,,,,,,
323934,Matheus,Pereira,Matheus Pereira,199,Brazil,São Paulo,Brazil,1998-02-25 00:00:00,Central Midfield,Midfield,left,183.0,2026-12-31 00:00:00,3.0,0.0,,BRA1,Sport Club Corinthians Paulista,2500000.0,2500000.0,,,,,,,,,,,,,,,,,,
323954,,Walace,Walace,2125,Brazil,Salvador,Brazil,1995-04-04 00:00:00,Defensive Midfield,Midfield,right,188.0,2026-12-31 00:00:00,5.0,0.0,,BRA1,Esporte Clube Vitória,2500000.0,14000000.0,Walace,CM,Cruzeiro,462.0,0.0,0.0,0.1,0.0,25.0,11.0,6.0,4.0,6.0,0.0,10.0,0.0,2.0,0.0
325196,,Zeca,Zeca,3876,Brazil,Paranavaí,Brazil,1994-05-16 00:00:00,Right-Back,Defender,both,169.0,2026-12-31 00:00:00,2.0,0.0,,BRA1,Mirasol Futebol Clube,,,Zeca,RB,Vitória,388.0,0.0,0.0,0.1,0.2,17.0,14.0,4.0,2.0,10.0,0.0,10.0,4.0,1.0,0.0
329738,,Reginaldo,Reginaldo,10492,Brazil,Salvador,Brazil,1993-02-22 00:00:00,Right-Back,Defender,right,174.0,2026-11-30 00:00:00,,,,BRA1,Esporte Clube Juventude,,,,,,,,,,,,,,,,,,,,
329843,,Neto Moura,Neto Moura,3876,Brazil,Atalaia,Brazil,1996-08-06 00:00:00,Defensive Midfield,Midfield,right,176.0,2026-12-31 00:00:00,,,,BRA1,Mirasol Futebol Clube,2000000.0,2000000.0,,,,,,,,,,,,,,,,,,
329845,,Aylon,Aylon,2029,Brazil,Esteio,Brazil,1992-04-07 00:00:00,Centre-Forward,Attack,right,180.0,2026-11-30 00:00:00,,,,BRA1,Ceará Sporting Club,,,,,,,,,,,,,,,,,,,,
330085,Gustavo,Scarpa,Gustavo Scarpa,330,Brazil,Campinas,Brazil,1994-01-05 00:00:00,Attacking Midfield,Midfield,left,177.0,2027-12-31 00:00:00,1.0,0.0,,BRA1,Clube Atlético Mineiro,4500000.0,12000000.0,Gustavo Scarpa,AM,Atlético Mineiro,2155.0,4.0,4.0,4.0,3.6,136.0,87.0,48.0,22.0,101.0,9.0,40.0,12.0,5.0,0.0
334229,Pablo,Vegetti,Pablo Vegetti,978,Argentina,Santo Domingo,Argentina,1988-10-15 00:00:00,Centre-Forward,Attack,right,187.0,2028-12-31 00:00:00,,,,BRA1,Club de Regatas Vasco da Gama,,,Pablo Vegetti,FW,Vasco da Gama,2986.0,12.0,2.0,12.8,2.6,37.0,10.0,17.0,3.0,47.0,5.0,16.0,21.0,7.0,0.0
336697,Philipe,Sampaio,Philipe Sampaio,537,Brazil,São Paulo,Brazil,1994-11-11 00:00:00,Centre-Back,Defender,right,191.0,2026-11-30 00:00:00,,,,BRA1,S. A. F. Botafogo,500000.0,1700000.0,Philipe Sampaio,CB,Atlético Goianiense,90.0,0.0,0.0,0.1,0.2,3.0,0.0,0.0,0.0,2.0,0.0,1.0,1.0,0.0,0.0
338861,,Hyoran,Hyoran,8718,Brazil,Chapecó,Brazil,1993-05-25 00:00:00,Attacking Midfield,Midfield,right,174.0,2027-11-30 00:00:00,,,,BRA1,Sport Club do Recife,,,Hyoran,FW,Internacional,335.0,0.0,0.0,0.9,0.1,11.0,9.0,8.0,2.0,12.0,0.0,8.0,4.0,0.0,0.0
341701,,Igor Rabello,Igor Rabello,2462,Brazil,Rio de Janeiro,Brazil,1995-04-28 00:00:00,Centre-Back,Defender,right,190.0,2027-12-31 00:00:00,1.0,0.0,,BRA1,Fluminense Football Club,1400000.0,3500000.0,Igor Rabello,CB,Atlético Mineiro,962.0,0.0,1.0,0.3,0.2,20.0,2.0,2.0,1.0,9.0,0.0,20.0,14.0,3.0,1.0
341705,,Gerson,Gerson,609,Brazil,Belford Roxo,Brazil,1997-05-20 00:00:00,Central Midfield,Midfield,left,184.0,2030-12-31 00:00:00,14.0,1.0,,BRA1,Cruzeiro Esporte Clube,18000000.0,25000000.0,Gerson,LB,Flamengo,2457.0,3.0,6.0,2.1,3.6,181.0,71.0,80.0,36.0,111.0,16.0,57.0,23.0,3.0,0.0
341710,,William,William,609,Brazil,Pelotas,Brazil,1995-04-03 00:00:00,Right-Back,Defender,right,171.0,2026-12-31 00:00:00,0.0,0.0,,BRA1,Cruzeiro Esporte Clube,3000000.0,14000000.0,William,RB,Cruzeiro,2963.0,5.0,5.0,4.5,4.6,139.0,83.0,85.0,36.0,92.0,10.0,97.0,52.0,8.0,0.0
342024,,João Pedro,João Pedro,210,Brazil,Presidente Prudente,Brazil,1996-11-15 00:00:00,Right-Back,Defender,right,179.0,2027-12-31 00:00:00,0.0,0.0,,BRA1,Grêmio Foot-Ball Porto Alegrense,1500000.0,4000000.0,,,,,,,,,,,,,,,,,,
344626,,Lucas Crispim,Lucas Crispim,10870,Brazil,Brasília,Brazil,1994-06-19 00:00:00,Attacking Midfield,Midfield,right,178.0,2026-12-31 00:00:00,,,,BRA1,Fortaleza Esporte Clube,,,,,,,,,,,,,,,,,,,,
344676,Alan,Benítez,Alan Benítez,6600,Paraguay,Asunción,Paraguay,1994-01-25 00:00:00,Right-Back,Defender,right,177.0,2026-12-31 00:00:00,8.0,0.0,,BRA1,Sport Club Internacional,,,,,,,,,,,,,,,,,,,,
346766,Guilherme,Arana,Guilherme Arana,2462,Brazil,São Paulo,Brazil,1997-04-14 00:00:00,Left-Back,Defender,left,176.0,2029-12-31 00:00:00,13.0,0.0,,BRA1,Fluminense Football Club,6000000.0,14000000.0,Guilherme Arana,WB,Atlético Mineiro,1213.0,1.0,1.0,0.5,1.0,90.0,41.0,23.0,10.0,46.0,3.0,21.0,13.0,5.0,0.0
346935,,Yago Felipe,Yago Felipe,10010,Brazil,Limoeiro do Norte,Brazil,1995-02-03 00:00:00,Central Midfield,Midfield,right,174.0,2026-11-30 00:00:00,,,,BRA1,Esporte Clube Bahia,,,Yago,RM,Bahia,68.0,0.0,0.0,0.0,0.0,3.0,1.0,0.0,0.0,1.0,0.0,4.0,2.0,3.0,0.0
347913,,Luan Peres,Luan Peres,221,Brazil,São Caetano do Sul,Brazil,1994-07-19 00:00:00,Centre-Back,Defender,left,190.0,2027-12-31 00:00:00,,,,BRA1,Santos Futebol Clube,700000.0,7000000.0,,,,,,,,,,,,,,,,,,
348354,Tomás,Pochettino,Tomás Pochettino,2125,Argentina,Rafaela,Argentina,1996-02-01 00:00:00,Attacking Midfield,Midfield,right,180.0,2026-12-31 00:00:00,,,,BRA1,Esporte Clube Vitória,,,Tomas Pochettino,CM,Fortaleza,1648.0,5.0,6.0,2.9,4.5,89.0,57.0,41.0,20.0,83.0,10.0,27.0,27.0,3.0,0.0
348769,Marcelo,Hermes,Marcelo Hermes,10492,Brazil,Sarandi,Brazil,1995-02-01 00:00:00,Left-Back,Defender,left,177.0,2026-12-31 00:00:00,,,,BRA1,Esporte Clube Juventude,450000.0,750000.0,Marcelo Hermes,LB,Criciúma,3205.0,2.0,5.0,1.5,2.9,131.0,50.0,35.0,16.0,111.0,10.0,57.0,41.0,4.0,0.0
349166,,Chico Kim,Chico Kim,3876,Brazil,Cascavel,Brazil,1991-05-16 00:00:00,Attacking Midfield,Midfield,right,175.0,2026-12-31 00:00:00,,,,BRA1,Mirasol Futebol Clube,150000.0,650000.0,,,,,,,,,,,,,,,,,,
349443,Ricardo,Ryller,Ricardo Ryller,2125,Brazil,Tangará da Serra,Brazil,1994-02-27 00:00:00,Defensive Midfield,Midfield,right,184.0,,,,,BRA1,Esporte Clube Vitória,900000.0,1500000.0,,,,,,,,,,,,,,,,,,
349513,,Neris,Neris,2125,Brazil,Tucuruí,Brazil,1992-06-17 00:00:00,Centre-Back,Defender,right,192.0,2026-12-31 00:00:00,,,,BRA1,Esporte Clube Vitória,200000.0,2000000.0,Neris,CB,Cruzeiro,1663.0,1.0,0.0,0.3,0.0,43.0,10.0,10.0,8.0,10.0,1.0,33.0,23.0,3.0,1.0
349585,,Ayrton Lucas,Ayrton Lucas,614,Brazil,Carnaúba dos Dantas,Brazil,1997-06-19 00:00:00,Left-Back,Defender,left,180.0,2027-12-31 00:00:00,2.0,0.0,,BRA1,Clube de Regatas do Flamengo,4000000.0,9000000.0,Ayrton Lucas,RB,Flamengo,2393.0,3.0,3.0,1.3,2.0,106.0,59.0,67.0,32.0,59.0,5.0,50.0,23.0,3.0,0.0
351892,,Matheus Fernandes,Matheus Fernandes,8793,Brazil,Itaboraí,Brazil,1998-06-30 00:00:00,Defensive Midfield,Midfield,right,183.0,2027-12-31 00:00:00,2.0,0.0,,BRA1,Red Bull Bragantino,1000000.0,4000000.0,Matheus Fernandes,LM,Red Bull Bragantino,846.0,1.0,1.0,0.5,0.6,38.0,7.0,13.0,10.0,19.0,2.0,39.0,17.0,5.0,0.0
352324,Agustín,Rossi,Agustín Rossi,614,Argentina,San Martín,Argentina,1995-08-21 00:00:00,Goalkeeper,Goalkeeper,right,193.0,2027-12-31 00:00:00,0.0,0.0,,BRA1,Clube de Regatas do Flamengo,10000000.0,10000000.0,Agustín Rossi,GK,Flamengo,3150.0,0.0,0.0,0.0,0.1,3.0,0.0,2.0,1.0,7.0,0.0,1.0,0.0,1.0,0.0
353108,,Bruno Henrique,Bruno Henrique,614,Brazil,Belo Horizonte,Brazil,1990-12-30 00:00:00,Centre-Forward,Attack,right,184.0,2027-12-31 00:00:00,2.0,0.0,,BRA1,Clube de Regatas do Flamengo,750000.0,6500000.0,,,,,,,,,,,,,,,,,,
354145,Jorge,Carrascal,Jorge Carrascal,614,Colombia,Cartagena de Indias,Colombia,1998-05-25 00:00:00,Attacking Midfield,Midfield,right,180.0,2029-06-30 00:00:00,24.0,2.0,,BRA1,Clube de Regatas do Flamengo,13000000.0,13000000.0,,,,,,,,,,,,,,,,,,
355496,,Lucas Cunha,Lucas Cunha,8793,Brazil,Três Lagoas,Brazil,1997-01-23 00:00:00,Centre-Back,Defender,right,186.0,2026-11-30 00:00:00,6.0,0.0,,BRA1,Red Bull Bragantino,2500000.0,2500000.0,Lucas Cunha,CB,Red Bull Bragantino,782.0,0.0,0.0,0.1,0.1,22.0,0.0,0.0,0.0,3.0,0.0,9.0,9.0,1.0,0.0
360526,Emmanuel,Martínez,Emmanuel Martínez,2125,Argentina,Tandil,Argentina,1994-06-04 00:00:00,Attacking Midfield,Midfield,right,169.0,2027-12-31 00:00:00,,,,BRA1,Esporte Clube Vitória,1200000.0,2000000.0,Leandro Emmanuel Martínez,LM,Fortaleza,1011.0,1.0,4.0,1.0,1.8,50.0,14.0,27.0,15.0,42.0,10.0,27.0,21.0,4.0,0.0
362667,Mateo,Cassierra,Mateo Cassierra,330,Colombia,Barbacoas,Colombia,1997-04-13 00:00:00,Centre-Forward,Attack,right,186.0,2029-12-31 00:00:00,3.0,1.0,,BRA1,Clube Atlético Mineiro,8000000.0,11000000.0,,,,,,,,,,,,,,,,,,
362842,,Arthur Melo,Arthur Melo,210,Brazil,Goiânia,Brazil,1996-08-12 00:00:00,Central Midfield,Midfield,right,172.0,2026-06-30 00:00:00,22.0,1.0,,BRA1,Grêmio Foot-Ball Porto Alegrense,4000000.0,70000000.0,,,,,,,,,,,,,,,,,,
363174,,Rodrigo Sam,Rodrigo Sam,10492,Brazil,Marília,Brazil,1995-07-24 00:00:00,Centre-Back,Defender,right,187.0,2027-12-31 00:00:00,,,,BRA1,Esporte Clube Juventude,,,Rodrigo Sam,CB,Juventude,803.0,1.0,0.0,0.5,0.1,22.0,2.0,3.0,3.0,3.0,0.0,14.0,13.0,4.0,1.0
363794,,Carlos Eduardo,Carlos Eduardo,3876,Brazil,Nerópolis,Brazil,1996-10-10 00:00:00,Right Winger,Attack,right,173.0,2026-12-31 00:00:00,,,,BRA1,Mirasol Futebol Clube,500000.0,4000000.0,Carlos Eduardo,FW,Atlético Mineiro,2210.0,3.0,3.0,3.9,1.7000000000000002,66.0,39.0,49.0,27.0,63.0,6.0,45.0,17.0,5.0,0.0
364261,,Tchê Tchê,Tchê Tchê,978,Brazil,São Paulo,Brazil,1992-08-30 00:00:00,Central Midfield,Midfield,both,175.0,2026-12-31 00:00:00,,,,BRA1,Club de Regatas Vasco da Gama,800000.0,5000000.0,Tchê Tchê,CM,Botafogo (RJ),1570.0,0.0,0.0,0.4,2.8000000000000003,94.0,30.0,15.0,10.0,54.0,5.0,16.0,10.0,2.0,1.0
364972,,Marlon Freitas,Marlon Freitas,1023,Brazil,Magé,Brazil,1995-03-27 00:00:00,Defensive Midfield,Midfield,right,185.0,2028-12-31 00:00:00,,,,BRA1,Sociedade Esportiva Palmeiras,6000000.0,7000000.0,Marlon Freitas,CM,Botafogo (RJ),2425.0,0.0,5.0,1.6,4.4,263.0,44.0,10.0,5.0,96.0,10.0,43.0,33.0,6.0,0.0
365368,,Matheuzinho,Matheuzinho,2125,Brazil,Capivari de Baixo,Brazil,1997-10-18 00:00:00,Attacking Midfield,Midfield,left,165.0,2029-12-31 00:00:00,,,,BRA1,Esporte Clube Vitória,3000000.0,3000000.0,,,,,,,,,,,,,,,,,,
366450,,Iury Castilho,Iury Castilho,3876,Brazil,Rio de Janeiro,Brazil,1995-09-06 00:00:00,Centre-Forward,Attack,right,185.0,2026-12-31 00:00:00,,,,BRA1,Mirasol Futebol Clube,700000.0,700000.0,,,,,,,,,,,,,,,,,,
371009,,Rony,Rony,221,Brazil,Magalhães Barata,Brazil,1995-05-11 00:00:00,Centre-Forward,Attack,right,167.0,2029-12-31 00:00:00,3.0,0.0,,BRA1,Santos Futebol Clube,4500000.0,13000000.0,Rony,LW,Palmeiras,1721.0,4.0,2.0,8.0,2.6,20.0,22.0,23.0,13.0,59.0,4.0,21.0,11.0,4.0,0.0
371025,,Ramon Menezes,Ramon Menezes,2029,Brazil,Feira de Santana,Brazil,1995-05-03 00:00:00,Centre-Back,Defender,right,186.0,2026-12-31 00:00:00,,,,BRA1,Ceará Sporting Club,,,,,,,,,,,,,,,,,,,,
371247,Gabriel,Brazão,Gabriel Brazão,221,Brazil,Uberlândia,Brazil,2000-10-05 00:00:00,Goalkeeper,Goalkeeper,right,192.0,2028-12-31 00:00:00,0.0,0.0,,BRA1,Santos Futebol Clube,12000000.0,12000000.0,,,,,,,,,,,,,,,,,,
371250,,Edu Ribeiro,Edu Ribeiro,2125,Brazil,Belo Horizonte,Brazil,2000-06-16 00:00:00,Centre-Back,Defender,right,185.0,2028-12-31 00:00:00,4.0,0.0,,BRA1,Esporte Clube Vitória,800000.0,800000.0,,,,,,,,,,,,,,,,,,
371968,,Clayton,Clayton,6600,Brazil,Santos,Brazil,2000-04-04 00:00:00,Centre-Back,Defender,right,187.0,2028-12-31 00:00:00,4.0,0.0,,BRA1,Sport Club Internacional,700000.0,1000000.0,Clayton,FW,Vasco da Gama,681.0,0.0,0.0,0.9,0.3,17.0,2.0,2.0,2.0,7.0,0.0,7.0,5.0,1.0,0.0
371996,,Alerrandro,Alerrandro,6600,Brazil,Lavras,Brazil,2000-01-12 00:00:00,Centre-Forward,Attack,right,181.0,2026-12-31 00:00:00,0.0,0.0,,BRA1,Sport Club Internacional,3000000.0,4000000.0,Alerrandro,FW,Vitória,2387.0,15.0,4.0,11.0,2.6,55.0,16.0,24.0,10.0,68.0,7.0,24.0,29.0,4.0,0.0
373170,Cristian,Pavón,Cristian Pavón,210,Argentina,Anisacate,Argentina,1996-01-21 00:00:00,Right-Back,Defender,right,174.0,2026-12-31 00:00:00,11.0,0.0,,BRA1,Grêmio Foot-Ball Porto Alegrense,1700000.0,20000000.0,Cristian Pavón,RW,Grêmio,1087.0,1.0,3.0,2.7,2.3,43.0,29.0,40.0,18.0,47.0,6.0,13.0,12.0,4.0,0.0
373174,,Dodi,Dodi,210,Brazil,Santo Antônio do Sudoeste,Brazil,1996-04-17 00:00:00,Defensive Midfield,Midfield,right,169.0,2026-12-31 00:00:00,,,,BRA1,Grêmio Foot-Ball Porto Alegrense,700000.0,1000000.0,Dodi,CM,Grêmio,2319.0,0.0,2.0,0.8,1.1,79.0,24.0,35.0,22.0,30.0,3.0,78.0,29.0,6.0,1.0
373189,,David,David,978,Brazil,Serra,Brazil,1995-10-17 00:00:00,Left Winger,Attack,right,179.0,2027-12-31 00:00:00,,,,BRA1,Club de Regatas Vasco da Gama,1500000.0,2000000.0,David,LW,Vasco da Gama,1662.0,4.0,3.0,1.9,1.7,50.0,43.0,66.0,39.0,48.0,5.0,21.0,12.0,7.0,1.0
373193,,Yuri Lara,Yuri Lara,3876,Brazil,Rio de Janeiro,Brazil,1994-04-20 00:00:00,Defensive Midfield,Midfield,right,173.0,2026-12-31 00:00:00,,,,BRA1,Mirasol Futebol Clube,500000.0,1000000.0,,,,,,,,,,,,,,,,,,
373433,,Adryelson,Adryelson,537,Brazil,Barão de Grajaú,Brazil,1998-03-23 00:00:00,Centre-Back,Defender,right,182.0,,0.0,0.0,,BRA1,S. A. F. Botafogo,3000000.0,8000000.0,Adryelson,CB,Botafogo (RJ),580.0,1.0,0.0,0.2,0.3,22.0,2.0,0.0,0.0,8.0,0.0,4.0,5.0,0.0,0.0
373446,,David Duarte,David Duarte,10010,Brazil,Rio Grande,Brazil,1995-01-24 00:00:00,Centre-Back,Defender,right,193.0,2027-12-31 00:00:00,,,,BRA1,Esporte Clube Bahia,1500000.0,1500000.0,David Duarte,CB,Bahia,255.0,1.0,0.0,0.1,0.0,11.0,3.0,0.0,0.0,0.0,0.0,1.0,3.0,0.0,0.0
374136,,Léo Ortiz,Léo Ortiz,614,Brazil,Porto Alegre,Brazil,1996-01-03 00:00:00,Centre-Back,Defender,right,185.0,2028-12-31 00:00:00,2.0,0.0,,BRA1,Clube de Regatas do Flamengo,12000000.0,15000000.0,Leo Ortiz,CB,Flamengo,1878.0,1.0,2.0,1.0,1.3,138.0,16.0,13.0,7.0,32.0,2.0,31.0,17.0,2.0,0.0
375690,,Éder,Éder,2029,Brazil,Gurupi,Brazil,1995-04-05 00:00:00,Centre-Back,Defender,right,184.0,2026-12-31 00:00:00,,,,BRA1,Ceará Sporting Club,,,Éder,FW,Criciúma,764.0,0.0,0.0,0.9,1.1,22.0,13.0,10.0,1.0,22.0,2.0,7.0,2.0,5.0,0.0
378189,,Lucas Ramon,Lucas Ramon,585,Brazil,Montes Claros,Brazil,1994-03-07 00:00:00,Right-Back,Defender,right,180.0,2027-12-31 00:00:00,,,,BRA1,São Paulo Futebol Clube,700000.0,750000.0,,,,,,,,,,,,,,,,,,
378871,Carlos,Coronel,Carlos Coronel,585,Brazil,Corumbá,Paraguay,1996-12-29 00:00:00,Goalkeeper,Goalkeeper,right,192.0,2028-12-31 00:00:00,9.0,0.0,,BRA1,São Paulo Futebol Clube,1500000.0,1500000.0,,,,,,,,,,,,,,,,,,
379369,,Giovanny,Giovanny,10492,Brazil,São Paulo,Brazil,1997-09-19 00:00:00,Left Winger,Attack,right,175.0,,9.0,1.0,,BRA1,Esporte Clube Juventude,,,,,,,,,,,,,,,,,,,,
379752,Alexander,Barboza,Alexander Barboza,1023,Argentina,Villa Celina,Argentina,1995-03-16 00:00:00,Centre-Back,Defender,left,193.0,2028-12-31 00:00:00,,,,BRA1,Sociedade Esportiva Palmeiras,5000000.0,6000000.0,Alexander Barboza,CB,Botafogo (RJ),2033.0,0.0,1.0,1.5,0.9,89.0,14.0,12.0,8.0,24.0,2.0,30.0,27.0,11.0,2.0
379807,,Lyanco,Lyanco,330,Brazil,Vitória,Brazil,1997-02-01 00:00:00,Centre-Back,Defender,right,187.0,2029-12-31 00:00:00,10.0,0.0,,BRA1,Clube Atlético Mineiro,4500000.0,8000000.0,Lyanco,CB,Atlético Mineiro,904.0,0.0,0.0,0.2,0.2,37.0,9.0,9.0,5.0,5.0,1.0,15.0,15.0,8.0,1.0
381032,,Luizão,Luizão,3876,Brazil,Rio de Janeiro,Brazil,1992-10-09 00:00:00,Centre-Back,Defender,right,194.0,2026-12-31 00:00:00,,,,BRA1,Mirasol Futebol Clube,,,,,,,,,,,,,,,,,,,,
381724,,Victor Sá,Victor Sá,585,Brazil,São José dos Campos,Brazil,1994-03-27 00:00:00,Left Winger,Attack,both,178.0,2029-12-31 00:00:00,,,,BRA1,São Paulo Futebol Clube,2500000.0,4500000.0,,,,,,,,,,,,,,,,,,
383638,,Juninho,Juninho,6600,Brazil,Londrina,Brazil,1995-02-01 00:00:00,Centre-Back,Defender,left,185.0,2027-12-31 00:00:00,,,,BRA1,Sport Club Internacional,700000.0,2250000.0,,,,,,,,,,,,,,,,,,
385271,,Allan,Allan,199,Brazil,Araçatuba,Brazil,1997-03-03 00:00:00,Defensive Midfield,Midfield,left,172.0,2026-12-31 00:00:00,1.0,0.0,,BRA1,Sport Club Corinthians Paulista,2500000.0,7000000.0,,,,,,,,,,,,,,,,,,
387925,,Ronaldo,Ronaldo,10010,Brazil,Salvador,Brazil,1996-08-22 00:00:00,Goalkeeper,Goalkeeper,right,194.0,2029-12-31 00:00:00,,,,BRA1,Esporte Clube Bahia,2000000.0,2000000.0,,,,,,,,,,,,,,,,,,
388519,Kike,Saverio,Kike Saverio,2125,Italy,Genova,Ecuador,1999-06-19 00:00:00,Left Winger,Attack,both,178.0,2026-06-30 00:00:00,0.0,0.0,,BRA1,Esporte Clube Vitória,450000.0,500000.0,,,,,,,,,,,,,,,,,,
389942,,Hayner,Hayner,221,Brazil,Serra,Brazil,1995-10-02 00:00:00,Right-Back,Defender,right,178.0,2026-12-31 00:00:00,,,,BRA1,Santos Futebol Clube,600000.0,600000.0,,,,,,,,,,,,,,,,,,
390638,Arthur,Cabral,Arthur Cabral,537,Brazil,Campina Grande,Brazil,1998-04-25 00:00:00,Centre-Forward,Attack,right,186.0,2028-12-31 00:00:00,0.0,0.0,,BRA1,S. A. F. Botafogo,9000000.0,20000000.0,,,,,,,,,,,,,,,,,,
392487,,Thaciano,Thaciano,221,Brazil,Campina Grande,Brazil,1995-05-12 00:00:00,Attacking Midfield,Midfield,right,182.0,2028-12-31 00:00:00,,,,BRA1,Santos Futebol Clube,1000000.0,2000000.0,Thaciano,FW,Bahia,2343.0,7.0,2.0,5.6000000000000005,2.4,50.0,20.0,20.0,10.0,56.0,5.0,19.0,16.0,6.0,0.0
392809,,Clayson,Clayson,3876,Brazil,Botucatu,Brazil,1995-03-19 00:00:00,Left Winger,Attack,right,166.0,2026-11-30 00:00:00,,,,BRA1,Mirasol Futebol Clube,,,Clayson,LM,Cuiabá,2043.0,5.0,1.0,2.7,1.1,77.0,54.0,78.0,24.0,55.0,8.0,11.0,27.0,6.0,0.0
397458,Nicolás,de la Cruz,Nicolás de la Cruz,614,Uruguay,Montevideo,Uruguay,1997-06-01 00:00:00,Central Midfield,Midfield,right,167.0,2028-06-30 00:00:00,37.0,5.0,,BRA1,Clube de Regatas do Flamengo,8000000.0,18000000.0,Nicolás De La Cruz,DM,Flamengo,1010.0,2.0,3.0,1.6,2.6,104.0,18.0,15.0,8.0,72.0,7.0,20.0,16.0,3.0,0.0
400661,Agustín,Sant'Anna,Agustín Sant'Anna,8793,Uruguay,Montevideo,Uruguay,1997-09-27 00:00:00,Right-Back,Defender,right,173.0,2027-12-31 00:00:00,0.0,0.0,,BRA1,Red Bull Bragantino,3500000.0,3500000.0,,,,,,,,,,,,,,,,,,
400960,Alan,Franco,Alan Franco,330,Ecuador,Alfredo Baquerizo Moreno,Ecuador,1998-08-21 00:00:00,Central Midfield,Midfield,right,175.0,2027-12-31 00:00:00,62.0,1.0,,BRA1,Clube Atlético Mineiro,4500000.0,4500000.0,,,,,,,,,,,,,,,,,,
401533,,Matheusinho,Matheusinho,8718,Brazil,Belo Horizonte,Brazil,1998-02-11 00:00:00,Attacking Midfield,Midfield,right,164.0,2026-12-31 00:00:00,0.0,0.0,,BRA1,Sport Club do Recife,1500000.0,2000000.0,Matheusinho,AM,Criciúma,3494.0,9.0,7.0,6.5,5.1,159.0,68.0,147.0,67.0,151.0,15.0,53.0,25.0,8.0,0.0
404321,Renato,Kayzer,Renato Kayzer,2125,Brazil,Jotaesse,Brazil,1996-02-17 00:00:00,Centre-Forward,Attack,right,176.0,2027-03-31 00:00:00,,,,BRA1,Esporte Clube Vitória,1000000.0,4000000.0,,,,,,,,,,,,,,,,,,
405720,,Diego Gonçalves,Diego Gonçalves,3876,Brazil,Guarujá,Brazil,1994-09-22 00:00:00,Left Winger,Attack,right,182.0,2026-12-31 00:00:00,,,,BRA1,Mirasol Futebol Clube,500000.0,500000.0,Diego Gonçalves,LW,Juventude,192.0,1.0,0.0,0.2,0.0,4.0,2.0,4.0,3.0,4.0,0.0,4.0,3.0,0.0,0.0
405768,,Ronaldo,Ronaldo,6600,Brazil,Itu,Brazil,1996-10-23 00:00:00,Defensive Midfield,Midfield,right,179.0,2026-12-31 00:00:00,,,,BRA1,Sport Club Internacional,2000000.0,2000000.0,,,,,,,,,,,,,,,,,,
406675,,Marlon,Marlon,210,Brazil,Cascavel,Brazil,1997-05-20 00:00:00,Left-Back,Defender,left,178.0,2028-12-31 00:00:00,2.0,0.0,,BRA1,Grêmio Foot-Ball Porto Alegrense,4000000.0,5500000.0,,,,,,,,,,,,,,,,,,
406676,Juninho,Capixaba,Juninho Capixaba,8793,Brazil,Cachoeiro de Itapemirim,Brazil,1997-07-06 00:00:00,Left-Back,Defender,left,176.0,2028-12-31 00:00:00,,,,BRA1,Red Bull Bragantino,8000000.0,8000000.0,Juninho Capixaba,LB,Red Bull Bragantino,1872.0,2.0,0.0,1.7000000000000002,0.6,90.0,34.0,32.0,13.0,31.0,1.0,62.0,28.0,4.0,0.0
406766,,Bruno Rodrigues,Bruno Rodrigues,609,Brazil,Ceará-Mirim,Brazil,1997-03-07 00:00:00,Left Winger,Attack,right,177.0,2026-12-31 00:00:00,,,,BRA1,Cruzeiro Esporte Clube,1200000.0,3500000.0,,,,,,,,,,,,,,,,,,
407654,,Matheus Sales,Matheus Sales,3876,Brazil,Guarulhos,Brazil,1995-05-13 00:00:00,Defensive Midfield,Midfield,right,178.0,,2.0,0.0,,BRA1,Mirasol Futebol Clube,,,,,,,,,,,,,,,,,,,,
408850,,Caíque França,Caíque França,8718,Brazil,São Paulo,Brazil,1995-06-03 00:00:00,Goalkeeper,Goalkeeper,left,188.0,2027-12-31 00:00:00,,,,BRA1,Sport Club do Recife,,,,,,,,,,,,,,,,,,,,
410183,João,Basso,João Basso,221,Brazil,Curitiba,Brazil,1997-01-13 00:00:00,Centre-Back,Defender,right,187.0,2026-11-30 00:00:00,,,,BRA1,Santos Futebol Clube,2000000.0,2000000.0,,,,,,,,,,,,,,,,,,
411662,,Lucas Veríssimo,Lucas Veríssimo,221,Brazil,Jundiaí,Brazil,1995-07-02 00:00:00,Centre-Back,Defender,right,188.0,2028-12-31 00:00:00,2.0,0.0,,BRA1,Santos Futebol Clube,4500000.0,10000000.0,,,,,,,,,,,,,,,,,,
412366,,Brenner,Brenner,978,Brazil,Cuiabá,Brazil,2000-01-16 00:00:00,Centre-Forward,Attack,right,175.0,2029-12-31 00:00:00,0.0,0.0,,BRA1,Club de Regatas Vasco da Gama,4000000.0,9000000.0,,,,,,,,,,,,,,,,,,
412594,,Paulo Henrique,Paulo Henrique,978,Brazil,Sete Barras,Brazil,1996-07-25 00:00:00,Right-Back,Defender,right,175.0,2027-12-31 00:00:00,2.0,1.0,,BRA1,Club de Regatas Vasco da Gama,6000000.0,6000000.0,Paulo Henrique,RB,Vasco da Gama,2516.0,1.0,0.0,1.8,1.6,86.0,56.0,95.0,46.0,60.0,2.0,96.0,36.0,6.0,0.0
421935,,Maycon,Maycon,330,Brazil,São Paulo,Brazil,1997-07-15 00:00:00,Central Midfield,Midfield,left,175.0,2028-12-31 00:00:00,5.0,0.0,,BRA1,Clube Atlético Mineiro,2000000.0,8000000.0,Maycon,DM,Corinthians,47.0,0.0,0.0,0.0,0.0,4.0,3.0,0.0,0.0,4.0,0.0,1.0,1.0,1.0,0.0
422700,Tomás,Cardona,Tomás Cardona,10870,Argentina,Buenos Aires,Argentina,1995-10-10 00:00:00,Centre-Back,Defender,left,185.0,2026-12-31 00:00:00,,,,BRA1,Fortaleza Esporte Clube,,,Tomás Cardona,CB,Fortaleza,1435.0,1.0,0.0,0.5,0.0,50.0,11.0,0.0,0.0,7.0,0.0,26.0,37.0,4.0,0.0
423604,Francis,Amuzu,Francis Amuzu,210,Ghana,Accra,Ghana,1999-08-23 00:00:00,Left Winger,Attack,right,169.0,2026-12-31 00:00:00,0.0,0.0,,BRA1,Grêmio Foot-Ball Porto Alegrense,9000000.0,9000000.0,,,,,,,,,,,,,,,,,,
428783,,Vitão,Vitão,614,Brazil,Jacarezinho,Brazil,2000-02-02 00:00:00,Centre-Back,Defender,right,185.0,2029-12-31 00:00:00,0.0,0.0,,BRA1,Clube de Regatas do Flamengo,10000000.0,12000000.0,,,,,,,,,,,,,,,,,,
430339,José Luis,Rodríguez,José Luis Rodríguez,978,Uruguay,Canelones,Uruguay,1997-03-14 00:00:00,Right-Back,Defender,right,183.0,2027-12-31 00:00:00,5.0,0.0,,BRA1,Club de Regatas Vasco da Gama,1500000.0,3000000.0,José Luis Rodríguez Bebanz,LW,Vasco da Gama,1123.0,1.0,2.0,0.8,2.2,51.0,38.0,12.0,5.0,27.0,6.0,20.0,15.0,1.0,0.0
430761,Lucas,Fernandes,Lucas Fernandes,10492,Brazil,São Bernardo do Campo,Brazil,1997-09-20 00:00:00,Attacking Midfield,Midfield,right,175.0,2026-11-30 00:00:00,3.0,0.0,,BRA1,Esporte Clube Juventude,1200000.0,2200000.0,Lucas Fernandes,CM,Cuiabá,1039.0,1.0,1.0,0.7000000000000001,0.5,45.0,16.0,19.0,12.0,30.0,1.0,20.0,8.0,3.0,0.0
432157,,Japa,Japa,3876,Brazil,Goianinha,Brazil,2004-01-02 00:00:00,Central Midfield,Midfield,left,177.0,2026-12-31 00:00:00,0.0,0.0,,BRA1,Mirasol Futebol Clube,1000000.0,1000000.0,,,,,,,,,,,,,,,,,,
432166,Luan,Cândido,Luan Cândido,2125,Brazil,Ubá,Brazil,2001-02-02 00:00:00,Left-Back,Defender,left,187.0,2026-12-31 00:00:00,0.0,0.0,,BRA1,Esporte Clube Vitória,3000000.0,7000000.0,Luan Cândido,CB,Red Bull Bragantino,1953.0,1.0,0.0,1.3,0.1,50.0,7.0,9.0,2.0,19.0,1.0,41.0,27.0,5.0,0.0
432773,,Fabrício Bruno,Fabrício Bruno,609,Brazil,Contagem,Brazil,1996-02-12 00:00:00,Centre-Back,Defender,right,190.0,2030-12-31 00:00:00,6.0,0.0,,BRA1,Cruzeiro Esporte Clube,12000000.0,12000000.0,Fabrício Bruno,CB,Flamengo,2310.0,1.0,0.0,0.6000000000000001,0.2,115.0,11.0,4.0,2.0,17.0,1.0,30.0,21.0,6.0,0.0
432895,,Pedro,Pedro,614,Brazil,Rio de Janeiro,Brazil,1997-06-20 00:00:00,Centre-Forward,Attack,right,185.0,2027-12-31 00:00:00,6.0,1.0,,BRA1,Clube de Regatas do Flamengo,20000000.0,23000000.0,Pedro,FW,Flamengo,1653.0,11.0,5.0,10.6,2.2,36.0,16.0,36.0,15.0,48.0,11.0,12.0,15.0,3.0,0.0
435485,,Luiz Araújo,Luiz Araújo,614,Brazil,Taquaritinga,Brazil,1996-06-02 00:00:00,Right Winger,Attack,left,175.0,2027-12-31 00:00:00,,,,BRA1,Clube de Regatas do Flamengo,7000000.0,10000000.0,Luiz Araújo,RW,Flamengo,1566.0,4.0,5.0,3.3000000000000003,4.5,74.0,54.0,63.0,38.0,69.0,10.0,37.0,25.0,3.0,0.0
436385,Mathías,Villasanti,Mathías Villasanti,210,Paraguay,Caacupé,Paraguay,1997-01-24 00:00:00,Defensive Midfield,Midfield,right,178.0,2029-12-31 00:00:00,51.0,0.0,,BRA1,Grêmio Foot-Ball Porto Alegrense,4000000.0,10000000.0,Mathías Villasanti,DM,Grêmio,2249.0,3.0,1.0,2.1,1.5,117.0,17.0,43.0,20.0,47.0,5.0,78.0,41.0,4.0,0.0
438202,Bruno,Tabata,Bruno Tabata,6600,Brazil,Ipatinga,Brazil,1997-03-30 00:00:00,Right Winger,Attack,left,175.0,2027-12-31 00:00:00,7.0,1.0,,BRA1,Sport Club Internacional,1500000.0,4000000.0,Bruno Tabata,RW,Internacional,1071.0,2.0,3.0,2.5,2.5,62.0,38.0,44.0,19.0,47.0,6.0,13.0,16.0,2.0,0.0
438682,,Daniel Fuzato,Daniel Fuzato,978,Brazil,Santa Bárbara d’Oeste,Brazil,1997-07-04 00:00:00,Goalkeeper,Goalkeeper,right,190.0,2026-12-31 00:00:00,0.0,0.0,,BRA1,Club de Regatas Vasco da Gama,900000.0,1000000.0,,,,,,,,,,,,,,,,,,
440377,Gonzalo,Escobar,Gonzalo Escobar,221,Argentina,Alejandro Korn,Argentina,1997-03-16 00:00:00,Left-Back,Defender,left,171.0,2026-12-31 00:00:00,,,,BRA1,Santos Futebol Clube,800000.0,2700000.0,,,,,,,,,,,,,,,,,,
440658,,Artur,Artur,585,Brazil,Fortaleza,Brazil,1998-02-15 00:00:00,Right Winger,Attack,left,168.0,2026-12-31 00:00:00,0.0,0.0,,BRA1,São Paulo Futebol Clube,8000000.0,12000000.0,,,,,,,,,,,,,,,,,,
442258,,Nicolas,Nicolas,2029,Brazil,Arapongas,Brazil,1997-02-24 00:00:00,Left-Back,Defender,left,181.0,2026-11-30 00:00:00,,,,BRA1,Ceará Sporting Club,,,,,,,,,,,,,,,,,,,,
442818,,Fernandinho,Fernandinho,3876,Brazil,São Luís,Brazil,1997-07-19 00:00:00,Left Winger,Attack,right,175.0,,,,,BRA1,Mirasol Futebol Clube,,,Fernandinho,AM,Athletico Paranaense,1465.0,2.0,3.0,1.6,2.5,166.0,39.0,23.0,11.0,77.0,8.0,28.0,11.0,7.0,0.0
445000,Matheus,Rossetto,Matheus Rossetto,10870,Brazil,Santo Amaro da Imperatriz,Brazil,1996-06-03 00:00:00,Central Midfield,Midfield,right,180.0,2027-12-31 00:00:00,,,,BRA1,Fortaleza Esporte Clube,,,Matheus Rossetto,DM,Fortaleza,1548.0,0.0,0.0,0.0,0.2,93.0,26.0,27.0,18.0,22.0,3.0,22.0,11.0,3.0,0.0
445101,,Rodrigues,Rodrigues,3876,Brazil,Carnaúba dos Dantas,Brazil,1997-10-10 00:00:00,Centre-Back,Defender,right,188.0,2026-12-31 00:00:00,,,,BRA1,Mirasol Futebol Clube,700000.0,1800000.0,,,,,,,,,,,,,,,,,,
450241,Angelo,Preciado,Angelo Preciado,330,Ecuador,Shushufindi,Ecuador,1998-02-18 00:00:00,Right-Back,Defender,right,174.0,2029-12-31 00:00:00,60.0,0.0,,BRA1,Clube Atlético Mineiro,3500000.0,5000000.0,,,,,,,,,,,,,,,,,,
456535,Agustín,Rogel,Agustín Rogel,6600,Uruguay,Montevideo,Uruguay,1997-10-17 00:00:00,Centre-Back,Defender,right,191.0,2027-12-31 00:00:00,1.0,0.0,,BRA1,Sport Club Internacional,1500000.0,4500000.0,Agustín Rogel,CB,Internacional,1055.0,0.0,1.0,1.1,0.0,24.0,1.0,1.0,1.0,6.0,0.0,12.0,7.0,2.0,1.0
457533,Agustín,Canobbio,Agustín Canobbio,2462,Uruguay,Montevideo,Uruguay,1998-10-01 00:00:00,Right Winger,Attack,right,176.0,2028-12-31 00:00:00,17.0,2.0,,BRA1,Fluminense Football Club,8000000.0,8000000.0,Agustín Canobbio,"FW,LM",Athletico Paranaense,1125.0,4.0,1.0,3.4000000000000004,2.3,56.0,44.0,42.0,15.0,45.0,2.0,29.0,22.0,5.0,1.0
458251,,Everton Galdino,Everton Galdino,3876,Brazil,Osasco,Brazil,1997-03-17 00:00:00,Right Winger,Attack,left,177.0,2026-12-31 00:00:00,,,,BRA1,Mirasol Futebol Clube,1000000.0,2000000.0,,,,,,,,,,,,,,,,,,
458710,,Murilo,Murilo,1023,Brazil,São Gonçalo dos Campos,Brazil,1997-03-27 00:00:00,Centre-Back,Defender,right,188.0,2027-12-31 00:00:00,0.0,0.0,,BRA1,Sociedade Esportiva Palmeiras,5000000.0,10000000.0,Murilo Cerqueira,CB,Palmeiras,2175.0,1.0,0.0,1.5,0.3,127.0,25.0,13.0,7.0,24.0,2.0,38.0,21.0,7.0,1.0
461937,Nuno,Moreira,Nuno Moreira,978,Portugal,Espinho,Portugal,1999-06-16 00:00:00,Right Winger,Attack,right,175.0,2027-12-31 00:00:00,,,,BRA1,Club de Regatas Vasco da Gama,7000000.0,7000000.0,,,,,,,,,,,,,,,,,,
465817,Alan,Rodríguez,Alan Rodríguez,6600,Uruguay,Canelones,Uruguay,2000-01-25 00:00:00,Central Midfield,Midfield,right,174.0,2029-12-31 00:00:00,1.0,0.0,,BRA1,Sport Club Internacional,2300000.0,2300000.0,,,,,,,,,,,,,,,,,,
465819,Santiago,Rodríguez,Santiago Rodríguez,537,Uruguay,Montevideo,Uruguay,2000-01-08 00:00:00,Attacking Midfield,Midfield,right,172.0,2028-12-31 00:00:00,0.0,0.0,,BRA1,S. A. F. Botafogo,6000000.0,6000000.0,,,,,,,,,,,,,,,,,,
466336,Nahuel,Ferraresi,Nahuel Ferraresi,537,Venezuela,San Cristóbal,Venezuela,1998-11-19 00:00:00,Centre-Back,Defender,right,190.0,2026-12-31 00:00:00,45.0,1.0,,BRA1,S. A. F. Botafogo,4500000.0,5000000.0,Nahuel Ferraresi,CB,São Paulo,902.0,1.0,1.0,0.3,0.8,45.0,9.0,7.0,6.0,14.0,3.0,21.0,23.0,2.0,0.0
468174,Félix,Torres,Félix Torres,6600,Ecuador,San Lorenzo,Ecuador,1997-01-11 00:00:00,Centre-Back,Defender,right,187.0,2026-12-31 00:00:00,50.0,5.0,,BRA1,Sport Club Internacional,1000000.0,6000000.0,Félix Torres Caicedo,CB,Corinthians,1710.0,0.0,0.0,0.8,0.7,60.0,5.0,8.0,3.0,20.0,2.0,23.0,12.0,3.0,0.0
468247,,Cleiton,Cleiton,8793,Brazil,Descanso,Brazil,1997-08-19 00:00:00,Goalkeeper,Goalkeeper,right,190.0,2027-12-31 00:00:00,3.0,0.0,,BRA1,Red Bull Bragantino,5000000.0,5500000.0,Cleiton,LB,Flamengo,98.0,0.0,0.0,0.0,0.0,2.0,0.0,0.0,0.0,1.0,1.0,2.0,0.0,0.0,0.0
468301,,Marcos Antônio,Marcos Antônio,585,Brazil,Poções,Brazil,2000-06-13 00:00:00,Central Midfield,Midfield,right,166.0,2030-12-31 00:00:00,2.0,0.0,,BRA1,São Paulo Futebol Clube,12000000.0,12000000.0,Marcos Antônio,DM,São Paulo,844.0,0.0,0.0,0.0,0.3,49.0,10.0,5.0,2.0,21.0,1.0,9.0,11.0,1.0,0.0
468304,Rodrigo,Nestor,Rodrigo Nestor,10010,Brazil,São Paulo,Brazil,2000-08-09 00:00:00,Central Midfield,Midfield,left,175.0,2030-12-31 00:00:00,14.0,0.0,,BRA1,Esporte Clube Bahia,7000000.0,9000000.0,Rodrigo Nestor,CM,São Paulo,984.0,0.0,2.0,0.9,1.4,50.0,29.0,24.0,6.0,37.0,3.0,15.0,7.0,3.0,0.0
468332,Rúben,Ismael,Rúben Ismael,2125,Portugal,Estarreja,Portugal,1999-03-25 00:00:00,Defensive Midfield,Midfield,right,184.0,2028-12-31 00:00:00,0.0,0.0,,BRA1,Esporte Clube Vitória,1200000.0,1500000.0,,,,,,,,,,,,,,,,,,
471639,Gabriel,Rojas,Gabriel Rojas,609,Argentina,Rafael Calzada,Argentina,1997-06-22 00:00:00,Left-Back,Defender,left,173.0,2029-12-31 00:00:00,1.0,0.0,,BRA1,Cruzeiro Esporte Clube,4000000.0,4000000.0,,,,,,,,,,,,,,,,,,
474589,Carlos,Cuesta,Carlos Cuesta,978,Colombia,Medellín,Colombia,1999-03-09 00:00:00,Centre-Back,Defender,right,179.0,2026-12-31 00:00:00,24.0,0.0,,BRA1,Club de Regatas Vasco da Gama,8000000.0,8000000.0,,,,,,,,,,,,,,,,,,
476339,,Marcelo Benevenuto,Marcelo Benevenuto,10870,Brazil,Resende,Brazil,1996-01-07 00:00:00,Centre-Back,Defender,right,181.0,2026-11-30 00:00:00,,,,BRA1,Fortaleza Esporte Clube,,,,,,,,,,,,,,,,,,,,
476344,Emerson,Royal,Emerson Royal,614,Brazil,São Paulo,Brazil,1999-01-14 00:00:00,Right-Back,Defender,right,183.0,2028-12-31 00:00:00,10.0,0.0,,BRA1,Clube de Regatas do Flamengo,5000000.0,30000000.0,,,,,,,,,,,,,,,,,,
476352,Renan,Lodi,Renan Lodi,330,Brazil,Serrana,Brazil,1998-04-08 00:00:00,Left-Back,Defender,left,173.0,2030-12-31 00:00:00,19.0,0.0,,BRA1,Clube Atlético Mineiro,11000000.0,50000000.0,,,,,,,,,,,,,,,,,,
480225,,Alesson,Alesson,3876,Brazil,Guarulhos,Brazil,1999-02-16 00:00:00,Left Winger,Attack,right,167.0,2028-12-31 00:00:00,,,,BRA1,Mirasol Futebol Clube,2500000.0,2500000.0,,,,,,,,,,,,,,,,,,
480274,,Shaylon,Shaylon,3876,Brazil,Modelo,Brazil,1997-04-27 00:00:00,Attacking Midfield,Midfield,left,178.0,2026-12-31 00:00:00,0.0,0.0,,BRA1,Mirasol Futebol Clube,1000000.0,2000000.0,Shaylon,RM,Atlético Goianiense,2167.0,2.0,2.0,3.9,5.7,129.0,36.0,24.0,10.0,118.0,5.0,16.0,17.0,3.0,0.0
480686,Gabriel,Fuentes,Gabriel Fuentes,2462,Colombia,Santa Marta,Colombia,1997-02-09 00:00:00,Left-Back,Defender,left,180.0,2026-12-31 00:00:00,0.0,0.0,,BRA1,Fluminense Football Club,,,Gabriel Fuentes,LB,Fluminense,215.0,0.0,0.0,0.0,0.0,15.0,8.0,4.0,3.0,4.0,0.0,4.0,1.0,1.0,0.0
482144,Michel,Araújo,Michel Araújo,10010,Uruguay,Colonia del Sacramento,Uruguay,1996-09-28 00:00:00,Right Winger,Attack,left,178.0,2028-12-31 00:00:00,,,,BRA1,Esporte Clube Bahia,2500000.0,3000000.0,Michel Araujo,WB,São Paulo,858.0,0.0,1.0,1.1,1.5,45.0,22.0,36.0,21.0,26.0,1.0,27.0,10.0,4.0,0.0
484848,,Zé Ivaldo,Zé Ivaldo,221,Brazil,Maceió,Brazil,1997-02-21 00:00:00,Centre-Back,Defender,right,185.0,2028-12-31 00:00:00,,,,BRA1,Santos Futebol Clube,2000000.0,4000000.0,Zé Ivaldo,CB,Cruzeiro,2361.0,1.0,0.0,1.1,0.4,80.0,23.0,17.0,8.0,21.0,0.0,28.0,30.0,9.0,0.0
486078,,Charles,Charles,199,Brazil,Santiago,Brazil,1996-06-19 00:00:00,Defensive Midfield,Midfield,right,187.0,2028-12-31 00:00:00,,,,BRA1,Sport Club Corinthians Paulista,900000.0,1200000.0,Charles Rigon Matos,"WB,CM",Corinthians,554.0,1.0,0.0,0.3,0.2,30.0,6.0,5.0,3.0,10.0,4.0,30.0,12.0,4.0,0.0
489893,,Yuri Alberto,Yuri Alberto,199,Brazil,São José dos Campos,Brazil,2001-03-18 00:00:00,Centre-Forward,Attack,right,183.0,2030-06-30 00:00:00,1.0,0.0,,BRA1,Sport Club Corinthians Paulista,23000000.0,25000000.0,Yuri Alberto,FW,Corinthians,2197.0,15.0,4.0,10.7,1.6,31.0,52.0,52.0,21.0,63.0,10.0,10.0,11.0,6.0,1.0
491587,Alexis,Duarte,Alexis Duarte,221,Paraguay,Itauguá,Paraguay,2000-03-12 00:00:00,Centre-Back,Defender,right,185.0,2026-06-30 00:00:00,1.0,0.0,,BRA1,Santos Futebol Clube,1800000.0,4000000.0,,,,,,,,,,,,,,,,,,
491599,Antonio,Galeano,Antonio Galeano,3876,Paraguay,Asunción,Paraguay,2000-03-22 00:00:00,Right Winger,Attack,right,170.0,2028-12-31 00:00:00,3.0,0.0,,BRA1,Mirasol Futebol Clube,3500000.0,4000000.0,,,,,,,,,,,,,,,,,,
491704,Benjamín,Rollheiser,Benjamín Rollheiser,221,Argentina,Coronel Suárez,Argentina,2000-03-24 00:00:00,Right Winger,Attack,left,172.0,2028-12-31 00:00:00,2.0,0.0,,BRA1,Santos Futebol Clube,9000000.0,10000000.0,,,,,,,,,,,,,,,,,,
495689,Julián,Millán,Julián Millán,2462,Colombia,Bugalagrande,Colombia,1998-03-27 00:00:00,Centre-Back,Defender,left,187.0,2029-12-31 00:00:00,,,,BRA1,Fluminense Football Club,3500000.0,3500000.0,,,,,,,,,,,,,,,,,,
496268,Joaquín,Piquerez,Joaquín Piquerez,1023,Uruguay,Montevideo,Uruguay,1998-08-24 00:00:00,Left-Back,Defender,left,185.0,2030-12-31 00:00:00,19.0,0.0,,BRA1,Sociedade Esportiva Palmeiras,12000000.0,15000000.0,Joaquín Piquerez,CB,Palmeiras,1314.0,2.0,0.0,1.9,1.9,87.0,29.0,19.0,8.0,45.0,0.0,27.0,20.0,2.0,0.0
503052,Tomás,Cuello,Tomás Cuello,330,Argentina,San Miguel de Tucumán,Argentina,2000-03-05 00:00:00,Left Winger,Attack,right,176.0,2028-12-31 00:00:00,0.0,0.0,,BRA1,Clube Atlético Mineiro,6000000.0,7000000.0,Tomás Cuello,LM,Athletico Paranaense,1920.0,3.0,5.0,2.7,4.1,86.0,100.0,118.0,62.0,103.0,8.0,36.0,33.0,3.0,0.0
503343,Alan,Franco,Alan Franco,585,Argentina,Avellaneda,Argentina,1996-10-11 00:00:00,Centre-Back,Defender,right,183.0,2028-12-31 00:00:00,1.0,0.0,,BRA1,São Paulo Futebol Clube,4000000.0,7500000.0,,,,,,,,,,,,,,,,,,
504882,Claudio,Spinelli,Claudio Spinelli,978,Argentina,El Talar,Argentina,1997-01-21 00:00:00,Centre-Forward,Attack,right,180.0,2028-12-31 00:00:00,,,,BRA1,Club de Regatas Vasco da Gama,3000000.0,4000000.0,,,,,,,,,,,,,,,,,,
512344,,Jandrei,Jandrei,585,Brazil,Itaqui,Brazil,1993-03-01 00:00:00,Goalkeeper,Goalkeeper,right,186.0,2026-12-31 00:00:00,,,,BRA1,São Paulo Futebol Clube,700000.0,2000000.0,Jandrei,GK,São Paulo,1170.0,0.0,0.0,0.0,0.0,0.0,0.0,0.0,0.0,3.0,0.0,0.0,1.0,0.0,0.0
512385,Luis,Sinisterra,Luis Sinisterra,609,Colombia,Santander de Quilichao,Colombia,1999-06-17 00:00:00,Left Winger,Attack,right,172.0,2028-12-31 00:00:00,18.0,5.0,,BRA1,Cruzeiro Esporte Clube,11000000.0,25000000.0,,,,,,,,,,,,,,,,,,
515068,,Lourenço,Lourenço,2029,Brazil,Belo Horizonte,Brazil,1997-09-07 00:00:00,Central Midfield,Midfield,right,169.0,2026-11-30 00:00:00,,,,BRA1,Ceará Sporting Club,,,,,,,,,,,,,,,,,,,,
515638,,Erick,Erick,2125,Brazil,Recife,Brazil,1997-12-10 00:00:00,Right Winger,Attack,left,173.0,2028-12-31 00:00:00,,,,BRA1,Esporte Clube Vitória,2500000.0,2500000.0,,,,,,,,,,,,,,,,,,
519877,,Dudu Vieira,Dudu Vieira,10492,Brazil,Campo Grande,Brazil,1994-02-20 00:00:00,Central Midfield,Midfield,right,176.0,2027-05-30 00:00:00,,,,BRA1,Esporte Clube Juventude,,,Dudu Vieira,DM,Juventude,268.0,0.0,0.0,0.0,0.0,8.0,1.0,3.0,2.0,2.0,0.0,4.0,6.0,1.0,0.0
520093,,Raul,Raul,537,Brazil,Tapera,Brazil,1997-07-28 00:00:00,Goalkeeper,Goalkeeper,right,190.0,2027-12-31 00:00:00,,,,BRA1,S. A. F. Botafogo,400000.0,400000.0,Raul,CM,Red Bull Bragantino,1305.0,1.0,1.0,0.2,0.9,69.0,9.0,11.0,7.0,30.0,2.0,25.0,14.0,2.0,0.0
520468,,Iago,Iago,10010,Brazil,Monte Azul Paulista,Brazil,1997-03-23 00:00:00,Left-Back,Defender,left,181.0,2028-12-31 00:00:00,7.0,0.0,,BRA1,Esporte Clube Bahia,3500000.0,6500000.0,Iago,LB,Bahia,408.0,0.0,0.0,0.7999999999999999,1.1,22.0,15.0,6.0,0.0,8.0,0.0,11.0,7.0,0.0,0.0
520480,,Igor Cariús,Igor Cariús,3876,Brazil,Cariús,Brazil,1993-05-01 00:00:00,Left-Back,Defender,left,182.0,2026-12-31 00:00:00,,,,BRA1,Mirasol Futebol Clube,200000.0,500000.0,,,,,,,,,,,,,,,,,,
520665,,Val Soares,Val Soares,2125,Brazil,Tailândia,Brazil,1997-03-12 00:00:00,Defensive Midfield,Midfield,right,178.0,2026-11-30 00:00:00,,,,BRA1,Esporte Clube Vitória,400000.0,450000.0,,,,,,,,,,,,,,,,,,
523363,,Kaio,Kaio,537,Brazil,Araraquara,Brazil,1995-09-18 00:00:00,Centre-Back,Defender,right,186.0,2028-06-30 00:00:00,,,,BRA1,S. A. F. Botafogo,1800000.0,3000000.0,,,,,,,,,,,,,,,,,,
524446,,Kanu,Kanu,10010,Brazil,Duque de Caxias,Brazil,1997-03-07 00:00:00,Centre-Back,Defender,right,186.0,2027-12-31 00:00:00,,,,BRA1,Esporte Clube Bahia,3000000.0,3500000.0,Kanu,CB,Bahia,2700.0,0.0,0.0,0.3,0.0,78.0,18.0,10.0,4.0,9.0,2.0,32.0,36.0,11.0,0.0
525257,,Gabriel Justino,Gabriel Justino,537,Brazil,São Paulo,Brazil,1998-09-17 00:00:00,Left Winger,Attack,right,178.0,,,,,BRA1,S. A. F. Botafogo,,,,,,,,,,,,,,,,,,,,
525287,,Carlos Vinícius,Carlos Vinícius,210,Brazil,Bom Jesus das Selvas,Brazil,1995-03-25 00:00:00,Centre-Forward,Attack,left,190.0,2026-12-31 00:00:00,,,,BRA1,Grêmio Foot-Ball Porto Alegrense,7000000.0,20000000.0,,,,,,,,,,,,,,,,,,
525510,,Elias,Elias,3876,Brazil,Recife,Brazil,1999-07-16 00:00:00,Right-Back,Defender,right,181.0,2026-12-31 00:00:00,,,,BRA1,Mirasol Futebol Clube,,,,,,,,,,,,,,,,,,,,
530737,,Richard,Richard,6600,Brazil,Campinas,Brazil,1994-02-18 00:00:00,Defensive Midfield,Midfield,right,191.0,2026-12-31 00:00:00,,,,BRA1,Sport Club Internacional,500000.0,1500000.0,,,,,,,,,,,,,,,,,,
531674,Rúben,Rodrigues,Rúben Rodrigues,2125,Portugal,Oliveira de Azeméis,Portugal,1996-08-02 00:00:00,Attacking Midfield,Midfield,both,181.0,2027-06-30 00:00:00,,,,BRA1,Esporte Clube Vitória,,,,,,,,,,,,,,,,,,,,
534376,Marco,Moreno,Marco Moreno,10010,Spain,Las Palmas de Gran Canaria,Spain,2001-02-20 00:00:00,Centre-Back,Defender,right,191.0,2031-06-30 00:00:00,1.0,0.0,,BRA1,Esporte Clube Bahia,700000.0,700000.0,,,,,,,,,,,,,,,,,,
534473,,Paulinho Paula,Paulinho Paula,6600,Brazil,Rio de Janeiro,Brazil,1997-01-08 00:00:00,Central Midfield,Midfield,right,173.0,2027-12-31 00:00:00,,,,BRA1,Sport Club Internacional,1000000.0,1600000.0,,,,,,,,,,,,,,,,,,
537386,,Bruno Xavier,Bruno Xavier,2125,Brazil,São Paulo,Brazil,1996-11-27 00:00:00,Attacking Midfield,Midfield,left,176.0,2026-11-30 00:00:00,,,,BRA1,Esporte Clube Vitória,50000.0,100000.0,,,,,,,,,,,,,,,,,,
538810,Chris,Ramos,Chris Ramos,537,Spain,Cádiz,Spain,1997-01-18 00:00:00,Centre-Forward,Attack,right,190.0,,,,,BRA1,S. A. F. Botafogo,2500000.0,4000000.0,,,,,,,,,,,,,,,,,,
539203,,André Luis,André Luis,3876,Brazil,Santarém,Brazil,1994-03-09 00:00:00,Centre-Forward,Attack,right,184.0,2026-12-31 00:00:00,,,,BRA1,Mirasol Futebol Clube,1000000.0,1500000.0,André Luis,"LM,RM",Cuiabá,499.0,0.0,0.0,0.4,0.2,15.0,7.0,12.0,4.0,12.0,0.0,9.0,5.0,3.0,0.0
540458,Enzo,Díaz,Enzo Díaz,585,Argentina,Buenos Aires,Argentina,1995-12-07 00:00:00,Left-Back,Defender,left,177.0,2028-12-31 00:00:00,,,,BRA1,São Paulo Futebol Clube,3000000.0,4500000.0,,,,,,,,,,,,,,,,,,
540963,,Yuri Sena,Yuri Sena,2125,Brazil,Salvador,Brazil,2001-01-03 00:00:00,Goalkeeper,Goalkeeper,right,190.0,2026-12-31 00:00:00,0.0,0.0,,BRA1,Esporte Clube Vitória,50000.0,50000.0,,,,,,,,,,,,,,,,,,
542483,,Wellington Rato,Wellington Rato,2125,Brazil,Japeri,Brazil,1992-06-18 00:00:00,Right Winger,Attack,left,172.0,2027-12-31 00:00:00,,,,BRA1,Esporte Clube Vitória,,,Wellington Rato,AM,São Paulo,1052.0,1.0,5.0,2.2,3.5,47.0,24.0,16.0,9.0,46.0,9.0,11.0,7.0,2.0,0.0
544259,,Ademir,Ademir,10010,Brazil,São Paulo,Brazil,1995-02-16 00:00:00,Right Winger,Attack,left,172.0,2026-12-31 00:00:00,,,,BRA1,Esporte Clube Bahia,1200000.0,4500000.0,Ademir Santos,LW,Bahia,1131.0,3.0,4.0,3.3,2.7,29.0,65.0,62.0,28.0,47.0,8.0,30.0,10.0,0.0,0.0
546033,,Sabino,Sabino,585,Brazil,Brasília,Brazil,1996-10-25 00:00:00,Centre-Back,Defender,left,185.0,2028-12-31 00:00:00,,,,BRA1,São Paulo Futebol Clube,1000000.0,1200000.0,José Sabino,CB,São Paulo,972.0,0.0,0.0,0.3,0.0,43.0,5.0,5.0,3.0,10.0,0.0,19.0,11.0,3.0,0.0
546036,,Gregore,Gregore,537,Brazil,Juiz de Fora,Brazil,1994-03-02 00:00:00,Defensive Midfield,Midfield,right,181.0,2027-06-30 00:00:00,,,,BRA1,S. A. F. Botafogo,,,Gregore,CM,Botafogo (RJ),2220.0,3.0,2.0,1.2,1.5,199.0,29.0,14.0,9.0,57.0,6.0,97.0,37.0,9.0,0.0
546172,,Nonato,Nonato,2462,Brazil,São Paulo,Brazil,1998-03-03 00:00:00,Central Midfield,Midfield,right,175.0,2028-12-31 00:00:00,,,,BRA1,Fluminense Football Club,2000000.0,3000000.0,Nonato,AM,Fluminense,286.0,0.0,1.0,0.1,0.1,13.0,2.0,5.0,1.0,4.0,2.0,16.0,4.0,1.0,0.0
546217,,Thiago Couto,Thiago Couto,2125,Brazil,São Paulo,Brazil,1999-03-26 00:00:00,Goalkeeper,Goalkeeper,right,188.0,2027-12-31 00:00:00,,,,BRA1,Esporte Clube Vitória,,,,,,,,,,,,,,,,,,,,
546530,,Raniele,Raniele,199,Brazil,Baixa Grande,Brazil,1996-12-31 00:00:00,Defensive Midfield,Midfield,right,184.0,2028-12-31 00:00:00,,,,BRA1,Sport Club Corinthians Paulista,4000000.0,4000000.0,Raniele,"DM,CB",Corinthians,2290.0,0.0,0.0,1.3,1.0,71.0,20.0,14.0,8.0,43.0,3.0,63.0,40.0,8.0,0.0
547443,,Pedro Raul,Pedro Raul,199,Brazil,Porto Alegre,Brazil,1996-11-05 00:00:00,Centre-Forward,Attack,right,193.0,2028-12-31 00:00:00,,,,BRA1,Sport Club Corinthians Paulista,2500000.0,6000000.0,Pedro Raul,RW,Corinthians,539.0,0.0,0.0,1.4,0.3,10.0,6.0,6.0,4.0,15.0,2.0,11.0,4.0,2.0,0.0
550178,,Bruno Tubarão,Bruno Tubarão,2029,Brazil,Rio de Janeiro,Brazil,1995-03-05 00:00:00,Right Winger,Attack,right,180.0,,,,,BRA1,Ceará Sporting Club,,,Bruno Tubarão,RB,Atlético Goianiense,1586.0,0.0,0.0,0.3,1.1,107.0,49.0,34.0,14.0,42.0,1.0,35.0,15.0,4.0,1.0
550495,,Fernando,Fernando,8793,Brazil,Belo Horizonte,Brazil,1999-03-01 00:00:00,Centre-Forward,Attack,right,176.0,2027-12-31 00:00:00,0.0,0.0,,BRA1,Red Bull Bragantino,1500000.0,10000000.0,,,,,,,,,,,,,,,,,,
552240,,Igor Vinícius,Igor Vinícius,221,Brazil,Sinop,Brazil,1997-04-01 00:00:00,Right-Back,Defender,right,174.0,2028-06-30 00:00:00,,,,BRA1,Santos Futebol Clube,2000000.0,3500000.0,Igor Vinícius de Souza,WB,São Paulo,2463.0,0.0,2.0,0.7999999999999999,2.4,138.0,65.0,59.0,21.0,69.0,5.0,66.0,25.0,7.0,1.0
552242,,Baralhas,Baralhas,2125,Brazil,Botucatu,Brazil,1998-10-10 00:00:00,Defensive Midfield,Midfield,right,178.0,2028-12-31 00:00:00,,,,BRA1,Esporte Clube Vitória,2500000.0,2500000.0,Gabriel Baralhas,CM,Atlético Goianiense,2452.0,1.0,3.0,2.1,2.2,121.0,22.0,40.0,15.0,87.0,6.0,56.0,41.0,9.0,0.0
552549,,Matheus Henrique,Matheus Henrique,609,Brazil,São Paulo,Brazil,1997-12-19 00:00:00,Central Midfield,Midfield,right,175.0,2029-06-30 00:00:00,1.0,0.0,,BRA1,Cruzeiro Esporte Clube,4500000.0,22000000.0,Matheus Henrique,RM,Cruzeiro,1219.0,2.0,0.0,1.2000000000000002,0.2,57.0,23.0,25.0,12.0,45.0,2.0,24.0,17.0,4.0,0.0
553459,,Igor Gomes,Igor Gomes,330,Brazil,São José do Rio Preto,Brazil,1999-03-17 00:00:00,Attacking Midfield,Midfield,right,183.0,2026-12-31 00:00:00,4.0,0.0,,BRA1,Clube Atlético Mineiro,2500000.0,8500000.0,Igor Gomes,AM,Atlético Mineiro,1907.0,2.0,4.0,2.2,1.1,100.0,27.0,29.0,15.0,55.0,6.0,28.0,34.0,8.0,0.0
555015,,Ruan,Ruan,330,Brazil,Tramandaí,Brazil,1999-06-07 00:00:00,Centre-Back,Defender,right,187.0,2030-06-30 00:00:00,,,,BRA1,Clube Atlético Mineiro,4000000.0,5000000.0,Ruan,RM,Juventude,818.0,0.0,0.0,0.3,0.0,24.0,1.0,10.0,4.0,5.0,0.0,13.0,10.0,1.0,0.0
555016,,Brenno,Brenno,10870,Brazil,Sorocaba,Brazil,1999-04-01 00:00:00,Goalkeeper,Goalkeeper,right,190.0,2027-12-31 00:00:00,1.0,0.0,,BRA1,Fortaleza Esporte Clube,,,,,,,,,,,,,,,,,,,,
555310,,Caíque Gonçalves,Caíque Gonçalves,2125,Brazil,Guarulhos,Brazil,1995-10-10 00:00:00,Defensive Midfield,Midfield,right,178.0,2027-12-31 00:00:00,,,,BRA1,Esporte Clube Vitória,500000.0,500000.0,Mateus Gonçalves Martins,LM,Vitória,210.0,0.0,0.0,0.2,0.3,5.0,6.0,8.0,5.0,11.0,0.0,2.0,0.0,0.0,0.0
559602,Chico,da Costa,Chico da Costa,609,Brazil,Taquari,Brazil,1995-05-05 00:00:00,Centre-Forward,Attack,right,185.0,2027-12-31 00:00:00,,,,BRA1,Cruzeiro Esporte Clube,1000000.0,1300000.0,,,,,,,,,,,,,,,,,,
563692,Bruno,Fuchs,Bruno Fuchs,1023,Brazil,Ponta Grossa,Brazil,1999-04-01 00:00:00,Centre-Back,Defender,right,190.0,2029-12-31 00:00:00,8.0,0.0,,BRA1,Sociedade Esportiva Palmeiras,4000000.0,5000000.0,Bruno Fuchs,CB,Atlético Mineiro,2031.0,0.0,1.0,0.7,1.8,136.0,22.0,11.0,8.0,36.0,3.0,42.0,34.0,9.0,1.0
563812,Christian,Oliva,Christian Oliva,221,Uruguay,Ciudad del Plata,Uruguay,1996-06-01 00:00:00,Defensive Midfield,Midfield,right,178.0,2028-12-31 00:00:00,,,,BRA1,Santos Futebol Clube,1400000.0,5000000.0,,,,,,,,,,,,,,,,,,
564546,,Eduardo,Eduardo,8793,Brazil,São Paulo,Brazil,1997-11-28 00:00:00,Centre-Back,Defender,right,196.0,2028-12-29 00:00:00,,,,BRA1,Red Bull Bragantino,750000.0,900000.0,,,,,,,,,,,,,,,,,,
564919,,João Neto,João Neto,8793,Brazil,São Paulo,Brazil,2003-05-21 00:00:00,Central Midfield,Midfield,right,186.0,2028-08-31 00:00:00,,,,BRA1,Red Bull Bragantino,125000.0,300000.0,,,,,,,,,,,,,,,,,,
565009,Rodrigo,Garro,Rodrigo Garro,199,Argentina,General Pico,Argentina,1998-01-04 00:00:00,Attacking Midfield,Midfield,left,174.0,2028-12-31 00:00:00,,,,BRA1,Sport Club Corinthians Paulista,12000000.0,15000000.0,Rodrigo Garro,AM,Corinthians,2995.0,10.0,10.0,6.1000000000000005,7.2,248.0,62.0,69.0,27.0,191.0,15.0,51.0,29.0,8.0,0.0
565232,André,Silva,André Silva,585,Brazil,Taboão da Serra,Brazil,1997-06-03 00:00:00,Centre-Forward,Attack,left,181.0,2027-12-31 00:00:00,,,,BRA1,São Paulo Futebol Clube,3000000.0,5000000.0,André Silva,FW,São Paulo,1535.0,7.0,2.0,3.9,0.8,32.0,20.0,25.0,12.0,36.0,3.0,3.0,18.0,3.0,0.0
565443,,Caio Vinicius,Caio Vinicius,2125,Brazil,Itaquaquecetuba,Brazil,1999-01-11 00:00:00,Defensive Midfield,Midfield,right,187.0,,,,,BRA1,Esporte Clube Vitória,,,Caio Vinícius,CM,Vitória,601.0,0.0,0.0,0.5,0.0,28.0,5.0,3.0,3.0,4.0,1.0,14.0,7.0,6.0,0.0
572042,Johan,Carbonero,Johan Carbonero,6600,Colombia,Santander de Quilichao,Colombia,1999-07-20 00:00:00,Left Winger,Attack,right,170.0,2029-12-31 00:00:00,2.0,2.0,,BRA1,Sport Club Internacional,6000000.0,6000000.0,,,,,,,,,,,,,,,,,,
574765,,Praxedes,Praxedes,8793,Brazil,Itaboraí,Brazil,2002-02-08 00:00:00,Central Midfield,Midfield,left,186.0,2026-06-30 00:00:00,3.0,1.0,,BRA1,Red Bull Bragantino,1200000.0,6500000.0,Bruno Praxedes,AM,Vasco da Gama,499.0,0.0,0.0,0.3,0.8,22.0,11.0,15.0,5.0,18.0,0.0,12.0,7.0,2.0,0.0
574901,,Hugo Souza,Hugo Souza,199,Brazil,Duque de Caxias,Brazil,1999-01-31 00:00:00,Goalkeeper,Goalkeeper,right,199.0,2030-12-31 00:00:00,1.0,0.0,,BRA1,Sport Club Corinthians Paulista,11000000.0,11000000.0,Hugo Souza,GK,Corinthians,1980.0,0.0,0.0,0.0,0.0,1.0,1.0,2.0,2.0,1.0,0.0,0.0,0.0,3.0,0.0
574904,,Luan,Luan,585,Brazil,São Paulo,Brazil,1999-05-14 00:00:00,Defensive Midfield,Midfield,right,175.0,2026-12-31 00:00:00,10.0,0.0,,BRA1,São Paulo Futebol Clube,1000000.0,5000000.0,,,,,,,,,,,,,,,,,,
577407,Ignacio,Laquintana,Ignacio Laquintana,8793,Uruguay,Paysandú,Uruguay,1999-02-01 00:00:00,Right Winger,Attack,right,173.0,2027-12-31 00:00:00,2.0,1.0,,BRA1,Red Bull Bragantino,1500000.0,2000000.0,Ignacio Laquintana,RW,Red Bull Bragantino,275.0,1.0,0.0,0.7,0.0,7.0,11.0,9.0,5.0,7.0,0.0,3.0,1.0,1.0,0.0
578872,,Jean Lucas,Jean Lucas,10010,Brazil,Rio de Janeiro,Brazil,1998-06-22 00:00:00,Central Midfield,Midfield,right,181.0,2028-12-31 00:00:00,1.0,0.0,,BRA1,Esporte Clube Bahia,13000000.0,13000000.0,Jean Lucas,LM,Bahia,2901.0,3.0,6.0,5.2,2.5,126.0,53.0,70.0,36.0,78.0,9.0,50.0,33.0,7.0,0.0
583064,,Thiaguinho,Thiaguinho,2125,Brazil,Suzano,Brazil,1997-04-11 00:00:00,Central Midfield,Midfield,right,180.0,2026-11-30 00:00:00,,,,BRA1,Esporte Clube Vitória,,,,,,,,,,,,,,,,,,,,
588989,Jhon,Arias,Jhon Arias,1023,Colombia,Quibdó,Colombia,1997-09-21 00:00:00,Right Winger,Attack,right,168.0,2029-12-31 00:00:00,43.0,7.0,,BRA1,Sociedade Esportiva Palmeiras,15000000.0,17000000.0,Jhon Arias,LW,Fluminense,2286.0,6.0,3.0,6.2,3.5,84.0,88.0,116.0,47.0,104.0,7.0,47.0,34.0,5.0,0.0
589911,,Wendel,Wendel,221,Brazil,Rio de Janeiro,Brazil,2000-08-02 00:00:00,Centre-Forward,Attack,right,180.0,2026-12-31 00:00:00,,,,BRA1,Santos Futebol Clube,2000000.0,2000000.0,,,,,,,,,,,,,,,,,,
590039,,Vitor Eudes,Vitor Eudes,2462,Brazil,Contagem,Brazil,1998-10-21 00:00:00,Goalkeeper,Goalkeeper,right,194.0,2027-12-31 00:00:00,,,,BRA1,Fluminense Football Club,400000.0,400000.0,Vitor Eudes,GK,Fluminense,90.0,0.0,0.0,0.0,0.0,0.0,0.0,0.0,0.0,0.0,0.0,0.0,0.0,0.0,0.0
592340,Willian,Machado,Willian Machado,3876,Brazil,Meleiro,Brazil,1996-11-13 00:00:00,Centre-Back,Defender,left,186.0,2028-12-31 00:00:00,,,,BRA1,Mirasol Futebol Clube,2000000.0,2000000.0,,,,,,,,,,,,,,,,,,
592344,,Guga,Guga,2462,Brazil,Rio de Janeiro,Brazil,1998-08-29 00:00:00,Right-Back,Defender,right,173.0,2029-12-31 00:00:00,13.0,1.0,,BRA1,Fluminense Football Club,2000000.0,7000000.0,Guga,RB,Fluminense,324.0,0.0,1.0,0.0,0.1,12.0,8.0,3.0,2.0,7.0,1.0,8.0,6.0,1.0,0.0
592347,,Júnior Santos,Júnior Santos,537,Brazil,Conceição do Jacuípe,Brazil,1994-10-11 00:00:00,Right Winger,Attack,right,188.0,2026-12-31 00:00:00,,,,BRA1,S. A. F. Botafogo,3000000.0,6000000.0,Júnior Santos,FW,Botafogo (RJ),1481.0,4.0,1.0,6.2,1.4,31.0,44.0,57.0,25.0,42.0,5.0,12.0,11.0,2.0,0.0
592363,,Nathan Fogaça,Nathan Fogaça,3876,Brazil,Palmeira,Brazil,1999-06-09 00:00:00,Centre-Forward,Attack,right,178.0,2026-12-31 00:00:00,,,,BRA1,Mirasol Futebol Clube,1500000.0,1500000.0,,,,,,,,,,,,,,,,,,
592373,,Lucas Oliveira,Lucas Oliveira,3876,Brazil,Rio de Janeiro,Brazil,1996-02-02 00:00:00,Centre-Back,Defender,right,187.0,2026-12-31 00:00:00,,,,BRA1,Mirasol Futebol Clube,1000000.0,2500000.0,,,,,,,,,,,,,,,,,,
592375,,Pablo Roberto,Pablo Roberto,10870,Brazil,São Francisco,Brazil,1999-11-14 00:00:00,Central Midfield,Midfield,right,183.0,2026-12-31 00:00:00,,,,BRA1,Fortaleza Esporte Clube,1000000.0,1000000.0,,,,,,,,,,,,,,,,,,
592735,Gonzalo,Plata,Gonzalo Plata,614,Ecuador,Guayaquil,Ecuador,2000-11-01 00:00:00,Right Winger,Attack,left,178.0,2029-06-30 00:00:00,54.0,9.0,,BRA1,Clube de Regatas do Flamengo,9000000.0,9000000.0,Gonzalo Plata,"RW,LW",Flamengo,684.0,1.0,0.0,1.6,1.8,26.0,25.0,35.0,16.0,40.0,2.0,15.0,11.0,1.0,0.0
594105,,Pedro Augusto,Pedro Augusto,10870,Brazil,Ubá,Brazil,1997-03-03 00:00:00,Central Midfield,Midfield,right,181.0,,,,,BRA1,Fortaleza Esporte Clube,500000.0,500000.0,,,,,,,,,,,,,,,,,,
594226,,Matheuzinho,Matheuzinho,199,Brazil,Londrina,Brazil,2000-09-08 00:00:00,Right-Back,Defender,right,171.0,2028-12-31 00:00:00,0.0,0.0,,BRA1,Sport Club Corinthians Paulista,8000000.0,8000000.0,,,,,,,,,,,,,,,,,,
598838,Adonis,Frías,Adonis Frías,221,Argentina,Florencio Varela,Argentina,1998-03-17 00:00:00,Centre-Back,Defender,right,189.0,2028-12-31 00:00:00,,,,BRA1,Santos Futebol Clube,3000000.0,5000000.0,,,,,,,,,,,,,,,,,,
601011,,Caio Paulista,Caio Paulista,210,Brazil,São Paulo,Brazil,1998-05-11 00:00:00,Left-Back,Defender,left,184.0,2026-12-31 00:00:00,,,,BRA1,Grêmio Foot-Ball Porto Alegrense,2000000.0,4000000.0,Caio Paulista,LB,Palmeiras,1201.0,0.0,0.0,0.4,0.7,74.0,39.0,45.0,24.0,30.0,2.0,29.0,15.0,1.0,1.0
603122,,Cacá,Cacá,2125,Brazil,Visconde do Rio Branco,Brazil,1999-04-25 00:00:00,Centre-Back,Defender,right,187.0,2026-12-31 00:00:00,,,,BRA1,Esporte Clube Vitória,1500000.0,3000000.0,Cacá,CB,Corinthians,2298.0,4.0,1.0,4.2,0.2,44.0,9.0,3.0,1.0,16.0,2.0,28.0,44.0,4.0,1.0
606716,,Pepê,Pepê,210,Brazil,Rio de Janeiro,Brazil,1998-01-06 00:00:00,Central Midfield,Midfield,right,183.0,2026-12-31 00:00:00,,,,BRA1,Grêmio Foot-Ball Porto Alegrense,1800000.0,1800000.0,João Pedro Pepê,CM,Grêmio,1283.0,1.0,0.0,0.5,0.3,81.0,22.0,27.0,11.0,22.0,0.0,44.0,13.0,2.0,1.0
606850,,Lucas Braga,Lucas Braga,2125,Brazil,São Paulo,Brazil,1996-11-10 00:00:00,Left Winger,Attack,right,184.0,2027-12-31 00:00:00,,,,BRA1,Esporte Clube Vitória,900000.0,2000000.0,,,,,,,,,,,,,,,,,,
607210,,Maílton,Maílton,585,Brazil,Paraíso do Norte,Brazil,1998-05-31 00:00:00,Right-Back,Defender,right,170.0,2026-12-31 00:00:00,,,,BRA1,São Paulo Futebol Clube,,,,,,,,,,,,,,,,,,,,
607817,,Camutanga,Camutanga,2125,Brazil,Camutanga,Brazil,1993-09-27 00:00:00,Centre-Back,Defender,right,189.0,2026-12-31 00:00:00,,,,BRA1,Esporte Clube Vitória,250000.0,700000.0,Camutanga,CB,Vitória,449.0,0.0,0.0,0.3,0.0,10.0,0.0,1.0,0.0,2.0,0.0,8.0,7.0,1.0,1.0
608216,,Gabriel Menino,Gabriel Menino,221,Brazil,Morungaba,Brazil,2000-09-29 00:00:00,Central Midfield,Midfield,right,176.0,2026-12-31 00:00:00,0.0,0.0,,BRA1,Santos Futebol Clube,7000000.0,15000000.0,Gabriel Menino,DM,Palmeiras,1067.0,1.0,0.0,2.1,1.4,73.0,25.0,25.0,11.0,58.0,3.0,28.0,16.0,7.0,1.0
608943,Lucas,Silva,Lucas Silva,2125,Brazil,São Paulo,Brazil,1999-08-27 00:00:00,Right Winger,Attack,right,182.0,2026-12-31 00:00:00,,,,BRA1,Esporte Clube Vitória,700000.0,1000000.0,,,,,,,,,,,,,,,,,,
610417,,Andrew,Andrew,614,Brazil,Duque de Caxias,Brazil,2001-07-01 00:00:00,Goalkeeper,Goalkeeper,right,189.0,2029-12-31 00:00:00,0.0,0.0,,BRA1,Clube de Regatas do Flamengo,5000000.0,7000000.0,,,,,,,,,,,,,,,,,,
611426,Matías,Arezo,Matías Arezo,210,Uruguay,Montevideo,Uruguay,2002-11-21 00:00:00,Centre-Forward,Attack,right,177.0,2026-12-31 00:00:00,3.0,1.0,,BRA1,Grêmio Foot-Ball Porto Alegrense,7000000.0,7500000.0,Matias Arezo,FW,Grêmio,103.0,0.0,0.0,0.9,0.1,3.0,2.0,3.0,1.0,5.0,1.0,2.0,2.0,0.0,0.0
612162,,Jadsom,Jadsom,8793,Brazil,Recife,Brazil,2001-05-20 00:00:00,Defensive Midfield,Midfield,right,176.0,,2.0,0.0,,BRA1,Red Bull Bragantino,,,Jadsom,"CM,RM",Red Bull Bragantino,1663.0,0.0,1.0,0.1,0.6000000000000001,89.0,11.0,11.0,8.0,23.0,2.0,68.0,15.0,10.0,1.0
612340,,Gustavo Coutinho,Gustavo Coutinho,8718,Brazil,Rio de Janeiro,Brazil,1999-01-19 00:00:00,Centre-Forward,Attack,right,186.0,2026-12-31 00:00:00,,,,BRA1,Sport Club do Recife,,,,,,,,,,,,,,,,,,,,
612342,,Chico,Chico,8718,Brazil,Recife,Brazil,1998-09-14 00:00:00,Centre-Back,Defender,left,188.0,2029-06-30 00:00:00,,,,BRA1,Sport Club do Recife,,,,,,,,,,,,,,,,,,,,
613641,,Jamerson,Jamerson,2125,Brazil,Salvador,Brazil,1998-09-09 00:00:00,Left-Back,Defender,left,177.0,2026-12-31 00:00:00,,,,BRA1,Esporte Clube Vitória,800000.0,1000000.0,,,,,,,,,,,,,,,,,,
613873,Álvaro,Barreal,Álvaro Barreal,221,Argentina,Buenos Aires,Argentina,2000-08-17 00:00:00,Left Winger,Attack,left,172.0,2028-12-31 00:00:00,6.0,2.0,,BRA1,Santos Futebol Clube,7000000.0,7000000.0,Álvaro Barreal,LW,Cruzeiro,1488.0,2.0,4.0,2.3000000000000003,1.5,69.0,29.0,38.0,17.0,56.0,5.0,38.0,39.0,6.0,0.0
614328,,Eric Ramires,Eric Ramires,8793,Brazil,Salvador,Brazil,2000-08-10 00:00:00,Central Midfield,Midfield,right,172.0,2026-12-31 00:00:00,4.0,0.0,,BRA1,Red Bull Bragantino,3500000.0,4500000.0,Eric Ramires,CM,Red Bull Bragantino,1106.0,2.0,2.0,2.1,0.2,38.0,9.0,21.0,10.0,27.0,3.0,24.0,10.0,4.0,0.0
620477,,Kaio Jorge,Kaio Jorge,609,Brazil,Olinda,Brazil,2002-01-24 00:00:00,Centre-Forward,Attack,right,182.0,2030-12-31 00:00:00,1.0,0.0,,BRA1,Cruzeiro Esporte Clube,25000000.0,26000000.0,Kaio Jorge,"FW,RW",Cruzeiro,1163.0,2.0,2.0,5.4,1.3,18.0,20.0,14.0,5.0,31.0,2.0,2.0,8.0,3.0,0.0
621793,Fabricio,Domínguez,Fabricio Domínguez,8718,Uruguay,Montevideo,Uruguay,1998-06-24 00:00:00,Right-Back,Defender,right,177.0,2026-06-30 00:00:00,,,,BRA1,Sport Club do Recife,,,,,,,,,,,,,,,,,,,,
624291,,Ignácio,Ignácio,2462,Brazil,Currais Novos,Brazil,1996-12-01 00:00:00,Centre-Back,Defender,right,190.0,2028-06-30 00:00:00,,,,BRA1,Fluminense Football Club,2000000.0,2000000.0,Ignácio,CB,Fluminense,189.0,0.0,0.0,0.0,0.1,6.0,3.0,2.0,1.0,3.0,0.0,11.0,3.0,0.0,0.0
625333,,Rafael Bilu,Rafael Bilu,10492,Brazil,São Paulo,Brazil,1999-04-21 00:00:00,Right Winger,Attack,left,174.0,,,,,BRA1,Esporte Clube Juventude,,,,,,,,,,,,,,,,,,,,
625569,Nicolás,Acevedo,Nicolás Acevedo,10010,Uruguay,Montevideo,Uruguay,1999-04-14 00:00:00,Defensive Midfield,Midfield,right,173.0,2031-12-31 00:00:00,7.0,0.0,,BRA1,Esporte Clube Bahia,6000000.0,6000000.0,Nicolás Acevedo,DM,Bahia,268.0,0.0,0.0,0.0,0.2,18.0,5.0,9.0,7.0,5.0,0.0,8.0,3.0,2.0,0.0
626110,,João Victor,João Victor,3876,Brazil,Recife,Brazil,1997-09-02 00:00:00,Centre-Back,Defender,right,188.0,2027-12-31 00:00:00,,,,BRA1,Mirasol Futebol Clube,1500000.0,1500000.0,,,,,,,,,,,,,,,,,,
627226,,Reinier,Reinier,330,Brazil,Brasília,Brazil,2002-01-19 00:00:00,Attacking Midfield,Midfield,right,185.0,2029-12-31 00:00:00,10.0,3.0,,BRA1,Clube Atlético Mineiro,2000000.0,25000000.0,,,,,,,,,,,,,,,,,,
627230,,Fabinho,Fabinho,8793,Brazil,Natal,Brazil,2002-04-09 00:00:00,Defensive Midfield,Midfield,right,178.0,2029-12-31 00:00:00,8.0,0.0,,BRA1,Red Bull Bragantino,5000000.0,5000000.0,,,,,,,,,,,,,,,,,,
628223,,Alex,Alex,221,Brazil,Ribeirão Preto,Brazil,1999-05-10 00:00:00,Centre-Back,Defender,left,189.0,2026-12-31 00:00:00,,,,BRA1,Santos Futebol Clube,400000.0,600000.0,,,,,,,,,,,,,,,,,,
628750,Juan Pablo,Freytes,Juan Pablo Freytes,2462,Argentina,Ticino,Argentina,2000-01-11 00:00:00,Centre-Back,Defender,left,182.0,2028-12-31 00:00:00,0.0,0.0,,BRA1,Fluminense Football Club,5000000.0,5000000.0,,,,,,,,,,,,,,,,,,
633212,,Erick,Erick,10010,Brazil,Nova Lima,Brazil,1997-11-14 00:00:00,Defensive Midfield,Midfield,right,176.0,2029-12-31 00:00:00,,,,BRA1,Esporte Clube Bahia,4000000.0,4500000.0,,,,,,,,,,,,,,,,,,
633428,José,Enamorado,José Enamorado,210,Colombia,Barranquilla,Colombia,1999-01-13 00:00:00,Right Winger,Attack,right,170.0,2028-12-31 00:00:00,4.0,0.0,,BRA1,Grêmio Foot-Ball Porto Alegrense,3000000.0,3000000.0,,,,,,,,,,,,,,,,,,
634139,,Hereda,Hereda,8718,Brazil,Camaçari,Brazil,1998-09-20 00:00:00,Right-Back,Defender,right,178.0,2026-12-31 00:00:00,,,,BRA1,Sport Club do Recife,,,,,,,,,,,,,,,,,,,,
634737,,Matheus Bianqui,Matheus Bianqui,3876,Brazil,Ribeirão Claro,Brazil,1998-01-31 00:00:00,Central Midfield,Midfield,right,187.0,2026-12-31 00:00:00,,,,BRA1,Mirasol Futebol Clube,,,,,,,,,,,,,,,,,,,,
636314,,Gustavo Silva,Gustavo Silva,2125,Brazil,Curitiba,Brazil,1997-09-07 00:00:00,Right Winger,Attack,right,168.0,2027-06-30 00:00:00,,,,BRA1,Esporte Clube Vitória,,,,,,,,,,,,,,,,,,,,
638305,,Thiaguinho,Thiaguinho,614,Brazil,Recife,Brazil,2001-03-13 00:00:00,Right Winger,Attack,left,173.0,2027-12-31 00:00:00,,,,BRA1,Clube de Regatas do Flamengo,,,,,,,,,,,,,,,,,,,,
640275,,Gabriel Banga,Gabriel Banga,978,Brazil,Cuiabá,Brazil,2000-07-18 00:00:00,Centre-Back,Defender,right,181.0,,,,,BRA1,Club de Regatas Vasco da Gama,,,,,,,,,,,,,,,,,,,,
641458,,Carlos Miguel,Carlos Miguel,1023,Brazil,Rio das Ostras,Brazil,1998-10-09 00:00:00,Goalkeeper,Goalkeeper,left,204.0,2030-07-31 00:00:00,,,,BRA1,Sociedade Esportiva Palmeiras,7000000.0,7000000.0,Carlos Miguel,GK,Corinthians,540.0,0.0,0.0,0.0,0.1,0.0,0.0,0.0,0.0,2.0,1.0,0.0,0.0,2.0,0.0
642589,,Fabri,Fabri,2125,Brazil,Cachoeira do Sul,Brazil,2000-10-08 00:00:00,Centre-Forward,Attack,right,186.0,2026-12-31 00:00:00,,,,BRA1,Esporte Clube Vitória,900000.0,1000000.0,,,,,,,,,,,,,,,,,,
643119,,Riquelme,Riquelme,978,Brazil,Barra Mansa,Brazil,2002-08-28 00:00:00,Left-Back,Defender,left,173.0,2026-12-31 00:00:00,3.0,1.0,,BRA1,Club de Regatas Vasco da Gama,700000.0,1500000.0,,,,,,,,,,,,,,,,,,
644157,,Hugo Moura,Hugo Moura,978,Brazil,Rio de Janeiro,Brazil,1998-01-03 00:00:00,Defensive Midfield,Midfield,right,177.0,2026-12-31 00:00:00,,,,BRA1,Club de Regatas Vasco da Gama,1000000.0,1800000.0,Hugo Moura,CM,Vasco da Gama,2114.0,1.0,4.0,1.7,0.9,115.0,22.0,16.0,9.0,57.0,6.0,73.0,26.0,8.0,1.0
644204,,José Aldo,José Aldo,3876,Brazil,Surubim,Brazil,1998-07-25 00:00:00,Central Midfield,Midfield,both,175.0,2027-12-31 00:00:00,,,,BRA1,Mirasol Futebol Clube,1500000.0,1500000.0,,,,,,,,,,,,,,,,,,
645602,,Lucas Arcanjo,Lucas Arcanjo,2125,Brazil,Miguel Calmon,Brazil,1998-08-08 00:00:00,Goalkeeper,Goalkeeper,right,189.0,2028-12-31 00:00:00,,,,BRA1,Esporte Clube Vitória,2500000.0,2500000.0,Lucas Arcanjo,GK,Vitória,3330.0,0.0,0.0,0.0,0.0,0.0,0.0,0.0,0.0,4.0,0.0,3.0,0.0,4.0,0.0
646404,,Zanocelo,Zanocelo,2029,Brazil,Santo André,Brazil,2001-01-30 00:00:00,Defensive Midfield,Midfield,right,185.0,2028-12-31 00:00:00,3.0,2.0,,BRA1,Ceará Sporting Club,2000000.0,3000000.0,,,,,,,,,,,,,,,,,,
646677,,Riccieli,Riccieli,2125,Brazil,Resende,Brazil,1998-09-17 00:00:00,Centre-Back,Defender,right,187.0,2026-12-31 00:00:00,,,,BRA1,Esporte Clube Vitória,1800000.0,3000000.0,,,,,,,,,,,,,,,,,,
649055,,Gabriel Novaes,Gabriel Novaes,8793,Brazil,São Paulo,Brazil,1999-04-05 00:00:00,Centre-Forward,Attack,right,184.0,2026-05-01 00:00:00,,,,BRA1,Red Bull Bragantino,600000.0,1400000.0,,,,,,,,,,,,,,,,,,
650517,,Dênis Júnior,Dênis Júnior,10010,Brazil,Patos de Minas,Brazil,1998-08-10 00:00:00,Goalkeeper,Goalkeeper,right,189.0,,,,,BRA1,Esporte Clube Bahia,,,,,,,,,,,,,,,,,,,,
653348,,Khellven,Khellven,1023,Brazil,Alexandria,Brazil,2001-02-25 00:00:00,Right-Back,Defender,right,176.0,2030-06-30 00:00:00,7.0,0.0,,BRA1,Sociedade Esportiva Palmeiras,6000000.0,7000000.0,,,,,,,,,,,,,,,,,,
654384,,Vitor Pernambuco,Vitor Pernambuco,10492,Brazil,Igarassu,Brazil,1998-04-28 00:00:00,Right Winger,Attack,left,187.0,2026-05-31 00:00:00,,,,BRA1,Esporte Clube Juventude,700000.0,700000.0,,,,,,,,,,,,,,,,,,
657220,Rodrigo,Villagra,Rodrigo Villagra,6600,Argentina,Morteros,Argentina,2001-02-14 00:00:00,Defensive Midfield,Midfield,right,178.0,2026-12-31 00:00:00,2.0,0.0,,BRA1,Sport Club Internacional,3500000.0,7000000.0,,,,,,,,,,,,,,,,,,
657387,,Fabiano,Fabiano,2125,Brazil,Presidente Prudente,Brazil,2000-03-14 00:00:00,Right-Back,Defender,right,175.0,2027-06-30 00:00:00,,,,BRA1,Esporte Clube Vitória,1500000.0,3500000.0,,,,,,,,,,,,,,,,,,
657743,Pedro,Milans,Pedro Milans,199,Uruguay,Las Piedras,Uruguay,2002-03-24 00:00:00,Right-Back,Defender,right,171.0,2029-12-31 00:00:00,0.0,0.0,,BRA1,Sport Club Corinthians Paulista,1500000.0,1500000.0,,,,,,,,,,,,,,,,,,
657746,Cristian,Olivera,Cristian Olivera,10010,Uruguay,Montevideo,Uruguay,2002-04-17 00:00:00,Right Winger,Attack,right,170.0,2026-12-31 00:00:00,13.0,0.0,,BRA1,Esporte Clube Bahia,5000000.0,6000000.0,,,,,,,,,,,,,,,,,,
658678,,Christian,Christian,609,Brazil,Jundiaí,Brazil,2000-12-19 00:00:00,Central Midfield,Midfield,right,178.0,2027-12-31 00:00:00,,,,BRA1,Cruzeiro Esporte Clube,12000000.0,12000000.0,Christian,LW,Athletico Paranaense,1494.0,1.0,0.0,1.8,1.7,57.0,15.0,24.0,9.0,41.0,2.0,27.0,15.0,7.0,0.0
661133,Cristian,Medina,Cristian Medina,537,Argentina,Moreno,Argentina,2002-06-01 00:00:00,Central Midfield,Midfield,right,178.0,2029-12-31 00:00:00,10.0,0.0,,BRA1,S. A. F. Botafogo,9000000.0,13000000.0,,,,,,,,,,,,,,,,,,
661245,Mateo,Gamarra,Mateo Gamarra,609,Paraguay,Concepción,Paraguay,2000-10-20 00:00:00,Centre-Back,Defender,left,183.0,2026-12-31 00:00:00,4.0,0.0,,BRA1,Cruzeiro Esporte Clube,,,Mateo Gamarra,CB,Athletico Paranaense,1482.0,0.0,0.0,1.2,0.2,59.0,4.0,4.0,2.0,12.0,2.0,30.0,28.0,7.0,0.0
661270,Fabrizio,Peralta,Fabrizio Peralta,609,Paraguay,Asunción,Paraguay,2002-08-02 00:00:00,Central Midfield,Midfield,right,176.0,2029-06-30 00:00:00,1.0,0.0,,BRA1,Cruzeiro Esporte Clube,,,Fabrizio Peralta,DM,Cruzeiro,275.0,0.0,0.0,0.1,0.1,17.0,3.0,9.0,6.0,5.0,0.0,10.0,3.0,2.0,0.0
662326,,Patryck,Patryck,585,Brazil,Mogi Mirim,Brazil,2003-01-18 00:00:00,Left-Back,Defender,left,184.0,2026-12-31 00:00:00,0.0,0.0,,BRA1,São Paulo Futebol Clube,,,Patryck,LB,São Paulo,615.0,0.0,0.0,0.0,0.1,22.0,11.0,11.0,5.0,7.0,1.0,20.0,5.0,1.0,0.0
662327,Diego,Rosa,Diego Rosa,6600,Brazil,Salvador,Brazil,2002-10-12 00:00:00,Defensive Midfield,Midfield,right,182.0,2028-05-31 00:00:00,0.0,0.0,,BRA1,Sport Club Internacional,2000000.0,2000000.0,,,,,,,,,,,,,,,,,,
662334,Marcelo,Pitaluga,Marcelo Pitaluga,2462,Brazil,Niterói,Brazil,2002-12-20 00:00:00,Goalkeeper,Goalkeeper,right,193.0,2028-12-31 00:00:00,0.0,0.0,,BRA1,Fluminense Football Club,200000.0,400000.0,,,,,,,,,,,,,,,,,,
662739,Gonzalo,Tapia,Gonzalo Tapia,585,Chile,Las Condes,Chile,2002-02-18 00:00:00,Centre-Forward,Attack,right,179.0,2029-12-31 00:00:00,12.0,3.0,,BRA1,São Paulo Futebol Clube,3500000.0,4000000.0,,,,,,,,,,,,,,,,,,
663319,Marino,Hinestroza,Marino Hinestroza,978,Colombia,Santiago de Cali,Colombia,2002-07-08 00:00:00,Right Winger,Attack,right,170.0,2029-12-31 00:00:00,2.0,0.0,,BRA1,Club de Regatas Vasco da Gama,4800000.0,6000000.0,,,,,,,,,,,,,,,,,,
663578,,Ramon,Ramon,2125,Brazil,São João de Meriti,Brazil,2001-03-13 00:00:00,Left-Back,Defender,left,179.0,2026-12-31 00:00:00,0.0,0.0,,BRA1,Esporte Clube Vitória,2000000.0,2500000.0,,,,,,,,,,,,,,,,,,
667411,,Gustavo,Gustavo,10492,Brazil,Colatina,Brazil,1993-03-10 00:00:00,Goalkeeper,Goalkeeper,right,187.0,2027-12-31 00:00:00,3.0,0.0,,BRA1,Esporte Clube Juventude,,,,,,,,,,,,,,,,,,,,
668228,,Matheus Martins,Matheus Martins,537,Brazil,Campo Grande,Brazil,2003-07-16 00:00:00,Left Winger,Attack,right,183.0,2028-12-31 00:00:00,10.0,6.0,,BRA1,S. A. F. Botafogo,6000000.0,7000000.0,Matheus Martins,FW,Botafogo (RJ),456.0,2.0,0.0,1.5,1.0,22.0,26.0,20.0,4.0,21.0,2.0,9.0,7.0,0.0,0.0
668234,,Bruninho,Bruninho,8793,Brazil,São Paulo,Brazil,2003-03-14 00:00:00,Attacking Midfield,Midfield,right,174.0,2027-12-31 00:00:00,2.0,0.0,,BRA1,Red Bull Bragantino,1000000.0,3000000.0,,,,,,,,,,,,,,,,,,
668265,,Kayky,Kayky,6600,Brazil,Rio de Janeiro,Brazil,2003-06-11 00:00:00,Right Winger,Attack,left,172.0,2026-12-31 00:00:00,1.0,2.0,,BRA1,Sport Club Internacional,5000000.0,14000000.0,,,,,,,,,,,,,,,,,,
668268,,Marquinhos,Marquinhos,609,Brazil,São Paulo,Brazil,2003-04-07 00:00:00,Right Winger,Attack,left,175.0,2028-12-31 00:00:00,6.0,0.0,,BRA1,Cruzeiro Esporte Clube,2500000.0,12000000.0,,,,,,,,,,,,,,,,,,
668799,,Alexander,Alexander,978,Brazil,São Gonçalo,Brazil,1999-05-31 00:00:00,Goalkeeper,Goalkeeper,right,190.0,,,,,BRA1,Club de Regatas Vasco da Gama,,,,,,,,,,,,,,,,,,,,
668953,José,Herrera,José Herrera,8793,Argentina,San Miguel de Tucumán,Argentina,2003-04-16 00:00:00,Right Winger,Attack,left,172.0,2029-12-31 00:00:00,3.0,1.0,,BRA1,Red Bull Bragantino,2500000.0,2500000.0,,,,,,,,,,,,,,,,,,
670021,Matheus,Bidu,Matheus Bidu,199,Brazil,São Paulo,Brazil,1999-05-04 00:00:00,Left-Back,Defender,left,172.0,2027-12-31 00:00:00,,,,BRA1,Sport Club Corinthians Paulista,7000000.0,7000000.0,Matheus Bidu,"LB,CM",Corinthians,1500.0,2.0,1.0,0.9,1.0,64.0,33.0,26.0,14.0,43.0,2.0,33.0,20.0,3.0,0.0
670201,Lucas,Piton,Lucas Piton,978,Brazil,Jundiaí,Italy,2000-10-09 00:00:00,Left-Back,Defender,left,175.0,2028-12-31 00:00:00,,,,BRA1,Club de Regatas Vasco da Gama,6000000.0,8000000.0,Lucas Piton,LB,Vasco da Gama,2703.0,1.0,5.0,0.5,3.5,103.0,63.0,47.0,28.0,77.0,7.0,66.0,24.0,5.0,0.0
670522,,Matheus Davó,Matheus Davó,3876,Brazil,São Paulo,Brazil,1999-08-16 00:00:00,Centre-Forward,Attack,right,178.0,2027-06-30 00:00:00,,,,BRA1,Mirasol Futebol Clube,,,,,,,,,,,,,,,,,,,,
670968,,Zé Gabriel,Zé Gabriel,978,Brazil,Carmópolis,Brazil,1999-01-21 00:00:00,Defensive Midfield,Midfield,right,184.0,2026-11-30 00:00:00,,,,BRA1,Club de Regatas Vasco da Gama,,,Zé Gabriel,CM,Vasco da Gama,457.0,0.0,0.0,0.7999999999999999,0.0,11.0,6.0,10.0,5.0,9.0,1.0,15.0,3.0,3.0,0.0
671572,,Wagner Leonardo,Wagner Leonardo,210,Brazil,Praia Grande,Brazil,1999-07-23 00:00:00,Centre-Back,Defender,left,186.0,2028-12-31 00:00:00,,,,BRA1,Grêmio Foot-Ball Porto Alegrense,3000000.0,4000000.0,,,,,,,,,,,,,,,,,,
674732,,Wesley,Wesley,6600,Brazil,Salvador,Brazil,1999-03-30 00:00:00,Left Winger,Attack,right,175.0,,,,,BRA1,Sport Club Internacional,,,Wesley,FW,Internacional,4251.0,8.0,2.0,6.1,5.7,183.0,167.0,233.0,123.0,184.0,13.0,97.0,56.0,4.0,0.0
675047,,Daniel Peixoto,Daniel Peixoto,10492,Brazil,Salvador,Brazil,1997-06-30 00:00:00,Defensive Midfield,Midfield,right,181.0,,,,,BRA1,Esporte Clube Juventude,,,Peixoto,DM,Juventude,20.0,0.0,0.0,0.1,0.0,1.0,1.0,0.0,0.0,0.0,0.0,3.0,0.0,1.0,0.0
675178,Isidro,Pitta,Isidro Pitta,8793,Paraguay,Tobatí,Paraguay,1999-08-14 00:00:00,Centre-Forward,Attack,right,185.0,2028-12-31 00:00:00,6.0,0.0,,BRA1,Red Bull Bragantino,7500000.0,7500000.0,Isidro Pitta,FW,Cuiabá,2831.0,7.0,2.0,9.7,3.7,52.0,49.0,50.0,17.0,70.0,6.0,6.0,8.0,5.0,0.0
676034,,Ewerthon,Ewerthon,10492,Brazil,Recife,Brazil,2000-11-10 00:00:00,Right-Back,Defender,right,171.0,2026-12-31 00:00:00,,,,BRA1,Esporte Clube Juventude,,,Ewerton,RW,Juventude,1189.0,1.0,2.0,0.8,1.4,36.0,10.0,11.0,6.0,29.0,4.0,28.0,8.0,1.0,0.0
676035,Luciano,Juba,Luciano Juba,10010,Brazil,Jaboatão dos Guararapes,Brazil,1999-08-29 00:00:00,Left-Back,Defender,left,176.0,2029-12-31 00:00:00,0.0,0.0,,BRA1,Esporte Clube Bahia,14000000.0,14000000.0,Luciano Juba,LB,Bahia,3114.0,3.0,1.0,1.4,4.5,148.0,47.0,24.0,10.0,80.0,3.0,47.0,24.0,2.0,0.0
678376,,Luan Freitas,Luan Freitas,10492,Brazil,Rio de Janeiro,Brazil,2001-01-20 00:00:00,Centre-Back,Defender,right,184.0,2027-12-31 00:00:00,0.0,0.0,,BRA1,Esporte Clube Juventude,,,,,,,,,,,,,,,,,,,,
678439,,Mauricio,Mauricio,1023,Brazil,São Paulo,Paraguay,2001-06-22 00:00:00,Attacking Midfield,Midfield,left,175.0,2028-12-31 00:00:00,7.0,1.0,,BRA1,Sociedade Esportiva Palmeiras,15000000.0,15000000.0,Mauricio,RM,Internacional,1513.0,3.0,0.0,3.9,1.7000000000000002,53.0,19.0,15.0,3.0,53.0,4.0,18.0,10.0,2.0,0.0
678502,,Guilherme Lopes,Guilherme Lopes,8793,Brazil,Brasília,Brazil,2002-02-14 00:00:00,Left-Back,Defender,left,178.0,2026-12-31 00:00:00,,,,BRA1,Red Bull Bragantino,,,,,,,,,,,,,,,,,,,,
678853,,Matheus Araújo,Matheus Araújo,2029,Brazil,Osasco,Brazil,2002-05-22 00:00:00,Attacking Midfield,Midfield,right,176.0,2027-12-31 00:00:00,3.0,0.0,,BRA1,Ceará Sporting Club,,,Matheus Araújo,RW,Corinthians,43.0,0.0,0.0,0.0,0.0,4.0,0.0,0.0,0.0,1.0,1.0,1.0,0.0,0.0,0.0
680506,José Andrés,Hurtado,José Andrés Hurtado,8793,Ecuador,Santo Domingo,Ecuador,2001-12-23 00:00:00,Right-Back,Defender,right,178.0,2027-12-31 00:00:00,10.0,0.0,,BRA1,Red Bull Bragantino,3000000.0,3000000.0,José Hurtado,RB,Red Bull Bragantino,1325.0,0.0,2.0,0.1,2.1,56.0,39.0,18.0,11.0,33.0,6.0,23.0,11.0,2.0,0.0
680681,,Negueba,Negueba,3876,Brazil,Ceará-Mirim,Brazil,1999-12-03 00:00:00,Right Winger,Attack,right,173.0,2027-12-31 00:00:00,,,,BRA1,Mirasol Futebol Clube,3000000.0,3000000.0,,,,,,,,,,,,,,,,,,
685768,,Allanzinho,Allanzinho,10870,Brazil,Bertioga,Brazil,2000-04-04 00:00:00,Left Winger,Attack,right,175.0,2026-12-31 00:00:00,,,,BRA1,Fortaleza Esporte Clube,,,,,,,,,,,,,,,,,,,,
688310,,Lucas Lima,Lucas Lima,2029,Brazil,Magé,Brazil,2000-07-04 00:00:00,Defensive Midfield,Midfield,right,180.0,2027-12-31 00:00:00,,,,BRA1,Ceará Sporting Club,,,,,,,,,,,,,,,,,,,,
688593,Santiago,Ramos Mingo,Santiago Ramos Mingo,10010,Argentina,Córdoba,Argentina,2001-11-21 00:00:00,Centre-Back,Defender,left,186.0,2029-12-31 00:00:00,,,,BRA1,Esporte Clube Bahia,12000000.0,12000000.0,,,,,,,,,,,,,,,,,,
688684,,Ronald,Ronald,2125,Brazil,Belford Roxo,Brazil,1997-06-18 00:00:00,Defensive Midfield,Midfield,right,171.0,2028-06-30 00:00:00,,,,BRA1,Esporte Clube Vitória,700000.0,800000.0,,,,,,,,,,,,,,,,,,
688690,,Igor Formiga,Igor Formiga,3876,Brazil,Rio de Janeiro,Brazil,1999-01-08 00:00:00,Right-Back,Defender,right,177.0,2026-12-31 00:00:00,,,,BRA1,Mirasol Futebol Clube,2000000.0,2000000.0,,,,,,,,,,,,,,,,,,
689017,,Ferreirinha,Ferreirinha,585,Brazil,Dourados,Brazil,1997-12-31 00:00:00,Left Winger,Attack,right,176.0,2027-12-31 00:00:00,,,,BRA1,São Paulo Futebol Clube,4000000.0,9000000.0,,,,,,,,,,,,,,,,,,
689211,,Juan Nardoni,Juan Nardoni,210,Argentina,Nelson,Argentina,2002-07-14 00:00:00,Central Midfield,Midfield,right,180.0,2029-12-31 00:00:00,10.0,0.0,,BRA1,Grêmio Foot-Ball Porto Alegrense,9000000.0,11000000.0,,,,,,,,,,,,,,,,,,
689737,,Patrick de Lucca,Patrick de Lucca,978,Brazil,São Paulo,Brazil,2000-03-02 00:00:00,Defensive Midfield,Midfield,right,180.0,2026-11-30 00:00:00,,,,BRA1,Club de Regatas Vasco da Gama,,,,,,,,,,,,,,,,,,,,
691811,,Dudu,Dudu,2125,Brazil,São Vicente,Brazil,1999-06-05 00:00:00,Defensive Midfield,Midfield,left,186.0,2026-12-31 00:00:00,,,,BRA1,Esporte Clube Vitória,600000.0,600000.0,,,,,,,,,,,,,,,,,,
694928,,Samuel Lino,Samuel Lino,614,Brazil,Santo André,Brazil,1999-12-23 00:00:00,Left Winger,Attack,right,177.0,2029-12-31 00:00:00,1.0,0.0,,BRA1,Clube de Regatas do Flamengo,15000000.0,30000000.0,,,,,,,,,,,,,,,,,,
695232,Chrystian,Barletta,Chrystian Barletta,8718,Brazil,Limeira,Brazil,2001-07-05 00:00:00,Right Winger,Attack,left,178.0,2028-12-31 00:00:00,,,,BRA1,Sport Club do Recife,,,,,,,,,,,,,,,,,,,,
697845,,Claudinho,Claudinho,2125,Brazil,Nova Veneza,Brazil,2000-09-24 00:00:00,Right-Back,Defender,right,180.0,2027-12-31 00:00:00,,,,BRA1,Esporte Clube Vitória,1700000.0,2500000.0,Claudinho,RB,Criciúma,2047.0,2.0,3.0,0.8,3.5,115.0,43.0,38.0,21.0,72.0,4.0,58.0,40.0,3.0,1.0
703322,,Bruno Gomes,Bruno Gomes,6600,Brazil,Rio de Janeiro,Brazil,2001-04-04 00:00:00,Right-Back,Defender,right,175.0,2027-12-31 00:00:00,5.0,0.0,,BRA1,Sport Club Internacional,6000000.0,6000000.0,Bruno Gomes,CM,Internacional,2157.0,1.0,2.0,0.5,1.0,152.0,58.0,37.0,21.0,46.0,5.0,62.0,30.0,3.0,0.0
707447,Emiliano,Martínez,Emiliano Martínez,1023,Uruguay,Punta del Este,Uruguay,1999-08-17 00:00:00,Defensive Midfield,Midfield,right,184.0,2029-12-31 00:00:00,10.0,0.0,,BRA1,Sociedade Esportiva Palmeiras,6500000.0,9000000.0,,,,,,,,,,,,,,,,,,
708723,Matheus,Donelli,Matheus Donelli,199,Brazil,São Paulo,Brazil,2002-05-17 00:00:00,Goalkeeper,Goalkeeper,right,187.0,2028-06-30 00:00:00,1.0,0.0,,BRA1,Sport Club Corinthians Paulista,1000000.0,2500000.0,Matheus Donelli,GK,Corinthians,630.0,0.0,0.0,0.0,0.0,0.0,0.0,0.0,0.0,0.0,0.0,0.0,0.0,0.0,0.0
719635,Alexandro,Bernabei,Alexandro Bernabei,6600,Argentina,Cañada de Gómez,Argentina,2000-09-24 00:00:00,Left-Back,Defender,left,169.0,2028-12-31 00:00:00,2.0,0.0,,BRA1,Sport Club Internacional,8000000.0,8000000.0,Alexandro Bernabei,LB,Internacional,2063.0,3.0,5.0,1.2,4.9,113.0,60.0,64.0,27.0,74.0,9.0,56.0,26.0,5.0,0.0
720294,,Lautaro Díaz,Lautaro Díaz,221,Argentina,Buenos Aires,Argentina,1998-05-21 00:00:00,Centre-Forward,Attack,right,181.0,2026-12-31 00:00:00,,,,BRA1,Santos Futebol Clube,1500000.0,1500000.0,Lautaro Díaz,LW,Cruzeiro,959.0,1.0,0.0,2.4,0.5,15.0,15.0,27.0,5.0,26.0,0.0,8.0,2.0,1.0,0.0
722454,,Marco Antônio,Marco Antônio,2125,Brazil,Santo Antônio de Jesus,Brazil,2000-09-24 00:00:00,Centre-Back,Defender,right,178.0,,,,,BRA1,Esporte Clube Vitória,,,,,,,,,,,,,,,,,,,,
722457,,Fabrício,Fabrício,8793,Brazil,Itaquiraí,Brazil,2000-06-15 00:00:00,Goalkeeper,Goalkeeper,right,190.0,2027-12-31 00:00:00,,,,BRA1,Red Bull Bragantino,100000.0,100000.0,Fabrício,GK,Internacional,810.0,0.0,0.0,0.0,0.0,0.0,0.0,0.0,0.0,0.0,0.0,0.0,0.0,0.0,0.0
723853,Erick,Noriega,Erick Noriega,210,Japan,Nagoya,Peru,2001-10-22 00:00:00,Defensive Midfield,Midfield,right,185.0,2028-12-31 00:00:00,11.0,0.0,3584.0,BRA1,Grêmio Foot-Ball Porto Alegrense,5000000.0,5000000.0,,,,,,,,,,,,,,,,,,
726472,,Léo Pereira,Léo Pereira,2125,Brazil,Bauru,Brazil,2000-06-29 00:00:00,Left Winger,Attack,both,172.0,2028-12-31 00:00:00,,,,BRA1,Esporte Clube Vitória,1200000.0,1500000.0,,,,,,,,,,,,,,,,,,
727747,,Carlos Alberto,Carlos Alberto,537,Brazil,João Pessoa,Brazil,2002-04-14 00:00:00,Right Winger,Attack,right,181.0,2026-12-31 00:00:00,3.0,0.0,,BRA1,S. A. F. Botafogo,1300000.0,1300000.0,Carlos Alberto,FW,Botafogo (RJ),212.0,1.0,0.0,1.6,0.2,4.0,7.0,6.0,4.0,7.0,0.0,3.0,4.0,0.0,0.0
727751,,Caio Alexandre,Caio Alexandre,10010,Brazil,Duque de Caxias,Brazil,1999-02-24 00:00:00,Defensive Midfield,Midfield,right,174.0,2028-12-31 00:00:00,,,,BRA1,Esporte Clube Bahia,7000000.0,7000000.0,Caio Alexandre,CM,Bahia,2774.0,2.0,0.0,0.8,2.3000000000000003,235.0,80.0,30.0,17.0,81.0,4.0,59.0,27.0,6.0,0.0
730708,,Hugo,Hugo,199,Brazil,Arapiraca,Brazil,1997-08-29 00:00:00,Left-Back,Defender,left,179.0,2026-12-31 00:00:00,,,,BRA1,Sport Club Corinthians Paulista,700000.0,1500000.0,,,,,,,,,,,,,,,,,,
732899,Guzmán,Rodríguez,Guzmán Rodríguez,8793,Uruguay,Montevideo,Uruguay,2000-02-08 00:00:00,Centre-Back,Defender,right,185.0,2029-12-31 00:00:00,,,,BRA1,Red Bull Bragantino,3500000.0,4000000.0,,,,,,,,,,,,,,,,,,
737821,Patrick,de Paula,Patrick de Paula,537,Brazil,Rio de Janeiro,Brazil,1999-09-08 00:00:00,Defensive Midfield,Midfield,left,180.0,2026-12-31 00:00:00,,,,BRA1,S. A. F. Botafogo,2500000.0,16000000.0,Patrick de Paula,AM,Botafogo (RJ),300.0,0.0,0.0,0.1,0.0,16.0,4.0,1.0,1.0,6.0,0.0,10.0,5.0,3.0,0.0
738411,,Adriano,Adriano,8718,Brazil,Codó,Brazil,2003-03-07 00:00:00,Goalkeeper,Goalkeeper,right,,,,,,BRA1,Sport Club do Recife,,,,,,,,,,,,,,,,,,,,
739272,,Adriano Martins,Adriano Martins,10492,Brazil,Rio de Janeiro,Brazil,1997-04-01 00:00:00,Centre-Back,Defender,right,193.0,2026-12-31 00:00:00,,,,BRA1,Esporte Clube Juventude,,,Adriano Martins,CB,Atlético Goianiense,2990.0,0.0,0.0,1.2000000000000002,0.0,106.0,24.0,14.0,8.0,22.0,1.0,43.0,41.0,7.0,0.0
740157,,Hugo,Hugo,2125,Brazil,João Pessoa,Brazil,2001-09-20 00:00:00,Left-Back,Defender,left,175.0,,,,,BRA1,Esporte Clube Vitória,,,,,,,,,,,,,,,,,,,,
740272,,Fintelman,Fintelman,2125,Brazil,Petrópolis,Brazil,2001-07-20 00:00:00,Goalkeeper,Goalkeeper,right,195.0,2027-12-31 00:00:00,,,,BRA1,Esporte Clube Vitória,100000.0,100000.0,,,,,,,,,,,,,,,,,,
740273,,Nathan,Nathan,6600,Brazil,Rio de Janeiro,Brazil,2001-09-05 00:00:00,Right-Back,Defender,right,183.0,2026-12-31 00:00:00,,,,BRA1,Sport Club Internacional,2000000.0,3000000.0,,,,,,,,,,,,,,,,,,
740295,,Natanael,Natanael,330,Brazil,Braganey,Brazil,2002-01-05 00:00:00,Right-Back,Defender,right,172.0,2028-12-31 00:00:00,,,,BRA1,Clube Atlético Mineiro,4500000.0,6000000.0,,,,,,,,,,,,,,,,,,
740491,,Kelvi Gomes,Kelvi Gomes,10492,Brazil,Ilópolis,Brazil,2002-10-17 00:00:00,Defensive Midfield,Midfield,right,182.0,,,,,BRA1,Esporte Clube Juventude,,,,,,,,,,,,,,,,,,,,
740501,,Gabriel Xavier,Gabriel Xavier,10010,Brazil,Andradina,Brazil,2001-05-06 00:00:00,Centre-Back,Defender,right,190.0,2029-12-31 00:00:00,,,,BRA1,Esporte Clube Bahia,4000000.0,4000000.0,,,,,,,,,,,,,,,,,,
741021,,Matheus Bahia,Matheus Bahia,6600,Brazil,Salvador,Brazil,1999-08-11 00:00:00,Left-Back,Defender,left,181.0,2027-12-31 00:00:00,,,,BRA1,Sport Club Internacional,3000000.0,3000000.0,,,,,,,,,,,,,,,,,,
742025,,Guilherme Pato,Guilherme Pato,3876,Brazil,Quaraí,Brazil,2001-02-17 00:00:00,Left Winger,Attack,right,164.0,2026-11-30 00:00:00,,,,BRA1,Mirasol Futebol Clube,,,,,,,,,,,,,,,,,,,,
742034,,Léo Linck,Léo Linck,537,Brazil,Marechal Cândido Rondon,Brazil,2001-03-03 00:00:00,Goalkeeper,Goalkeeper,right,194.0,2028-12-31 00:00:00,3.0,0.0,,BRA1,S. A. F. Botafogo,2500000.0,3000000.0,Leonardo Linck,GK,Athletico Paranaense,1223.0,0.0,0.0,0.0,0.5,1.0,0.0,0.0,0.0,4.0,0.0,0.0,0.0,0.0,1.0
742855,,Gabriel Lacerda,Gabriel Lacerda,2029,Brazil,Caieiras,Brazil,1999-08-29 00:00:00,Centre-Back,Defender,right,190.0,2026-12-31 00:00:00,,,,BRA1,Ceará Sporting Club,,,,,,,,,,,,,,,,,,,,
743588,,Rômulo,Rômulo,330,Brazil,Belo Horizonte,Brazil,2004-01-31 00:00:00,Centre-Back,Defender,right,183.0,2027-12-31 00:00:00,0.0,0.0,,BRA1,Clube Atlético Mineiro,,,,,,,,,,,,,,,,,,,,
743593,,Rodriguinho,Rodriguinho,8793,Brazil,Mineiros,Brazil,2004-03-16 00:00:00,Attacking Midfield,Midfield,right,186.0,2030-12-31 00:00:00,3.0,0.0,,BRA1,Red Bull Bragantino,6000000.0,6000000.0,,,,,,,,,,,,,,,,,,
743597,Matheus,França,Matheus França,978,Brazil,Rio de Janeiro,Brazil,2004-04-01 00:00:00,Attacking Midfield,Midfield,right,184.0,2026-06-30 00:00:00,2.0,0.0,,BRA1,Club de Regatas Vasco da Gama,6000000.0,15000000.0,,,,,,,,,,,,,,,,,,
743831,,Renato Santos,Renato Santos,199,Brazil,Vitória da Conquista,Brazil,2004-10-11 00:00:00,Centre-Back,Defender,right,188.0,2027-07-31 00:00:00,2.0,0.0,,BRA1,Sport Club Corinthians Paulista,,,,,,,,,,,,,,,,,,,,
744024,,João Marcelo,João Marcelo,609,Brazil,Rio de Janeiro,Brazil,2000-06-13 00:00:00,Centre-Back,Defender,right,190.0,2028-12-31 00:00:00,,,,BRA1,Cruzeiro Esporte Clube,3000000.0,5500000.0,,,,,,,,,,,,,,,,,,
745191,Ramón,Sosa,Ramón Sosa,1023,Paraguay,Maracaná,Paraguay,1999-08-31 00:00:00,Second Striker,Attack,right,178.0,2030-06-30 00:00:00,30.0,1.0,,BRA1,Sociedade Esportiva Palmeiras,10000000.0,13000000.0,,,,,,,,,,,,,,,,,,
745927,Kevin,Serna,Kevin Serna,2462,Colombia,Popayán,Colombia,1997-12-17 00:00:00,Right Winger,Attack,right,182.0,2028-12-31 00:00:00,2.0,0.0,,BRA1,Fluminense Football Club,5000000.0,5000000.0,Kevin Serna,LW,Fluminense,872.0,3.0,2.0,2.6,1.2,13.0,41.0,61.0,27.0,25.0,6.0,26.0,6.0,1.0,0.0
749559,,Victor Hugo,Victor Hugo,330,Brazil,Rio de Janeiro,Brazil,2004-05-11 00:00:00,Central Midfield,Midfield,left,184.0,2030-12-31 00:00:00,2.0,0.0,,BRA1,Clube Atlético Mineiro,7000000.0,7000000.0,,,,,,,,,,,,,,,,,,
752560,,Gustavo Maia,Gustavo Maia,8718,Brazil,Brasília,Brazil,2001-01-22 00:00:00,Left Winger,Attack,right,168.0,2026-12-31 00:00:00,2.0,0.0,,BRA1,Sport Club do Recife,,,,,,,,,,,,,,,,,,,,
787269,,Fabrício Daniel,Fabrício Daniel,3876,Brazil,Araraquara,Brazil,1997-07-23 00:00:00,Right Winger,Attack,left,182.0,2026-11-30 00:00:00,,,,BRA1,Mirasol Futebol Clube,,,,,,,,,,,,,,,,,,,,
788361,,Moisés,Moisés,221,Brazil,Morro da Fumaça,Brazil,1996-09-02 00:00:00,Left Winger,Attack,right,177.0,2028-12-31 00:00:00,,,,BRA1,Santos Futebol Clube,2000000.0,3000000.0,Moises,FW,Fortaleza,1171.0,7.0,2.0,5.6,2.8,25.0,49.0,71.0,33.0,47.0,7.0,6.0,7.0,0.0,0.0
788861,,Matheus Babi,Matheus Babi,10492,Brazil,Macaé,Brazil,1997-07-18 00:00:00,Centre-Forward,Attack,right,191.0,,,,,BRA1,Esporte Clube Juventude,1500000.0,3500000.0,,,,,,,,,,,,,,,,,,
789856,,Caio Roque,Caio Roque,537,Brazil,São Paulo,Brazil,2002-01-09 00:00:00,Left-Back,Defender,left,182.0,2026-12-31 00:00:00,,,,BRA1,S. A. F. Botafogo,400000.0,500000.0,,,,,,,,,,,,,,,,,,
791721,,Kawê,Kawê,8793,Brazil,São Paulo,Brazil,2002-06-22 00:00:00,Right Winger,Attack,right,175.0,2027-06-30 00:00:00,,,,BRA1,Red Bull Bragantino,300000.0,300000.0,,,,,,,,,,,,,,,,,,
793815,,Rezende,Rezende,10010,Brazil,Rio de Janeiro,Brazil,1995-01-02 00:00:00,Defensive Midfield,Midfield,left,186.0,,,,,BRA1,Esporte Clube Bahia,,,Rezende,CM,Bahia,574.0,0.0,0.0,0.5,0.0,22.0,2.0,4.0,3.0,4.0,0.0,24.0,8.0,3.0,0.0
794925,,Edson Carioca,Edson Carioca,3876,Brazil,Japeri,Brazil,1997-06-04 00:00:00,Centre-Forward,Attack,right,179.0,2028-12-31 00:00:00,,,,BRA1,Mirasol Futebol Clube,1500000.0,1500000.0,Edson Carioca,RM,Juventude,740.0,3.0,2.0,1.6,0.4,23.0,20.0,37.0,17.0,21.0,4.0,22.0,18.0,2.0,0.0
795619,,Léo Rafael,Léo Rafael,2029,Brazil,Campinas,Brazil,2001-04-25 00:00:00,Central Midfield,Midfield,right,182.0,2026-12-30 00:00:00,,,,BRA1,Ceará Sporting Club,,,,,,,,,,,,,,,,,,,,
796796,,Ian Luccas,Ian Luccas,609,Brazil,Ribeirão Preto,Brazil,2003-02-11 00:00:00,Defensive Midfield,Midfield,right,188.0,2026-12-31 00:00:00,1.0,0.0,,BRA1,Cruzeiro Esporte Clube,,,,,,,,,,,,,,,,,,,,
798167,,Felipinho,Felipinho,10492,Brazil,Itapetinga,Brazil,1997-01-13 00:00:00,Left-Back,Defender,left,177.0,2027-12-31 00:00:00,,,,BRA1,Esporte Clube Juventude,,,,,,,,,,,,,,,,,,,,
802646,,Pierre,Pierre,10870,Brazil,Rio de Janeiro,Brazil,2002-03-12 00:00:00,Central Midfield,Midfield,left,181.0,2029-12-31 00:00:00,,,,BRA1,Fortaleza Esporte Clube,,,,,,,,,,,,,,,,,,,,
808507,,Denilson,Denilson,3876,Brazil,Nazaré do Piauí,Brazil,2001-03-23 00:00:00,Central Midfield,Midfield,right,180.0,2028-12-31 00:00:00,,,,BRA1,Mirasol Futebol Clube,2000000.0,2000000.0,,,,,,,,,,,,,,,,,,
808509,,Danilo,Danilo,537,Brazil,Salvador,Brazil,2001-04-29 00:00:00,Central Midfield,Midfield,left,177.0,2029-06-30 00:00:00,8.0,2.0,,BRA1,S. A. F. Botafogo,32000000.0,32000000.0,,,,,,,,,,,,,,,,,,
809716,,Lucas Freitas,Lucas Freitas,978,Brazil,Rio de Janeiro,Brazil,2001-01-20 00:00:00,Centre-Back,Defender,left,184.0,2027-12-31 00:00:00,0.0,0.0,,BRA1,Club de Regatas Vasco da Gama,1000000.0,1000000.0,Lucas Freitas,CB,Juventude,1256.0,0.0,0.0,0.2,0.1,43.0,8.0,4.0,1.0,13.0,0.0,9.0,23.0,3.0,1.0
811219,,Newton,Newton,537,Brazil,Salvador,Brazil,2000-03-12 00:00:00,Defensive Midfield,Midfield,right,188.0,2027-12-31 00:00:00,,,,BRA1,S. A. F. Botafogo,3000000.0,3000000.0,Newton,CM,Criciúma,2299.0,1.0,1.0,1.5,0.8,78.0,35.0,32.0,22.0,42.0,1.0,52.0,15.0,7.0,0.0
813044,,Elias Manoel,Elias Manoel,537,Brazil,Campinas,Brazil,2001-11-30 00:00:00,Centre-Forward,Attack,right,176.0,2027-12-31 00:00:00,,,,BRA1,S. A. F. Botafogo,1500000.0,2000000.0,,,,,,,,,,,,,,,,,,
815558,,Martinelli,Martinelli,2462,Brazil,Presidente Prudente,Brazil,2001-10-05 00:00:00,Defensive Midfield,Midfield,right,176.0,2030-12-31 00:00:00,,,,BRA1,Fluminense Football Club,16000000.0,16000000.0,Martinelli,CB,Fluminense,2578.0,1.0,1.0,1.0,1.2,115.0,28.0,52.0,24.0,49.0,2.0,40.0,41.0,8.0,0.0
816129,,Vanderlan,Vanderlan,8793,Brazil,Brumado,Brazil,2002-09-07 00:00:00,Left-Back,Defender,left,183.0,2030-12-31 00:00:00,,,,BRA1,Red Bull Bragantino,3000000.0,4000000.0,Vanderlan,LB,Palmeiras,1051.0,0.0,3.0,0.4,2.5,32.0,19.0,23.0,8.0,21.0,3.0,26.0,10.0,0.0,0.0
816144,,Lucas Barbosa,Lucas Barbosa,8793,Brazil,Bebedouro,Brazil,2001-02-22 00:00:00,Right Winger,Attack,left,194.0,2029-12-31 00:00:00,,,,BRA1,Red Bull Bragantino,6000000.0,6000000.0,Lucas Barbosa,RM,Juventude,2443.0,7.0,2.0,6.1000000000000005,3.2,103.0,61.0,51.0,18.0,69.0,4.0,68.0,57.0,12.0,1.0
816149,,Andrey Quintino,Andrey Quintino,221,Brazil,Santos,Brazil,2002-08-05 00:00:00,Right Winger,Attack,right,176.0,,,,,BRA1,Santos Futebol Clube,,,,,,,,,,,,,,,,,,,,
818068,,Magrão,Magrão,10870,Brazil,Pindoretama,Brazil,2000-05-15 00:00:00,Goalkeeper,Goalkeeper,right,197.0,2026-12-31 00:00:00,,,,BRA1,Fortaleza Esporte Clube,300000.0,300000.0,,,,,,,,,,,,,,,,,,
825780,,Zé Vitor,Zé Vitor,2125,Brazil,Goiânia,Brazil,2000-05-02 00:00:00,Central Midfield,Midfield,right,194.0,2026-12-31 00:00:00,,,,BRA1,Esporte Clube Vitória,500000.0,600000.0,José Vitor Silva Neves,LM,Athletico Paranaense,176.0,0.0,0.0,0.2,0.0,12.0,4.0,15.0,5.0,3.0,0.0,8.0,7.0,2.0,0.0
828045,Miguel,Monsalve,Miguel Monsalve,210,Colombia,Medellín,Colombia,2004-02-27 00:00:00,Attacking Midfield,Midfield,right,178.0,2028-12-31 00:00:00,17.0,3.0,,BRA1,Grêmio Foot-Ball Porto Alegrense,3500000.0,6000000.0,Miguel Monsalve,FW,Grêmio,969.0,3.0,1.0,2.7,0.8,43.0,34.0,64.0,38.0,34.0,5.0,10.0,5.0,3.0,1.0
829378,Braian,Aguirre,Braian Aguirre,6600,Argentina,Rafael Calzada,Argentina,2000-07-28 00:00:00,Right-Back,Defender,right,175.0,2028-12-31 00:00:00,,,,BRA1,Sport Club Internacional,2500000.0,3000000.0,Braian Aguirre,RB,Internacional,90.0,0.0,0.0,0.1,0.5,7.0,0.0,1.0,0.0,2.0,0.0,5.0,3.0,0.0,0.0
834444,,Victor Gabriel,Victor Gabriel,6600,Brazil,Tuntum,Brazil,2004-04-28 00:00:00,Centre-Back,Defender,left,187.0,2029-12-31 00:00:00,0.0,0.0,,BRA1,Sport Club Internacional,5000000.0,5000000.0,,,,,,,,,,,,,,,,,,
834445,,Serafim,Serafim,537,Brazil,Campinas,Brazil,2004-05-16 00:00:00,Centre-Back,Defender,right,185.0,,0.0,0.0,,BRA1,S. A. F. Botafogo,,,,,,,,,,,,,,,,,,,,
834467,,Kauê,Kauê,537,Brazil,Quissamã,Brazil,2004-10-22 00:00:00,Central Midfield,Midfield,right,174.0,2030-06-30 00:00:00,1.0,0.0,,BRA1,S. A. F. Botafogo,,,,,,,,,,,,,,,,,,,,
837534,,Luiz Filipe,Luiz Filipe,3876,Brazil,Carmésia,Brazil,2001-05-28 00:00:00,Right Winger,Attack,right,174.0,2027-03-30 00:00:00,,,,BRA1,Mirasol Futebol Clube,100000.0,150000.0,,,,,,,,,,,,,,,,,,
838386,,Leandro Mathias,Leandro Mathias,585,Brazil,Campinas,Brazil,2004-11-14 00:00:00,Goalkeeper,Goalkeeper,left,188.0,,0.0,0.0,,BRA1,São Paulo Futebol Clube,,,,,,,,,,,,,,,,,,,,
838387,,Léo Mana,Léo Mana,199,Brazil,São Paulo,Brazil,2004-04-06 00:00:00,Right-Back,Defender,right,179.0,2026-07-31 00:00:00,0.0,0.0,,BRA1,Sport Club Corinthians Paulista,,,Léo Mana,RB,Corinthians,208.0,0.0,0.0,0.0,0.0,6.0,1.0,0.0,0.0,4.0,0.0,6.0,5.0,1.0,0.0
839031,Leonel,Pérez,Leonel Pérez,210,Argentina,Rafael Castillo,Argentina,2004-08-09 00:00:00,Defensive Midfield,Midfield,right,186.0,2029-12-31 00:00:00,,,,BRA1,Grêmio Foot-Ball Porto Alegrense,6000000.0,6000000.0,,,,,,,,,,,,,,,,,,
842370,,João Victor,João Victor,2029,Brazil,Caxias,Brazil,2004-04-27 00:00:00,Left Winger,Attack,both,167.0,2028-06-30 00:00:00,0.0,0.0,,BRA1,Ceará Sporting Club,,,,,,,,,,,,,,,,,,,,
844797,José Manuel,López,José Manuel López,1023,Argentina,San Lorenzo,Argentina,2000-12-06 00:00:00,Centre-Forward,Attack,left,190.0,2029-12-31 00:00:00,3.0,0.0,,BRA1,Sociedade Esportiva Palmeiras,25000000.0,25000000.0,José López,DM,Palmeiras,2140.0,10.0,2.0,9.5,3.2,41.0,32.0,37.0,14.0,50.0,6.0,14.0,26.0,8.0,0.0
849582,Agustín,Giay,Agustín Giay,1023,Argentina,San Carlos Centro,Argentina,2004-01-16 00:00:00,Right-Back,Defender,right,180.0,2030-12-31 00:00:00,3.0,0.0,,BRA1,Sociedade Esportiva Palmeiras,10000000.0,11000000.0,Agustín Giay,RB,Palmeiras,642.0,0.0,0.0,0.5,0.2,37.0,16.0,12.0,4.0,19.0,0.0,30.0,7.0,1.0,0.0
851542,,Luan Brito,Luan Brito,2462,Brazil,Rio de Janeiro,Brazil,2002-09-10 00:00:00,Centre-Forward,Attack,left,186.0,2026-11-30 00:00:00,,,,BRA1,Fluminense Football Club,,,,,,,,,,,,,,,,,,,,
851595,,Jefté,Jefté,1023,Brazil,Rio de Janeiro,Brazil,2003-12-21 00:00:00,Left-Back,Defender,left,183.0,2030-07-31 00:00:00,0.0,0.0,,BRA1,Sociedade Esportiva Palmeiras,4000000.0,4000000.0,,,,,,,,,,,,,,,,,,
853529,,Paulo Baya,Paulo Baya,2462,Brazil,Marabá,Brazil,1999-07-26 00:00:00,Left Winger,Attack,right,186.0,2026-12-31 00:00:00,,,,BRA1,Fluminense Football Club,,,,,,,,,,,,,,,,,,,,
856047,Mateo,Ponte,Mateo Ponte,537,Uruguay,Montevideo,Uruguay,2003-05-24 00:00:00,Right-Back,Defender,right,183.0,2028-06-30 00:00:00,0.0,0.0,,BRA1,S. A. F. Botafogo,2000000.0,2000000.0,Mateo Ponte,RB,Botafogo (RJ),1132.0,3.0,0.0,1.4,0.9,45.0,22.0,25.0,9.0,26.0,3.0,37.0,8.0,3.0,0.0
856085,John,Kennedy,John Kennedy,2462,Brazil,Itaúna,Brazil,2002-05-18 00:00:00,Centre-Forward,Attack,right,173.0,2027-12-31 00:00:00,6.0,1.0,,BRA1,Fluminense Football Club,9000000.0,9000000.0,John Kennedy,FW,Fluminense,673.0,0.0,0.0,1.2000000000000002,0.0,10.0,12.0,44.0,13.0,15.0,0.0,5.0,6.0,1.0,0.0
859135,,Léo Naldi,Léo Naldi,2125,Brazil,Pindamonhangaba,Brazil,2001-08-18 00:00:00,Defensive Midfield,Midfield,right,177.0,2026-12-31 00:00:00,,,,BRA1,Esporte Clube Vitória,,,Léo Naldi,RM,Vitória,1103.0,0.0,0.0,0.3,0.1,45.0,13.0,15.0,4.0,20.0,0.0,38.0,21.0,6.0,0.0
861852,Damián,Bobadilla,Damián Bobadilla,585,Paraguay,Asunción,Paraguay,2001-07-11 00:00:00,Central Midfield,Midfield,right,180.0,2027-12-31 00:00:00,23.0,1.0,,BRA1,São Paulo Futebol Clube,6000000.0,6000000.0,Damián Bobadilla,CM,São Paulo,1031.0,1.0,0.0,0.7000000000000001,0.7,60.0,7.0,9.0,6.0,20.0,0.0,34.0,16.0,3.0,0.0
862574,,Mateus Carvalho,Mateus Carvalho,978,Brazil,Tucuruí,Brazil,2002-03-18 00:00:00,Defensive Midfield,Midfield,left,184.0,2027-12-31 00:00:00,,,,BRA1,Club de Regatas Vasco da Gama,1200000.0,1400000.0,,,,,,,,,,,,,,,,,,
863073,Lucas,Gazal,Lucas Gazal,10870,Brazil,Diadema,Brazil,1999-08-06 00:00:00,Centre-Back,Defender,right,187.0,2028-12-31 00:00:00,,,,BRA1,Fortaleza Esporte Clube,,,,,,,,,,,,,,,,,,,,
863104,,Da Silva,Da Silva,3876,Brazil,Goiânia,Brazil,2001-02-07 00:00:00,Centre-Back,Defender,right,192.0,,,,,BRA1,Mirasol Futebol Clube,,,,,,,,,,,,,,,,,,,,
866842,,Renzo,Renzo,8718,Brazil,Rio de Janeiro,Brazil,2001-10-17 00:00:00,Centre-Back,Defender,left,186.0,,,,,BRA1,Sport Club do Recife,,,,,,,,,,,,,,,,,,,,
866884,,Pedro Martins,Pedro Martins,8718,Brazil,Recife,Brazil,2000-06-28 00:00:00,Defensive Midfield,Midfield,right,175.0,2026-12-31 00:00:00,,,,BRA1,Sport Club do Recife,,,,,,,,,,,,,,,,,,,,
867006,,Dionísio,Dionísio,2125,Brazil,Itapetinga,Brazil,1994-04-17 00:00:00,Central Midfield,Midfield,right,172.0,2026-12-31 00:00:00,,,,BRA1,Esporte Clube Vitória,,,,,,,,,,,,,,,,,,,,
867461,,Rômulo,Rômulo,1023,Brazil,Pirassununga,Brazil,2001-10-07 00:00:00,Attacking Midfield,Midfield,right,177.0,2026-12-31 00:00:00,,,,BRA1,Sociedade Esportiva Palmeiras,,,,,,,,,,,,,,,,,,,,
868891,,Adson,Adson,978,Brazil,Araguapaz,Brazil,2000-10-06 00:00:00,Right Winger,Attack,left,171.0,2027-12-31 00:00:00,,,,BRA1,Club de Regatas Vasco da Gama,2500000.0,6000000.0,Adson,LW,Vasco da Gama,1224.0,2.0,1.0,1.5,2.6,72.0,42.0,50.0,25.0,53.0,5.0,25.0,15.0,2.0,0.0
869437,,Anthoni,Anthoni,6600,Brazil,Canela,Brazil,2002-01-23 00:00:00,Goalkeeper,Goalkeeper,right,193.0,2029-12-31 00:00:00,,,,BRA1,Sport Club Internacional,3000000.0,4000000.0,Anthoni,GK,Internacional,180.0,0.0,0.0,0.0,0.0,0.0,0.0,0.0,0.0,0.0,0.0,0.0,0.0,0.0,0.0
869477,,Rodrigo Santos,Rodrigo Santos,10870,Brazil,Vitória da Conquista,Brazil,2000-09-18 00:00:00,Defensive Midfield,Midfield,right,178.0,2028-12-31 00:00:00,,,,BRA1,Fortaleza Esporte Clube,,,,,,,,,,,,,,,,,,,,
870778,,Mateus Silva,Mateus Silva,2125,Brazil,Magé,Brazil,1998-10-07 00:00:00,Right-Back,Defender,right,175.0,2028-12-31 00:00:00,,,,BRA1,Esporte Clube Vitória,800000.0,1000000.0,,,,,,,,,,,,,,,,,,
874223,,Gustavo Martins,Gustavo Martins,210,Brazil,Niterói,Brazil,2002-08-11 00:00:00,Centre-Back,Defender,right,191.0,2027-12-31 00:00:00,0.0,0.0,,BRA1,Grêmio Foot-Ball Porto Alegrense,4000000.0,4000000.0,Gustavo Martins Santos,CB,Grêmio,1377.0,2.0,0.0,2.0,0.0,45.0,1.0,1.0,0.0,3.0,1.0,23.0,21.0,1.0,1.0
874844,Lucas,Villalba,Lucas Villalba,537,Uruguay,Montevideo,Uruguay,2001-05-11 00:00:00,Right Winger,Attack,right,182.0,2029-12-31 00:00:00,0.0,0.0,,BRA1,S. A. F. Botafogo,1500000.0,1500000.0,,,,,,,,,,,,,,,,,,
875339,,João Neto,João Neto,2462,Brazil,Livramento de Nossa Senhora,Brazil,2003-07-10 00:00:00,Centre-Forward,Attack,left,181.0,2026-12-31 00:00:00,,,,BRA1,Fluminense Football Club,,,,,,,,,,,,,,,,,,,,
876739,Matheus,Cunha,Matheus Cunha,609,Brazil,Tupi Paulista,Brazil,2001-05-24 00:00:00,Goalkeeper,Goalkeeper,right,193.0,2028-12-31 00:00:00,1.0,0.0,,BRA1,Cruzeiro Esporte Clube,3000000.0,3000000.0,Matheus Cunha,GK,Flamengo,270.0,0.0,0.0,0.0,0.0,0.0,0.0,0.0,0.0,0.0,0.0,0.0,0.0,0.0,0.0
878037,,Gabriel Grando,Gabriel Grando,210,Brazil,Chapecó,Brazil,2000-03-29 00:00:00,Goalkeeper,Goalkeeper,right,192.0,2029-12-31 00:00:00,0.0,0.0,,BRA1,Grêmio Foot-Ball Porto Alegrense,1500000.0,7000000.0,,,,,,,,,,,,,,,,,,
879217,,Kaiki,Kaiki,609,Brazil,Betim,Brazil,2003-03-08 00:00:00,Left-Back,Defender,left,172.0,2027-12-31 00:00:00,1.0,0.0,,BRA1,Cruzeiro Esporte Clube,14000000.0,14000000.0,Kaiki,LB,Cruzeiro,1184.0,1.0,0.0,0.4,1.0,32.0,31.0,58.0,32.0,26.0,3.0,42.0,15.0,4.0,0.0
880217,,Alix,Alix,8793,Brazil,Simões Filho,Brazil,1999-11-06 00:00:00,Centre-Back,Defender,right,195.0,2028-12-31 00:00:00,,,,BRA1,Red Bull Bragantino,3000000.0,3000000.0,Alix Vinicius,CB,Atlético Goianiense,2042.0,0.0,0.0,1.3,0.6,69.0,11.0,14.0,10.0,20.0,0.0,28.0,43.0,6.0,2.0
881645,Ignacio,Sosa,Ignacio Sosa,8793,Uruguay,Montevideo,Uruguay,2003-08-31 00:00:00,Central Midfield,Midfield,right,175.0,2030-12-31 00:00:00,0.0,0.0,,BRA1,Red Bull Bragantino,5000000.0,5000000.0,,,,,,,,,,,,,,,,,,
884069,,Gustavo Ramalho,Gustavo Ramalho,2462,Brazil,Nanuque,Brazil,2002-09-16 00:00:00,Goalkeeper,Goalkeeper,left,203.0,2026-12-31 00:00:00,,,,BRA1,Fluminense Football Club,,,,,,,,,,,,,,,,,,,,
884072,,Jeffinho,Jeffinho,537,Brazil,Volta Redonda,Brazil,1999-12-30 00:00:00,Left Winger,Attack,right,176.0,2026-12-31 00:00:00,,,,BRA1,S. A. F. Botafogo,5000000.0,8000000.0,Jeffinho,LM,Botafogo (RJ),349.0,1.0,1.0,1.8,0.4,10.0,8.0,18.0,10.0,12.0,2.0,6.0,1.0,2.0,0.0
887801,,Nathan Mendes,Nathan Mendes,2125,Brazil,Caçapava,Brazil,2002-08-19 00:00:00,Right-Back,Defender,right,182.0,2026-12-31 00:00:00,,,,BRA1,Esporte Clube Vitória,1500000.0,1500000.0,Nathan Mendes,RB,Red Bull Bragantino,1165.0,0.0,1.0,0.3,0.9,51.0,17.0,15.0,5.0,26.0,1.0,25.0,11.0,6.0,0.0
888493,Alejo,Veliz,Alejo Veliz,10010,Argentina,Gödeken,Argentina,2003-09-19 00:00:00,Centre-Forward,Attack,right,186.0,2031-12-31 00:00:00,10.0,3.0,,BRA1,Esporte Clube Bahia,4000000.0,11000000.0,,,,,,,,,,,,,,,,,,
891353,,Cuiabano,Cuiabano,978,Brazil,Cuiabá,Brazil,2003-02-16 00:00:00,Left-Back,Defender,left,179.0,2026-12-31 00:00:00,2.0,0.0,,BRA1,Club de Regatas Vasco da Gama,10000000.0,10000000.0,Cuiabano,LB,Grêmio,1639.0,4.0,1.0,1.7000000000000002,1.4,50.0,37.0,25.0,9.0,44.0,6.0,52.0,25.0,5.0,0.0
891672,Gustavo,Caballero,Gustavo Caballero,221,Paraguay,San Lorenzo,Paraguay,2001-09-21 00:00:00,Left Winger,Attack,right,189.0,2028-12-31 00:00:00,4.0,1.0,,BRA1,Santos Futebol Clube,,,,,,,,,,,,,,,,,,,,
892089,,Pablo Maia,Pablo Maia,585,Brazil,Brazópolis,Brazil,2002-01-10 00:00:00,Defensive Midfield,Midfield,right,178.0,2029-12-31 00:00:00,1.0,0.0,,BRA1,São Paulo Futebol Clube,5000000.0,14000000.0,Pablo Maia,CM,São Paulo,259.0,0.0,0.0,0.2,0.1,18.0,0.0,3.0,2.0,5.0,0.0,7.0,4.0,0.0,0.0
892091,,Mandaca,Mandaca,10492,Brazil,João Pessoa,Brazil,2001-10-02 00:00:00,Central Midfield,Midfield,right,178.0,2026-12-31 00:00:00,,,,BRA1,Esporte Clube Juventude,,,Luis Mandaca,FW,Juventude,1101.0,4.0,2.0,4.7,1.5,42.0,25.0,43.0,14.0,47.0,4.0,22.0,22.0,5.0,0.0
894532,,Young,Young,585,Brazil,Catanduva,Brazil,2002-03-07 00:00:00,Goalkeeper,Goalkeeper,right,202.0,2026-12-31 00:00:00,,,,BRA1,São Paulo Futebol Clube,100000.0,100000.0,,,,,,,,,,,,,,,,,,
897051,Alan,Minda,Alan Minda,330,Ecuador,Esmeraldas,Ecuador,2003-05-14 00:00:00,Right Winger,Attack,right,174.0,2030-12-31 00:00:00,21.0,2.0,,BRA1,Clube Atlético Mineiro,3000000.0,6000000.0,,,,,,,,,,,,,,,,,,
898350,Facundo,Bernal,Facundo Bernal,2462,Uruguay,Montevideo,Uruguay,2003-08-21 00:00:00,Defensive Midfield,Midfield,right,187.0,2028-07-31 00:00:00,1.0,0.0,,BRA1,Fluminense Football Club,6000000.0,6000000.0,Facundo Bernal,DM,Fluminense,919.0,0.0,0.0,0.4,0.1,49.0,2.0,10.0,7.0,16.0,0.0,25.0,9.0,6.0,0.0
899026,,Lacerda,Lacerda,3876,Brazil,São José do Rio Preto,Brazil,2005-02-13 00:00:00,Goalkeeper,Goalkeeper,right,192.0,,,,,BRA1,Mirasol Futebol Clube,,,Derik Lacerda,RM,Cuiabá,1420.0,4.0,0.0,3.3,2.1,24.0,36.0,57.0,27.0,34.0,1.0,20.0,18.0,8.0,0.0
907359,,Diógenes,Diógenes,221,Brazil,Itaperica da Serra,Brazil,2001-01-06 00:00:00,Goalkeeper,Goalkeeper,right,190.0,2028-12-31 00:00:00,,,,BRA1,Santos Futebol Clube,200000.0,200000.0,,,,,,,,,,,,,,,,,,
910216,,Marcelo Ajul,Marcelo Ajul,8718,Brazil,Rio de Janeiro,Brazil,2002-08-26 00:00:00,Centre-Back,Defender,right,187.0,2027-12-31 00:00:00,,,,BRA1,Sport Club do Recife,,,,,,,,,,,,,,,,,,,,
918663,,Lucas André,Lucas André,8718,Brazil,Recife,Brazil,2003-01-29 00:00:00,Central Midfield,Midfield,right,178.0,2026-12-31 00:00:00,,,,BRA1,Sport Club do Recife,,,,,,,,,,,,,,,,,,,,
929866,João,Moreira,João Moreira,585,Brazil,São Paulo,Brazil,2004-05-21 00:00:00,Right-Back,Defender,right,175.0,2027-06-30 00:00:00,0.0,0.0,,BRA1,São Paulo Futebol Clube,1000000.0,2500000.0,João Moreira,RB,São Paulo,195.0,0.0,0.0,0.0,0.0,4.0,2.0,6.0,2.0,2.0,1.0,6.0,2.0,0.0,0.0
931007,,Evertton Araújo,Evertton Araújo,614,Brazil,Volta Redonda,Brazil,2003-02-28 00:00:00,Defensive Midfield,Midfield,right,184.0,2028-12-31 00:00:00,,,,BRA1,Clube de Regatas do Flamengo,10000000.0,10000000.0,Evertton,AM,Flamengo,803.0,1.0,0.0,0.9,0.1,41.0,9.0,7.0,6.0,20.0,2.0,21.0,11.0,3.0,0.0
936544,,Erick Pulga,Erick Pulga,10010,Brazil,Fortaleza,Brazil,2000-10-02 00:00:00,Left Winger,Attack,right,169.0,2029-12-31 00:00:00,,,,BRA1,Esporte Clube Bahia,11000000.0,11000000.0,,,,,,,,,,,,,,,,,,
943837,,Vitor Roque,Vitor Roque,1023,Brazil,Timóteo,Brazil,2005-02-28 00:00:00,Centre-Forward,Attack,right,174.0,2029-12-31 00:00:00,2.0,0.0,,BRA1,Sociedade Esportiva Palmeiras,38000000.0,40000000.0,,,,,,,,,,,,,,,,,,
950393,,Viery,Viery,210,Brazil,Ubá,Brazil,2005-01-02 00:00:00,Centre-Back,Defender,left,187.0,2029-12-31 00:00:00,,,,BRA1,Grêmio Foot-Ball Porto Alegrense,6000000.0,6000000.0,,,,,,,,,,,,,,,,,,
957461,Andrés,Gómez,Andrés Gómez,978,Colombia,Quibdó,Colombia,2002-09-12 00:00:00,Left Winger,Attack,right,170.0,2031-01-31 00:00:00,9.0,2.0,,BRA1,Club de Regatas Vasco da Gama,11000000.0,11000000.0,,,,,,,,,,,,,,,,,,
958598,,Robert Renan,Robert Renan,978,Brazil,Brasília,Brazil,2003-10-11 00:00:00,Centre-Back,Defender,left,186.0,2026-12-31 00:00:00,0.0,0.0,,BRA1,Club de Regatas Vasco da Gama,10000000.0,10000000.0,Robert Renan,"CB,RW",Internacional,959.0,0.0,1.0,0.6000000000000001,0.2,45.0,16.0,16.0,8.0,14.0,1.0,24.0,10.0,2.0,0.0
959088,,Thiago Beltrame,Thiago Beltrame,210,Brazil,Canoas,Brazil,2003-07-02 00:00:00,Goalkeeper,Goalkeeper,right,201.0,2027-12-31 00:00:00,0.0,0.0,,BRA1,Grêmio Foot-Ball Porto Alegrense,,,,,,,,,,,,,,,,,,,,
959092,,Ronald,Ronald,210,Brazil,Santo Antônio da Patrulha,Brazil,2003-02-11 00:00:00,Defensive Midfield,Midfield,right,186.0,2026-12-31 00:00:00,5.0,0.0,,BRA1,Grêmio Foot-Ball Porto Alegrense,,,,,,,,,,,,,,,,,,,,
959171,,André Dhominique,André Dhominique,10010,Brazil,Vera Cruz,Brazil,2003-10-07 00:00:00,Right-Back,Defender,right,178.0,2027-12-31 00:00:00,13.0,0.0,,BRA1,Esporte Clube Bahia,600000.0,800000.0,,,,,,,,,,,,,,,,,,
964590,,Kaique Pereira,Kaique Pereira,1023,Brazil,São Paulo,Brazil,2003-04-16 00:00:00,Goalkeeper,Goalkeeper,right,193.0,2026-12-31 00:00:00,0.0,0.0,,BRA1,Sociedade Esportiva Palmeiras,2000000.0,2000000.0,,,,,,,,,,,,,,,,,,
964591,,Naves,Naves,1023,Brazil,Santos,Brazil,2002-05-08 00:00:00,Centre-Back,Defender,right,184.0,2028-12-31 00:00:00,,,,BRA1,Sociedade Esportiva Palmeiras,4000000.0,4000000.0,Kaiky Naves,LW,Palmeiras,733.0,0.0,0.0,0.1,0.2,41.0,2.0,1.0,1.0,17.0,2.0,26.0,11.0,1.0,0.0
972864,,Lelê,Lelê,2462,Brazil,Rio de Janeiro,Brazil,1997-10-01 00:00:00,Centre-Forward,Attack,right,189.0,2026-05-31 00:00:00,,,,BRA1,Fluminense Football Club,,,,,,,,,,,,,,,,,,,,
973569,,Rwan Cruz,Rwan Cruz,537,Brazil,Recife,Brazil,2001-05-20 00:00:00,Centre-Forward,Attack,right,187.0,2026-12-31 00:00:00,,,,BRA1,S. A. F. Botafogo,,,,,,,,,,,,,,,,,,,,
975191,Henry,Mosquera,Henry Mosquera,8793,Colombia,Quibdó,Colombia,2001-11-15 00:00:00,Left Winger,Attack,right,175.0,2027-12-31 00:00:00,2.0,0.0,,BRA1,Red Bull Bragantino,3500000.0,3500000.0,Henry Mosquera,"RM,FW",Red Bull Bragantino,1934.0,1.0,2.0,3.8,2.1,38.0,97.0,141.0,70.0,70.0,5.0,23.0,9.0,4.0,0.0
976103,,Edison Negueba,Edison Negueba,10492,Brazil,Iranduba,Brazil,2000-10-24 00:00:00,Left Winger,Attack,right,167.0,2029-12-31 00:00:00,,,,BRA1,Esporte Clube Juventude,,,,,,,,,,,,,,,,,,,,
976951,,Jardiel,Jardiel,210,Brazil,Aracaju,Brazil,2005-03-21 00:00:00,Centre-Forward,Attack,right,186.0,2026-12-31 00:00:00,,,,BRA1,Grêmio Foot-Ball Porto Alegrense,,,,,,,,,,,,,,,,,,,,
977463,,Rodriguinho,Rodriguinho,609,Brazil,Contagem,Brazil,2003-06-05 00:00:00,Left Winger,Attack,left,170.0,2026-12-31 00:00:00,,,,BRA1,Cruzeiro Esporte Clube,,,,,,,,,,,,,,,,,,,,
977465,Gustavo,Marques,Gustavo Marques,8793,Brazil,Belo Horizonte,Brazil,2001-10-09 00:00:00,Centre-Back,Defender,right,189.0,2030-06-30 00:00:00,,,,BRA1,Red Bull Bragantino,5000000.0,5000000.0,,,,,,,,,,,,,,,,,,
978004,,Natã,Natã,210,Brazil,Ribeirão Preto,Brazil,2001-06-05 00:00:00,Centre-Back,Defender,right,182.0,2026-12-31 00:00:00,,,,BRA1,Grêmio Foot-Ball Porto Alegrense,,,Nata,CM,Grêmio,506.0,0.0,0.0,0.0,0.0,9.0,0.0,0.0,0.0,3.0,0.0,8.0,11.0,1.0,0.0
978039,,Marcos Paulo,Marcos Paulo,10492,Brazil,Rio de Janeiro,Brazil,2003-01-18 00:00:00,Centre-Back,Defender,left,183.0,2028-12-31 00:00:00,,,,BRA1,Esporte Clube Juventude,,,,,,,,,,,,,,,,,,,,
978057,,Petterson,Petterson,10492,Brazil,Florianópolis,Brazil,2004-01-04 00:00:00,Centre-Forward,Attack,right,181.0,2027-07-31 00:00:00,,,,BRA1,Esporte Clube Juventude,700000.0,750000.0,,,,,,,,,,,,,,,,,,
978121,,Gabriel Delfim,Gabriel Delfim,330,Brazil,Simonésia,Brazil,2002-07-10 00:00:00,Goalkeeper,Goalkeeper,left,192.0,2029-12-31 00:00:00,,,,BRA1,Clube Atlético Mineiro,300000.0,300000.0,Gabriel Delfim,GK,Atlético Mineiro,90.0,0.0,0.0,0.0,0.0,0.0,0.0,0.0,0.0,0.0,0.0,0.0,0.0,0.0,0.0
979931,,Gabriel Souza,Gabriel Souza,10492,Brazil,Caculé,Brazil,2002-12-25 00:00:00,Right-Back,Defender,right,182.0,,,,,BRA1,Esporte Clube Juventude,,,,,,,,,,,,,,,,,,,,
980463,,Marcos Victor,Marcos Victor,10010,Brazil,Fortaleza,Brazil,2001-12-26 00:00:00,Centre-Back,Defender,right,184.0,2029-12-31 00:00:00,,,,BRA1,Esporte Clube Bahia,450000.0,450000.0,Marcos Victor,RB,Athletico Paranaense,4.0,0.0,0.0,0.0,0.0,0.0,0.0,0.0,0.0,1.0,0.0,0.0,0.0,0.0,0.0
980806,,Lucas Mila,Lucas Mila,210,Brazil,Três Passos,Brazil,2003-01-28 00:00:00,Defensive Midfield,Midfield,right,176.0,,,,,BRA1,Grêmio Foot-Ball Porto Alegrense,,,,,,,,,,,,,,,,,,,,
980823,,Kayque,Kayque,330,Brazil,Itambé,Brazil,2004-04-20 00:00:00,Right-Back,Defender,right,178.0,,,,,BRA1,Clube Atlético Mineiro,,,,,,,,,,,,,,,,,,,,
980825,,Matheus Belém,Matheus Belém,585,Brazil,São Paulo,Brazil,2003-03-13 00:00:00,Centre-Back,Defender,left,186.0,2026-12-31 00:00:00,,,,BRA1,São Paulo Futebol Clube,800000.0,800000.0,,,,,,,,,,,,,,,,,,
980837,,Felipe Negrucci,Felipe Negrucci,585,Brazil,Limeira,Brazil,2004-05-14 00:00:00,Defensive Midfield,Midfield,right,180.0,2029-12-31 00:00:00,,,,BRA1,São Paulo Futebol Clube,1000000.0,1000000.0,,,,,,,,,,,,,,,,,,
980854,,Ythallo,Ythallo,537,Brazil,São Bernardo do Campo,Brazil,2004-07-22 00:00:00,Centre-Back,Defender,right,193.0,2027-12-31 00:00:00,,,,BRA1,S. A. F. Botafogo,300000.0,300000.0,,,,,,,,,,,,,,,,,,
982526,Valentín,Adamo,Valentín Adamo,537,Uruguay,San Jacinto,Uruguay,2002-05-04 00:00:00,Centre-Forward,Attack,right,193.0,2027-06-30 00:00:00,,,,BRA1,S. A. F. Botafogo,,,,,,,,,,,,,,,,,,,,
982549,,Lucca,Lucca,6600,Brazil,Fortaleza,Brazil,2003-04-02 00:00:00,Centre-Forward,Attack,right,180.0,2027-12-31 00:00:00,,,,BRA1,Sport Club Internacional,,,Lucca Holanda,FW,Internacional,299.0,0.0,0.0,0.1,0.2,2.0,4.0,8.0,2.0,5.0,0.0,3.0,2.0,0.0,0.0
982552,,Estêvão,Estêvão,6600,Brazil,Amambai,Brazil,2002-02-03 00:00:00,Attacking Midfield,Midfield,left,176.0,,,,,BRA1,Sport Club Internacional,,,Estevão,RW,Palmeiras,2097.0,13.0,9.0,10.3,6.9,92.0,145.0,182.0,84.0,139.0,19.0,30.0,16.0,4.0,0.0
982617,,Hércules,Hércules,2462,Brazil,Jaicós,Brazil,2000-10-20 00:00:00,Central Midfield,Midfield,right,178.0,2029-12-31 00:00:00,,,,BRA1,Fluminense Football Club,15000000.0,15000000.0,Hércules,CM,Fortaleza,2317.0,4.0,1.0,1.0,1.5,96.0,31.0,56.0,37.0,59.0,9.0,55.0,33.0,6.0,2.0
984416,Rodrigo,Castillo,Rodrigo Castillo,2462,Argentina,Venado Tuerto,Argentina,1999-02-26 00:00:00,Centre-Forward,Attack,right,187.0,2030-12-31 00:00:00,,,,BRA1,Fluminense Football Club,6000000.0,6000000.0,,,,,,,,,,,,,,,,,,
984480,Mateo,Sanabria,Mateo Sanabria,10010,Argentina,Lomas de Zamora,Argentina,2004-03-31 00:00:00,Left Winger,Attack,right,178.0,2030-12-31 00:00:00,9.0,0.0,,BRA1,Esporte Clube Bahia,2000000.0,2000000.0,,,,,,,,,,,,,,,,,,
987776,,Everton Moraes,Everton Moraes,10010,Brazil,Uberaba,Brazil,2002-05-12 00:00:00,Centre-Forward,Attack,right,184.0,2026-12-31 00:00:00,,,,BRA1,Esporte Clube Bahia,,,,,,,,,,,,,,,,,,,,
989455,Alan,Saldivia,Alan Saldivia,978,Uruguay,Rivera,Uruguay,2002-04-06 00:00:00,Centre-Back,Defender,right,180.0,2028-12-31 00:00:00,0.0,0.0,,BRA1,Club de Regatas Vasco da Gama,1200000.0,2000000.0,,,,,,,,,,,,,,,,,,
989925,Brahian,Palacios,Brahian Palacios,330,Colombia,Medellín,Colombia,2002-11-24 00:00:00,Right Winger,Attack,left,182.0,2030-06-30 00:00:00,6.0,1.0,,BRA1,Clube Atlético Mineiro,,,Brahian Palacios,FW,Atlético Mineiro,801.0,2.0,3.0,2.3000000000000003,1.1,23.0,40.0,53.0,17.0,29.0,7.0,13.0,12.0,3.0,0.0
993566,,Hudson,Hudson,10492,Brazil,São Paulo,Brazil,2001-01-14 00:00:00,Defensive Midfield,Midfield,right,181.0,2026-08-31 00:00:00,,,,BRA1,Esporte Clube Juventude,,,,,,,,,,,,,,,,,,,,
994029,,Bernardo,Bernardo,10492,Brazil,São Domingos do Sul,Brazil,2005-03-11 00:00:00,Centre-Back,Defender,right,187.0,,,,,BRA1,Esporte Clube Juventude,,,,,,,,,,,,,,,,,,,,
994229,,Gabriel Souza,Gabriel Souza,10010,Brazil,Vila Velha,Brazil,2004-08-03 00:00:00,Goalkeeper,Goalkeeper,right,194.0,2027-10-31 00:00:00,2.0,0.0,,BRA1,Esporte Clube Bahia,200000.0,200000.0,,,,,,,,,,,,,,,,,,
994622,,Cipriano,Cipriano,10492,Brazil,Itajaí,Brazil,2002-11-09 00:00:00,Centre-Back,Defender,left,197.0,2026-07-31 00:00:00,,,,BRA1,Esporte Clube Juventude,,,,,,,,,,,,,,,,,,,,
996691,,Kawan,Kawan,537,Brazil,Belém,Brazil,2003-04-10 00:00:00,Centre-Back,Defender,right,188.0,2026-12-31 00:00:00,,,,BRA1,S. A. F. Botafogo,,,,,,,,,,,,,,,,,,,,
997714,,Alexsander,Alexsander,330,Brazil,Barra de Santa Rosa,Brazil,2003-10-08 00:00:00,Defensive Midfield,Midfield,left,178.0,2029-12-31 00:00:00,8.0,1.0,,BRA1,Clube Atlético Mineiro,5500000.0,8000000.0,Alexsander,DM,Fluminense,791.0,0.0,1.0,0.4,0.8,36.0,15.0,40.0,18.0,26.0,1.0,24.0,13.0,4.0,0.0
997947,,Otávio Costa,Otávio Costa,609,Brazil,Perdigão,Brazil,2005-12-27 00:00:00,Goalkeeper,Goalkeeper,right,192.0,2028-12-31 00:00:00,3.0,0.0,,BRA1,Cruzeiro Esporte Clube,500000.0,500000.0,,,,,,,,,,,,,,,,,,
1004065,,Cristian Renato,Cristian Renato,3876,Brazil,Ponta Porã,Brazil,2000-02-18 00:00:00,Centre-Forward,Attack,right,189.0,,,,,BRA1,Mirasol Futebol Clube,,,,,,,,,,,,,,,,,,,,
1004722,,César Rodrigues,César Rodrigues,1023,Brazil,São Sebastião do Paraíso,Brazil,2006-01-07 00:00:00,Goalkeeper,Goalkeeper,right,192.0,,5.0,0.0,,BRA1,Sociedade Esportiva Palmeiras,,,,,,,,,,,,,,,,,,,,
1004724,,Bernardo Valim,Bernardo Valim,537,Brazil,Niterói,Brazil,2006-01-30 00:00:00,Attacking Midfield,Midfield,right,186.0,,11.0,0.0,,BRA1,S. A. F. Botafogo,,,,,,,,,,,,,,,,,,,,
1004726,,Lucas Camilo,Lucas Camilo,537,Brazil,São Gonçalo do Amarante,Brazil,2006-05-25 00:00:00,Defensive Midfield,Midfield,right,183.0,,15.0,0.0,,BRA1,S. A. F. Botafogo,,,,,,,,,,,,,,,,,,,,
1004736,,Figueiredo,Figueiredo,1023,Brazil,São Paulo,Brazil,2006-03-03 00:00:00,Central Midfield,Midfield,right,177.0,2026-09-30 00:00:00,4.0,1.0,,BRA1,Sociedade Esportiva Palmeiras,,,,,,,,,,,,,,,,,,,,
1004737,,Esquerdinha,Esquerdinha,2462,Brazil,São Gonçalo,Brazil,2006-02-28 00:00:00,Left-Back,Defender,left,183.0,,9.0,0.0,,BRA1,Fluminense Football Club,,,Esquerdinha,LB,Fluminense,128.0,0.0,0.0,0.1,0.3,6.0,8.0,8.0,4.0,7.0,1.0,0.0,2.0,0.0,0.0
1004739,,Bahia,Bahia,199,Brazil,Vitória da Conquista,Brazil,2006-01-02 00:00:00,Central Midfield,Midfield,right,178.0,2027-09-30 00:00:00,10.0,1.0,,BRA1,Sport Club Corinthians Paulista,,,,,,,,,,,,,,,,,,,,
1005006,,Vitor Gabriel,Vitor Gabriel,330,Brazil,Belo Horizonte,Brazil,2006-03-11 00:00:00,Right-Back,Defender,right,176.0,2026-10-31 00:00:00,12.0,0.0,,BRA1,Clube Atlético Mineiro,,,,,,,,,,,,,,,,,,,,
1005007,,Da Mata,Da Mata,614,Brazil,Bauru,Brazil,2006-03-13 00:00:00,Centre-Back,Defender,right,185.0,,17.0,4.0,,BRA1,Clube de Regatas do Flamengo,,,,,,,,,,,,,,,,,,,,
1005582,,Phillipe Gabriel,Phillipe Gabriel,978,Brazil,São Gonçalo,Brazil,2006-02-23 00:00:00,Goalkeeper,Goalkeeper,right,196.0,,12.0,0.0,,BRA1,Club de Regatas Vasco da Gama,,,,,,,,,,,,,,,,,,,,
1005585,,Pepê Fermino,Pepê Fermino,221,,,Brazil,2007-02-12 00:00:00,Attacking Midfield,Midfield,right,,2030-06-30 00:00:00,3.0,0.0,,BRA1,Santos Futebol Clube,,,,,,,,,,,,,,,,,,,,
1005640,,Arthur Sousa,Arthur Sousa,8793,Brazil,Brasília,Brazil,2003-03-12 00:00:00,Centre-Forward,Attack,right,184.0,2026-12-31 00:00:00,,,,BRA1,Red Bull Bragantino,,,,,,,,,,,,,,,,,,,,
1005642,,Ryan,Ryan,199,Brazil,São Paulo,Brazil,2003-07-15 00:00:00,Defensive Midfield,Midfield,left,170.0,2026-12-31 00:00:00,2.0,0.0,,BRA1,Sport Club Corinthians Paulista,,,Ryan Gustavo,"LM,DM",Corinthians,526.0,0.0,0.0,0.1,0.3,16.0,4.0,9.0,4.0,4.0,0.0,27.0,12.0,2.0,0.0
1005650,,Tchoca,Tchoca,199,Brazil,Sete Lagoas,Brazil,2003-12-31 00:00:00,Centre-Back,Defender,right,192.0,2030-12-31 00:00:00,0.0,0.0,,BRA1,Sport Club Corinthians Paulista,4000000.0,4000000.0,,,,,,,,,,,,,,,,,,
1005653,,Kauê,Kauê,199,Brazil,Santa Cruz do Rio Pardo,Brazil,2004-02-08 00:00:00,Goalkeeper,Goalkeeper,right,192.0,2029-12-31 00:00:00,0.0,0.0,,BRA1,Sport Club Corinthians Paulista,300000.0,300000.0,,,,,,,,,,,,,,,,,,
1005656,,Felipe Longo,Felipe Longo,199,Brazil,São Paulo,Brazil,2005-03-05 00:00:00,Goalkeeper,Goalkeeper,right,189.0,2029-03-30 00:00:00,7.0,0.0,,BRA1,Sport Club Corinthians Paulista,500000.0,500000.0,,,,,,,,,,,,,,,,,,
1009030,,Lorran,Lorran,614,Brazil,Rio de Janeiro,Brazil,2006-07-04 00:00:00,Attacking Midfield,Midfield,left,180.0,2029-12-31 00:00:00,0.0,0.0,,BRA1,Clube de Regatas do Flamengo,4500000.0,12000000.0,Lorran,DM,Flamengo,706.0,1.0,1.0,2.0,0.9,40.0,32.0,43.0,23.0,36.0,5.0,17.0,6.0,0.0,0.0
1015973,,Caio Garcia,Caio Garcia,614,Brazil,Barra Bonita,Brazil,2004-04-03 00:00:00,Defensive Midfield,Midfield,right,175.0,2026-12-31 00:00:00,,,,BRA1,Clube de Regatas do Flamengo,,,,,,,,,,,,,,,,,,,,
1017824,,Luiz Henrique,Luiz Henrique,10492,Brazil,Aracaju,Brazil,2004-12-23 00:00:00,Attacking Midfield,Midfield,right,181.0,2026-12-31 00:00:00,,,,BRA1,Esporte Clube Juventude,,,,,,,,,,,,,,,,,,,,
1019701,,Pedrão,Pedrão,609,Brazil,Barra Mansa,Brazil,2004-01-06 00:00:00,Centre-Back,Defender,right,186.0,2026-12-31 00:00:00,0.0,0.0,,BRA1,Cruzeiro Esporte Clube,,,Pedrão,CB,Atlético Goianiense,587.0,0.0,0.0,0.2,0.1,11.0,2.0,0.0,0.0,3.0,0.0,15.0,9.0,3.0,0.0
1022342,,Léo Aragão,Léo Aragão,609,Brazil,Americana,Brazil,2002-04-19 00:00:00,Goalkeeper,Goalkeeper,right,192.0,2027-12-31 00:00:00,,,,BRA1,Cruzeiro Esporte Clube,,,,,,,,,,,,,,,,,,,,
1022594,,Léo Jacó,Léo Jacó,978,,,Brazil,2005-04-06 00:00:00,Centre-Forward,Attack,left,,2029-12-31 00:00:00,,,,BRA1,Club de Regatas Vasco da Gama,,,,,,,,,,,,,,,,,,,,
1024605,,André Henrique,André Henrique,210,Brazil,Guanambi,Brazil,2001-12-17 00:00:00,Centre-Forward,Attack,right,189.0,2028-12-31 00:00:00,,,,BRA1,Grêmio Foot-Ball Porto Alegrense,3000000.0,3000000.0,,,,,,,,,,,,,,,,,,
1025717,,Weliton,Weliton,537,Brazil,Soledade,Brazil,2005-04-13 00:00:00,Centre-Forward,Attack,right,187.0,2026-07-30 00:00:00,,,,BRA1,S. A. F. Botafogo,,,,,,,,,,,,,,,,,,,,
1027023,,Pedro Andrade,Pedro Andrade,585,Brazil,Itapecirica da Serra,Brazil,2005-04-20 00:00:00,Centre-Back,Defender,left,184.0,2026-12-31 00:00:00,,,,BRA1,São Paulo Futebol Clube,,,,,,,,,,,,,,,,,,,,
1027026,,Maik,Maik,585,Brazil,São Paulo,Brazil,2005-01-03 00:00:00,Right-Back,Defender,right,175.0,2028-05-31 00:00:00,,,,BRA1,São Paulo Futebol Clube,1500000.0,2000000.0,,,,,,,,,,,,,,,,,,
1027027,,Ryan Couto,Ryan Couto,537,,,Brazil,2005-03-03 00:00:00,Centre-Back,Defender,right,187.0,,,,,BRA1,S. A. F. Botafogo,,,,,,,,,,,,,,,,,,,,
1027788,,Enzo Vagner,Enzo Vagner,8718,,,Brazil,2006-07-28 00:00:00,Centre-Forward,Attack,right,188.0,2027-12-31 00:00:00,,,,BRA1,Sport Club do Recife,,,,,,,,,,,,,,,,,,,,
1029227,Breno,Bidon,Breno Bidon,199,Brazil,São Paulo,Brazil,2005-02-20 00:00:00,Central Midfield,Midfield,left,178.0,2029-12-31 00:00:00,11.0,1.0,,BRA1,Sport Club Corinthians Paulista,22000000.0,22000000.0,,,,,,,,,,,,,,,,,,
1031409,,Zé Henrique,Zé Henrique,10492,Brazil,Paraguaçu Paulista,Brazil,2004-10-23 00:00:00,Goalkeeper,Goalkeeper,right,199.0,,,,,BRA1,Esporte Clube Juventude,,,,,,,,,,,,,,,,,,,,
1032891,,Kevyson,Kevyson,221,Brazil,Leopoldina,Brazil,2004-03-29 00:00:00,Left-Back,Defender,left,174.0,2026-12-31 00:00:00,,,,BRA1,Santos Futebol Clube,,,,,,,,,,,,,,,,,,,,
1039533,Rubén,Lezcano,Rubén Lezcano,2462,Paraguay,"Repatriación, Caaguazú",Paraguay,2004-02-09 00:00:00,Attacking Midfield,Midfield,left,178.0,2026-12-31 00:00:00,0.0,0.0,,BRA1,Fluminense Football Club,,,,,,,,,,,,,,,,,,,,
1044131,,Roger Gabriel,Roger Gabriel,10010,Brazil,Salvador,Brazil,2007-02-12 00:00:00,Attacking Midfield,Midfield,both,173.0,2027-01-31 00:00:00,,,,BRA1,Esporte Clube Bahia,,,,,,,,,,,,,,,,,,,,
1047465,,Emerson Galego,Emerson Galego,10492,Brazil,Casa Nova,Brazil,1999-08-10 00:00:00,Right Winger,Attack,right,180.0,2026-11-30 00:00:00,,,,BRA1,Esporte Clube Juventude,,,,,,,,,,,,,,,,,,,,
1053934,,Rafinha,Rafinha,10492,Australia,Brisbane,Brazil,2002-11-18 00:00:00,Attacking Midfield,Midfield,right,173.0,,,,,BRA1,Esporte Clube Juventude,,,,,,,,,,,,,,,,,,,,
1063811,,Miguelito,Miguelito,221,Bolivia,Santa Cruz de la Sierra,Bolivia,2004-04-25 00:00:00,Attacking Midfield,Midfield,left,177.0,2029-05-31 00:00:00,34.0,9.0,,BRA1,Santos Futebol Clube,5000000.0,5000000.0,,,,,,,,,,,,,,,,,,
1065802,,Wesley Santos,Wesley Santos,3876,,,Brazil,2004-06-06 00:00:00,Right-Back,Defender,right,170.0,,,,,BRA1,Mirasol Futebol Clube,,,,,,,,,,,,,,,,,,,,
1069871,,Zé Welinton,Zé Welinton,614,Brazil,Jardim,Brazil,2004-01-08 00:00:00,Left-Back,Defender,left,169.0,,,,,BRA1,Clube de Regatas do Flamengo,,,,,,,,,,,,,,,,,,,,
1072157,,Thalys,Thalys,1023,Brazil,São Miguel dos Campos,Brazil,2005-02-22 00:00:00,Centre-Forward,Attack,left,184.0,2031-06-30 00:00:00,0.0,0.0,,BRA1,Sociedade Esportiva Palmeiras,,,,,,,,,,,,,,,,,,,,
1074501,Cristhian,Loor,Cristhian Loor,537,Ecuador,La Concordia,Ecuador,2006-03-09 00:00:00,Goalkeeper,Goalkeeper,right,187.0,2028-12-31 00:00:00,0.0,0.0,,BRA1,S. A. F. Botafogo,350000.0,500000.0,,,,,,,,,,,,,,,,,,
1074584,Keny,Arroyo,Keny Arroyo,609,Ecuador,Guayaquil,Ecuador,2006-02-14 00:00:00,Right Winger,Attack,left,176.0,2029-12-31 00:00:00,2.0,0.0,,BRA1,Cruzeiro Esporte Clube,10000000.0,10000000.0,,,,,,,,,,,,,,,,,,
1077154,,Rafael Freitas,Rafael Freitas,221,Brazil,Casa Branca,Brazil,2005-08-18 00:00:00,,Missing,,176.0,2027-05-15 00:00:00,,,,BRA1,Santos Futebol Clube,,,,,,,,,,,,,,,,,,,,
1082521,,Athyrson,Athyrson,8793,Brazil,Ibirapuã,Brazil,2004-01-06 00:00:00,Left Winger,Attack,right,182.0,2027-12-31 00:00:00,,,,BRA1,Red Bull Bragantino,,,,,,,,,,,,,,,,,,,,
1082523,,Lucca Prior,Lucca Prior,10870,Brazil,Franca,Brazil,2004-02-12 00:00:00,Attacking Midfield,Midfield,left,173.0,2027-12-31 00:00:00,,,,BRA1,Fortaleza Esporte Clube,,,,,,,,,,,,,,,,,,,,
1082543,,Dyogo Alves,Dyogo Alves,614,Brazil,Fortaleza,Brazil,2004-01-09 00:00:00,Goalkeeper,Goalkeeper,right,188.0,2026-12-31 00:00:00,,,,BRA1,Clube de Regatas do Flamengo,400000.0,400000.0,,,,,,,,,,,,,,,,,,
1082593,,Vinicinho,Vinicinho,8793,Brazil,Diadema,Brazil,2004-02-20 00:00:00,Left Winger,Attack,right,174.0,2029-03-31 00:00:00,,,,BRA1,Red Bull Bragantino,3500000.0,3500000.0,,,,,,,,,,,,,,,,,,
1082602,,Wallace Yan,Wallace Yan,614,Brazil,Rio de Janeiro,Brazil,2005-02-08 00:00:00,Centre-Forward,Attack,right,182.0,2027-12-31 00:00:00,,,,BRA1,Clube de Regatas do Flamengo,5000000.0,6000000.0,Wallace,"LM,FW",Flamengo,16.0,0.0,0.0,0.0,0.0,0.0,0.0,1.0,0.0,0.0,0.0,0.0,0.0,0.0,0.0
1082603,,André Cardoso,André Cardoso,8793,Brazil,Água Boa,Brazil,2003-05-17 00:00:00,Defensive Midfield,Midfield,right,188.0,,,,,BRA1,Red Bull Bragantino,,,,,,,,,,,,,,,,,,,,
1082609,,Daniel Sales,Daniel Sales,614,Brazil,Jaciara,Brazil,2006-06-23 00:00:00,Right-Back,Defender,right,177.0,2028-12-31 00:00:00,,,,BRA1,Clube de Regatas do Flamengo,,,Daniel Sales,RB,Flamengo,1.0,0.0,0.0,0.0,0.0,0.0,0.0,0.0,0.0,0.0,0.0,0.0,0.0,0.0,0.0
1082625,,Patrick,Patrick,330,Brazil,Juiz de Fora,Brazil,2004-03-19 00:00:00,Defensive Midfield,Midfield,left,187.0,2028-12-31 00:00:00,,,,BRA1,Clube Atlético Mineiro,1500000.0,1500000.0,,,,,,,,,,,,,,,,,,
1082631,,Allan,Allan,1023,Brazil,Florianópolis,Brazil,2004-04-19 00:00:00,Right Winger,Attack,left,174.0,2029-12-31 00:00:00,,,,BRA1,Sociedade Esportiva Palmeiras,20000000.0,20000000.0,,,,,,,,,,,,,,,,,,
1082637,,Jota,Jota,10010,Brazil,Salvador,Brazil,2004-02-06 00:00:00,Central Midfield,Midfield,right,180.0,2029-03-31 00:00:00,,,,BRA1,Esporte Clube Bahia,,,,,,,,,,,,,,,,,,,,
1082700,,Kayke,Kayke,199,Brazil,Guarulhos,Brazil,2004-04-28 00:00:00,Left Winger,Attack,right,176.0,2027-06-30 00:00:00,,,,BRA1,Sport Club Corinthians Paulista,1500000.0,1500000.0,Kayke,LW,Corinthians,15.0,0.0,0.0,0.0,0.0,2.0,1.0,2.0,1.0,2.0,0.0,0.0,0.0,0.0,0.0
1082701,,Gustavo Henrique,Gustavo Henrique,8793,Brazil,São José dos Pinhais,Brazil,2005-10-18 00:00:00,Centre-Back,Defender,left,198.0,2026-11-30 00:00:00,,,,BRA1,Red Bull Bragantino,,,,,,,,,,,,,,,,,,,,
1082818,,Lucca Drummond,Lucca Drummond,6600,Brazil,Rio de Janeiro,Brazil,2004-01-12 00:00:00,Centre-Forward,Attack,right,189.0,,,,,BRA1,Sport Club Internacional,,,Lucca Drummond,FW,Internacional,159.0,0.0,1.0,0.0,0.3,1.0,3.0,0.0,0.0,3.0,1.0,2.0,0.0,0.0,0.0
1082827,,Eric Santos,Eric Santos,10010,,,Brazil,2004-03-28 00:00:00,Goalkeeper,Goalkeeper,,195.0,,,,,BRA1,Esporte Clube Bahia,,,,,,,,,,,,,,,,,,,,
1082831,,Rafael Soares,Rafael Soares,10010,Brazil,Salvador,Brazil,2004-12-27 00:00:00,Left-Back,Defender,left,178.0,2027-02-01 00:00:00,,,,BRA1,Esporte Clube Bahia,,,,,,,,,,,,,,,,,,,,
1082840,,Kauã Davi,Kauã Davi,10010,,,Brazil,2004-01-17 00:00:00,Right-Back,Defender,right,185.0,2026-12-31 00:00:00,,,,BRA1,Esporte Clube Bahia,,,,,,,,,,,,,,,,,,,,
1082850,,Deivid Washington,Deivid Washington,221,Brazil,Itumbiara,Brazil,2005-06-05 00:00:00,Centre-Forward,Attack,right,187.0,2030-06-30 00:00:00,12.0,3.0,,BRA1,Santos Futebol Clube,9000000.0,9000000.0,,,,,,,,,,,,,,,,,,
1082852,,Hyan,Hyan,221,Brazil,Brasília,Brazil,2004-03-24 00:00:00,Central Midfield,Midfield,right,184.0,2026-12-31 00:00:00,,,,BRA1,Santos Futebol Clube,,,,,,,,,,,,,,,,,,,,
1082969,,Wesley Costa,Wesley Costa,210,Brazil,Alvorada,Brazil,2004-02-04 00:00:00,Left-Back,Defender,left,181.0,,,,,BRA1,Grêmio Foot-Ball Porto Alegrense,,,,,,,,,,,,,,,,,,,,
1083073,,Cadu,Cadu,330,Brazil,Divinópolis,Brazil,2004-05-24 00:00:00,Centre-Forward,Attack,right,188.0,2026-12-31 00:00:00,,,,BRA1,Clube Atlético Mineiro,,,,,,,,,,,,,,,,,,,,
1083089,,Gabriel Átila,Gabriel Átila,330,Brazil,São Sebastião,Brazil,2003-01-22 00:00:00,Goalkeeper,Goalkeeper,right,193.0,,,,,BRA1,Clube Atlético Mineiro,,,,,,,,,,,,,,,,,,,,
1083099,,Lawan,Lawan,2125,Brazil,Aracaju,Brazil,2005-05-25 00:00:00,Centre-Forward,Attack,right,180.0,,,,,BRA1,Esporte Clube Vitória,,,Lawan,FW,Vitória,106.0,0.0,0.0,0.3,0.4,1.0,0.0,4.0,1.0,1.0,0.0,0.0,0.0,1.0,0.0
1083207,,Jonathan Jesus,Jonathan Jesus,609,Brazil,São Vicente,Brazil,2004-05-27 00:00:00,Centre-Back,Defender,right,187.0,2029-06-30 00:00:00,,,,BRA1,Cruzeiro Esporte Clube,8000000.0,8000000.0,,,,,,,,,,,,,,,,,,
1083218,,Gabriel Silva,Gabriel Silva,2029,,,Brazil,2004-04-18 00:00:00,Attacking Midfield,Midfield,right,,,,,,BRA1,Ceará Sporting Club,,,,,,,,,,,,,,,,,,,,
1083245,,Murilo Rhikman,Murilo Rhikman,609,Brazil,Brasília,Brazil,2006-03-13 00:00:00,Defensive Midfield,Midfield,right,184.0,2029-01-31 00:00:00,3.0,0.0,,BRA1,Cruzeiro Esporte Clube,500000.0,500000.0,,,,,,,,,,,,,,,,,,
1083247,Bruno,Alves,Bruno Alves,609,Brazil,Paranapuã,Brazil,2005-08-04 00:00:00,Centre-Back,Defender,both,186.0,2029-12-31 00:00:00,3.0,0.0,,BRA1,Cruzeiro Esporte Clube,250000.0,250000.0,,,,,,,,,,,,,,,,,,
1083600,,Nathan Fernandes,Nathan Fernandes,537,Brazil,Campos dos Goytacazes,Brazil,2005-02-16 00:00:00,Right Winger,Attack,right,176.0,2029-12-31 00:00:00,5.0,0.0,,BRA1,S. A. F. Botafogo,4000000.0,8000000.0,Nathan Fernandes,RW,Grêmio,521.0,0.0,0.0,1.4,0.0,16.0,18.0,34.0,18.0,13.0,1.0,8.0,6.0,3.0,0.0
1083635,Davi,Schuindt,Davi Schuindt,2462,Brazil,Cabo Frio,Brazil,2004-04-26 00:00:00,Centre-Back,Defender,right,186.0,2028-12-31 00:00:00,,,,BRA1,Fluminense Football Club,250000.0,250000.0,,,,,,,,,,,,,,,,,,
1083668,Caio,Amaral,Caio Amaral,2462,,,Brazil,2003-09-22 00:00:00,Centre-Back,Defender,right,,2027-06-30 00:00:00,,,,BRA1,Fluminense Football Club,,,,,,,,,,,,,,,,,,,,
1083669,,Rafael Monteiro,Rafael Monteiro,2462,Brazil,Manaus,Brazil,2004-02-14 00:00:00,Left-Back,Defender,left,173.0,2027-12-31 00:00:00,,,,BRA1,Fluminense Football Club,,,,,,,,,,,,,,,,,,,,
1083886,,Allan Vitor,Allan Vitor,978,Brazil,Rio de Janeiro,Brazil,2004-08-01 00:00:00,Goalkeeper,Goalkeeper,right,188.0,2027-03-19 00:00:00,,,,BRA1,Club de Regatas Vasco da Gama,,,,,,,,,,,,,,,,,,,,
1083889,,Lyncon,Lyncon,978,Brazil,Itaboraí,Brazil,2005-05-07 00:00:00,Centre-Back,Defender,right,186.0,2026-11-30 00:00:00,0.0,0.0,,BRA1,Club de Regatas Vasco da Gama,,,Lyncon,CB,Vasco da Gama,45.0,1.0,0.0,0.2,0.0,0.0,0.0,0.0,0.0,0.0,0.0,1.0,0.0,0.0,0.0
1083960,,Cauã Paixão,Cauã Paixão,978,Brazil,Rio de Janeiro,Brazil,2004-05-27 00:00:00,Centre-Forward,Attack,right,181.0,2026-12-31 00:00:00,,,,BRA1,Club de Regatas Vasco da Gama,600000.0,600000.0,,,,,,,,,,,,,,,,,,
1083962,,GB,GB,978,Brazil,Rio de Janeiro,Brazil,2005-01-05 00:00:00,Centre-Forward,Attack,right,196.0,2026-12-31 00:00:00,,,,BRA1,Club de Regatas Vasco da Gama,,,,,,,,,,,,,,,,,,,,
1083966,,Cauan Barros,Cauan Barros,978,Brazil,Petrolândia,Brazil,2004-05-06 00:00:00,Defensive Midfield,Midfield,right,183.0,2027-12-31 00:00:00,,,,BRA1,Club de Regatas Vasco da Gama,5000000.0,5000000.0,,,,,,,,,,,,,,,,,,
1083969,Guilherme,Estrella,Guilherme Estrella,978,Brazil,Rio de Janeiro,Brazil,2005-01-06 00:00:00,Attacking Midfield,Midfield,right,176.0,2026-11-30 00:00:00,,,,BRA1,Club de Regatas Vasco da Gama,,,Guilherme Estrella,AM,Vasco da Gama,146.0,1.0,0.0,0.4,0.0,4.0,3.0,4.0,1.0,4.0,0.0,0.0,1.0,1.0,0.0
1083970,,JP,JP,978,Brazil,Goiânia,Brazil,2005-04-19 00:00:00,Central Midfield,Midfield,both,182.0,2027-12-31 00:00:00,,,,BRA1,Club de Regatas Vasco da Gama,2000000.0,2000000.0,,,,,,,,,,,,,,,,,,
1083971,,Lucas Eduardo,Lucas Eduardo,978,Brazil,Rio de Janeiro,Brazil,2004-01-13 00:00:00,Defensive Midfield,Midfield,right,173.0,2027-01-31 00:00:00,,,,BRA1,Club de Regatas Vasco da Gama,50000.0,50000.0,,,,,,,,,,,,,,,,,,
1084069,,Gustavo Reis,Gustavo Reis,8793,Brazil,São Paulo,Brazil,2005-06-10 00:00:00,Goalkeeper,Goalkeeper,right,190.0,2028-05-31 00:00:00,,,,BRA1,Red Bull Bragantino,,,,,,,,,,,,,,,,,,,,
1084070,,Chumbinho,Chumbinho,8793,Brazil,Rio de Janeiro,Brazil,2003-09-22 00:00:00,Defensive Midfield,Midfield,right,189.0,2026-11-30 00:00:00,,,,BRA1,Red Bull Bragantino,,,Chumbinho,RM,Red Bull Bragantino,12.0,0.0,0.0,0.1,0.0,0.0,1.0,1.0,0.0,1.0,0.0,0.0,1.0,0.0,0.0
1084073,,Marcelinho Braz,Marcelinho Braz,8793,Brazil,Jaguariúna,Brazil,2004-08-16 00:00:00,Attacking Midfield,Midfield,left,178.0,2028-05-31 00:00:00,,,,BRA1,Red Bull Bragantino,400000.0,400000.0,,,,,,,,,,,,,,,,,,
1084076,,Fernando Costa,Fernando Costa,8793,Brazil,São Paulo,Brazil,2004-02-01 00:00:00,Goalkeeper,Goalkeeper,right,191.0,2026-12-31 00:00:00,,,,BRA1,Red Bull Bragantino,,,,,,,,,,,,,,,,,,,,
1084081,,Gustavo Neves,Gustavo Neves,8793,Brazil,Goiânia,Brazil,2004-04-23 00:00:00,Central Midfield,Midfield,right,176.0,2029-12-31 00:00:00,,,,BRA1,Red Bull Bragantino,3500000.0,3500000.0,,,,,,,,,,,,,,,,,,
1084603,Vinícius,Lago,Vinícius Lago,8793,Brazil,Brasília,Brazil,2005-10-22 00:00:00,Right-Back,Defender,right,,2026-06-30 00:00:00,,,,BRA1,Red Bull Bragantino,,,,,,,,,,,,,,,,,,,,
1084626,Felipe,Cardoso,Felipe Cardoso,2125,Brazil,São Paulo,Brazil,2003-03-04 00:00:00,Left Winger,Attack,right,182.0,2026-11-30 00:00:00,,,,BRA1,Esporte Clube Vitória,,,,,,,,,,,,,,,,,,,,
1084816,,Zé Guilherme,Zé Guilherme,10010,Brazil,Fortaleza,Brazil,2005-03-16 00:00:00,Left-Back,Defender,left,181.0,2029-12-31 00:00:00,5.0,0.0,,BRA1,Esporte Clube Bahia,400000.0,400000.0,Zé Guilherme,LB,Grêmio,223.0,0.0,0.0,0.0,0.0,9.0,9.0,12.0,6.0,2.0,0.0,11.0,2.0,0.0,0.0
1086260,Thiago,Henrique,Thiago Henrique,2462,Brazil,Sete Lagoas (MG),Brazil,2004-04-27 00:00:00,Defensive Midfield,Midfield,right,179.0,2026-05-31 00:00:00,,,,BRA1,Fluminense Football Club,,,,,,,,,,,,,,,,,,,,
1086534,,Dudu Cruz,Dudu Cruz,330,,,Brazil,2005-04-12 00:00:00,Centre-Back,Defender,right,187.0,2026-06-30 00:00:00,,,,BRA1,Clube Atlético Mineiro,,,,,,,,,,,,,,,,,,,,
1086632,,Abner,Abner,10492,Brazil,Rio de Janeiro,Brazil,2004-04-19 00:00:00,Centre-Back,Defender,right,189.0,2027-06-30 00:00:00,,,,BRA1,Esporte Clube Juventude,,,Abner,CM,Juventude,108.0,0.0,0.0,0.0,0.0,2.0,0.0,0.0,0.0,1.0,0.0,2.0,1.0,1.0,0.0
1087334,Jordan,Barrera,Jordan Barrera,537,Colombia,Soledad,Colombia,2006-04-11 00:00:00,Attacking Midfield,Midfield,right,180.0,2029-12-31 00:00:00,17.0,3.0,,BRA1,S. A. F. Botafogo,2500000.0,2500000.0,,,,,,,,,,,,,,,,,,
1087844,,Felipe Vieira,Felipe Vieira,614,Brazil,Brasília,Brazil,2005-02-09 00:00:00,Centre-Back,Defender,left,189.0,,,,,BRA1,Clube de Regatas do Flamengo,,,Felipe Vieira,CB,Fluminense,161.0,0.0,0.0,0.0,0.0,1.0,3.0,2.0,1.0,0.0,0.0,5.0,1.0,0.0,0.0
1087854,,Daniel Rogério,Daniel Rogério,614,Brazil,Guapimirim,Brazil,2005-03-12 00:00:00,Defensive Midfield,Midfield,right,173.0,,,,,BRA1,Clube de Regatas do Flamengo,,,,,,,,,,,,,,,,,,,,
1088801,,Cadu,Cadu,199,,,Brazil,2005-01-11 00:00:00,Goalkeeper,Goalkeeper,right,193.0,2026-10-30 00:00:00,,,,BRA1,Sport Club Corinthians Paulista,,,,,,,,,,,,,,,,,,,,
1088802,,Caipira,Caipira,199,Brazil,Salesópolis,Brazil,2005-02-15 00:00:00,Right-Back,Defender,both,173.0,2026-09-30 00:00:00,,,,BRA1,Sport Club Corinthians Paulista,,,,,,,,,,,,,,,,,,,,
1088816,,Enzo Boer,Enzo Boer,221,Brazil,São Paulo,Brazil,2005-01-06 00:00:00,Right Winger,Attack,left,170.0,2026-12-31 00:00:00,,,,BRA1,Santos Futebol Clube,,,,,,,,,,,,,,,,,,,,
1089610,,Dohmann,Dohmann,2462,,,Brazil,2005-03-15 00:00:00,Defensive Midfield,Midfield,right,,2026-12-31 00:00:00,,,,BRA1,Fluminense Football Club,,,,,,,,,,,,,,,,,,,,
1089612,,Marcão,Marcão,2462,Brazil,Betim,Brazil,2005-01-13 00:00:00,,Missing,,,,,,,BRA1,Fluminense Football Club,,,,,,,,,,,,,,,,,,,,
1089956,,Rodrigo Falcão,Rodrigo Falcão,221,Brazil,Santos,Brazil,2005-03-23 00:00:00,Goalkeeper,Goalkeeper,right,191.0,2029-01-31 00:00:00,,,,BRA1,Santos Futebol Clube,,,,,,,,,,,,,,,,,,,,
1089958,,Gabriel Bontempo,Gabriel Bontempo,221,Brazil,Uberaba,Brazil,2005-01-16 00:00:00,Central Midfield,Midfield,right,181.0,2030-12-31 00:00:00,0.0,0.0,,BRA1,Santos Futebol Clube,9000000.0,9000000.0,,,,,,,,,,,,,,,,,,
1090768,,Riquelmy,Riquelmy,8718,Brazil,Ouricuri,Brazil,2005-05-02 00:00:00,Centre-Forward,Attack,right,,2026-06-30 00:00:00,,,,BRA1,Sport Club do Recife,,,,,,,,,,,,,,,,,,,,
1090818,,Sidnei,Sidnei,3876,Brazil,São José dos Pinhais,Brazil,2003-03-28 00:00:00,Goalkeeper,Goalkeeper,right,191.0,2026-11-30 00:00:00,,,,BRA1,Mirasol Futebol Clube,,,,,,,,,,,,,,,,,,,,
1090856,,Vitinho Mota,Vitinho Mota,8793,Brazil,Marília,Brazil,2003-07-27 00:00:00,Right Winger,Attack,left,174.0,2026-12-31 00:00:00,,,,BRA1,Red Bull Bragantino,,,,,,,,,,,,,,,,,,,,
1091605,,Marcelo,Marcelo,609,Brazil,Anápolis,Brazil,2006-02-12 00:00:00,Goalkeeper,Goalkeeper,right,191.0,,0.0,0.0,,BRA1,Cruzeiro Esporte Clube,,,Marcelo,LB,Fluminense,1044.0,1.0,1.0,1.2000000000000002,1.6,82.0,18.0,18.0,10.0,24.0,1.0,24.0,15.0,3.0,0.0
1091607,,Rhuan Gabriel,Rhuan Gabriel,609,Brazil,Goiânia,Brazil,2006-02-06 00:00:00,Attacking Midfield,Midfield,right,176.0,2029-12-31 00:00:00,2.0,0.0,,BRA1,Cruzeiro Esporte Clube,,,,,,,,,,,,,,,,,,,,
1091609,,Ruan Índio,Ruan Índio,609,Brazil,Belo Horizonte,Brazil,2006-08-10 00:00:00,Centre-Forward,Attack,right,191.0,2029-12-31 00:00:00,,,,BRA1,Cruzeiro Esporte Clube,,,,,,,,,,,,,,,,,,,,
1091893,,Zé Breno,Zé Breno,2125,Brazil,Palhoça,Brazil,2004-06-06 00:00:00,Defensive Midfield,Midfield,right,176.0,2028-12-31 00:00:00,,,,BRA1,Esporte Clube Vitória,,,,,,,,,,,,,,,,,,,,
1092590,,Vitor Neves,Vitor Neves,8718,,,Brazil,2005-01-08 00:00:00,Defensive Midfield,Midfield,right,,,,,,BRA1,Sport Club do Recife,,,,,,,,,,,,,,,,,,,,
1092623,,Anthony,Anthony,537,Brazil,Santa Bárbara,Brazil,2005-07-12 00:00:00,Centre-Back,Defender,left,192.0,2030-03-23 00:00:00,0.0,0.0,,BRA1,S. A. F. Botafogo,300000.0,300000.0,,,,,,,,,,,,,,,,,,
1092705,,Roger Ruan,Roger Ruan,10010,Brazil,Pindaré-Mirim,Brazil,2005-01-12 00:00:00,Right-Back,Defender,right,,,,,,BRA1,Esporte Clube Bahia,,,,,,,,,,,,,,,,,,,,
1093267,,Yan,Yan,6600,Brazil,Rio de Janeiro,Brazil,2005-11-04 00:00:00,Right-Back,Defender,right,178.0,,,,,BRA1,Sport Club Internacional,,,,,,,,,,,,,,,,,,,,
1093845,,Rhuan Lucas,Rhuan Lucas,537,Brazil,Niterói,Brazil,2004-09-14 00:00:00,Defensive Midfield,Midfield,right,174.0,,,,,BRA1,S. A. F. Botafogo,,,,,,,,,,,,,,,,,,,,
1093863,,Aranha,Aranha,1023,Brazil,Paudalho,Brazil,2005-02-07 00:00:00,Goalkeeper,Goalkeeper,right,190.0,2029-06-30 00:00:00,0.0,0.0,,BRA1,Sociedade Esportiva Palmeiras,,,,,,,,,,,,,,,,,,,,
1093865,,David Kauã,David Kauã,330,Brazil,Bandeirantes,Brazil,2005-03-12 00:00:00,Central Midfield,Midfield,left,182.0,2027-12-31 00:00:00,,,,BRA1,Clube Atlético Mineiro,,,,,,,,,,,,,,,,,,,,
1093906,,Kauê Canela,Kauê Canela,10870,Brazil,Orlândia,Brazil,2004-02-20 00:00:00,Centre-Forward,Attack,right,180.0,,,,,BRA1,Fortaleza Esporte Clube,,,,,,,,,,,,,,,,,,,,
1093922,,Luisão,Luisão,221,Brazil,Taboão da Serra,Brazil,2003-09-09 00:00:00,Centre-Back,Defender,right,192.0,2026-12-31 00:00:00,,,,BRA1,Santos Futebol Clube,,,,,,,,,,,,,,,,,,,,
1093951,,Renê,Renê,2125,Brazil,Fortaleza,Brazil,2003-10-07 00:00:00,Left Winger,Attack,right,183.0,2029-12-31 00:00:00,,,,BRA1,Esporte Clube Vitória,1000000.0,1000000.0,,,,,,,,,,,,,,,,,,
1094501,,Hugo Leonardo,Hugo Leonardo,585,,,Brazil,2004-01-19 00:00:00,Defensive Midfield,Midfield,left,175.0,2028-12-31 00:00:00,,,,BRA1,São Paulo Futebol Clube,,,,,,,,,,,,,,,,,,,,
1094530,,Kauan,Kauan,6600,Brazil,Jundiaí,Brazil,2003-04-27 00:00:00,Goalkeeper,Goalkeeper,right,192.0,2027-12-31 00:00:00,,,,BRA1,Sport Club Internacional,,,,,,,,,,,,,,,,,,,,
1094537,,Isac,Isac,2462,,,Brazil,2005-05-10 00:00:00,Attacking Midfield,Midfield,left,,2026-12-31 00:00:00,,,,BRA1,Fluminense Football Club,,,Isaac,LB,Fluminense,179.0,0.0,0.0,0.3,0.0,5.0,10.0,15.0,8.0,4.0,0.0,3.0,3.0,0.0,0.0
1094863,,Deivid Andrade,Deivid Andrade,2029,Brazil,São Domingos do Capim,Brazil,2005-06-01 00:00:00,Goalkeeper,Goalkeeper,right,196.0,2026-12-31 00:00:00,,,,BRA1,Ceará Sporting Club,,,,,,,,,,,,,,,,,,,,
1094958,,Fábio Soares,Fábio Soares,2125,,,Brazil,2004-12-03 00:00:00,Left Winger,Attack,right,178.0,2027-06-30 00:00:00,,,,BRA1,Esporte Clube Vitória,,,Fábio Soares,RM,Vitória,90.0,0.0,0.0,0.0,0.0,1.0,1.0,5.0,1.0,2.0,1.0,4.0,3.0,0.0,0.0
1094959,,Samuel,Samuel,10010,Brazil,Teixeira de Freitas,Brazil,2005-01-27 00:00:00,Centre-Forward,Attack,right,186.0,,,,,BRA1,Esporte Clube Bahia,,,,,,,,,,,,,,,,,,,,
1094961,,Paulo Roberto,Paulo Roberto,2125,,,Brazil,2005-11-13 00:00:00,Right-Back,Defender,right,,2026-12-30 00:00:00,,,,BRA1,Esporte Clube Vitória,,,,,,,,,,,,,,,,,,,,
1094962,,Ainoã,Ainoã,614,,,Brazil,2005-02-01 00:00:00,Left-Back,Defender,left,186.0,,,,,BRA1,Clube de Regatas do Flamengo,,,,,,,,,,,,,,,,,,,,
1095552,,Gustavo Prado,Gustavo Prado,6600,Brazil,Rio de Janeiro,Brazil,2005-06-06 00:00:00,Right Winger,Attack,right,179.0,2026-12-31 00:00:00,11.0,1.0,,BRA1,Sport Club Internacional,,,Gustavo Prado,RM,Internacional,664.0,1.0,0.0,1.3,1.5,29.0,21.0,29.0,12.0,34.0,4.0,32.0,14.0,1.0,0.0
1096080,,Gabriel Rocha,Gabriel Rocha,2029,,,Brazil,2006-01-23 00:00:00,Centre-Back,Defender,left,,,,,,BRA1,Ceará Sporting Club,,,,,,,,,,,,,,,,,,,,
1096223,Pedro,Ataíde,Pedro Ataíde,330,Brazil,Aparecida de Goiânia,Brazil,2005-06-28 00:00:00,Centre-Forward,Attack,left,180.0,2029-05-31 00:00:00,,,,BRA1,Clube Atlético Mineiro,,,,,,,,,,,,,,,,,,,,
1096272,,Clébio,Clébio,10492,Brazil,Uberaba,Brazil,2004-03-01 00:00:00,Centre-Back,Defender,right,186.0,,,,,BRA1,Esporte Clube Juventude,,,,,,,,,,,,,,,,,,,,
1096275,,Davi Góes,Davi Góes,10492,Brazil,Ipatinga,Brazil,2005-06-22 00:00:00,Defensive Midfield,Midfield,left,185.0,2026-12-31 00:00:00,0.0,0.0,,BRA1,Esporte Clube Juventude,,,Davi Goes,CM,Juventude,66.0,0.0,0.0,0.0,0.0,3.0,0.0,0.0,0.0,0.0,0.0,3.0,0.0,2.0,0.0
1096506,,Isac,Isac,585,Brazil,Brejo Santo,Brazil,2006-04-02 00:00:00,Centre-Back,Defender,right,186.0,2027-12-31 00:00:00,1.0,0.0,,BRA1,São Paulo Futebol Clube,,,Isaac,LB,Fluminense,179.0,0.0,0.0,0.3,0.0,5.0,10.0,15.0,8.0,4.0,0.0,3.0,3.0,0.0,0.0
1096605,,Kauan Toledo,Kauan Toledo,537,Brazil,Sorocaba,Brazil,2006-04-15 00:00:00,Right Winger,Attack,right,177.0,2028-12-31 00:00:00,,,,BRA1,S. A. F. Botafogo,,,,,,,,,,,,,,,,,,,,
1096840,,Luiz Eduardo,Luiz Eduardo,199,Brazil,São Paulo,Brazil,2007-06-26 00:00:00,Attacking Midfield,Midfield,left,,,,,,BRA1,Sport Club Corinthians Paulista,,,,,,,,,,,,,,,,,,,,
1097081,,Maxsuell Alegria,Maxsuell Alegria,978,Brazil,Goiânia,Brazil,2004-01-09 00:00:00,Left Winger,Attack,right,169.0,2029-06-30 00:00:00,,,,BRA1,Club de Regatas Vasco da Gama,,,Max Alegria,LW,Vasco da Gama,79.0,0.0,0.0,0.0,0.0,2.0,3.0,4.0,1.0,5.0,0.0,0.0,1.0,0.0,0.0
1097187,,Bruninho,Bruninho,10870,Brazil,Barra de Guabiraba,Brazil,2005-06-11 00:00:00,Central Midfield,Midfield,right,177.0,,,,,BRA1,Fortaleza Esporte Clube,,,,,,,,,,,,,,,,,,,,
1097224,,Janderson,Janderson,609,Brazil,Altos,Brazil,2005-08-31 00:00:00,Centre-Back,Defender,right,190.0,2029-02-01 00:00:00,,,,BRA1,Cruzeiro Esporte Clube,,,Janderson,LW,Vitória,1937.0,4.0,0.0,3.3000000000000003,1.6,53.0,61.0,82.0,31.0,64.0,4.0,31.0,18.0,8.0,0.0
1097844,,Wesley Juan,Wesley Juan,614,,,Brazil,2005-01-02 00:00:00,Centre-Back,Defender,left,188.0,,,,,BRA1,Clube de Regatas do Flamengo,,,,,,,,,,,,,,,,,,,,
1098726,,Zé Phelipe,Zé Phelipe,330,Brazil,Rio de Janeiro,Brazil,2005-06-14 00:00:00,Defensive Midfield,Midfield,both,180.0,,,,,BRA1,Clube Atlético Mineiro,,,,,,,,,,,,,,,,,,,,
1100070,,Eric,Eric,2029,Brazil,Baixa Grande,Brazil,2000-08-07 00:00:00,Left-Back,Defender,left,180.0,2026-11-30 00:00:00,,,,BRA1,Ceará Sporting Club,,,,,,,,,,,,,,,,,,,,
1100475,,Gabriel Pfeifer,Gabriel Pfeifer,330,,,Brazil,2005-04-12 00:00:00,Central Midfield,Midfield,right,175.0,2027-03-31 00:00:00,,,,BRA1,Clube Atlético Mineiro,,,,,,,,,,,,,,,,,,,,
1101123,,Netinho,Netinho,8718,Brazil,João Pessoa,Brazil,2005-03-06 00:00:00,Right-Back,Defender,right,,,,,,BRA1,Sport Club do Recife,,,,,,,,,,,,,,,,,,,,
1101124,,Gustavinho,Gustavinho,221,Brazil,Limeira,Brazil,2005-04-07 00:00:00,Defensive Midfield,Midfield,right,,2028-12-31 00:00:00,,,,BRA1,Santos Futebol Clube,500000.0,500000.0,Gustavinho,LM,Red Bull Bragantino,954.0,1.0,3.0,0.7000000000000001,1.4,45.0,9.0,33.0,17.0,38.0,4.0,24.0,14.0,1.0,0.0
1101134,,Fabricio Dias,Fabricio Dias,10870,Brazil,Pinhais,Brazil,2004-08-26 00:00:00,Defensive Midfield,Midfield,right,176.0,2026-11-30 00:00:00,,,,BRA1,Fortaleza Esporte Clube,,,,,,,,,,,,,,,,,,,,
1101447,Iván,Román,Iván Román,330,Chile,Santiago de Chile,Chile,2006-07-12 00:00:00,Centre-Back,Defender,right,183.0,2029-12-31 00:00:00,5.0,0.0,,BRA1,Clube Atlético Mineiro,1500000.0,1500000.0,,,,,,,,,,,,,,,,,,
1109027,,Victor,Victor,10010,Brazil,Xique-Xique,Brazil,2006-05-03 00:00:00,Goalkeeper,Goalkeeper,right,197.0,,,,,BRA1,Esporte Clube Bahia,,,,,,,,,,,,,,,,,,,,
1109028,,Juninho,Juninho,10010,Brazil,Arapiraca,Brazil,2005-12-17 00:00:00,Left Winger,Attack,right,,2027-11-30 00:00:00,,,,BRA1,Esporte Clube Bahia,,,,,,,,,,,,,,,,,,,,
1109029,,Sidney Duarte,Sidney Duarte,10010,Brazil,Salvador,Brazil,2006-03-12 00:00:00,Defensive Midfield,Midfield,right,168.0,2028-12-31 00:00:00,5.0,0.0,,BRA1,Esporte Clube Bahia,,,,,,,,,,,,,,,,,,,,
1112486,Jhoan,Hernández,Jhoan Hernández,537,Colombia,Lloró,Colombia,2006-02-20 00:00:00,Left-Back,Defender,left,178.0,2026-12-31 00:00:00,2.0,0.0,,BRA1,S. A. F. Botafogo,150000.0,550000.0,,,,,,,,,,,,,,,,,,
1114595,,João Andrade,João Andrade,10010,,,Brazil,2006-06-15 00:00:00,Centre-Forward,Attack,left,181.0,,,,,BRA1,Esporte Clube Bahia,,,,,,,,,,,,,,,,,,,,
1115717,,Gerald Anjos,Gerald Anjos,10010,Brazil,Salvador,Brazil,2007-11-01 00:00:00,Centre-Back,Defender,left,,,,,,BRA1,Esporte Clube Bahia,,,,,,,,,,,,,,,,,,,,
1115722,,Arthur Gabriel,Arthur Gabriel,1023,Brazil,São Paulo,Brazil,2005-09-04 00:00:00,Left-Back,Defender,left,177.0,2029-12-31 00:00:00,0.0,0.0,,BRA1,Sociedade Esportiva Palmeiras,3000000.0,3000000.0,,,,,,,,,,,,,,,,,,
1116366,,Paulo Vitor,Paulo Vitor,330,Brazil,Junqueirópolis,Brazil,2004-08-26 00:00:00,Defensive Midfield,Midfield,right,184.0,2026-12-31 00:00:00,,,,BRA1,Clube Atlético Mineiro,,,Paulo Vitor,CM,Atlético Mineiro,529.0,0.0,0.0,0.0,0.1,20.0,7.0,2.0,1.0,11.0,0.0,22.0,9.0,4.0,0.0
1116367,,Zé Neto,Zé Neto,2029,Brazil,João Pessoa,Brazil,2005-10-30 00:00:00,Right Winger,Attack,both,,2026-07-20 00:00:00,,,,BRA1,Ceará Sporting Club,,,,,,,,,,,,,,,,,,,,
1116543,,Marlinho,Marlinho,6600,,,Brazil,2005-06-19 00:00:00,Right Winger,Attack,left,177.0,,,,,BRA1,Sport Club Internacional,,,,,,,,,,,,,,,,,,,,
1116605,,Larson,Larson,1023,Brazil,Pelotas,Brazil,2005-07-10 00:00:00,Central Midfield,Midfield,right,183.0,2030-12-31 00:00:00,0.0,0.0,,BRA1,Sociedade Esportiva Palmeiras,400000.0,400000.0,,,,,,,,,,,,,,,,,,
1116612,,Diego Esser,Diego Esser,6600,Brazil,Rio do Campo,Brazil,2005-04-13 00:00:00,Goalkeeper,Goalkeeper,left,194.0,2026-12-31 00:00:00,,,,BRA1,Sport Club Internacional,,,,,,,,,,,,,,,,,,,,
1116614,,Gustavo,Gustavo,6600,Brazil,Joinville,Brazil,2006-08-28 00:00:00,Central Midfield,Midfield,right,176.0,2027-01-31 00:00:00,,,,BRA1,Sport Club Internacional,,,,,,,,,,,,,,,,,,,,
1116620,,Rhyan,Rhyan,537,,,Brazil,2006-01-03 00:00:00,Goalkeeper,Goalkeeper,right,188.0,,,,,BRA1,S. A. F. Botafogo,,,,,,,,,,,,,,,,,,,,
1116636,,João Loiola,João Loiola,2462,Brazil,Serra,Brazil,2005-04-14 00:00:00,Centre-Back,Defender,right,,2028-12-31 00:00:00,,,,BRA1,Fluminense Football Club,,,,,,,,,,,,,,,,,,,,
1116637,,Fabinho,Fabinho,2462,,,Brazil,2006-01-24 00:00:00,Defensive Midfield,Midfield,,,2027-08-31 00:00:00,,,,BRA1,Fluminense Football Club,,,,,,,,,,,,,,,,,,,,
1116834,,Samuel,Samuel,330,Brazil,Fortaleza,Brazil,2006-02-09 00:00:00,Centre-Back,Defender,left,187.0,,,,,BRA1,Clube Atlético Mineiro,,,,,,,,,,,,,,,,,,,,
1117807,,João Alencar,João Alencar,221,Brazil,Belo Horizonte,Brazil,2007-06-25 00:00:00,Centre-Back,Defender,right,187.0,2030-06-30 00:00:00,,,,BRA1,Santos Futebol Clube,,,,,,,,,,,,,,,,,,,,
1119008,Julio,Fidelis,Julio Fidelis,2462,Brazil,Macaé,Brazil,2006-11-06 00:00:00,Right-Back,Defender,right,179.0,2031-04-30 00:00:00,,,,BRA1,Fluminense Football Club,300000.0,300000.0,,,,,,,,,,,,,,,,,,
1124214,,Kauê Leonardo,Kauê Leonardo,537,Brazil,Niterói,Brazil,2005-04-11 00:00:00,Right-Back,Defender,right,170.0,2026-11-30 00:00:00,,,,BRA1,S. A. F. Botafogo,,,,,,,,,,,,,,,,,,,,
1124296,Matheus,Reis,Matheus Reis,2462,Mexico,Mexico City,Mexico,2007-04-02 00:00:00,Left Winger,Attack,right,180.0,2030-12-31 00:00:00,0.0,0.0,,BRA1,Fluminense Football Club,,,,,,,,,,,,,,,,,,,,
1124298,,Riquelme Fillipi,Riquelme Fillipi,1023,Brazil,Santo André,Brazil,2006-09-15 00:00:00,Left Winger,Attack,right,176.0,2029-12-31 00:00:00,0.0,0.0,,BRA1,Sociedade Esportiva Palmeiras,1000000.0,1000000.0,,,,,,,,,,,,,,,,,,
1124552,,Kauan Guilherme,Kauan Guilherme,330,Brazil,Montes Claros,Brazil,2005-01-05 00:00:00,Defensive Midfield,Midfield,left,,2026-11-30 00:00:00,,,,BRA1,Clube Atlético Mineiro,,,,,,,,,,,,,,,,,,,,
1124553,,Robert,Robert,330,Brazil,São Bernardo do Campo,Brazil,2005-02-03 00:00:00,Goalkeeper,Goalkeeper,right,191.0,2029-12-31 00:00:00,4.0,0.0,,BRA1,Clube Atlético Mineiro,,,Robert,CB,Cruzeiro,396.0,0.0,1.0,0.2,0.3,7.0,17.0,23.0,9.0,9.0,0.0,3.0,4.0,1.0,0.0
1124886,Gustavo,Cintra,Gustavo Cintra,2462,Brazil,São José do Rio Preto,Brazil,2005-10-16 00:00:00,Centre-Back,Defender,both,188.0,,,,,BRA1,Fluminense Football Club,,,,,,,,,,,,,,,,,,,,
1124887,,Marlon,Marlon,2462,,,Brazil,2005-03-17 00:00:00,Right Winger,Attack,left,,,,,,BRA1,Fluminense Football Club,,,,,,,,,,,,,,,,,,,,
1127043,,Gabriel Justino,Gabriel Justino,537,Brazil,Rio de Janeiro,Brazil,2006-04-16 00:00:00,Centre-Back,Defender,right,184.0,2028-11-30 00:00:00,,,,BRA1,S. A. F. Botafogo,,,,,,,,,,,,,,,,,,,,
1127846,,Julio César,Julio César,330,Brazil,Pernambuco,Brazil,2004-04-23 00:00:00,Left-Back,Defender,left,184.0,2028-05-31 00:00:00,,,,BRA1,Clube Atlético Mineiro,,,,,,,,,,,,,,,,,,,,
1128780,,Gabriel Bahia,Gabriel Bahia,537,Brazil,Juazeiro,Brazil,1998-11-24 00:00:00,Centre-Back,Defender,right,188.0,2026-12-31 00:00:00,,,,BRA1,S. A. F. Botafogo,,,,,,,,,,,,,,,,,,,,
1130054,,Patrick,Patrick,8718,Brazil,Belo Horizonte,Brazil,2005-02-27 00:00:00,Centre-Back,Defender,both,187.0,2027-01-31 00:00:00,,,,BRA1,Sport Club do Recife,,,,,,,,,,,,,,,,,,,,
1130056,,Luiz Henrique,Luiz Henrique,8718,Brazil,Olinda,Brazil,2005-02-08 00:00:00,Central Midfield,Midfield,right,175.0,,,,,BRA1,Sport Club do Recife,,,,,,,,,,,,,,,,,,,,
1130185,,Yuri Leles,Yuri Leles,8793,Brazil,Poços de Caldas,Brazil,2007-04-17 00:00:00,Centre-Forward,Attack,right,,2029-12-31 00:00:00,0.0,0.0,,BRA1,Red Bull Bragantino,,,,,,,,,,,,,,,,,,,,
1139255,,Enzo,Enzo,210,Brazil,Santos,Brazil,2002-07-18 00:00:00,Left-Back,Defender,left,180.0,,,,,BRA1,Grêmio Foot-Ball Porto Alegrense,,,,,,,,,,,,,,,,,,,,
1141364,,Jemmes,Jemmes,2462,Brazil,Rosário Oeste,Brazil,2000-04-09 00:00:00,Centre-Back,Defender,right,187.0,2030-12-31 00:00:00,,,,BRA1,Fluminense Football Club,3000000.0,3000000.0,,,,,,,,,,,,,,,,,,
1152154,Tomás,Pérez,Tomás Pérez,330,Argentina,Rosario,Argentina,2005-08-26 00:00:00,Defensive Midfield,Midfield,right,182.0,2026-12-31 00:00:00,8.0,1.0,,BRA1,Clube Atlético Mineiro,3000000.0,3000000.0,,,,,,,,,,,,,,,,,,
1152256,,Leonan Santos,Leonan Santos,3876,,,Brazil,2000-08-05 00:00:00,Centre-Back,Defender,left,189.0,2026-11-30 00:00:00,,,,BRA1,Mirasol Futebol Clube,,,,,,,,,,,,,,,,,,,,
1156563,,Igor Serrote,Igor Serrote,210,Brazil,Balneário Camboriú,Brazil,2005-03-01 00:00:00,Right-Back,Defender,right,180.0,,10.0,0.0,,BRA1,Grêmio Foot-Ball Porto Alegrense,,,,,,,,,,,,,,,,,,,,
1158001,,Luighi,Luighi,1023,Brazil,São Paulo,Brazil,2006-04-30 00:00:00,Centre-Forward,Attack,right,182.0,2029-12-31 00:00:00,3.0,1.0,,BRA1,Sociedade Esportiva Palmeiras,4000000.0,5000000.0,Luighi,FW,Palmeiras,21.0,1.0,0.0,1.2,0.0,0.0,1.0,0.0,0.0,0.0,0.0,0.0,1.0,0.0,0.0
1159259,,Euder,Euder,978,Brazil,Recife,Brazil,2005-03-18 00:00:00,Defensive Midfield,Midfield,left,,,,,,BRA1,Club de Regatas Vasco da Gama,,,,,,,,,,,,,,,,,,,,
1174214,Sergio,Palacios,Sergio Palacios,8793,Colombia,Santiago de Cali,Colombia,2005-02-14 00:00:00,Centre-Back,Defender,right,195.0,2026-07-27 00:00:00,2.0,0.0,,BRA1,Red Bull Bragantino,,,Sergio Palacios,"RB,CB",Red Bull Bragantino,30.0,0.0,0.0,0.0,0.0,0.0,0.0,0.0,0.0,0.0,0.0,0.0,0.0,1.0,0.0
1180021,,Erick Belé,Erick Belé,1023,Brazil,Flores da Cunha,Brazil,2007-01-21 00:00:00,Attacking Midfield,Midfield,left,184.0,2028-12-31 00:00:00,5.0,2.0,,BRA1,Sociedade Esportiva Palmeiras,1000000.0,1000000.0,,,,,,,,,,,,,,,,,,
1182665,Néiser,Villarreal,Néiser Villarreal,609,Colombia,Tumaco,Colombia,2005-04-24 00:00:00,Centre-Forward,Attack,right,186.0,2030-12-31 00:00:00,22.0,15.0,,BRA1,Cruzeiro Esporte Clube,4000000.0,4000000.0,,,,,,,,,,,,,,,,,,
1193865,,Pedro Cobra,Pedro Cobra,330,Brazil,Goiânia,Brazil,2006-05-15 00:00:00,Goalkeeper,Goalkeeper,right,193.0,2030-12-31 00:00:00,0.0,0.0,,BRA1,Clube Atlético Mineiro,600000.0,600000.0,,,,,,,,,,,,,,,,,,
1193868,,João Souza,João Souza,614,Brazil,São Paulo,Brazil,2007-01-01 00:00:00,Centre-Back,Defender,right,187.0,2029-12-31 00:00:00,0.0,0.0,,BRA1,Clube de Regatas do Flamengo,800000.0,800000.0,,,,,,,,,,,,,,,,,,
1202380,,João Pedro,João Pedro,585,Brazil,São Paulo,Brazil,2006-04-10 00:00:00,Goalkeeper,Goalkeeper,right,191.0,2028-06-30 00:00:00,,,,BRA1,São Paulo Futebol Clube,,,,,,,,,,,,,,,,,,,,
1202381,,Felipe Preis,Felipe Preis,585,Brazil,Itapiranga,Brazil,2005-11-19 00:00:00,Goalkeeper,Goalkeeper,right,187.0,2026-12-31 00:00:00,,,,BRA1,São Paulo Futebol Clube,,,,,,,,,,,,,,,,,,,,
1202387,,Ryan Francisco,Ryan Francisco,585,Brazil,São Paulo,Brazil,2006-11-21 00:00:00,Centre-Forward,Attack,left,175.0,2029-12-31 00:00:00,1.0,0.0,,BRA1,São Paulo Futebol Clube,4500000.0,6000000.0,Ryan Francisco,FW,São Paulo,1.0,0.0,0.0,0.0,0.0,0.0,0.0,0.0,0.0,0.0,0.0,0.0,0.0,0.0,0.0
1206621,,Jorge Meurer,Jorge Meurer,210,Brazil,Santa Cruz do Sul,Brazil,2001-04-03 00:00:00,Goalkeeper,Goalkeeper,right,195.0,2027-12-31 00:00:00,,,,BRA1,Grêmio Foot-Ball Porto Alegrense,,,,,,,,,,,,,,,,,,,,
1215842,,Wendell Sacramento,Wendell Sacramento,2125,Brazil,Salvador,Brazil,2005-08-31 00:00:00,Left Winger,Attack,left,176.0,,,,,BRA1,Esporte Clube Vitória,,,,,,,,,,,,,,,,,,,,
1218994,Stanley,Boateng,Stanley Boateng,8793,Ghana,Accra,Ghana,2005-03-22 00:00:00,Centre-Back,Defender,right,,2026-12-31 00:00:00,,,,BRA1,Red Bull Bragantino,,,,,,,,,,,,,,,,,,,,
1219008,,Vini Uchella,Vini Uchella,2029,Brazil,Guarulhos,Brazil,2006-01-22 00:00:00,Centre-Back,Defender,right,,,,,,BRA1,Ceará Sporting Club,,,,,,,,,,,,,,,,,,,,
1219240,,Cristiano Junior,Cristiano Junior,537,Brazil,Rio de Janeiro,Brazil,2005-04-02 00:00:00,Goalkeeper,Goalkeeper,right,193.0,2029-03-02 00:00:00,,,,BRA1,S. A. F. Botafogo,,,,,,,,,,,,,,,,,,,,
1219653,,Nathan Borges,Nathan Borges,210,,,Brazil,2006-06-07 00:00:00,Centre-Back,Defender,right,,2026-12-31 00:00:00,,,,BRA1,Grêmio Foot-Ball Porto Alegrense,,,,,,,,,,,,,,,,,,,,
1219749,,Riquelme,Riquelme,2462,Brazil,Araçatuba,Brazil,2007-03-13 00:00:00,Right Winger,Attack,left,175.0,2030-08-31 00:00:00,,,,BRA1,Fluminense Football Club,6000000.0,6000000.0,,,,,,,,,,,,,,,,,,
1219750,,Kelwin,Kelwin,2462,Brazil,Teixeira de Freitas,Brazil,2006-03-24 00:00:00,Centre-Forward,Attack,right,183.0,,,,,BRA1,Fluminense Football Club,,,,,,,,,,,,,,,,,,,,
1219751,,Léo Jance,Léo Jance,2462,Brazil,São José do Rio Preto,Brazil,2005-03-23 00:00:00,Left-Back,Defender,left,175.0,2026-12-31 00:00:00,,,,BRA1,Fluminense Football Club,,,,,,,,,,,,,,,,,,,,
1219753,,Davi Melo,Davi Melo,2462,Spain,Santander,Brazil,2005-11-20 00:00:00,Defensive Midfield,Midfield,right,,,,,,BRA1,Fluminense Football Club,,,,,,,,,,,,,,,,,,,,
1219848,,Igor Felisberto,Igor Felisberto,585,Brazil,Içara,Brazil,2007-03-07 00:00:00,Right-Back,Defender,right,175.0,2029-03-31 00:00:00,4.0,0.0,,BRA1,São Paulo Futebol Clube,,,,,,,,,,,,,,,,,,,,
1219852,,Guilherme Reis,Guilherme Reis,585,,,Brazil,2006-02-10 00:00:00,Left-Back,Defender,left,174.0,2029-07-31 00:00:00,,,,BRA1,São Paulo Futebol Clube,,,,,,,,,,,,,,,,,,,,
1220008,,Allex,Allex,6600,Brazil,São Paulo,Brazil,2006-05-04 00:00:00,Attacking Midfield,Midfield,left,164.0,2027-12-31 00:00:00,,,,BRA1,Sport Club Internacional,1000000.0,1000000.0,,,,,,,,,,,,,,,,,,
1220010,,Yago Noal,Yago Noal,6600,Brazil,Porto Alegre,Brazil,2007-02-05 00:00:00,Attacking Midfield,Midfield,right,171.0,2028-12-31 00:00:00,,,,BRA1,Sport Club Internacional,500000.0,500000.0,,,,,,,,,,,,,,,,,,
1220141,,Mateus Xavier,Mateus Xavier,221,Brazil,Ibicaraí,Brazil,2007-06-29 00:00:00,Left Winger,Attack,left,,2028-12-31 00:00:00,,,,BRA1,Santos Futebol Clube,400000.0,400000.0,,,,,,,,,,,,,,,,,,
1220179,,João Rafael,João Rafael,330,,,Brazil,2005-04-08 00:00:00,Left Winger,Attack,right,180.0,2026-06-30 00:00:00,,,,BRA1,Clube Atlético Mineiro,,,,,,,,,,,,,,,,,,,,
1220180,,Mateus Iseppe,Mateus Iseppe,330,Brazil,Pirassununga,Brazil,2006-05-02 00:00:00,Attacking Midfield,Midfield,right,178.0,2028-12-31 00:00:00,,,,BRA1,Clube Atlético Mineiro,400000.0,400000.0,,,,,,,,,,,,,,,,,,
1220181,,Maykon Jesus,Maykon Jesus,2125,Brazil,Maceió,Brazil,2005-12-07 00:00:00,Left-Back,Defender,left,181.0,,,,,BRA1,Esporte Clube Vitória,,,,,,,,,,,,,,,,,,,,
1220182,,Lucas Louback,Lucas Louback,330,,,Brazil,2006-04-13 00:00:00,Centre-Forward,Attack,right,,,,,,BRA1,Clube Atlético Mineiro,,,,,,,,,,,,,,,,,,,,
1220277,,Lucyan,Lucyan,614,,,Brazil,2006-06-15 00:00:00,Right-Back,Defender,right,178.0,2028-06-30 00:00:00,,,,BRA1,Clube de Regatas do Flamengo,,,,,,,,,,,,,,,,,,,,
1220392,,Daniel Costa,Daniel Costa,10010,,,Brazil,2005-06-06 00:00:00,Centre-Back,Defender,right,,,,,,BRA1,Esporte Clube Bahia,,,,,,,,,,,,,,,,,,,,
1220446,,Felipe Teresa,Felipe Teresa,614,Brazil,Guaraqueçaba,Brazil,2006-01-02 00:00:00,Right Winger,Attack,left,182.0,2027-09-30 00:00:00,,,,BRA1,Clube de Regatas do Flamengo,,,Felipe Teresa,"LM,FW",Flamengo,5.0,1.0,0.0,0.3,0.0,0.0,0.0,0.0,0.0,0.0,0.0,0.0,0.0,0.0,0.0
1220464,Lukas,Zuccarello,Lukas Zuccarello,978,Brazil,São Paulo,Brazil,2006-12-02 00:00:00,Attacking Midfield,Midfield,right,175.0,2028-12-31 00:00:00,,,,BRA1,Club de Regatas Vasco da Gama,400000.0,400000.0,,,,,,,,,,,,,,,,,,
1220465,,Igor Toledo,Igor Toledo,330,Brazil,Rio de Janeiro,Brazil,2006-02-03 00:00:00,Defensive Midfield,Midfield,right,183.0,2027-08-31 00:00:00,,,,BRA1,Clube Atlético Mineiro,,,,,,,,,,,,,,,,,,,,
1220467,,Breno Vereza,Breno Vereza,978,,,Brazil,2007-09-03 00:00:00,Right-Back,Defender,both,,,,,,BRA1,Club de Regatas Vasco da Gama,,,,,,,,,,,,,,,,,,,,
1220468,,Luiz Gustavo,Luiz Gustavo,10010,Brazil,Foz do Iguaçu,Brazil,2006-04-12 00:00:00,Centre-Back,Defender,left,188.0,2030-12-31 00:00:00,0.0,0.0,,BRA1,Esporte Clube Bahia,600000.0,600000.0,Luiz Gustavo,CM,São Paulo,2188.0,2.0,1.0,1.2000000000000002,0.7000000000000001,124.0,30.0,27.0,11.0,32.0,2.0,42.0,22.0,3.0,0.0
1220612,,Wendel Passos,Wendel Passos,10010,,,Brazil,2006-02-28 00:00:00,Defensive Midfield,Midfield,both,174.0,,,,,BRA1,Esporte Clube Bahia,,,,,,,,,,,,,,,,,,,,
1220613,,Pedrinho,Pedrinho,10010,Brazil,Aracaju,Brazil,2006-01-19 00:00:00,Attacking Midfield,Midfield,right,,,,,,BRA1,Esporte Clube Bahia,,,Pedrinho,CM,Atlético Mineiro,207.0,0.0,0.0,0.0,0.4,21.0,5.0,4.0,3.0,12.0,2.0,6.0,2.0,1.0,0.0
1220614,,Ruan Pablo,Ruan Pablo,10010,Brazil,Salvador,Brazil,2008-07-23 00:00:00,Left Winger,Attack,both,183.0,2030-12-31 00:00:00,14.0,5.0,,BRA1,Esporte Clube Bahia,8000000.0,8000000.0,Ruan Pablo,LM,Bahia,6.0,0.0,0.0,0.0,0.0,0.0,1.0,1.0,0.0,0.0,0.0,0.0,0.0,0.0,0.0
1220615,,Waliffer,Waliffer,10010,,,Brazil,2006-01-08 00:00:00,Left Winger,Attack,right,,2027-12-31 00:00:00,,,,BRA1,Esporte Clube Bahia,,,,,,,,,,,,,,,,,,,,
1220787,,Douglas Telles,Douglas Telles,614,Brazil,Rio de Janeiro,Brazil,2007-06-01 00:00:00,Right Winger,Attack,left,177.0,2028-12-31 00:00:00,0.0,0.0,,BRA1,Clube de Regatas do Flamengo,,,,,,,,,,,,,,,,,,,,
1221317,,Riquelme,Riquelme,210,Brazil,São Paulo,Brazil,2006-08-13 00:00:00,Attacking Midfield,Midfield,right,181.0,2027-12-31 00:00:00,,,,BRA1,Grêmio Foot-Ball Porto Alegrense,2000000.0,2000000.0,,,,,,,,,,,,,,,,,,
1221390,,Rafael Coutinho,Rafael Coutinho,1023,Brazil,Itabuna,Brazil,2006-03-24 00:00:00,Central Midfield,Midfield,right,178.0,2027-12-31 00:00:00,3.0,1.0,,BRA1,Sociedade Esportiva Palmeiras,,,,,,,,,,,,,,,,,,,,
1221660,,Walace Falcão,Walace Falcão,978,Brazil,Belford Roxo,Brazil,2005-03-07 00:00:00,Centre-Back,Defender,left,188.0,2027-12-31 00:00:00,,,,BRA1,Club de Regatas Vasco da Gama,,,,,,,,,,,,,,,,,,,,
1221747,,Luis Osorio,Luis Osorio,585,Brazil,Uberaba,Brazil,2006-09-06 00:00:00,Centre-Back,Defender,left,191.0,2030-02-28 00:00:00,,,,BRA1,São Paulo Futebol Clube,,,,,,,,,,,,,,,,,,,,
1221818,,André,André,199,Brazil,São Paulo,Brazil,2006-06-20 00:00:00,Central Midfield,Midfield,right,183.0,2029-12-31 00:00:00,,,,BRA1,Sport Club Corinthians Paulista,16000000.0,16000000.0,André,"DM,CB",Fluminense,1072.0,0.0,1.0,0.1,0.0,64.0,9.0,28.0,11.0,25.0,2.0,24.0,16.0,5.0,0.0
1222227,,Luiz Sá,Luiz Sá,1023,Brazil,Santo André,Brazil,2007-03-01 00:00:00,Goalkeeper,Goalkeeper,right,185.0,2027-03-31 00:00:00,,,,BRA1,Sociedade Esportiva Palmeiras,,,,,,,,,,,,,,,,,,,,
1222308,,Davi Gomes,Davi Gomes,8793,Brazil,Rio de Janeiro,Brazil,2005-06-06 00:00:00,Left Winger,Attack,right,174.0,2030-03-31 00:00:00,,,,BRA1,Red Bull Bragantino,400000.0,400000.0,,,,,,,,,,,,,,,,,,
1222572,,Lucas Daniel,Lucas Daniel,330,,,Brazil,2005-07-26 00:00:00,Centre-Forward,Attack,right,185.0,2026-06-30 00:00:00,,,,BRA1,Clube Atlético Mineiro,,,,,,,,,,,,,,,,,,,,
1222581,,Kauã Branco,Kauã Branco,537,Brazil,Mairi,Brazil,2006-05-04 00:00:00,Centre-Back,Defender,right,189.0,,,,,BRA1,S. A. F. Botafogo,,,,,,,,,,,,,,,,,,,,
1222625,,Kauan Lindes,Kauan Lindes,537,Brazil,Conchal,Brazil,2003-11-28 00:00:00,Attacking Midfield,Midfield,right,180.0,2026-11-30 00:00:00,,,,BRA1,S. A. F. Botafogo,,,,,,,,,,,,,,,,,,,,
1222630,Michael,Quarcoo,Michael Quarcoo,10870,Ghana,Agona Swedru,Ghana,2004-10-26 00:00:00,Left Winger,Attack,right,178.0,2026-12-30 00:00:00,,,,BRA1,Fortaleza Esporte Clube,,,,,,,,,,,,,,,,,,,,
1222735,,Fabiano,Fabiano,614,Brazil,São Paulo,Brazil,2005-06-11 00:00:00,Defensive Midfield,Midfield,right,183.0,2027-12-31 00:00:00,,,,BRA1,Clube de Regatas do Flamengo,,,,,,,,,,,,,,,,,,,,
1222762,,Lucas Lohan,Lucas Lohan,2125,,,Brazil,2006-07-10 00:00:00,Defensive Midfield,Midfield,left,177.0,,,,,BRA1,Esporte Clube Vitória,,,,,,,,,,,,,,,,,,,,
1223221,,Igão,Igão,585,Brazil,São Paulo,Brazil,2007-08-19 00:00:00,Centre-Back,Defender,right,187.0,2029-12-31 00:00:00,,,,BRA1,São Paulo Futebol Clube,,,,,,,,,,,,,,,,,,,,
1223634,,Davi,Davi,8718,Brazil,Marabá,Brazil,2005-03-23 00:00:00,Goalkeeper,Goalkeeper,right,192.0,2026-09-30 00:00:00,,,,BRA1,Sport Club do Recife,,,,,,,,,,,,,,,,,,,,
1223636,,Kayan,Kayan,8718,,,Brazil,2005-05-03 00:00:00,Right Winger,Attack,right,173.0,,,,,BRA1,Sport Club do Recife,,,,,,,,,,,,,,,,,,,,
1223679,,Cláudio,Cláudio,8718,Brazil,Rio de Janeiro,Brazil,2005-04-24 00:00:00,Attacking Midfield,Midfield,right,164.0,,,,,BRA1,Sport Club do Recife,,,,,,,,,,,,,,,,,,,,
1223680,,Breno Santos,Breno Santos,8718,,,Brazil,2005-04-29 00:00:00,,Missing,right,,2027-12-31 00:00:00,,,,BRA1,Sport Club do Recife,,,,,,,,,,,,,,,,,,,,
1223685,,João Alves,João Alves,614,Brazil,Santa Cruz do Capibaribe,Brazil,2005-03-29 00:00:00,Central Midfield,Midfield,right,177.0,,,,,BRA1,Clube de Regatas do Flamengo,,,,,,,,,,,,,,,,,,,,
1223728,,Cauê Nascimento,Cauê Nascimento,8793,Brazil,São Paulo,Brazil,2006-12-13 00:00:00,Left-Back,Defender,left,,2029-02-27 00:00:00,,,,BRA1,Red Bull Bragantino,500000.0,500000.0,,,,,,,,,,,,,,,,,,
1223828,,Luis Miguel,Luis Miguel,2125,,,Brazil,2005-02-04 00:00:00,Left Winger,Attack,right,171.0,2026-10-31 00:00:00,,,,BRA1,Esporte Clube Vitória,,,Luis Miguel,"RM,LW",Vitória,15.0,0.0,0.0,0.0,0.0,1.0,1.0,0.0,0.0,1.0,0.0,0.0,0.0,0.0,0.0
1223829,,Edenilson,Edenilson,2125,,,Brazil,2005-06-17 00:00:00,Centre-Back,Defender,right,182.0,2028-12-31 00:00:00,,,,BRA1,Esporte Clube Vitória,,,,,,,,,,,,,,,,,,,,
1223831,,Andrei,Andrei,2125,,,Brazil,2005-04-30 00:00:00,Centre-Back,Defender,left,201.0,,,,,BRA1,Esporte Clube Vitória,,,,,,,,,,,,,,,,,,,,
1223832,,Davi Barbosa,Davi Barbosa,2125,,,Brazil,2006-03-02 00:00:00,Goalkeeper,Goalkeeper,right,,,,,,BRA1,Esporte Clube Vitória,,,,,,,,,,,,,,,,,,,,
1224014,,Marlon Santos,Marlon Santos,10492,Brazil,Viçosa,Brazil,2005-01-11 00:00:00,Centre-Forward,Attack,right,175.0,2028-06-30 00:00:00,,,,BRA1,Esporte Clube Juventude,,,,,,,,,,,,,,,,,,,,
1224500,,Dodô,Dodô,10010,Brazil,Rio de Janeiro,Brazil,2006-07-01 00:00:00,Centre-Back,Defender,left,,,,,,BRA1,Esporte Clube Bahia,,,,,,,,,,,,,,,,,,,,
1225115,,Felype,Felype,8718,Brazil,Ouricuri,Brazil,2005-12-01 00:00:00,Centre-Back,Defender,left,,2026-09-30 00:00:00,,,,BRA1,Sport Club do Recife,,,,,,,,,,,,,,,,,,,,
1225121,,Pedro Cruz,Pedro Cruz,10010,,,Brazil,2004-03-05 00:00:00,Goalkeeper,Goalkeeper,right,188.0,2026-12-31 00:00:00,,,,BRA1,Esporte Clube Bahia,,,,,,,,,,,,,,,,,,,,
1225472,,Dieguinho,Dieguinho,8718,Brazil,Salvador,Brazil,2004-07-09 00:00:00,Centre-Forward,Attack,,,2027-06-30 00:00:00,,,,BRA1,Sport Club do Recife,,,,,,,,,,,,,,,,,,,,
1225755,Diego,Tarzia,Diego Tarzia,2125,Argentina,Buenos Aires,Argentina,2003-04-26 00:00:00,Left Winger,Attack,left,174.0,2026-12-31 00:00:00,,,,BRA1,Esporte Clube Vitória,2000000.0,2500000.0,,,,,,,,,,,,,,,,,,
1226334,,Rafael Pinna,Rafael Pinna,10492,Brazil,Campinas,Brazil,2007-09-04 00:00:00,Centre-Forward,Attack,,183.0,2029-02-25 00:00:00,,,,BRA1,Esporte Clube Juventude,,,,,,,,,,,,,,,,,,,,
1226703,,Guilherme Gomes,Guilherme Gomes,614,Brazil,Mandaguari,Brazil,2006-02-02 00:00:00,Attacking Midfield,Midfield,right,180.0,2028-12-31 00:00:00,,,,BRA1,Clube de Regatas do Flamengo,,,,,,,,,,,,,,,,,,,,
1228194,Álvaro,Montoro,Álvaro Montoro,537,Argentina,Concepción,Argentina,2007-04-17 00:00:00,Left Winger,Attack,right,170.0,2029-12-31 00:00:00,5.0,0.0,,BRA1,S. A. F. Botafogo,10000000.0,10000000.0,,,,,,,,,,,,,,,,,,
1228661,,Gabriel Mec,Gabriel Mec,210,Brazil,Campo dos Goytacazes,Brazil,2008-04-11 00:00:00,Attacking Midfield,Midfield,both,173.0,2027-06-30 00:00:00,1.0,0.0,,BRA1,Grêmio Foot-Ball Porto Alegrense,16000000.0,16000000.0,,,,,,,,,,,,,,,,,,
1229317,,Kauan Lima,Kauan Lima,1023,Brazil,Feira de Santana,Brazil,2007-02-14 00:00:00,Goalkeeper,Goalkeeper,right,192.0,2028-12-31 00:00:00,0.0,0.0,,BRA1,Sociedade Esportiva Palmeiras,,,,,,,,,,,,,,,,,,,,
1232718,,Bruno,Bruno,614,,,Brazil,2007-04-05 00:00:00,Central Midfield,Midfield,right,179.0,2028-03-05 00:00:00,,,,BRA1,Clube de Regatas do Flamengo,,,,,,,,,,,,,,,,,,,,
1241022,Román,Gómez,Román Gómez,10010,Argentina,Quilmes,Argentina,2004-07-14 00:00:00,Right-Back,Defender,right,181.0,2030-12-31 00:00:00,,,,BRA1,Esporte Clube Bahia,1500000.0,1500000.0,,,,,,,,,,,,,,,,,,
1253807,Luis,Benedetti,Luis Benedetti,1023,Brazil,Bauru,Brazil,2006-06-07 00:00:00,Centre-Back,Defender,left,197.0,2029-12-31 00:00:00,0.0,0.0,,BRA1,Sociedade Esportiva Palmeiras,4000000.0,4000000.0,,,,,,,,,,,,,,,,,,
1253812,,Nicolas Pontes,Nicolas Pontes,609,Brazil,Curitiba,Brazil,2006-01-14 00:00:00,Right-Back,Defender,right,,2028-12-31 00:00:00,,,,BRA1,Cruzeiro Esporte Clube,,,,,,,,,,,,,,,,,,,,
1253814,,Kaique Kenji,Kaique Kenji,609,Brazil,São Paulo,Brazil,2006-01-29 00:00:00,Left Winger,Attack,right,178.0,2028-12-31 00:00:00,0.0,0.0,,BRA1,Cruzeiro Esporte Clube,3000000.0,3000000.0,Kaique Kenji Takamura Correa,LW,Cruzeiro,47.0,0.0,0.0,0.0,0.1,2.0,2.0,2.0,0.0,1.0,0.0,0.0,0.0,0.0,0.0
1253844,,Vinicius Lira,Vinicius Lira,221,,,Brazil,2007-10-12 00:00:00,Left-Back,Defender,left,187.0,2027-03-31 00:00:00,0.0,0.0,,BRA1,Santos Futebol Clube,4000000.0,4000000.0,,,,,,,,,,,,,,,,,,
1253924,,Pedro Kauã,Pedro Kauã,6600,Brazil,Porto Alegre,Brazil,2006-03-29 00:00:00,Centre-Back,Defender,right,193.0,,0.0,0.0,,BRA1,Sport Club Internacional,,,,,,,,,,,,,,,,,,,,
1253926,,Bernardo Zortea,Bernardo Zortea,210,Brazil,Pinhalzinho,Brazil,2007-03-21 00:00:00,Defensive Midfield,Midfield,right,184.0,2026-06-30 00:00:00,,,,BRA1,Grêmio Foot-Ball Porto Alegrense,,,,,,,,,,,,,,,,,,,,
1253927,,Pedro Gabriel,Pedro Gabriel,210,Brazil,Fortaleza,Brazil,2007-06-06 00:00:00,Left-Back,Defender,left,,2028-12-31 00:00:00,1.0,0.0,,BRA1,Grêmio Foot-Ball Porto Alegrense,2000000.0,2000000.0,,,,,,,,,,,,,,,,,,
1253931,,Lucyo,Lucyo,537,,,Brazil,2006-03-15 00:00:00,Left-Back,Defender,left,182.0,,,,,BRA1,S. A. F. Botafogo,,,,,,,,,,,,,,,,,,,,
1253988,,Fernando Vera,Fernando Vera,199,,,Paraguay,2005-03-05 00:00:00,Centre-Back,Defender,right,192.0,2028-06-30 00:00:00,,,,BRA1,Sport Club Corinthians Paulista,,,,,,,,,,,,,,,,,,,,
1254082,,Fredi Gomes,Fredi Gomes,10010,Brazil,Novo Hamburgo,Brazil,2006-05-23 00:00:00,Centre-Back,Defender,left,178.0,2027-12-31 00:00:00,,,,BRA1,Esporte Clube Bahia,,,,,,,,,,,,,,,,,,,,
1255012,,David Martins,David Martins,10010,Brazil,Rio de Janeiro,Brazil,2007-09-15 00:00:00,Attacking Midfield,Midfield,left,,,,,,BRA1,Esporte Clube Bahia,,,,,,,,,,,,,,,,,,,,
1255323,,Cristovam,Cristovam,10870,,,Brazil,2006-02-08 00:00:00,Centre-Back,Defender,right,188.0,,,,,BRA1,Fortaleza Esporte Clube,,,,,,,,,,,,,,,,,,,,
1256755,,João Ananias,João Ananias,221,Brazil,São Mateus,Brazil,2007-02-12 00:00:00,Centre-Back,Defender,left,188.0,2030-06-30 00:00:00,3.0,0.0,,BRA1,Santos Futebol Clube,500000.0,500000.0,,,,,,,,,,,,,,,,,,
1257132,,Dieguinho,Dieguinho,199,Brazil,São Paulo,Brazil,2007-09-16 00:00:00,Right Winger,Attack,left,170.0,2029-12-31 00:00:00,,,,BRA1,Sport Club Corinthians Paulista,4000000.0,4000000.0,,,,,,,,,,,,,,,,,,
1257133,,Gui Negão,Gui Negão,199,Brazil,São Paulo,Brazil,2007-02-06 00:00:00,Centre-Forward,Attack,right,185.0,2030-06-30 00:00:00,0.0,0.0,,BRA1,Sport Club Corinthians Paulista,7000000.0,8000000.0,,,,,,,,,,,,,,,,,,
1257350,,Jeferson,Jeferson,210,Brazil,Salvador,Brazil,2007-01-16 00:00:00,,Missing,right,,,,,,BRA1,Grêmio Foot-Ball Porto Alegrense,,,,,,,,,,,,,,,,,,,,
1257351,,Smiley,Smiley,210,Brazil,Brasília,Brazil,2007-05-08 00:00:00,,Missing,right,,,,,,BRA1,Grêmio Foot-Ball Porto Alegrense,,,,,,,,,,,,,,,,,,,,
1259705,,Bernardo Jacob,Bernardo Jacob,6600,Brazil,Franca,Brazil,2006-02-28 00:00:00,Defensive Midfield,Midfield,right,175.0,,,,,BRA1,Sport Club Internacional,,,,,,,,,,,,,,,,,,,,
1260202,,Roger,Roger,210,Brazil,Santa Maria,Brazil,2008-04-29 00:00:00,Right Winger,Attack,left,,2028-12-31 00:00:00,,,,BRA1,Grêmio Foot-Ball Porto Alegrense,400000.0,400000.0,,,,,,,,,,,,,,,,,,
1260203,,Guilherme Sousa,Guilherme Sousa,614,Brazil,Vespasiano,Brazil,2006-02-23 00:00:00,Centre-Forward,Attack,left,186.0,2027-07-31 00:00:00,,,,BRA1,Clube de Regatas do Flamengo,,,,,,,,,,,,,,,,,,,,
1261179,,Wanderson,Wanderson,2125,Brazil,Salvador,Brazil,2005-07-27 00:00:00,Defensive Midfield,Midfield,right,172.0,,,,,BRA1,Esporte Clube Vitória,,,,,,,,,,,,,,,,,,,,
1261183,,Luis Eduardo,Luis Eduardo,2125,Brazil,Camaçari,Brazil,2005-09-22 00:00:00,Goalkeeper,Goalkeeper,right,189.0,,,,,BRA1,Esporte Clube Vitória,,,,,,,,,,,,,,,,,,,,
1261577,,Denilson,Denilson,330,,,Brazil,2006-05-01 00:00:00,,Missing,right,,,,,,BRA1,Clube Atlético Mineiro,,,,,,,,,,,,,,,,,,,,
1261644,,Ryan Felipe,Ryan Felipe,330,,,Brazil,2006-07-28 00:00:00,Right Winger,Attack,right,178.0,,,,,BRA1,Clube Atlético Mineiro,,,,,,,,,,,,,,,,,,,,
1263464,,Kaique Pereira,Kaique Pereira,537,,,Brazil,2007-03-02 00:00:00,Left-Back,Defender,left,,2026-12-31 00:00:00,,,,BRA1,S. A. F. Botafogo,,,,,,,,,,,,,,,,,,,,
1265346,,Gustavo Ulguim,Gustavo Ulguim,10010,Brazil,Porto Alegre,Brazil,2006-06-22 00:00:00,Left Winger,Attack,right,,,,,,BRA1,Esporte Clube Bahia,,,,,,,,,,,,,,,,,,,,
1268048,,Luis Pacheco,Luis Pacheco,1023,Brazil,Lajeado,Brazil,2008-02-02 00:00:00,Defensive Midfield,Midfield,right,180.0,2029-12-31 00:00:00,1.0,0.0,,BRA1,Sociedade Esportiva Palmeiras,500000.0,500000.0,,,,,,,,,,,,,,,,,,
1269378,,Lucca,Lucca,585,Brazil,São Paulo,Brazil,2007-06-14 00:00:00,Left Winger,Attack,right,172.0,2028-04-30 00:00:00,2.0,0.0,,BRA1,São Paulo Futebol Clube,3000000.0,3000000.0,Lucca Holanda,FW,Internacional,299.0,0.0,0.0,0.1,0.2,2.0,4.0,8.0,2.0,5.0,0.0,3.0,2.0,0.0,0.0
1275068,Kauã,Prates,Kauã Prates,609,Brazil,Montanha,Brazil,2008-08-12 00:00:00,Left-Back,Defender,left,184.0,2027-12-31 00:00:00,2.0,0.0,,BRA1,Cruzeiro Esporte Clube,10000000.0,10000000.0,,,,,,,,,,,,,,,,,,
1275117,,Kaio,Kaio,2462,,,Brazil,2007-02-19 00:00:00,Right-Back,Defender,right,,,,,,BRA1,Fluminense Football Club,,,,,,,,,,,,,,,,,,,,
1275143,,Rafael Vargas,Rafael Vargas,614,,,Brazil,2005-10-10 00:00:00,Attacking Midfield,Midfield,right,175.0,,,,,BRA1,Clube de Regatas do Flamengo,,,,,,,,,,,,,,,,,,,,
1275582,,Pedro Oliveira,Pedro Oliveira,330,,,Brazil,2006-04-20 00:00:00,Left-Back,Defender,left,,,,,,BRA1,Clube Atlético Mineiro,,,,,,,,,,,,,,,,,,,,
1277007,,Gusttavo Sousa,Gusttavo Sousa,614,Brazil,Riachão,Brazil,2006-01-10 00:00:00,Right-Back,Defender,right,175.0,,,,,BRA1,Clube de Regatas do Flamengo,,,,,,,,,,,,,,,,,,,,
1279322,,Lucas Emanoel,Lucas Emanoel,10870,Brazil,Rio de Janeiro,Brazil,2006-07-14 00:00:00,Attacking Midfield,Midfield,left,,,,,,BRA1,Fortaleza Esporte Clube,,,,,,,,,,,,,,,,,,,,
1279908,,Wallace Davi,Wallace Davi,537,Brazil,Guapimirim,Brazil,2007-05-10 00:00:00,Defensive Midfield,Midfield,right,185.0,2029-12-31 00:00:00,,,,BRA1,S. A. F. Botafogo,1000000.0,1000000.0,,,,,,,,,,,,,,,,,,
1279930,,Bruno Lopes,Bruno Lopes,978,Brazil,Tupã,Brazil,2007-07-25 00:00:00,Centre-Forward,Attack,right,182.0,2029-01-31 00:00:00,,,,BRA1,Club de Regatas Vasco da Gama,,,Bruno Lopes,RW,Vasco da Gama,11.0,0.0,0.0,0.0,0.0,0.0,0.0,2.0,1.0,0.0,0.0,1.0,0.0,1.0,0.0
1284051,,Cauã Zappelini,Cauã Zappelini,537,Brazil,Tubarão,Brazil,2007-03-26 00:00:00,Attacking Midfield,Midfield,both,,,,,,BRA1,S. A. F. Botafogo,,,,,,,,,,,,,,,,,,,,
1284052,,Marquinhos,Marquinhos,537,Brazil,Rio de Janeiro,Brazil,2007-02-15 00:00:00,Defensive Midfield,Midfield,right,185.0,,,,,BRA1,S. A. F. Botafogo,,,,,,,,,,,,,,,,,,,,
1285798,,Tiaguinho,Tiaguinho,210,Brazil,Joinville,Brazil,2008-02-02 00:00:00,Central Midfield,Midfield,both,176.0,2027-07-13 00:00:00,1.0,0.0,,BRA1,Grêmio Foot-Ball Porto Alegrense,500000.0,500000.0,,,,,,,,,,,,,,,,,,
1297910,,Rayan Lelis,Rayan Lelis,609,Brazil,Goiânia,Brazil,2007-01-19 00:00:00,Right Winger,Attack,right,,2030-12-31 00:00:00,,,,BRA1,Cruzeiro Esporte Clube,,,,,,,,,,,,,,,,,,,,
1307874,,Micael,Micael,8718,,,Brazil,2006-02-10 00:00:00,,Missing,both,,,,,,BRA1,Sport Club do Recife,,,,,,,,,,,,,,,,,,,,
1311456,,Ryan Augusto,Ryan Augusto,8793,,,Brazil,2007-09-04 00:00:00,Right-Back,Defender,right,179.0,,2.0,0.0,,BRA1,Red Bull Bragantino,1000000.0,1000000.0,,,,,,,,,,,,,,,,,,
1311458,,Eduardo,Eduardo,10870,Brazil,Curitiba,Brazil,2006-01-07 00:00:00,Goalkeeper,Goalkeeper,right,,,,,,BRA1,Fortaleza Esporte Clube,,,,,,,,,,,,,,,,,,,,
1312046,,Benjamin,Benjamin,6600,Ghana,Senya Beraku,Ghana,2006-05-29 00:00:00,Defensive Midfield,Midfield,right,168.0,2028-01-31 00:00:00,,,,BRA1,Sport Club Internacional,,,,,,,,,,,,,,,,,,,,
1321884,,Joshua,Joshua,614,Brazil,Rio de Janeiro,Brazil,2007-05-26 00:00:00,Attacking Midfield,Midfield,right,180.0,2029-12-31 00:00:00,,,,BRA1,Clube de Regatas do Flamengo,,,,,,,,,,,,,,,,,,,,
1328021,,Dell,Dell,10010,Brazil,Estância,Brazil,2008-06-09 00:00:00,Centre-Forward,Attack,right,174.0,2028-12-31 00:00:00,14.0,7.0,,BRA1,Esporte Clube Bahia,4000000.0,4000000.0,,,,,,,,,,,,,,,,,,
1339551,,Índio,Índio,330,Brazil,São Paulo,Brazil,2008-04-03 00:00:00,Central Midfield,Midfield,both,180.0,,1.0,0.0,,BRA1,Clube Atlético Mineiro,,,,,,,,,,,,,,,,,,,,
1339559,,Wesley Natã,Wesley Natã,2462,Brazil,Rio de Janeiro,Brazil,2008-04-18 00:00:00,Left Winger,Attack,right,173.0,2028-05-31 00:00:00,5.0,0.0,,BRA1,Fluminense Football Club,,,,,,,,,,,,,,,,,,,,
1344099,,João Marcelo,João Marcelo,330,Brazil,Planura,Brazil,2005-04-15 00:00:00,Centre-Forward,Attack,right,182.0,,,,,BRA1,Clube Atlético Mineiro,,,,,,,,,,,,,,,,,,,,
1355257,,Bruno André,Bruno André,978,,,Brazil,2007-01-02 00:00:00,Centre-Back,Defender,right,,,,,,BRA1,Club de Regatas Vasco da Gama,,,,,,,,,,,,,,,,,,,,
1355258,,Riquelme Avellar,Riquelme Avellar,978,Brazil,Rio de Janeiro,Brazil,2006-03-08 00:00:00,Left-Back,Defender,left,,,,,,BRA1,Club de Regatas Vasco da Gama,,,,,,,,,,,,,,,,,,,,
1355262,,JV Fonseca,JV Fonseca,978,,,Brazil,2005-05-29 00:00:00,Right-Back,Defender,right,170.0,2028-12-31 00:00:00,,,,BRA1,Club de Regatas Vasco da Gama,,,,,,,,,,,,,,,,,,,,
1355263,,Pedro Augusto,Pedro Augusto,978,,,Brazil,2008-02-29 00:00:00,,Missing,right,,,,,,BRA1,Club de Regatas Vasco da Gama,,,,,,,,,,,,,,,,,,,,
1355268,,Luis Eduardo,Luis Eduardo,210,Brazil,Corrente,Brazil,2008-01-16 00:00:00,Centre-Back,Defender,right,188.0,2028-05-31 00:00:00,13.0,3.0,,BRA1,Grêmio Foot-Ball Porto Alegrense,,,,,,,,,,,,,,,,,,,,
1355275,,Pedro Bezerra,Pedro Bezerra,585,,,Brazil,2007-01-15 00:00:00,Defensive Midfield,Midfield,right,175.0,2029-12-31 00:00:00,,,,BRA1,São Paulo Futebol Clube,,,,,,,,,,,,,,,,,,,,
1355277,,Tetê,Tetê,585,Brazil,São Paulo,Brazil,2007-04-14 00:00:00,Left Winger,Attack,both,172.0,2029-09-30 00:00:00,2.0,0.0,,BRA1,São Paulo Futebol Clube,1000000.0,1000000.0,,,,,,,,,,,,,,,,,,
1355333,,Dedezinho,Dedezinho,8718,,,Brazil,2006-03-09 00:00:00,Central Midfield,Midfield,right,178.0,2027-12-31 00:00:00,,,,BRA1,Sport Club do Recife,,,,,,,,,,,,,,,,,,,,
1355364,,Vagno,Vagno,2462,Brazil,Cuiabá,Brazil,2007-09-26 00:00:00,Left-Back,Defender,left,,,,,,BRA1,Fluminense Football Club,,,,,,,,,,,,,,,,,,,,
1355365,,Keven Samuel,Keven Samuel,2462,Brazil,Queimados,Brazil,2007-01-26 00:00:00,Centre-Forward,Attack,right,179.0,,,,,BRA1,Fluminense Football Club,,,,,,,,,,,,,,,,,,,,
1355385,,Robinho Junior,Robinho Junior,221,Brazil,Santos,Brazil,2007-12-17 00:00:00,Right Winger,Attack,both,170.0,2027-04-30 00:00:00,,,,BRA1,Santos Futebol Clube,5000000.0,5000000.0,,,,,,,,,,,,,,,,,,
1355412,,Bruninho,Bruninho,2029,,,Brazil,2007-07-23 00:00:00,,Missing,right,,,,,,BRA1,Ceará Sporting Club,,,,,,,,,,,,,,,,,,,,
1355429,,Raykkonen,Raykkonen,6600,Brazil,Mãe do Rio,Brazil,2008-07-13 00:00:00,Centre-Forward,Attack,right,187.0,2029-02-01 00:00:00,,,,BRA1,Sport Club Internacional,1000000.0,1000000.0,,,,,,,,,,,,,,,,,,
1355484,,Kauã Pascini,Kauã Pascini,330,Brazil,Vitória,Brazil,2008-03-05 00:00:00,Left-Back,Defender,left,172.0,2030-12-31 00:00:00,1.0,0.0,,BRA1,Clube Atlético Mineiro,500000.0,500000.0,,,,,,,,,,,,,,,,,,
1355486,,Vitão,Vitão,330,Brazil,Belo Horizonte,Brazil,2008-03-04 00:00:00,Centre-Back,Defender,right,194.0,2028-12-31 00:00:00,1.0,0.0,,BRA1,Clube Atlético Mineiro,,,,,,,,,,,,,,,,,,,,
1355776,,Saymon,Saymon,10010,,,Brazil,2007-03-07 00:00:00,Defensive Midfield,Midfield,left,,,,,,BRA1,Esporte Clube Bahia,,,,,,,,,,,,,,,,,,,,
1355787,,Guilherme Soares,Guilherme Soares,10010,,,Brazil,2007-03-04 00:00:00,Central Midfield,Midfield,both,,2028-02-15 00:00:00,,,,BRA1,Esporte Clube Bahia,,,,,,,,,,,,,,,,,,,,
1355789,,Daniel Lima,Daniel Lima,10010,,,Brazil,2007-08-15 00:00:00,Left-Back,Defender,left,,,,,,BRA1,Esporte Clube Bahia,,,,,,,,,,,,,,,,,,,,
1355835,,Pedro Fachinetti,Pedro Fachinetti,614,,,Brazil,2007-12-07 00:00:00,Centre-Back,Defender,right,192.0,,,,,BRA1,Clube de Regatas do Flamengo,,,,,,,,,,,,,,,,,,,,
1355836,,Lucas Vieira,Lucas Vieira,614,Brazil,Fortaleza,Brazil,2007-03-08 00:00:00,Defensive Midfield,Midfield,right,178.0,,,,,BRA1,Clube de Regatas do Flamengo,,,,,,,,,,,,,,,,,,,,
1355838,,João Camargo,João Camargo,614,,,Brazil,2007-04-12 00:00:00,Centre-Forward,Attack,both,186.0,,,,,BRA1,Clube de Regatas do Flamengo,,,,,,,,,,,,,,,,,,,,
1355839,,Wanderson Jr,Wanderson Jr,614,,,Brazil,2007-10-17 00:00:00,Right-Back,Defender,right,,2028-12-31 00:00:00,,,,BRA1,Clube de Regatas do Flamengo,,,,,,,,,,,,,,,,,,,,
1360805,,Ramires,Ramires,3876,Brazil,Juína,Brazil,2006-03-21 00:00:00,Left-Back,Defender,left,,,,,,BRA1,Mirasol Futebol Clube,,,,,,,,,,,,,,,,,,,,
1360833,,Caio Valle,Caio Valle,537,Brazil,São Gonçalo,Brazil,2007-10-11 00:00:00,Attacking Midfield,Midfield,left,,,,,,BRA1,S. A. F. Botafogo,,,,,,,,,,,,,,,,,,,,
1362167,,Kauan,Kauan,2125,,,Brazil,2007-03-15 00:00:00,Centre-Back,Defender,right,189.0,,,,,BRA1,Esporte Clube Vitória,,,,,,,,,,,,,,,,,,,,
1362170,,Gean,Gean,2125,,,Brazil,2007-06-11 00:00:00,Right-Back,Defender,right,176.0,,,,,BRA1,Esporte Clube Vitória,,,,,,,,,,,,,,,,,,,,
1362175,,Emanoel,Emanoel,2125,Brazil,Natal,Brazil,2007-12-27 00:00:00,,Missing,left,185.0,,,,,BRA1,Esporte Clube Vitória,,,,,,,,,,,,,,,,,,,,
1362460,,João Victor,João Victor,6600,Brazil,Rio de Janeiro,Brazil,2007-07-27 00:00:00,,Missing,right,178.0,,,,,BRA1,Sport Club Internacional,,,,,,,,,,,,,,,,,,,,
1362701,,Pedro Ferreira,Pedro Ferreira,585,Brazil,Diadema,Brazil,2007-04-24 00:00:00,Attacking Midfield,Midfield,right,175.0,2029-04-30 00:00:00,2.0,0.0,,BRA1,São Paulo Futebol Clube,,,Ferreira,LM,São Paulo,1230.0,5.0,1.0,3.1,1.6,57.0,76.0,94.0,50.0,69.0,2.0,26.0,11.0,4.0,0.0
1362881,,Pedro Esli,Pedro Esli,2029,,,Brazil,2007-05-03 00:00:00,Attacking Midfield,Midfield,right,180.0,,,,,BRA1,Ceará Sporting Club,,,,,,,,,,,,,,,,,,,,
1363174,,Cauã Berrío,Cauã Berrío,8718,,,Brazil,2007-03-31 00:00:00,Right-Back,Defender,right,,,,,,BRA1,Sport Club do Recife,,,,,,,,,,,,,,,,,,,,
1363404,,Johnny Góes,Johnny Góes,614,,,Brazil,2007-03-27 00:00:00,Centre-Back,Defender,left,187.0,,,,,BRA1,Clube de Regatas do Flamengo,,,,,,,,,,,,,,,,,,,,
1363516,,Gabriel Abdias,Gabriel Abdias,537,Brazil,Rio de Janeiro,Brazil,2006-06-19 00:00:00,Left-Back,Defender,left,177.0,,,,,BRA1,S. A. F. Botafogo,,,,,,,,,,,,,,,,,,,,
1364573,,Huguinho,Huguinho,537,Brazil,Rio de Janeiro,Brazil,2007-06-04 00:00:00,Defensive Midfield,Midfield,right,170.0,2030-03-31 00:00:00,0.0,0.0,,BRA1,S. A. F. Botafogo,300000.0,300000.0,,,,,,,,,,,,,,,,,,
1364574,,Alison,Alison,978,Brazil,Vitória,Brazil,2007-01-26 00:00:00,Left-Back,Defender,left,177.0,,,,,BRA1,Club de Regatas Vasco da Gama,,,,,,,,,,,,,,,,,,,,
1364575,,Léo Araújo,Léo Araújo,978,,,Brazil,2007-01-31 00:00:00,Right-Back,Defender,right,,2028-06-30 00:00:00,,,,BRA1,Club de Regatas Vasco da Gama,,,,,,,,,,,,,,,,,,,,
1364576,,Diego Ahmed,Diego Ahmed,978,Brazil,Rio de Janeiro,Brazil,2007-05-30 00:00:00,Defensive Midfield,Midfield,right,,2026-06-05 00:00:00,,,,BRA1,Club de Regatas Vasco da Gama,,,,,,,,,,,,,,,,,,,,
1364577,,Andrey Fernandes,Andrey Fernandes,978,Brazil,Recife,Brazil,2008-02-05 00:00:00,Centre-Forward,Attack,both,176.0,,6.0,4.0,,BRA1,Club de Regatas Vasco da Gama,,,,,,,,,,,,,,,,,,,,
1364578,,Gabriel Soares,Gabriel Soares,978,,,Brazil,2008-06-19 00:00:00,,Missing,right,,,,,,BRA1,Club de Regatas Vasco da Gama,,,,,,,,,,,,,,,,,,,,
1364722,,Guilherme Santos,Guilherme Santos,614,,,Brazil,2007-01-19 00:00:00,Right-Back,Defender,right,174.0,2028-12-31 00:00:00,,,,BRA1,Clube de Regatas do Flamengo,,,,,,,,,,,,,,,,,,,,
1364790,,Marcos Cabrobó,Marcos Cabrobó,2125,Brazil,Cabrobó,Brazil,2007-01-29 00:00:00,Left Winger,Attack,right,177.0,2027-12-31 00:00:00,,,,BRA1,Esporte Clube Vitória,,,,,,,,,,,,,,,,,,,,
1364984,,Rodrigo Gomes,Rodrigo Gomes,2462,Brazil,Cataguases,Brazil,2006-02-07 00:00:00,Centre-Back,Defender,right,,,,,,BRA1,Fluminense Football Club,,,,,,,,,,,,,,,,,,,,
1364986,,Oliver Martins,Oliver Martins,2462,Brazil,Porto Alegre,Brazil,2007-05-11 00:00:00,,Missing,left,,,,,,BRA1,Fluminense Football Club,,,,,,,,,,,,,,,,,,,,
1364987,,Breno,Breno,2462,,,Brazil,2007-03-24 00:00:00,Centre-Back,Defender,both,,,,,,BRA1,Fluminense Football Club,,,Breno,AM,Corinthians,2969.0,3.0,2.0,4.0,1.8,130.0,86.0,72.0,39.0,94.0,8.0,46.0,37.0,6.0,0.0
1364988,,Lucas Felipe,Lucas Felipe,2462,,,Brazil,2003-03-31 00:00:00,,Missing,right,,,,,,BRA1,Fluminense Football Club,,,,,,,,,,,,,,,,,,,,
1365061,,Cauã Soares,Cauã Soares,330,Brazil,Montes Claros,Brazil,2008-06-30 00:00:00,Second Striker,Attack,right,183.0,2027-12-31 00:00:00,,,,BRA1,Clube Atlético Mineiro,500000.0,500000.0,,,,,,,,,,,,,,,,,,
1365180,,Emerson Buiu,Emerson Buiu,2125,,,Brazil,2006-02-08 00:00:00,Right-Back,Defender,right,,,,,,BRA1,Esporte Clube Vitória,,,,,,,,,,,,,,,,,,,,
1365425,,Caio Wesley,Caio Wesley,10870,Brazil,Russas,Brazil,2007-05-12 00:00:00,Centre-Forward,Attack,right,181.0,,,,,BRA1,Fortaleza Esporte Clube,,,,,,,,,,,,,,,,,,,,
1365895,,Jefinho,Jefinho,8718,Brazil,Montanhas,Brazil,2006-08-15 00:00:00,Attacking Midfield,Midfield,left,,,,,,BRA1,Sport Club do Recife,,,,,,,,,,,,,,,,,,,,
1365896,,Adriel,Adriel,8718,,,Brazil,2006-07-12 00:00:00,Defensive Midfield,Midfield,right,,2027-12-31 00:00:00,,,,BRA1,Sport Club do Recife,,,Adriel,GK,Bahia,334.0,0.0,0.0,0.0,0.0,1.0,0.0,1.0,1.0,0.0,0.0,1.0,0.0,0.0,0.0
1365897,,Zé Lucas,Zé Lucas,8718,Brazil,Vitória de Santo Antão,Brazil,2008-03-23 00:00:00,Defensive Midfield,Midfield,right,174.0,2028-04-30 00:00:00,1.0,0.0,,BRA1,Sport Club do Recife,,,,,,,,,,,,,,,,,,,,
1365898,,Rafinha,Rafinha,8718,,,Brazil,2006-04-17 00:00:00,Centre-Back,Defender,left,180.0,,,,,BRA1,Sport Club do Recife,,,,,,,,,,,,,,,,,,,,
1365899,,Ramon,Ramon,8718,,,Brazil,2007-07-03 00:00:00,,Missing,right,,,,,,BRA1,Sport Club do Recife,,,,,,,,,,,,,,,,,,,,
1365900,,Felipinho,Felipinho,8718,Brazil,Santos,Brazil,2006-11-06 00:00:00,Right Winger,Attack,both,182.0,,,,,BRA1,Sport Club do Recife,,,,,,,,,,,,,,,,,,,,
1365901,,Luizinho,Luizinho,8718,,,Brazil,2006-06-01 00:00:00,Defensive Midfield,Midfield,right,,,,,,BRA1,Sport Club do Recife,,,,,,,,,,,,,,,,,,,,
1365902,,Gabriel Henrique,Gabriel Henrique,8718,,,Brazil,2006-03-25 00:00:00,Left-Back,Defender,left,,,,,,BRA1,Sport Club do Recife,,,,,,,,,,,,,,,,,,,,
1365903,,Kauã,Kauã,8718,,,Brazil,2007-05-30 00:00:00,Goalkeeper,Goalkeeper,,,,,,,BRA1,Sport Club do Recife,,,,,,,,,,,,,,,,,,,,
1365904,,Marco Polo,Marco Polo,8718,,,Brazil,2008-12-08 00:00:00,Attacking Midfield,Midfield,right,,,,,,BRA1,Sport Club do Recife,,,,,,,,,,,,,,,,,,,,
1366040,,Riquelme,Riquelme,8718,Brazil,Luziápolis,Brazil,2007-01-03 00:00:00,Centre-Back,Defender,both,190.0,,,,,BRA1,Sport Club do Recife,,,,,,,,,,,,,,,,,,,,
1367322,,Eric Soares,Eric Soares,330,,,Brazil,2006-01-08 00:00:00,Central Midfield,Midfield,right,,,,,,BRA1,Clube Atlético Mineiro,,,,,,,,,,,,,,,,,,,,
1367442,,Pedro Rangel,Pedro Rangel,8718,,,Brazil,2006-02-09 00:00:00,,Missing,right,,2026-09-05 00:00:00,,,,BRA1,Sport Club do Recife,,,Pedro Rangel,GK,Atlético Goianiense,540.0,0.0,0.0,0.0,0.0,0.0,0.0,1.0,1.0,0.0,0.0,0.0,0.0,1.0,0.0
1368351,,Guilherme Gama,Guilherme Gama,199,,,Brazil,2008-06-01 00:00:00,Centre-Back,Defender,left,,2028-12-31 00:00:00,,,,BRA1,Sport Club Corinthians Paulista,,,,,,,,,,,,,,,,,,,,
1370310,,João Vitor,João Vitor,199,,,Brazil,2007-01-03 00:00:00,Right-Back,Defender,right,178.0,2027-11-01 00:00:00,,,,BRA1,Sport Club Corinthians Paulista,,,,,,,,,,,,,,,,,,,,
1370606,,Léo Nannetti,Léo Nannetti,614,,,Brazil,2007-08-21 00:00:00,Goalkeeper,Goalkeeper,left,196.0,2029-12-31 00:00:00,0.0,0.0,,BRA1,Clube de Regatas do Flamengo,,,,,,,,,,,,,,,,,,,,
1371501,,Luís Gustavo,Luís Gustavo,330,Brazil,Ipatinga,Brazil,2006-03-24 00:00:00,Right-Back,Defender,right,174.0,2029-12-31 00:00:00,,,,BRA1,Clube Atlético Mineiro,,,,,,,,,,,,,,,,,,,,
1376049,,Luiz Felipe,Luiz Felipe,614,,,Brazil,2008-02-08 00:00:00,Defensive Midfield,Midfield,right,183.0,,,,,BRA1,Clube de Regatas do Flamengo,,,Luiz Felipe,LM,Atlético Goianiense,1090.0,1.0,0.0,0.8999999999999999,0.0,20.0,2.0,2.0,1.0,7.0,2.0,19.0,17.0,5.0,1.0
1380266,,Heittor,Heittor,1023,Brazil,Recife,Brazil,2007-09-18 00:00:00,Centre-Forward,Attack,right,170.0,2029-06-30 00:00:00,0.0,0.0,,BRA1,Sociedade Esportiva Palmeiras,,,,,,,,,,,,,,,,,,,,
1383406,,Gabriel Veneno,Gabriel Veneno,330,Brazil,Ilhéus,Brazil,2009-07-16 00:00:00,Right Winger,Attack,left,169.0,,0.0,0.0,,BRA1,Clube Atlético Mineiro,,,,,,,,,,,,,,,,,,,,
1383716,,Djhordney,Djhordney,585,Brazil,Campo Grande,Brazil,2007-06-17 00:00:00,Central Midfield,Midfield,right,174.0,2030-01-31 00:00:00,3.0,0.0,,BRA1,São Paulo Futebol Clube,500000.0,500000.0,,,,,,,,,,,,,,,,,,
1387007,,Nicolas,Nicolas,585,Brazil,Indaiatuba,Brazil,2007-04-08 00:00:00,Left-Back,Defender,left,176.0,2029-12-31 00:00:00,,,,BRA1,São Paulo Futebol Clube,,,,,,,,,,,,,,,,,,,,
1388409,,Kauã Moraes,Kauã Moraes,609,Brazil,São Paulo,Brazil,2006-09-29 00:00:00,Right-Back,Defender,right,174.0,2030-08-31 00:00:00,,,,BRA1,Cruzeiro Esporte Clube,2000000.0,2000000.0,,,,,,,,,,,,,,,,,,
1393375,,Yago Melo,Yago Melo,614,Brazil,Guarujá,Brazil,2007-02-06 00:00:00,Centre-Back,Defender,right,,2029-02-12 00:00:00,,,,BRA1,Clube de Regatas do Flamengo,,,,,,,,,,,,,,,,,,,,
1408362,,Gustavo Santana,Gustavo Santana,10010,,,Brazil,2008-03-02 00:00:00,Left-Back,Defender,both,,,,,,BRA1,Esporte Clube Bahia,,,,,,,,,,,,,,,,,,,,
1410674,Mamady,Cissé,Mamady Cissé,330,Guinea,Conakry,Guinea,2007-07-01 00:00:00,Central Midfield,Midfield,right,184.0,2030-12-31 00:00:00,2.0,0.0,,BRA1,Clube Atlético Mineiro,1000000.0,1000000.0,,,,,,,,,,,,,,,,,,
1412424,,Vitor Lamounier,Vitor Lamounier,609,Brazil,Betim,Brazil,2007-10-18 00:00:00,Goalkeeper,Goalkeeper,right,192.0,2030-10-31 00:00:00,0.0,0.0,,BRA1,Cruzeiro Esporte Clube,,,,,,,,,,,,,,,,,,,,
1416506,,Cléber Lucas,Cléber Lucas,537,,,Brazil,2007-02-22 00:00:00,Goalkeeper,Goalkeeper,right,192.0,,,,,BRA1,S. A. F. Botafogo,,,,,,,,,,,,,,,,,,,,
1420525,,Lyan Araujo,Lyan Araujo,10010,,,Brazil,2009-02-17 00:00:00,,Missing,right,,,0.0,0.0,,BRA1,Esporte Clube Bahia,,,,,,,,,,,,,,,,,,,,
1423021,,Kauê Furquim,Kauê Furquim,199,Brazil,Guarulhos,Brazil,2009-02-27 00:00:00,Right Winger,Attack,left,173.0,,0.0,0.0,,BRA1,Sport Club Corinthians Paulista,,,,,,,,,,,,,,,,,,,,
1423022,,Diego Minete,Diego Minete,978,Brazil,Venda Nova do Imigrante,Brazil,2009-01-27 00:00:00,Centre-Forward,Attack,left,183.0,2026-03-31 00:00:00,,,,BRA1,Club de Regatas Vasco da Gama,,,,,,,,,,,,,,,,,,,,
1426996,,Mosquito,Mosquito,330,,,Brazil,2008-04-25 00:00:00,,Missing,left,,,,,,BRA1,Clube Atlético Mineiro,,,,,,,,,,,,,,,,,,,,
1427404,,Kauan Vitor,Kauan Vitor,2125,Brazil,Recife,Brazil,2006-06-15 00:00:00,Left-Back,Defender,left,171.0,2026-12-31 00:00:00,,,,BRA1,Esporte Clube Vitória,,,,,,,,,,,,,,,,,,,,
1446971,,Gabriel Menegon,Gabriel Menegon,210,Brazil,Sapiranga,Brazil,2008-10-14 00:00:00,Goalkeeper,Goalkeeper,right,196.0,2028-09-30 00:00:00,1.0,0.0,,BRA1,Grêmio Foot-Ball Porto Alegrense,,,,,,,,,,,,,,,,,,,,
1459871,,Victor Hugo,Victor Hugo,8718,Brazil,Cachoeiro de Itapemirim,Brazil,2008-12-12 00:00:00,Left-Back,Defender,left,,2027-01-31 00:00:00,,,,BRA1,Sport Club do Recife,,,,,,,,,,,,,,,,,,,,
1464878,Kadir,Barría,Kadir Barría,537,Panama,Ciudad de Panamá,Panama,2007-07-18 00:00:00,Centre-Forward,Attack,right,183.0,2029-12-31 00:00:00,5.0,2.0,,BRA1,S. A. F. Botafogo,2000000.0,2000000.0,,,,,,,,,,,,,,,,,,
1470544,,João Scatolin,João Scatolin,10492,Brazil,Barão,Brazil,2008-05-18 00:00:00,,Missing,both,,,,,,BRA1,Esporte Clube Juventude,,,,,,,,,,,,,,,,,,,,
1471677,,Alisson,Alisson,6600,Brazil,Porto Alegre,Brazil,2008-07-31 00:00:00,Left-Back,Defender,left,173.0,2030-12-31 00:00:00,,,,BRA1,Sport Club Internacional,,,,,,,,,,,,,,,,,,,,
1488557,,Gabriel Werneck,Gabriel Werneck,614,Brazil,Juiz de Fora,Brazil,2009-02-14 00:00:00,Goalkeeper,Goalkeeper,right,185.0,,,,,BRA1,Clube de Regatas do Flamengo,,,,,,,,,,,,,,,,,,,,
1488788,,Gui Amorim,Gui Amorim,199,,,Brazil,2008-01-15 00:00:00,Attacking Midfield,Midfield,right,178.0,2027-07-31 00:00:00,,,,BRA1,Sport Club Corinthians Paulista,,,,,,,,,,,,,,,,,,,,
1519143,,Anderson Pato,Anderson Pato,2125,Brazil,Salvador,Brazil,2002-09-28 00:00:00,Left Winger,Attack,right,178.0,2027-12-31 00:00:00,,,,BRA1,Esporte Clube Vitória,250000.0,250000.0,,,,,,,,,,,,,,,,,,
