player_id,first_name,last_name,name_x,last_season_x,current_club_id,player_code,country_of_birth,city_of_birth,country_of_citizenship,date_of_birth,sub_position,position,foot,height_in_cm,contract_expiration_date,agent_name,image_url,international_caps,international_goals,current_national_team_id,url_x,current_club_domestic_competition_id,current_club_name,market_value_in_eur,highest_market_value_in_eur,club_id,club_code,name_y,domestic_competition_id,total_market_value,squad_size,average_age,foreigners_number,foreigners_percentage,national_team_players,stadium_name,stadium_seats,net_transfer_record,coach_name,last_season_y,filename,url_y,name_normalized,matched,stats_key,Jogador,Pos.,Time,Min.,Gols,Assis.,xG,xAG,PrgP,PrgC,Tent,Suc,SCA,GCA,Div,Bloqueios,CrtsA,CrtV,name_normalized_stats,used
22415,,Fábio,Fábio,2025,2462,fabio,Brazil,Nobres,Brazil,1980-09-30 00:00:00,Goalkeeper,Goalkeeper,right,188.0,2027-12-31 00:00:00,FMAGE SA,https://img.a.transfermarkt.technology/portrait/header/22415-1752661918.jpg?lm=1,0.0,0.0,,https://www.transfermarkt.co.uk/fabio/profil/spieler/22415,BRA1,Fluminense Football Club,75000.0,3500000.0,2462,fluminense-rio-de-janeiro,Fluminense Football Club,BRA1,,33,29.7,11,33.3,4,Estádio Jornalista Mário Filho,82238,€-6.76m,,2025,../data/raw/transfermarkt-scraper/2025/clubs.json.gz,https://www.transfermarkt.co.uk/fluminense-rio-de-janeiro/startseite/verein/2462,fabio,True,fabio,Fábio,GK,Fluminense,3519.0,0.0,0.0,0.3,0.2,13.0,11.0,6.0,3.0,14.0,1.0,8.0,4.0,4.0,0.0,fabio,True
29091,,Nenê,Nenê,2024,10492,nene,Brazil,Jundiaí,Brazil,1981-07-19 00:00:00,Attacking Midfield,Midfield,left,181.0,,Gilvan Costa ,https://img.a.transfermarkt.technology/portrait/header/29091-1724955986.jpg?lm=1,4.0,1.0,,https://www.transfermarkt.co.uk/nene/profil/spieler/29091,BRA1,Esporte Clube Juventude,200000.0,14000000.0,10492,esporte-clube-juventude,Esporte Clube Juventude,BRA1,,29,28.3,3,10.3,0,Estádio Alfredo Jaconi,23726,+€1.13m,Roger Machado,2024,../data/raw/transfermarkt-scraper/2024/clubs.json.gz,https://www.transfermarkt.co.uk/esporte-clube-juventude/startseite/verein/10492,nene,True,nene,Nenê,LM,Juventude,1506.0,3.0,4.0,1.6,4.3,73.0,23.0,26.0,12.0,75.0,4.0,10.0,8.0,5.0,1.0,nene,True
29241,Thiago,Silva,Thiago Silva,2025,2462,thiago-silva,Brazil,Rio de Janeiro,Brazil,1984-09-22 00:00:00,Centre-Back,Defender,right,181.0,2026-12-31 00:00:00,Paulo Tonietto,https://img.a.transfermarkt.technology/portrait/header/29241-1661856081.jpg?lm=1,113.0,7.0,,https://www.transfermarkt.co.uk/thiago-silva/profil/spieler/29241,BRA1,Fluminense Football Club,500000.0,40000000.0,2462,fluminense-rio-de-janeiro,Fluminense Football Club,BRA1,,33,29.7,11,33.3,4,Estádio Jornalista Mário Filho,82238,€-6.76m,,2025,../data/raw/transfermarkt-scraper/2025/clubs.json.gz,https://www.transfermarkt.co.uk/fluminense-rio-de-janeiro/startseite/verein/2462,thiago silva,True,thiago silva,Thiago Silva,CB,Fluminense,1260.0,0.0,0.0,0.5,0.7000000000000001,34.0,2.0,0.0,0.0,13.0,0.0,13.0,10.0,2.0,0.0,thiago silva,True
37647,Dimitri,Payet,Dimitri Payet,2024,978,dimitri-payet,Réunion,Saint-Pierre,France,1987-03-29 00:00:00,Attacking Midfield,Midfield,right,175.0,,J.Gomes Avocat,https://img.a.transfermarkt.technology/portrait/header/37647-1617979644.jpg?lm=1,38.0,8.0,,https://www.transfermarkt.co.uk/dimitri-payet/profil/spieler/37647,BRA1,Club de Regatas Vasco da Gama,1800000.0,30000000.0,978,vasco-da-gama-rio-de-janeiro,Club de Regatas Vasco da Gama,BRA1,,32,26.1,10,31.3,5,Estádio São Januário,24584,+€23.85m,,2025,../data/raw/transfermarkt-scraper/2025/clubs.json.gz,https://www.transfermarkt.co.uk/vasco-da-gama-rio-de-janeiro/startseite/verein/978,dimitri payet,True,dimitri payet,Dimitri Payet,AM,Vasco da Gama,1220.0,3.0,3.0,1.7000000000000002,2.5,101.0,24.0,29.0,17.0,61.0,9.0,12.0,2.0,2.0,0.0,dimitri payet,True
45319,Gabriel,Mercado,Gabriel Mercado,2025,6600,gabriel-mercado,Argentina,Puerto Madryn,Argentina,1987-03-18 00:00:00,Centre-Back,Defender,right,180.0,2026-12-31 00:00:00,Hernan Berman,https://img.a.transfermarkt.technology/portrait/header/45319-1418827134.jpg?lm=1,24.0,4.0,,https://www.transfermarkt.co.uk/gabriel-mercado/profil/spieler/45319,BRA1,Sport Club Internacional,100000.0,6000000.0,6600,sc-internacional-porto-alegre,Sport Club Internacional,BRA1,,32,26.7,9,28.1,3,Estádio Beira-Rio,50848,+€41.39m,,2025,../data/raw/transfermarkt-scraper/2025/clubs.json.gz,https://www.transfermarkt.co.uk/sc-internacional-porto-alegre/startseite/verein/6600,gabriel mercado,True,gabriel mercado,Gabriel Mercado,CB,Internacional,1186.0,1.0,0.0,0.30000000000000004,0.6,32.0,2.0,3.0,1.0,9.0,2.0,17.0,7.0,6.0,0.0,gabriel mercado,True
46741,,David Luiz,David Luiz,2024,10870,david-luiz,Brazil,Diadema,Brazil,1987-04-22 00:00:00,Centre-Back,Defender,right,189.0,2027-05-31 00:00:00,Bertolucci Sports,https://img.a.transfermarkt.technology/portrait/header/46741-1758220529.jpg?lm=1,57.0,3.0,,https://www.transfermarkt.co.uk/david-luiz/profil/spieler/46741,BRA1,Fortaleza Esporte Clube,500000.0,30000000.0,10870,fortaleza-esporte-clube,Fortaleza Esporte Clube,BRA1,,29,27.1,5,17.2,0,Estádio Governador Plácido Castelo,63904,+€6.25m,Juan Pablo Vojvoda,2024,../data/raw/transfermarkt-scraper/2024/clubs.json.gz,https://www.transfermarkt.co.uk/fortaleza-esporte-clube/startseite/verein/10870,david luiz,True,david luiz,David Luiz,CB,Flamengo,1756.0,3.0,0.0,1.9000000000000001,0.4,104.0,32.0,10.0,4.0,31.0,1.0,11.0,19.0,5.0,0.0,david luiz,True
47592,,Fagner,Fagner,2025,609,fagner,Brazil,São Paulo,Brazil,1989-06-11 00:00:00,Right-Back,Defender,right,168.0,2026-12-31 00:00:00,Carlos Leite,https://img.a.transfermarkt.technology/portrait/header/47592-1512665647.jpg?lm=1,10.0,0.0,,https://www.transfermarkt.co.uk/fagner/profil/spieler/47592,BRA1,Cruzeiro Esporte Clube,200000.0,7000000.0,609,ec-cruzeiro-belo-horizonte,Cruzeiro Esporte Clube,BRA1,,30,26.8,7,23.3,3,Estádio Governador Magalhães Pinto,61927,€-36.26m,,2025,../data/raw/transfermarkt-scraper/2025/clubs.json.gz,https://www.transfermarkt.co.uk/ec-cruzeiro-belo-horizonte/startseite/verein/609,fagner,True,fagner,Fagner,RB,Corinthians,913.0,0.0,1.0,0.1,2.2,39.0,14.0,6.0,4.0,32.0,5.0,23.0,8.0,4.0,1.0,fagner,True
50144,,Cássio,Cássio,2025,609,cassio,Brazil,Veranópolis,Brazil,1987-06-06 00:00:00,Goalkeeper,Goalkeeper,left,196.0,2027-05-31 00:00:00,Carlos Leite,https://img.a.transfermarkt.technology/portrait/header/50144-1458293316.jpg?lm=1,1.0,0.0,,https://www.transfermarkt.co.uk/cassio/profil/spieler/50144,BRA1,Cruzeiro Esporte Clube,250000.0,5000000.0,609,ec-cruzeiro-belo-horizonte,Cruzeiro Esporte Clube,BRA1,,30,26.8,7,23.3,3,Estádio Governador Magalhães Pinto,61927,€-36.26m,,2025,../data/raw/transfermarkt-scraper/2025/clubs.json.gz,https://www.transfermarkt.co.uk/ec-cruzeiro-belo-horizonte/startseite/verein/609,cassio,True,cassio,Cássio,GK,Corinthians,2160.0,0.0,0.0,0.0,0.0,2.0,0.0,0.0,0.0,3.0,0.0,1.0,0.0,2.0,0.0,cassio,True
51174,,Fernando,Fernando,2024,6600,fernando,Brazil,Brasília,Brazil,1987-07-25 00:00:00,Defensive Midfield,Midfield,right,183.0,,,https://img.a.transfermarkt.technology/portrait/header/51174-1554903963.jpg?lm=1,3.0,0.0,,https://www.transfermarkt.co.uk/fernando/profil/spieler/51174,BRA1,Sport Club Internacional,2000000.0,17500000.0,6600,sc-internacional-porto-alegre,Sport Club Internacional,BRA1,,32,26.7,9,28.1,3,Estádio Beira-Rio,50848,+€41.39m,,2025,../data/raw/transfermarkt-scraper/2025/clubs.json.gz,https://www.transfermarkt.co.uk/sc-internacional-porto-alegre/startseite/verein/6600,fernando,True,,,,,,,,,,,,,,,,,,,,,
52769,,Willian,Willian,2025,210,willian,Brazil,Ribeirão Pires,Brazil,1988-08-09 00:00:00,Left Winger,Attack,right,175.0,2026-12-31 00:00:00,Sports Invest UK ltd,https://img.a.transfermarkt.technology/portrait/header/52769-1740646449.jpg?lm=1,70.0,9.0,,https://www.transfermarkt.co.uk/willian/profil/spieler/52769,BRA1,Grêmio Foot-Ball Porto Alegrense,400000.0,50000000.0,210,gremio-porto-alegre,Grêmio Foot-Ball Porto Alegrense,BRA1,,34,26.5,11,32.4,3,Arena do Grêmio,60540,€-6.38m,,2025,../data/raw/transfermarkt-scraper/2025/clubs.json.gz,https://www.transfermarkt.co.uk/gremio-porto-alegre/startseite/verein/210,willian,True,willian,Willian,CM,Vitória,2649.0,5.0,1.0,4.0,1.3,102.0,11.0,20.0,4.0,67.0,9.0,51.0,35.0,8.0,0.0,willian,True
52896,,Everton Ribeiro,Everton Ribeiro,2025,10010,everton-ribeiro,Brazil,Arujá,Brazil,1989-04-10 00:00:00,Attacking Midfield,Midfield,left,174.0,2026-12-31 00:00:00,Brazil Football,https://img.a.transfermarkt.technology/portrait/header/52896-1610006872.jpg?lm=1,22.0,3.0,,https://www.transfermarkt.co.uk/everton-ribeiro/profil/spieler/52896,BRA1,Esporte Clube Bahia,1000000.0,17000000.0,10010,esporte-clube-bahia,Esporte Clube Bahia,BRA1,,32,26.6,9,28.1,3,Arena Fonte Nova,47364,+€8.14m,,2025,../data/raw/transfermarkt-scraper/2025/clubs.json.gz,https://www.transfermarkt.co.uk/esporte-clube-bahia/startseite/verein/10010,everton ribeiro,True,everton ribeiro,Everton Ribeiro,RM,Bahia,2681.0,2.0,5.0,1.2,4.3,326.0,85.0,69.0,29.0,122.0,13.0,53.0,22.0,4.0,0.0,everton ribeiro,True
53015,,Marcelo Lomba,Marcelo Lomba,2025,1023,marcelo-lomba,Brazil,Rio de Janeiro,Brazil,1986-12-18 00:00:00,Goalkeeper,Goalkeeper,right,189.0,2026-12-31 00:00:00,Brazil Soccer,https://img.a.transfermarkt.technology/portrait/header/53015-1523613416.jpg?lm=1,0.0,0.0,,https://www.transfermarkt.co.uk/marcelo-lomba/profil/spieler/53015,BRA1,Sociedade Esportiva Palmeiras,75000.0,3250000.0,1023,se-palmeiras-sao-paulo,Sociedade Esportiva Palmeiras,BRA1,,31,25.9,9,29.0,10,Nubank Parque,43713,+€31.54m,,2025,../data/raw/transfermarkt-scraper/2025/clubs.json.gz,https://www.transfermarkt.co.uk/se-palmeiras-sao-paulo/startseite/verein/1023,marcelo lomba,True,marcelo lomba,Marcelo Lomba,GK,Palmeiras,90.0,0.0,0.0,0.0,0.0,0.0,0.0,0.0,0.0,0.0,0.0,0.0,0.0,0.0,0.0,marcelo lomba,True
53058,Renato,Augusto,Renato Augusto,2024,2462,renato-augusto,Brazil,Rio de Janeiro,Brazil,1988-02-08 00:00:00,Central Midfield,Midfield,right,186.0,,Carlos Leite,https://img.a.transfermarkt.technology/portrait/header/53058-1509544256.jpg?lm=1,33.0,6.0,,https://www.transfermarkt.co.uk/renato-augusto/profil/spieler/53058,BRA1,Fluminense Football Club,1500000.0,15000000.0,2462,fluminense-rio-de-janeiro,Fluminense Football Club,BRA1,,33,29.7,11,33.3,4,Estádio Jornalista Mário Filho,82238,€-6.76m,,2025,../data/raw/transfermarkt-scraper/2025/clubs.json.gz,https://www.transfermarkt.co.uk/fluminense-rio-de-janeiro/startseite/verein/2462,renato augusto,True,renato augusto,Renato Augusto,AM,Fluminense,442.0,1.0,1.0,0.6000000000000001,0.7,21.0,8.0,5.0,2.0,12.0,1.0,14.0,1.0,0.0,0.0,renato augusto,True
53226,,David Braz,David Braz,2024,3876,david-braz,Brazil,Guarulhos,Brazil,1987-05-21 00:00:00,Centre-Back,Defender,right,188.0,2026-11-30 00:00:00,,https://img.a.transfermarkt.technology/portrait/header/53226-1571658415.jpg?lm=1,3.0,1.0,,https://www.transfermarkt.co.uk/david-braz/profil/spieler/53226,BRA1,Mirasol Futebol Clube,150000.0,3000000.0,3876,mirassol-futebol-clube-sp-,Mirasol Futebol Clube,BRA1,,32,30.1,1,3.1,0,Estádio Municipal José María de Campos Maia,14534,+€1.67m,,2025,../data/raw/transfermarkt-scraper/2025/clubs.json.gz,https://www.transfermarkt.co.uk/mirassol-futebol-clube-sp-/startseite/verein/3876,david braz,False,,,,,,,,,,,,,,,,,,,,,
54590,Germán,Cano,Germán Cano,2025,2462,german-cano,Argentina,Posadas,Argentina,1988-01-02 00:00:00,Centre-Forward,Attack,right,176.0,2026-12-31 00:00:00,VELSPORT1,https://img.a.transfermarkt.technology/portrait/header/54590-1751718057.jpg?lm=1,,,,https://www.transfermarkt.co.uk/german-cano/profil/spieler/54590,BRA1,Fluminense Football Club,500000.0,3300000.0,2462,fluminense-rio-de-janeiro,Fluminense Football Club,BRA1,,33,29.7,11,33.3,4,Estádio Jornalista Mário Filho,82238,€-6.76m,,2025,../data/raw/transfermarkt-scraper/2025/clubs.json.gz,https://www.transfermarkt.co.uk/fluminense-rio-de-janeiro/startseite/verein/2462,german cano,True,german cano,Germán Cano,"FW,AM",Fluminense,1598.0,4.0,0.0,5.3,1.2000000000000002,19.0,4.0,17.0,6.0,18.0,0.0,9.0,4.0,5.0,0.0,german cano,True
55250,,Titi,Titi,2024,10870,titi,Brazil,Pelotas,Brazil,1988-03-12 00:00:00,Centre-Back,Defender,left,188.0,2026-11-30 00:00:00,Lipatin Sports,https://img.a.transfermarkt.technology/portrait/header/55250-1615775454.jpeg?lm=1,,,,https://www.transfermarkt.co.uk/titi/profil/spieler/55250,BRA1,Fortaleza Esporte Clube,200000.0,2300000.0,10870,fortaleza-esporte-clube,Fortaleza Esporte Clube,BRA1,,29,27.1,5,17.2,0,Estádio Governador Plácido Castelo,63904,+€6.25m,Juan Pablo Vojvoda,2024,../data/raw/transfermarkt-scraper/2024/clubs.json.gz,https://www.transfermarkt.co.uk/fortaleza-esporte-clube/startseite/verein/10870,titi,True,titi,Titi,CB,Fortaleza,2020.0,1.0,0.0,0.2,0.5,43.0,8.0,4.0,3.0,10.0,0.0,31.0,30.0,8.0,0.0,titi,True
67144,,Léo Vieira,Léo Vieira,2025,10010,leo-vieira,Brazil,Suzano,Brazil,1990-09-22 00:00:00,Goalkeeper,Goalkeeper,right,193.0,2026-12-31 00:00:00,Brasoccer Sports,https://img.a.transfermarkt.technology/portrait/header/67144-1634133119.jpg?lm=1,0.0,0.0,,https://www.transfermarkt.co.uk/leo-vieira/profil/spieler/67144,BRA1,Esporte Clube Bahia,200000.0,200000.0,10010,esporte-clube-bahia,Esporte Clube Bahia,BRA1,,32,26.6,9,28.1,3,Arena Fonte Nova,47364,+€8.14m,,2025,../data/raw/transfermarkt-scraper/2025/clubs.json.gz,https://www.transfermarkt.co.uk/esporte-clube-bahia/startseite/verein/10010,leo vieira,False,,,,,,,,,,,,,,,,,,,,,
67920,,Ganso,Ganso,2025,2462,ganso,Brazil,Ananindeua,Brazil,1989-10-12 00:00:00,Attacking Midfield,Midfield,left,184.0,2026-12-31 00:00:00,FWD Team,https://img.a.transfermarkt.technology/portrait/header/67920-1751718526.jpg?lm=1,8.0,0.0,,https://www.transfermarkt.co.uk/ganso/profil/spieler/67920,BRA1,Fluminense Football Club,300000.0,18000000.0,2462,fluminense-rio-de-janeiro,Fluminense Football Club,BRA1,,33,29.7,11,33.3,4,Estádio Jornalista Mário Filho,82238,€-6.76m,,2025,../data/raw/transfermarkt-scraper/2025/clubs.json.gz,https://www.transfermarkt.co.uk/fluminense-rio-de-janeiro/startseite/verein/2462,ganso,True,ganso,Ganso,"AM,DM",Fluminense,2169.0,3.0,6.0,2.5,3.4,165.0,15.0,20.0,14.0,95.0,9.0,34.0,15.0,11.0,1.0,ganso,True
68097,,Rafael,Rafael,2025,585,rafael,Brazil,Coronel Fabriciano,Brazil,1989-06-23 00:00:00,Goalkeeper,Goalkeeper,left,192.0,2027-12-31 00:00:00,FMS Gestao Esportiva,https://img.a.transfermarkt.technology/portrait/header/68097-1755221835.jpg?lm=1,0.0,0.0,,https://www.transfermarkt.co.uk/rafael/profil/spieler/68097,BRA1,São Paulo Futebol Clube,400000.0,1250000.0,585,fc-sao-paulo,São Paulo Futebol Clube,BRA1,,42,26.4,9,21.4,3,MorumBIS,72039,+€24.69m,,2025,../data/raw/transfermarkt-scraper/2025/clubs.json.gz,https://www.transfermarkt.co.uk/fc-sao-paulo/startseite/verein/585,rafael,True,rafael,Rafael,RW,Botafogo (RJ),1.0,0.0,0.0,0.0,0.0,0.0,0.0,0.0,0.0,0.0,0.0,0.0,0.0,0.0,0.0,rafael,True
68290,,Neymar,Neymar,2025,221,neymar,Brazil,Mogi das Cruzes,Brazil,1992-02-05 00:00:00,Attacking Midfield,Midfield,right,175.0,2026-12-31 00:00:00,,https://img.a.transfermarkt.technology/portrait/header/68290-1692601435.jpg?lm=1,130.0,80.0,,https://www.transfermarkt.co.uk/neymar/profil/spieler/68290,BRA1,Santos Futebol Clube,8000000.0,180000000.0,221,fc-santos,Santos Futebol Clube,BRA1,,37,26.7,9,24.3,4,Estádio Urbano Caldeira,16068,+€7.21m,,2025,../data/raw/transfermarkt-scraper/2025/clubs.json.gz,https://www.transfermarkt.co.uk/fc-santos/startseite/verein/221,neymar,False,,,,,,,,,,,,,,,,,,,,,
69400,,Weverton,Weverton,2025,210,weverton,Brazil,Rio Branco,Brazil,1987-12-13 00:00:00,Goalkeeper,Goalkeeper,right,189.0,2028-12-31 00:00:00,OTB Sports,https://img.a.transfermarkt.technology/portrait/header/69400-1751657170.jpg?lm=1,11.0,0.0,3439.0,https://www.transfermarkt.co.uk/weverton/profil/spieler/69400,BRA1,Grêmio Foot-Ball Porto Alegrense,700000.0,6000000.0,210,gremio-porto-alegre,Grêmio Foot-Ball Porto Alegrense,BRA1,,34,26.5,11,32.4,3,Arena do Grêmio,60540,€-6.38m,,2025,../data/raw/transfermarkt-scraper/2025/clubs.json.gz,https://www.transfermarkt.co.uk/gremio-porto-alegre/startseite/verein/210,weverton,True,weverton,Wéverton,GK,Palmeiras,3330.0,0.0,1.0,0.0,0.3,0.0,0.0,0.0,0.0,8.0,1.0,1.0,0.0,2.0,0.0,weverton,True
72441,Rafael,Tolói,Rafael Tolói,2025,585,rafael-toloi,Brazil,Glória D'Oeste,Italy,1990-10-10 00:00:00,Centre-Back,Defender,right,185.0,2026-12-31 00:00:00,Madeira Sports,https://img.a.transfermarkt.technology/portrait/header/72441-1663583172.jpg?lm=1,14.0,0.0,,https://www.transfermarkt.co.uk/rafael-toloi/profil/spieler/72441,BRA1,São Paulo Futebol Clube,800000.0,16000000.0,585,fc-sao-paulo,São Paulo Futebol Clube,BRA1,,42,26.4,9,21.4,3,MorumBIS,72039,+€24.69m,,2025,../data/raw/transfermarkt-scraper/2025/clubs.json.gz,https://www.transfermarkt.co.uk/fc-sao-paulo/startseite/verein/585,rafael toloi,False,,,,,,,,,,,,,,,,,,,,,
73741,,Souza,Souza,2024,978,souza,Brazil,Rio de Janeiro,Brazil,1989-02-11 00:00:00,Defensive Midfield,Midfield,right,188.0,,Carlos Leite,https://img.a.transfermarkt.technology/portrait/header/73741-1712671488.png?lm=1,3.0,0.0,,https://www.transfermarkt.co.uk/souza/profil/spieler/73741,BRA1,Club de Regatas Vasco da Gama,325000.0,12500000.0,978,vasco-da-gama-rio-de-janeiro,Club de Regatas Vasco da Gama,BRA1,,32,26.1,10,31.3,5,Estádio São Januário,24584,+€23.85m,,2025,../data/raw/transfermarkt-scraper/2025/clubs.json.gz,https://www.transfermarkt.co.uk/vasco-da-gama-rio-de-janeiro/startseite/verein/978,souza,False,,,,,,,,,,,,,,,,,,,,,
74758,,Marinho,Marinho,2025,2125,marinho,Brazil,Penedo,Brazil,1990-05-29 00:00:00,Right Winger,Attack,left,169.0,2026-12-31 00:00:00,Lipatin Sports,https://img.a.transfermarkt.technology/portrait/header/74758-1729175331.jpg?lm=1,,,,https://www.transfermarkt.co.uk/marinho/profil/spieler/74758,BRA1,Esporte Clube Vitória,200000.0,4000000.0,2125,esporte-clube-vitoria,Esporte Clube Vitória,BRA1,,39,28.3,7,17.9,0,Estádio Manoel Barradas,30793,+€1.36m,,2025,../data/raw/transfermarkt-scraper/2025/clubs.json.gz,https://www.transfermarkt.co.uk/esporte-clube-vitoria/startseite/verein/2125,marinho,True,marinho,Marinho,FW,Fortaleza,1348.0,4.0,3.0,2.2,1.8,53.0,54.0,59.0,26.0,63.0,8.0,28.0,20.0,4.0,1.0,marinho,True
75080,Alan,Ruschel,Alan Ruschel,2024,10492,alan-ruschel,Brazil,Taquara,Brazil,1989-08-23 00:00:00,Left-Back,Defender,left,176.0,2026-12-31 00:00:00,LINK SPORTS,https://img.a.transfermarkt.technology/portrait/header/75080-1623674737.jpg?lm=1,,,,https://www.transfermarkt.co.uk/alan-ruschel/profil/spieler/75080,BRA1,Esporte Clube Juventude,,,10492,esporte-clube-juventude,Esporte Clube Juventude,BRA1,,29,28.3,3,10.3,0,Estádio Alfredo Jaconi,23726,+€1.13m,Roger Machado,2024,../data/raw/transfermarkt-scraper/2024/clubs.json.gz,https://www.transfermarkt.co.uk/esporte-clube-juventude/startseite/verein/10492,alan ruschel,True,alan ruschel,Alan Ruschel,LB,Juventude,2243.0,1.0,1.0,0.7,1.6,120.0,43.0,24.0,10.0,56.0,5.0,69.0,30.0,7.0,2.0,alan ruschel,True
75102,,Denis,Denis,2024,8718,denis,Brazil,Jaú,Brazil,1987-04-14 00:00:00,Goalkeeper,Goalkeeper,left,188.0,2026-12-31 00:00:00,,https://img.a.transfermarkt.technology/portrait/header/s_75102_585_2012_1.jpg?lm=1,,,,https://www.transfermarkt.co.uk/denis/profil/spieler/75102,BRA1,Sport Club do Recife,200000.0,2000000.0,8718,sport-club-do-recife,Sport Club do Recife,BRA1,,29,27.1,1,3.4,0,Estádio Adelmar da Costa Carvalho,35000,+€2.95m,Mariano Soso,2024,../data/raw/transfermarkt-scraper/2024/clubs.json.gz,https://www.transfermarkt.co.uk/sport-club-do-recife/startseite/verein/8718,denis,False,,,,,,,,,,,,,,,,,,,,,
75435,,Marcos Rocha,Marcos Rocha,2025,210,marcos-rocha,Brazil,Sete Lagoas,Brazil,1988-12-11 00:00:00,Right-Back,Defender,right,176.0,2026-12-31 00:00:00,LINK SPORTS,https://img.a.transfermarkt.technology/portrait/header/75435-1543836089.jpg?lm=1,2.0,0.0,,https://www.transfermarkt.co.uk/marcos-rocha/profil/spieler/75435,BRA1,Grêmio Foot-Ball Porto Alegrense,200000.0,6000000.0,210,gremio-porto-alegre,Grêmio Foot-Ball Porto Alegrense,BRA1,,34,26.5,11,32.4,3,Arena do Grêmio,60540,€-6.38m,,2025,../data/raw/transfermarkt-scraper/2025/clubs.json.gz,https://www.transfermarkt.co.uk/gremio-porto-alegre/startseite/verein/210,marcos rocha,True,marcos rocha,Marcos Rocha,WB,Palmeiras,1936.0,0.0,2.0,0.30000000000000004,3.6,150.0,35.0,18.0,8.0,83.0,7.0,55.0,22.0,5.0,1.0,marcos rocha,True
75942,Tomás,Rincón,Tomás Rincón,2025,221,tomas-rincon,Venezuela,San Cristóbal,Venezuela,1988-01-13 00:00:00,Defensive Midfield,Midfield,right,175.0,2026-12-31 00:00:00,THE·TEAM,https://img.a.transfermarkt.technology/portrait/header/75942-1661350808.jpg?lm=1,143.0,1.0,3504.0,https://www.transfermarkt.co.uk/tomas-rincon/profil/spieler/75942,BRA1,Santos Futebol Clube,100000.0,9000000.0,221,fc-santos,Santos Futebol Clube,BRA1,,37,26.7,9,24.3,4,Estádio Urbano Caldeira,16068,+€7.21m,,2025,../data/raw/transfermarkt-scraper/2025/clubs.json.gz,https://www.transfermarkt.co.uk/fc-santos/startseite/verein/221,tomas rincon,False,,,,,,,,,,,,,,,,,,,,,
76191,,Osvaldo,Osvaldo,2025,2125,osvaldo,Brazil,Fortaleza,Brazil,1987-04-11 00:00:00,Right Winger,Attack,right,170.0,2026-06-30 00:00:00,,https://img.a.transfermarkt.technology/portrait/header/76191-1681676097.jpg?lm=1,2.0,0.0,,https://www.transfermarkt.co.uk/osvaldo/profil/spieler/76191,BRA1,Esporte Clube Vitória,75000.0,4500000.0,2125,esporte-clube-vitoria,Esporte Clube Vitória,BRA1,,39,28.3,7,17.9,0,Estádio Manoel Barradas,30793,+€1.36m,,2025,../data/raw/transfermarkt-scraper/2025/clubs.json.gz,https://www.transfermarkt.co.uk/esporte-clube-vitoria/startseite/verein/2125,osvaldo,True,osvaldo,Osvaldo,LW,Vitória,1072.0,2.0,0.0,2.3000000000000003,1.6,37.0,29.0,33.0,12.0,43.0,3.0,8.0,10.0,1.0,0.0,osvaldo,True
77100,,Lucas Moura,Lucas Moura,2025,585,lucas-moura,Brazil,São Paulo,Brazil,1992-08-13 00:00:00,Right Winger,Attack,right,172.0,2026-12-31 00:00:00,4ComM,https://img.a.transfermarkt.technology/portrait/header/77100-1654164113.jpg?lm=1,37.0,4.0,,https://www.transfermarkt.co.uk/lucas-moura/profil/spieler/77100,BRA1,São Paulo Futebol Clube,2000000.0,40000000.0,585,fc-sao-paulo,São Paulo Futebol Clube,BRA1,,42,26.4,9,21.4,3,MorumBIS,72039,+€24.69m,,2025,../data/raw/transfermarkt-scraper/2025/clubs.json.gz,https://www.transfermarkt.co.uk/fc-sao-paulo/startseite/verein/585,lucas moura,True,lucas moura,Lucas Moura,FW,São Paulo,2246.0,10.0,6.0,4.9,2.9,131.0,87.0,100.0,48.0,103.0,12.0,27.0,17.0,4.0,0.0,lucas moura,True
79960,,Alex Sandro,Alex Sandro,2025,614,alex-sandro,Brazil,Catanduva,Brazil,1991-01-26 00:00:00,Left-Back,Defender,left,180.0,2026-12-31 00:00:00,,https://img.a.transfermarkt.technology/portrait/header/79960-1751370710.jpg?lm=1,46.0,2.0,,https://www.transfermarkt.co.uk/alex-sandro/profil/spieler/79960,BRA1,Clube de Regatas do Flamengo,1000000.0,50000000.0,614,flamengo-rio-de-janeiro,Clube de Regatas do Flamengo,BRA1,,28,28.8,9,32.1,10,Estádio Jornalista Mário Filho,82238,€-13.92m,,2025,../data/raw/transfermarkt-scraper/2025/clubs.json.gz,https://www.transfermarkt.co.uk/flamengo-rio-de-janeiro/startseite/verein/614,alex sandro,True,alex sandro,Alex Sandro,LB,Flamengo,512.0,0.0,1.0,0.4,1.6,37.0,18.0,7.0,4.0,25.0,3.0,13.0,2.0,1.0,0.0,alex sandro,True
80444,Philippe,Coutinho,Philippe Coutinho,2024,978,philippe-coutinho,Brazil,Rio de Janeiro,Brazil,1992-06-12 00:00:00,Attacking Midfield,Midfield,right,172.0,,Sports Invest UK ltd,https://img.a.transfermarkt.technology/portrait/header/80444-1746211175.jpg?lm=1,68.0,21.0,,https://www.transfermarkt.co.uk/philippe-coutinho/profil/spieler/80444,BRA1,Club de Regatas Vasco da Gama,7500000.0,150000000.0,978,vasco-da-gama-rio-de-janeiro,Club de Regatas Vasco da Gama,BRA1,,32,26.1,10,31.3,5,Estádio São Januário,24584,+€23.85m,,2025,../data/raw/transfermarkt-scraper/2025/clubs.json.gz,https://www.transfermarkt.co.uk/vasco-da-gama-rio-de-janeiro/startseite/verein/978,philippe coutinho,True,philippe coutinho,Philippe Coutinho,AM,Vasco da Gama,667.0,2.0,1.0,2.1,0.9,58.0,28.0,23.0,12.0,35.0,2.0,10.0,7.0,0.0,0.0,philippe coutinho,True
80562,,Hulk,Hulk,2025,2462,hulk,Brazil,Campina Grande,Brazil,1986-07-25 00:00:00,Centre-Forward,Attack,left,180.0,2027-12-31 00:00:00,Nuno Ferreira,https://img.a.transfermarkt.technology/portrait/header/80562-1563436073.jpg?lm=1,49.0,11.0,,https://www.transfermarkt.co.uk/hulk/profil/spieler/80562,BRA1,Fluminense Football Club,1000000.0,48000000.0,2462,fluminense-rio-de-janeiro,Fluminense Football Club,BRA1,,33,29.7,11,33.3,4,Estádio Jornalista Mário Filho,82238,€-6.76m,,2025,../data/raw/transfermarkt-scraper/2025/clubs.json.gz,https://www.transfermarkt.co.uk/fluminense-rio-de-janeiro/startseite/verein/2462,hulk,True,hulk,Hulk,FW,Atlético Mineiro,1806.0,10.0,5.0,8.5,2.0,57.0,33.0,78.0,33.0,80.0,13.0,10.0,8.0,5.0,1.0,hulk,True
85314,,Oscar,Oscar,2024,585,oscar,Brazil,Americana,Brazil,1991-09-09 00:00:00,Attacking Midfield,Midfield,right,180.0,2027-12-31 00:00:00,Bertolucci Sports,https://img.a.transfermarkt.technology/portrait/header/85314-1563435929.jpg?lm=1,48.0,12.0,,https://www.transfermarkt.co.uk/oscar/profil/spieler/85314,BRA1,São Paulo Futebol Clube,7500000.0,40000000.0,585,fc-sao-paulo,São Paulo Futebol Clube,BRA1,,42,26.4,9,21.4,3,MorumBIS,72039,+€24.69m,,2025,../data/raw/transfermarkt-scraper/2025/clubs.json.gz,https://www.transfermarkt.co.uk/fc-sao-paulo/startseite/verein/585,oscar,False,,,,,,,,,,,,,,,,,,,,,
95732,Martin,Braithwaite,Martin Braithwaite,2025,210,martin-braithwaite,Denmark,Esbjerg,Denmark,1991-06-05 00:00:00,Centre-Forward,Attack,right,177.0,2027-12-31 00:00:00,FOKUS,https://img.a.transfermarkt.technology/portrait/header/95732-1583334177.jpg?lm=1,69.0,10.0,,https://www.transfermarkt.co.uk/martin-braithwaite/profil/spieler/95732,BRA1,Grêmio Foot-Ball Porto Alegrense,1000000.0,12000000.0,210,gremio-porto-alegre,Grêmio Foot-Ball Porto Alegrense,BRA1,,34,26.5,11,32.4,3,Arena do Grêmio,60540,€-6.38m,,2025,../data/raw/transfermarkt-scraper/2025/clubs.json.gz,https://www.transfermarkt.co.uk/gremio-porto-alegre/startseite/verein/210,martin braithwaite,True,martin braithwaite,Martin Braithwaite,FW,Grêmio,1395.0,7.0,2.0,5.2,1.2999999999999998,29.0,19.0,28.0,11.0,30.0,7.0,9.0,6.0,1.0,0.0,martin braithwaite,True
99439,,Danilo Fernandes,Danilo Fernandes,2024,10010,danilo-fernandes,Brazil,Guarulhos,Brazil,1988-04-03 00:00:00,Goalkeeper,Goalkeeper,right,188.0,,IMG International,https://img.a.transfermarkt.technology/portrait/header/99439-1523613396.jpg?lm=1,0.0,0.0,,https://www.transfermarkt.co.uk/danilo-fernandes/profil/spieler/99439,BRA1,Esporte Clube Bahia,,,10010,esporte-clube-bahia,Esporte Clube Bahia,BRA1,,32,26.6,9,28.1,3,Arena Fonte Nova,47364,+€8.14m,,2025,../data/raw/transfermarkt-scraper/2025/clubs.json.gz,https://www.transfermarkt.co.uk/esporte-clube-bahia/startseite/verein/10010,danilo fernandes,True,danilo fernandes,Danilo Fernandes,GK,Bahia,90.0,0.0,0.0,0.0,0.0,0.0,0.0,0.0,0.0,0.0,0.0,0.0,0.0,0.0,0.0,danilo fernandes,True
101469,,Gil,Gil,2024,221,giltm,Brazil,Campos dos Goytacazes,Brazil,1987-06-12 00:00:00,Centre-Back,Defender,right,192.0,,Carlos Leite,https://img.a.transfermarkt.technology/portrait/header/101469-1523621399.jpg?lm=1,11.0,0.0,,https://www.transfermarkt.co.uk/giltm/profil/spieler/101469,BRA1,Santos Futebol Clube,500000.0,7500000.0,221,fc-santos,Santos Futebol Clube,BRA1,,37,26.7,9,24.3,4,Estádio Urbano Caldeira,16068,+€7.21m,,2025,../data/raw/transfermarkt-scraper/2025/clubs.json.gz,https://www.transfermarkt.co.uk/fc-santos/startseite/verein/221,gil,False,,,,,,,,,,,,,,,,,,,,,
101506,,Aderlan,Aderlan,2024,221,aderlan,Brazil,Campina Grande,Brazil,1990-08-18 00:00:00,Right-Back,Defender,right,180.0,,BLB SPORTS,https://img.a.transfermarkt.technology/portrait/header/101506-1623761103.jpg?lm=1,,,,https://www.transfermarkt.co.uk/aderlan/profil/spieler/101506,BRA1,Santos Futebol Clube,800000.0,1000000.0,221,fc-santos,Santos Futebol Clube,BRA1,,37,26.7,9,24.3,4,Estádio Urbano Caldeira,16068,+€7.21m,,2025,../data/raw/transfermarkt-scraper/2025/clubs.json.gz,https://www.transfermarkt.co.uk/fc-santos/startseite/verein/221,aderlan,False,,,,,,,,,,,,,,,,,,,,,
102017,,Jorginho,Jorginho,2025,614,jorginho,Brazil,Imbituba,Italy,1991-12-20 00:00:00,Defensive Midfield,Midfield,right,180.0,2028-06-30 00:00:00,Brezilya Agency,https://img.a.transfermarkt.technology/portrait/header/102017-1682590896.jpg?lm=1,57.0,5.0,,https://www.transfermarkt.co.uk/jorginho/profil/spieler/102017,BRA1,Clube de Regatas do Flamengo,4000000.0,65000000.0,614,flamengo-rio-de-janeiro,Clube de Regatas do Flamengo,BRA1,,28,28.8,9,32.1,10,Estádio Jornalista Mário Filho,82238,€-13.92m,,2025,../data/raw/transfermarkt-scraper/2025/clubs.json.gz,https://www.transfermarkt.co.uk/flamengo-rio-de-janeiro/startseite/verein/614,jorginho,True,jorginho,Jorginho,AM,Atlético Goianiense,73.0,0.0,1.0,0.0,0.1,5.0,2.0,1.0,1.0,6.0,2.0,1.0,1.0,1.0,0.0,jorginho,True
103381,,Tiquinho Soares,Tiquinho Soares,2025,3876,tiquinho-soares,Brazil,Sousa,Brazil,1991-01-17 00:00:00,Centre-Forward,Attack,right,187.0,2026-12-31 00:00:00,,https://img.a.transfermarkt.technology/portrait/header/103381-1542106367.png?lm=1,,,,https://www.transfermarkt.co.uk/tiquinho-soares/profil/spieler/103381,BRA1,Mirasol Futebol Clube,800000.0,12000000.0,3876,mirassol-futebol-clube-sp-,Mirasol Futebol Clube,BRA1,,32,30.1,1,3.1,0,Estádio Municipal José María de Campos Maia,14534,+€1.67m,,2025,../data/raw/transfermarkt-scraper/2025/clubs.json.gz,https://www.transfermarkt.co.uk/mirassol-futebol-clube-sp-/startseite/verein/3876,tiquinho soares,True,tiquinho soares,Tiquinho Soares,FW,Botafogo (RJ),1349.0,5.0,3.0,6.7,2.1,27.0,7.0,19.0,9.0,41.0,6.0,13.0,10.0,4.0,1.0,tiquinho soares,True
104505,,Alan Patrick,Alan Patrick,2025,6600,alan-patrick,Brazil,São Paulo,Brazil,1991-05-13 00:00:00,Attacking Midfield,Midfield,right,177.0,2027-12-31 00:00:00,LINK SPORTS,https://img.a.transfermarkt.technology/portrait/header/104505-1641992716.png?lm=1,4.0,0.0,,https://www.transfermarkt.co.uk/alan-patrick/profil/spieler/104505,BRA1,Sport Club Internacional,2000000.0,8000000.0,6600,sc-internacional-porto-alegre,Sport Club Internacional,BRA1,,32,26.7,9,28.1,3,Estádio Beira-Rio,50848,+€41.39m,,2025,../data/raw/transfermarkt-scraper/2025/clubs.json.gz,https://www.transfermarkt.co.uk/sc-internacional-porto-alegre/startseite/verein/6600,alan patrick,True,alan patrick,Alan Patrick,AM,Internacional,1777.0,8.0,3.0,7.2,8.200000000000001,128.0,35.0,58.0,34.0,127.0,13.0,22.0,17.0,3.0,0.0,alan patrick,True
106032,,Everson,Everson,2025,330,everson,Brazil,Pindamonhangaba,Brazil,1990-07-22 00:00:00,Goalkeeper,Goalkeeper,right,193.0,2027-12-31 00:00:00,REC Sports,https://img.a.transfermarkt.technology/portrait/header/106032-1686575213.jpg?lm=1,0.0,0.0,,https://www.transfermarkt.co.uk/everson/profil/spieler/106032,BRA1,Clube Atlético Mineiro,900000.0,3500000.0,330,clube-atletico-mineiro,Clube Atlético Mineiro,BRA1,,33,25.7,9,27.3,6,Arena MRV,44892,€-1.24m,,2025,../data/raw/transfermarkt-scraper/2025/clubs.json.gz,https://www.transfermarkt.co.uk/clube-atletico-mineiro/startseite/verein/330,everson,True,everson,Éverson,GK,Atlético Mineiro,2152.0,0.0,0.0,0.0,0.0,2.0,0.0,0.0,0.0,2.0,1.0,1.0,0.0,5.0,1.0,everson,True
106281,,Vina,Vina,2024,2029,vina,Brazil,Curitiba,Brazil,1991-04-15 00:00:00,Attacking Midfield,Midfield,right,177.0,2026-12-31 00:00:00,LINK SPORTS,https://img.a.transfermarkt.technology/portrait/header/106281-1754471985.png?lm=1,,,,https://www.transfermarkt.co.uk/vina/profil/spieler/106281,BRA1,Ceará Sporting Club,,,2029,ceara-sporting-club,Ceará Sporting Club,BRA1,,29,28.0,2,6.9,0,Estádio Governador Plácido Castelo,63904,+€2.30m,Anderson Batatais,2024,../data/raw/transfermarkt-scraper/2024/clubs.json.gz,https://www.transfermarkt.co.uk/ceara-sporting-club/startseite/verein/2029,vina,False,,,,,,,,,,,,,,,,,,,,,
110078,,Eduardo,Eduardo,2025,3876,eduardo,Brazil,Ribeirão Preto,Brazil,1989-10-17 00:00:00,Attacking Midfield,Midfield,right,184.0,2026-12-31 00:00:00,CONACTA INC,https://img.a.transfermarkt.technology/portrait/header/110078-1682522098.jpg?lm=1,,,,https://www.transfermarkt.co.uk/eduardo/profil/spieler/110078,BRA1,Mirasol Futebol Clube,600000.0,6000000.0,3876,mirassol-futebol-clube-sp-,Mirasol Futebol Clube,BRA1,,32,30.1,1,3.1,0,Estádio Municipal José María de Campos Maia,14534,+€1.67m,,2025,../data/raw/transfermarkt-scraper/2025/clubs.json.gz,https://www.transfermarkt.co.uk/mirassol-futebol-clube-sp-/startseite/verein/3876,eduardo,False,,,,,,,,,,,,,,,,,,,,,
111819,,Neto,Neto,2025,537,neto,Brazil,Araxá,Brazil,1989-07-19 00:00:00,Goalkeeper,Goalkeeper,right,190.0,2027-06-30 00:00:00,Bertolucci Sports,https://img.a.transfermarkt.technology/portrait/header/111819-1725051877.jpg?lm=1,1.0,0.0,,https://www.transfermarkt.co.uk/neto/profil/spieler/111819,BRA1,S. A. F. Botafogo,900000.0,18000000.0,537,botafogo-rio-de-janeiro,S. A. F. Botafogo,BRA1,,34,26.2,13,38.2,5,Estádio Olímpico Nilton Santos,46931,+€40.04m,,2025,../data/raw/transfermarkt-scraper/2025/clubs.json.gz,https://www.transfermarkt.co.uk/botafogo-rio-de-janeiro/startseite/verein/537,neto,False,,,,,,,,,,,,,,,,,,,,,
112465,Sérgio,Oliveira,Sérgio Oliveira,2024,8718,sergio-oliveira,Portugal,Paços de Brandão,Portugal,1992-06-02 00:00:00,Central Midfield,Midfield,right,181.0,,,https://img.a.transfermarkt.technology/portrait/header/112465-1728417851.png?lm=1,13.0,0.0,,https://www.transfermarkt.co.uk/sergio-oliveira/profil/spieler/112465,BRA1,Sport Club do Recife,2500000.0,19000000.0,8718,sport-club-do-recife,Sport Club do Recife,BRA1,,29,27.1,1,3.4,0,Estádio Adelmar da Costa Carvalho,35000,+€2.95m,Mariano Soso,2024,../data/raw/transfermarkt-scraper/2024/clubs.json.gz,https://www.transfermarkt.co.uk/sport-club-do-recife/startseite/verein/8718,sergio oliveira,False,,,,,,,,,,,,,,,,,,,,,
112988,Cédric,Soares,Cédric Soares,2025,585,cedric-soares,Germany,Singen,Portugal,1991-08-31 00:00:00,Right-Back,Defender,right,171.0,2027-12-31 00:00:00,Sports Invest UK ltd,https://img.a.transfermarkt.technology/portrait/header/112988-1700670607.jpg?lm=1,34.0,1.0,,https://www.transfermarkt.co.uk/cedric-soares/profil/spieler/112988,BRA1,São Paulo Futebol Clube,500000.0,15000000.0,585,fc-sao-paulo,São Paulo Futebol Clube,BRA1,,42,26.4,9,21.4,3,MorumBIS,72039,+€24.69m,,2025,../data/raw/transfermarkt-scraper/2025/clubs.json.gz,https://www.transfermarkt.co.uk/fc-sao-paulo/startseite/verein/585,cedric soares,False,,,,,,,,,,,,,,,,,,,,,
113586,,Manoel,Manoel,2024,2462,manoel,Brazil,Bacabal,Brazil,1990-02-26 00:00:00,Centre-Back,Defender,right,181.0,,,https://img.a.transfermarkt.technology/portrait/header/113586-1580738457.png?lm=1,,,,https://www.transfermarkt.co.uk/manoel/profil/spieler/113586,BRA1,Fluminense Football Club,350000.0,5500000.0,2462,fluminense-rio-de-janeiro,Fluminense Football Club,BRA1,,33,29.7,11,33.3,4,Estádio Jornalista Mário Filho,82238,€-6.76m,,2025,../data/raw/transfermarkt-scraper/2025/clubs.json.gz,https://www.transfermarkt.co.uk/fluminense-rio-de-janeiro/startseite/verein/2462,manoel,True,manoel,Manoel,CB,Fluminense,1047.0,0.0,0.0,0.2,0.1,17.0,0.0,3.0,3.0,2.0,0.0,14.0,14.0,2.0,0.0,manoel,True
114937,,Dudu,Dudu,2025,330,dudu,Brazil,Goiânia,Brazil,1992-01-07 00:00:00,Left Winger,Attack,right,166.0,2027-12-31 00:00:00,LINK SPORTS,https://img.a.transfermarkt.technology/portrait/header/114937-1483707641.jpg?lm=1,3.0,1.0,,https://www.transfermarkt.co.uk/dudu/profil/spieler/114937,BRA1,Clube Atlético Mineiro,800000.0,15000000.0,330,clube-atletico-mineiro,Clube Atlético Mineiro,BRA1,,33,25.7,9,27.3,6,Arena MRV,44892,€-1.24m,,2025,../data/raw/transfermarkt-scraper/2025/clubs.json.gz,https://www.transfermarkt.co.uk/clube-atletico-mineiro/startseite/verein/330,dudu,True,,,,,,,,,,,,,,,,,,,,,
121986,,Lucas Sasha,Lucas Sasha,2024,10870,lucas-sasha,Brazil,São Paulo,Brazil,1990-03-01 00:00:00,Defensive Midfield,Midfield,both,177.0,2026-12-31 00:00:00,LEFT Sports,https://img.a.transfermarkt.technology/portrait/header/121986-1648631635.png?lm=1,,,,https://www.transfermarkt.co.uk/lucas-sasha/profil/spieler/121986,BRA1,Fortaleza Esporte Clube,750000.0,2000000.0,10870,fortaleza-esporte-clube,Fortaleza Esporte Clube,BRA1,,29,27.1,5,17.2,0,Estádio Governador Plácido Castelo,63904,+€6.25m,Juan Pablo Vojvoda,2024,../data/raw/transfermarkt-scraper/2024/clubs.json.gz,https://www.transfermarkt.co.uk/fortaleza-esporte-clube/startseite/verein/10870,lucas sasha,True,lucas sasha,Lucas Sasha,CM,Fortaleza,1220.0,0.0,0.0,0.5,1.5,40.0,7.0,12.0,6.0,18.0,0.0,61.0,35.0,2.0,0.0,lucas sasha,True
122155,,Willian José,Willian José,2025,10010,willian-jose,Brazil,Porto Calvo,Brazil,1991-11-23 00:00:00,Centre-Forward,Attack,right,186.0,2026-12-31 00:00:00,Un1que Football,https://img.a.transfermarkt.technology/portrait/header/122155-1720075360.png?lm=1,0.0,0.0,,https://www.transfermarkt.co.uk/willian-jose/profil/spieler/122155,BRA1,Esporte Clube Bahia,1200000.0,30000000.0,10010,esporte-clube-bahia,Esporte Clube Bahia,BRA1,,32,26.6,9,28.1,3,Arena Fonte Nova,47364,+€8.14m,,2025,../data/raw/transfermarkt-scraper/2025/clubs.json.gz,https://www.transfermarkt.co.uk/esporte-clube-bahia/startseite/verein/10010,willian jose,False,,,,,,,,,,,,,,,,,,,,,
123349,Zakaria,Labyad,Zakaria Labyad,2025,199,zakaria-labyad,Netherlands,Utrecht,Morocco,1993-03-09 00:00:00,Attacking Midfield,Midfield,both,175.0,2026-12-31 00:00:00,,https://img.a.transfermarkt.technology/portrait/header/123349-1618845587.jpg?lm=1,6.0,0.0,,https://www.transfermarkt.co.uk/zakaria-labyad/profil/spieler/123349,BRA1,Sport Club Corinthians Paulista,400000.0,6000000.0,199,corinthians-sao-paulo,Sport Club Corinthians Paulista,BRA1,,34,27.2,7,20.6,3,Neo Química Arena,49205,+€2.19m,,2025,../data/raw/transfermarkt-scraper/2025/clubs.json.gz,https://www.transfermarkt.co.uk/corinthians-sao-paulo/startseite/verein/199,zakaria labyad,False,,,,,,,,,,,,,,,,,,,,,
126239,Christian,Ortíz,Christian Ortíz,2024,8718,christian-ortiz,Argentina,Rosario,Argentina,1992-08-20 00:00:00,Attacking Midfield,Midfield,right,170.0,2026-11-30 00:00:00,IMAGESPORT,https://img.a.transfermarkt.technology/portrait/header/126239-1646522984.jpg?lm=1,,,,https://www.transfermarkt.co.uk/christian-ortiz/profil/spieler/126239,BRA1,Sport Club do Recife,,,8718,sport-club-do-recife,Sport Club do Recife,BRA1,,29,27.1,1,3.4,0,Estádio Adelmar da Costa Carvalho,35000,+€2.95m,Mariano Soso,2024,../data/raw/transfermarkt-scraper/2024/clubs.json.gz,https://www.transfermarkt.co.uk/sport-club-do-recife/startseite/verein/8718,christian ortiz,False,,,,,,,,,,,,,,,,,,,,,
126422,,Allan,Allan,2025,537,allan,Brazil,Rio de Janeiro,Brazil,1991-01-08 00:00:00,Defensive Midfield,Midfield,right,175.0,2026-12-31 00:00:00,,https://img.a.transfermarkt.technology/portrait/header/126422-1448529525.jpg?lm=1,10.0,0.0,,https://www.transfermarkt.co.uk/allan/profil/spieler/126422,BRA1,S. A. F. Botafogo,1000000.0,60000000.0,537,botafogo-rio-de-janeiro,S. A. F. Botafogo,BRA1,,34,26.2,13,38.2,5,Estádio Olímpico Nilton Santos,46931,+€40.04m,,2025,../data/raw/transfermarkt-scraper/2025/clubs.json.gz,https://www.transfermarkt.co.uk/botafogo-rio-de-janeiro/startseite/verein/537,allan,True,,,,,,,,,,,,,,,,,,,,,
135057,André,Carrillo,André Carrillo,2025,199,andre-carrillo,Peru,Lima,Peru,1991-06-14 00:00:00,Central Midfield,Midfield,right,180.0,2026-12-31 00:00:00,OTB Sports,https://img.a.transfermarkt.technology/portrait/header/135057-1770034499.jpg?lm=1,108.0,11.0,,https://www.transfermarkt.co.uk/andre-carrillo/profil/spieler/135057,BRA1,Sport Club Corinthians Paulista,800000.0,12000000.0,199,corinthians-sao-paulo,Sport Club Corinthians Paulista,BRA1,,34,27.2,7,20.6,3,Neo Química Arena,49205,+€2.19m,,2025,../data/raw/transfermarkt-scraper/2025/clubs.json.gz,https://www.transfermarkt.co.uk/corinthians-sao-paulo/startseite/verein/199,andre carrillo,True,andre carrillo,André Carrillo,"RM,FW",Corinthians,730.0,0.0,2.0,0.30000000000000004,2.1,67.0,14.0,12.0,9.0,24.0,5.0,23.0,11.0,3.0,0.0,andre carrillo,True
135617,Thiago,Mendes,Thiago Mendes,2025,978,thiago-mendes,Brazil,São Luís,Brazil,1992-03-15 00:00:00,Defensive Midfield,Midfield,right,177.0,2027-12-31 00:00:00,Talents Sports,https://img.a.transfermarkt.technology/portrait/header/135617-1740675682.jpg?lm=1,,,,https://www.transfermarkt.co.uk/thiago-mendes/profil/spieler/135617,BRA1,Club de Regatas Vasco da Gama,1300000.0,25000000.0,978,vasco-da-gama-rio-de-janeiro,Club de Regatas Vasco da Gama,BRA1,,32,26.1,10,31.3,5,Estádio São Januário,24584,+€23.85m,,2025,../data/raw/transfermarkt-scraper/2025/clubs.json.gz,https://www.transfermarkt.co.uk/vasco-da-gama-rio-de-janeiro/startseite/verein/978,thiago mendes,False,,,,,,,,,,,,,,,,,,,,,
137745,,Marçal,Marçal,2025,537,marcal,Brazil,São Paulo,Brazil,1989-02-19 00:00:00,Left-Back,Defender,left,178.0,2026-12-31 00:00:00,,https://img.a.transfermarkt.technology/portrait/header/137745-1682960861.jpg?lm=1,,,,https://www.transfermarkt.co.uk/marcal/profil/spieler/137745,BRA1,S. A. F. Botafogo,200000.0,8000000.0,537,botafogo-rio-de-janeiro,S. A. F. Botafogo,BRA1,,34,26.2,13,38.2,5,Estádio Olímpico Nilton Santos,46931,+€40.04m,,2025,../data/raw/transfermarkt-scraper/2025/clubs.json.gz,https://www.transfermarkt.co.uk/botafogo-rio-de-janeiro/startseite/verein/537,marcal,False,fernando marcal,Fernando Marçal,LB,Botafogo (RJ),1014.0,1.0,0.0,0.30000000000000004,0.6,59.0,18.0,9.0,4.0,23.0,0.0,28.0,9.0,5.0,0.0,fernando marcal,True
139607,,Guilherme,Guilherme,2024,3876,guilherme,Brazil,Três Rios,Brazil,1991-05-21 00:00:00,Attacking Midfield,Midfield,left,174.0,,,https://img.a.transfermarkt.technology/portrait/header/139607-1599759874.jpeg?lm=1,,,,https://www.transfermarkt.co.uk/guilherme/profil/spieler/139607,BRA1,Mirasol Futebol Clube,1200000.0,4000000.0,3876,mirassol-futebol-clube-sp-,Mirasol Futebol Clube,BRA1,,32,30.1,1,3.1,0,Estádio Municipal José María de Campos Maia,14534,+€1.67m,,2025,../data/raw/transfermarkt-scraper/2025/clubs.json.gz,https://www.transfermarkt.co.uk/mirassol-futebol-clube-sp-/startseite/verein/3876,guilherme,True,guilherme,Guilherme,LB,Red Bull Bragantino,704.0,1.0,1.0,0.5,0.2,18.0,9.0,11.0,5.0,12.0,2.0,18.0,9.0,1.0,0.0,guilherme,True
139867,Robert,Arboleda,Robert Arboleda,2025,585,robert-arboleda,Ecuador,Esmeraldas,Ecuador,1991-10-22 00:00:00,Centre-Back,Defender,right,189.0,2027-12-31 00:00:00,IMAGESPORT,https://img.a.transfermarkt.technology/portrait/header/139867-1668498219.jpg?lm=1,39.0,2.0,,https://www.transfermarkt.co.uk/robert-arboleda/profil/spieler/139867,BRA1,São Paulo Futebol Clube,400000.0,2500000.0,585,fc-sao-paulo,São Paulo Futebol Clube,BRA1,,42,26.4,9,21.4,3,MorumBIS,72039,+€24.69m,,2025,../data/raw/transfermarkt-scraper/2025/clubs.json.gz,https://www.transfermarkt.co.uk/fc-sao-paulo/startseite/verein/585,robert arboleda,True,robert arboleda,Robert Arboleda,CB,São Paulo,2256.0,2.0,0.0,1.2000000000000002,0.5,45.0,2.0,0.0,0.0,19.0,3.0,31.0,28.0,3.0,0.0,robert arboleda,True
141660,Jesse,Lingard,Jesse Lingard,2025,199,jesse-lingard,England,Warrington,England,1992-12-15 00:00:00,Attacking Midfield,Midfield,right,174.0,2026-12-31 00:00:00,THE·TEAM,https://img.a.transfermarkt.technology/portrait/header/141660-1697878438.jpg?lm=1,32.0,6.0,,https://www.transfermarkt.co.uk/jesse-lingard/profil/spieler/141660,BRA1,Sport Club Corinthians Paulista,2000000.0,40000000.0,199,corinthians-sao-paulo,Sport Club Corinthians Paulista,BRA1,,34,27.2,7,20.6,3,Neo Química Arena,49205,+€2.19m,,2025,../data/raw/transfermarkt-scraper/2025/clubs.json.gz,https://www.transfermarkt.co.uk/corinthians-sao-paulo/startseite/verein/199,jesse lingard,False,,,,,,,,,,,,,,,,,,,,,
143817,,Léo Gamalho,Léo Gamalho,2024,3876,leo-gamalho,Brazil,Porto Alegre,Brazil,1986-01-30 00:00:00,Centre-Forward,Attack,right,188.0,,,https://img.a.transfermarkt.technology/portrait/header/143817-1768995044.jpg?lm=1,,,,https://www.transfermarkt.co.uk/leo-gamalho/profil/spieler/143817,BRA1,Mirasol Futebol Clube,,,3876,mirassol-futebol-clube-sp-,Mirasol Futebol Clube,BRA1,,32,30.1,1,3.1,0,Estádio Municipal José María de Campos Maia,14534,+€1.67m,,2025,../data/raw/transfermarkt-scraper/2025/clubs.json.gz,https://www.transfermarkt.co.uk/mirassol-futebol-clube-sp-/startseite/verein/3876,leo gamalho,True,leo gamalho,Léo Gamalho,FW,Vitória,17.0,0.0,0.0,0.0,0.0,2.0,1.0,0.0,0.0,0.0,0.0,0.0,0.0,0.0,0.0,leo gamalho,True
143855,,Thomazella,Thomazella,2025,3876,thomazella,Brazil,Botucatu,Brazil,1990-08-15 00:00:00,Goalkeeper,Goalkeeper,right,192.0,2026-12-31 00:00:00,CAIG SPORTS LIMITED ,https://img.a.transfermarkt.technology/portrait/header/143855-1663769648.jpg?lm=1,,,,https://www.transfermarkt.co.uk/thomazella/profil/spieler/143855,BRA1,Mirasol Futebol Clube,200000.0,250000.0,3876,mirassol-futebol-clube-sp-,Mirasol Futebol Clube,BRA1,,32,30.1,1,3.1,0,Estádio Municipal José María de Campos Maia,14534,+€1.67m,,2025,../data/raw/transfermarkt-scraper/2025/clubs.json.gz,https://www.transfermarkt.co.uk/mirassol-futebol-clube-sp-/startseite/verein/3876,thomazella,False,,,,,,,,,,,,,,,,,,,,,
145400,Walter,Kannemann,Walter Kannemann,2025,210,walter-kannemann,Argentina,Concepción del Uruguay,Argentina,1991-03-14 00:00:00,Centre-Back,Defender,left,184.0,2027-12-31 00:00:00,,https://img.a.transfermarkt.technology/portrait/header/145400-1547647538.jpg?lm=1,6.0,0.0,,https://www.transfermarkt.co.uk/walter-kannemann/profil/spieler/145400,BRA1,Grêmio Foot-Ball Porto Alegrense,350000.0,6000000.0,210,gremio-porto-alegre,Grêmio Foot-Ball Porto Alegrense,BRA1,,34,26.5,11,32.4,3,Arena do Grêmio,60540,€-6.38m,,2025,../data/raw/transfermarkt-scraper/2025/clubs.json.gz,https://www.transfermarkt.co.uk/gremio-porto-alegre/startseite/verein/210,walter kannemann,True,walter kannemann,Walter Kannemann,CB,Grêmio,1000.0,0.0,2.0,0.6000000000000001,0.8,21.0,2.0,6.0,6.0,8.0,2.0,18.0,16.0,6.0,1.0,walter kannemann,True
145573,,Richardson,Richardson,2024,2029,richardson,Brazil,Natal,Brazil,1991-08-17 00:00:00,Defensive Midfield,Midfield,right,174.0,2026-12-31 00:00:00,Madeira Sports,https://img.a.transfermarkt.technology/portrait/header/145573-1706875630.jpg?lm=1,,,,https://www.transfermarkt.co.uk/richardson/profil/spieler/145573,BRA1,Ceará Sporting Club,,,2029,ceara-sporting-club,Ceará Sporting Club,BRA1,,29,28.0,2,6.9,0,Estádio Governador Plácido Castelo,63904,+€2.30m,Anderson Batatais,2024,../data/raw/transfermarkt-scraper/2024/clubs.json.gz,https://www.transfermarkt.co.uk/ceara-sporting-club/startseite/verein/2029,richardson,False,,,,,,,,,,,,,,,,,,,,,
145707,,Danilo,Danilo,2025,614,danilo,Brazil,Bicas,Brazil,1991-07-15 00:00:00,Centre-Back,Defender,right,184.0,2026-12-31 00:00:00,B2F,https://img.a.transfermarkt.technology/portrait/header/145707-1663577215.jpg?lm=1,75.0,1.0,,https://www.transfermarkt.co.uk/danilo/profil/spieler/145707,BRA1,Clube de Regatas do Flamengo,2000000.0,25000000.0,614,flamengo-rio-de-janeiro,Clube de Regatas do Flamengo,BRA1,,28,28.8,9,32.1,10,Estádio Jornalista Mário Filho,82238,€-13.92m,,2025,../data/raw/transfermarkt-scraper/2025/clubs.json.gz,https://www.transfermarkt.co.uk/flamengo-rio-de-janeiro/startseite/verein/614,danilo,False,,,,,,,,,,,,,,,,,,,,,
147361,,Mayke,Mayke,2025,221,mayke,Brazil,Carangola,Brazil,1992-11-10 00:00:00,Right-Back,Defender,right,178.0,2027-12-31 00:00:00,FMS Gestao Esportiva,https://img.a.transfermarkt.technology/portrait/header/147361-1461926352.jpg?lm=1,,,,https://www.transfermarkt.co.uk/mayke/profil/spieler/147361,BRA1,Santos Futebol Clube,1500000.0,5500000.0,221,fc-santos,Santos Futebol Clube,BRA1,,37,26.7,9,24.3,4,Estádio Urbano Caldeira,16068,+€7.21m,,2025,../data/raw/transfermarkt-scraper/2025/clubs.json.gz,https://www.transfermarkt.co.uk/fc-santos/startseite/verein/221,mayke,True,mayke,Mayke,RB,Palmeiras,1035.0,1.0,0.0,1.2,0.8,73.0,20.0,11.0,8.0,36.0,2.0,36.0,13.0,7.0,0.0,mayke,True
147410,Raúl,Cáceres,Raúl Cáceres,2024,2125,raul-caceres,Paraguay,Asunción,Paraguay,1991-09-18 00:00:00,Right-Back,Defender,right,180.0,2026-12-31 00:00:00,GOL SUDAMERICA,https://img.a.transfermarkt.technology/portrait/header/147410-1606988800.jpg?lm=1,0.0,0.0,,https://www.transfermarkt.co.uk/raul-caceres/profil/spieler/147410,BRA1,Esporte Clube Vitória,,,2125,esporte-clube-vitoria,Esporte Clube Vitória,BRA1,,39,28.3,7,17.9,0,Estádio Manoel Barradas,30793,+€1.36m,,2025,../data/raw/transfermarkt-scraper/2025/clubs.json.gz,https://www.transfermarkt.co.uk/esporte-clube-vitoria/startseite/verein/2125,raul caceres,True,raul caceres,Raúl Cáceres,RB,Vitória,1695.0,0.0,3.0,0.1,2.4,50.0,51.0,18.0,7.0,44.0,7.0,38.0,16.0,2.0,0.0,raul caceres,True
148231,Lucas,Mugni,Lucas Mugni,2025,3876,lucas-mugni,Argentina,Santa Fe,Argentina,1992-01-12 00:00:00,Attacking Midfield,Midfield,left,184.0,2027-12-31 00:00:00,,https://img.a.transfermarkt.technology/portrait/header/148231-1706846245.jpg?lm=1,0.0,0.0,,https://www.transfermarkt.co.uk/lucas-mugni/profil/spieler/148231,BRA1,Mirasol Futebol Clube,200000.0,2500000.0,3876,mirassol-futebol-clube-sp-,Mirasol Futebol Clube,BRA1,,32,30.1,1,3.1,0,Estádio Municipal José María de Campos Maia,14534,+€1.67m,,2025,../data/raw/transfermarkt-scraper/2025/clubs.json.gz,https://www.transfermarkt.co.uk/mirassol-futebol-clube-sp-/startseite/verein/3876,lucas mugni,False,,,,,,,,,,,,,,,,,,,,,
148928,Saúl,Ñíguez,Saúl Ñíguez,2025,614,saul-niguez,Spain,Elche,Spain,1994-11-21 00:00:00,Central Midfield,Midfield,left,184.0,2028-12-31 00:00:00,,https://img.a.transfermarkt.technology/portrait/header/148928-1764256774.jpg?lm=1,19.0,3.0,,https://www.transfermarkt.co.uk/saul-niguez/profil/spieler/148928,BRA1,Clube de Regatas do Flamengo,1000000.0,90000000.0,614,flamengo-rio-de-janeiro,Clube de Regatas do Flamengo,BRA1,,28,28.8,9,32.1,10,Estádio Jornalista Mário Filho,82238,€-13.92m,,2025,../data/raw/transfermarkt-scraper/2025/clubs.json.gz,https://www.transfermarkt.co.uk/flamengo-rio-de-janeiro/startseite/verein/614,saul niguez,False,,,,,,,,,,,,,,,,,,,,,
149752,,Vitor Hugo,Vitor Hugo,2025,330,vitor-hugo,Brazil,Guaraci,Brazil,1991-05-20 00:00:00,Centre-Back,Defender,left,187.0,2028-12-31 00:00:00,BIS,https://img.a.transfermarkt.technology/portrait/header/149752-1630527249.png?lm=1,0.0,0.0,,https://www.transfermarkt.co.uk/vitor-hugo/profil/spieler/149752,BRA1,Clube Atlético Mineiro,500000.0,9000000.0,330,clube-atletico-mineiro,Clube Atlético Mineiro,BRA1,,33,25.7,9,27.3,6,Arena MRV,44892,€-1.24m,,2025,../data/raw/transfermarkt-scraper/2025/clubs.json.gz,https://www.transfermarkt.co.uk/clube-atletico-mineiro/startseite/verein/330,vitor hugo,True,vitor hugo,Vitor Hugo,CB,Bahia,15.0,0.0,0.0,0.0,0.0,0.0,0.0,0.0,0.0,0.0,0.0,0.0,0.0,0.0,0.0,vitor hugo,True
159372,,Felipe Anderson,Felipe Anderson,2025,1023,felipe-anderson,Brazil,Brasília,Brazil,1993-04-15 00:00:00,Left Winger,Attack,right,175.0,2027-12-31 00:00:00,Conquest,https://img.a.transfermarkt.technology/portrait/header/159372-1692963183.jpg?lm=1,2.0,0.0,,https://www.transfermarkt.co.uk/felipe-anderson/profil/spieler/159372,BRA1,Sociedade Esportiva Palmeiras,1500000.0,45000000.0,1023,se-palmeiras-sao-paulo,Sociedade Esportiva Palmeiras,BRA1,,31,25.9,9,29.0,10,Nubank Parque,43713,+€31.54m,,2025,../data/raw/transfermarkt-scraper/2025/clubs.json.gz,https://www.transfermarkt.co.uk/se-palmeiras-sao-paulo/startseite/verein/1023,felipe anderson,True,felipe anderson,Felipe Anderson,LM,Palmeiras,1310.0,2.0,2.0,3.0,4.0,57.0,46.0,42.0,24.0,57.0,7.0,35.0,25.0,0.0,0.0,felipe anderson,True
159893,,Richard Costa,Richard Costa,2024,2029,richard-costa,Brazil,São Paulo,Brazil,1991-03-01 00:00:00,Goalkeeper,Goalkeeper,right,186.0,2026-12-31 00:00:00,Eleven Soccer,https://img.a.transfermarkt.technology/portrait/header/159893-1706876081.jpg?lm=1,,,,https://www.transfermarkt.co.uk/richard-costa/profil/spieler/159893,BRA1,Ceará Sporting Club,,,2029,ceara-sporting-club,Ceará Sporting Club,BRA1,,29,28.0,2,6.9,0,Estádio Governador Plácido Castelo,63904,+€2.30m,Anderson Batatais,2024,../data/raw/transfermarkt-scraper/2024/clubs.json.gz,https://www.transfermarkt.co.uk/ceara-sporting-club/startseite/verein/2029,richard costa,False,,,,,,,,,,,,,,,,,,,,,
160188,,Marcão,Marcão,2024,10492,marcao,Brazil,Itabuna,Brazil,1992-03-06 00:00:00,Goalkeeper,Goalkeeper,right,195.0,2026-06-30 00:00:00,BSB Sports Agency,https://img.a.transfermarkt.technology/portrait/header/160188-1747446682.jpg?lm=1,,,,https://www.transfermarkt.co.uk/marcao/profil/spieler/160188,BRA1,Esporte Clube Juventude,50000.0,50000.0,10492,esporte-clube-juventude,Esporte Clube Juventude,BRA1,,29,28.3,3,10.3,0,Estádio Alfredo Jaconi,23726,+€1.13m,Roger Machado,2024,../data/raw/transfermarkt-scraper/2024/clubs.json.gz,https://www.transfermarkt.co.uk/esporte-clube-juventude/startseite/verein/10492,marcao,False,,,,,,,,,,,,,,,,,,,,,
162807,Juan Martín,Lucero,Juan Martín Lucero,2024,10870,juan-martin-lucero,Argentina,Mendoza,Argentina,1991-10-10 00:00:00,Centre-Forward,Attack,right,183.0,2027-12-31 00:00:00,Lipatin Sports,https://img.a.transfermarkt.technology/portrait/header/162807-1636330927.JPG?lm=1,,,,https://www.transfermarkt.co.uk/juan-martin-lucero/profil/spieler/162807,BRA1,Fortaleza Esporte Clube,,,10870,fortaleza-esporte-clube,Fortaleza Esporte Clube,BRA1,,29,27.1,5,17.2,0,Estádio Governador Plácido Castelo,63904,+€6.25m,Juan Pablo Vojvoda,2024,../data/raw/transfermarkt-scraper/2024/clubs.json.gz,https://www.transfermarkt.co.uk/fortaleza-esporte-clube/startseite/verein/10870,juan martin lucero,True,juan martin lucero,Juan Martín Lucero,FW,Fortaleza,2246.0,8.0,3.0,6.7,2.0,27.0,13.0,10.0,3.0,36.0,3.0,17.0,9.0,8.0,0.0,juan martin lucero,True
162812,,Cauly,Cauly,2025,585,cauly,Brazil,Porto Seguro,Brazil,1995-09-15 00:00:00,Attacking Midfield,Midfield,both,175.0,2026-12-31 00:00:00,Roc Nation Sports,https://img.a.transfermarkt.technology/portrait/header/162812-1622913414.png?lm=1,,,,https://www.transfermarkt.co.uk/cauly/profil/spieler/162812,BRA1,São Paulo Futebol Clube,3000000.0,6000000.0,585,fc-sao-paulo,São Paulo Futebol Clube,BRA1,,42,26.4,9,21.4,3,MorumBIS,72039,+€24.69m,,2025,../data/raw/transfermarkt-scraper/2025/clubs.json.gz,https://www.transfermarkt.co.uk/fc-sao-paulo/startseite/verein/585,cauly,False,,,,,,,,,,,,,,,,,,,,,
162883,Eduardo,Sasha,Eduardo Sasha,2025,8793,eduardo-sasha,Brazil,Porto Alegre,Brazil,1992-02-24 00:00:00,Centre-Forward,Attack,right,173.0,2027-12-31 00:00:00,DK,https://img.a.transfermarkt.technology/portrait/header/162883-1668861785.jpg?lm=1,,,,https://www.transfermarkt.co.uk/eduardo-sasha/profil/spieler/162883,BRA1,Red Bull Bragantino,800000.0,5500000.0,8793,red-bull-bragantino,Red Bull Bragantino,BRA1,,39,25.6,9,23.1,3,Estádio Municipal Cicero De Souza Marques,12000,+€10.50m,,2025,../data/raw/transfermarkt-scraper/2025/clubs.json.gz,https://www.transfermarkt.co.uk/red-bull-bragantino/startseite/verein/8793,eduardo sasha,True,eduardo sasha,Eduardo Sasha,"FW,LW",Red Bull Bragantino,2079.0,8.0,4.0,5.4,2.6,57.0,25.0,33.0,11.0,54.0,8.0,9.0,12.0,7.0,1.0,eduardo sasha,True
164013,,Gilberto,Gilberto,2024,10492,gilberto,Brazil,Piranhas,Brazil,1989-06-05 00:00:00,Centre-Forward,Attack,right,178.0,2026-11-30 00:00:00,OTB Sports,https://img.a.transfermarkt.technology/portrait/header/164013-1464164132.jpg?lm=1,,,,https://www.transfermarkt.co.uk/gilberto/profil/spieler/164013,BRA1,Esporte Clube Juventude,700000.0,1400000.0,10492,esporte-clube-juventude,Esporte Clube Juventude,BRA1,,29,28.3,3,10.3,0,Estádio Alfredo Jaconi,23726,+€1.13m,Roger Machado,2024,../data/raw/transfermarkt-scraper/2024/clubs.json.gz,https://www.transfermarkt.co.uk/esporte-clube-juventude/startseite/verein/10492,gilberto,True,gilberto,Gilberto,FW,Juventude,2058.0,4.0,2.0,3.6999999999999997,2.1,79.0,66.0,48.0,27.0,50.0,5.0,44.0,16.0,3.0,0.0,gilberto,True
167291,,Gabriel Pires,Gabriel Pires,2025,3876,gabriel-pires,Brazil,Resende,Brazil,1993-09-18 00:00:00,Defensive Midfield,Midfield,left,187.0,2026-12-15 00:00:00,RN Sports,https://img.a.transfermarkt.technology/portrait/header/167291-1735939818.jpg?lm=1,,,,https://www.transfermarkt.co.uk/gabriel-pires/profil/spieler/167291,BRA1,Mirasol Futebol Clube,400000.0,15000000.0,3876,mirassol-futebol-clube-sp-,Mirasol Futebol Clube,BRA1,,32,30.1,1,3.1,0,Estádio Municipal José María de Campos Maia,14534,+€1.67m,,2025,../data/raw/transfermarkt-scraper/2025/clubs.json.gz,https://www.transfermarkt.co.uk/mirassol-futebol-clube-sp-/startseite/verein/3876,gabriel pires,False,,,,,,,,,,,,,,,,,,,,,
167724,,Diogo Barbosa,Diogo Barbosa,2024,10870,diogo-barbosa,Brazil,Terra Nova do Norte,Brazil,1992-08-17 00:00:00,Left-Back,Defender,left,179.0,,,https://img.a.transfermarkt.technology/portrait/header/167724-1543835837.jpg?lm=1,,,,https://www.transfermarkt.co.uk/diogo-barbosa/profil/spieler/167724,BRA1,Fortaleza Esporte Clube,,,10870,fortaleza-esporte-clube,Fortaleza Esporte Clube,BRA1,,29,27.1,5,17.2,0,Estádio Governador Plácido Castelo,63904,+€6.25m,Juan Pablo Vojvoda,2024,../data/raw/transfermarkt-scraper/2024/clubs.json.gz,https://www.transfermarkt.co.uk/fortaleza-esporte-clube/startseite/verein/10870,diogo barbosa,True,diogo barbosa,Diogo Barbosa,LB,Fluminense,1759.0,0.0,0.0,0.0,0.6000000000000001,111.0,41.0,35.0,15.0,30.0,0.0,35.0,9.0,5.0,0.0,diogo barbosa,True
167850,Memphis,Depay,Memphis Depay,2025,199,memphis-depay,Netherlands,Moordrecht,Netherlands,1994-02-13 00:00:00,Centre-Forward,Attack,right,178.0,2026-07-31 00:00:00,TEAM DEPAY,https://img.a.transfermarkt.technology/portrait/header/167850-1779892903.jpg?lm=1,112.0,55.0,,https://www.transfermarkt.co.uk/memphis-depay/profil/spieler/167850,BRA1,Sport Club Corinthians Paulista,7000000.0,55000000.0,199,corinthians-sao-paulo,Sport Club Corinthians Paulista,BRA1,,34,27.2,7,20.6,3,Neo Química Arena,49205,+€2.19m,,2025,../data/raw/transfermarkt-scraper/2025/clubs.json.gz,https://www.transfermarkt.co.uk/corinthians-sao-paulo/startseite/verein/199,memphis depay,False,memphis,Memphis,FW,Corinthians,793.0,7.0,1.0,3.7,0.9,31.0,24.0,30.0,13.0,37.0,6.0,8.0,4.0,2.0,0.0,memphis,True
169052,,Edenilson,Edenilson,2025,537,edenilson,Brazil,Porto Alegre,Brazil,1989-12-18 00:00:00,Central Midfield,Midfield,right,175.0,2026-12-31 00:00:00,Elenko Sports Ltda.,https://img.a.transfermarkt.technology/portrait/header/169052-1662689029.jpg?lm=1,2.0,0.0,,https://www.transfermarkt.co.uk/edenilson/profil/spieler/169052,BRA1,S. A. F. Botafogo,250000.0,4000000.0,537,botafogo-rio-de-janeiro,S. A. F. Botafogo,BRA1,,34,26.2,13,38.2,5,Estádio Olímpico Nilton Santos,46931,+€40.04m,,2025,../data/raw/transfermarkt-scraper/2025/clubs.json.gz,https://www.transfermarkt.co.uk/botafogo-rio-de-janeiro/startseite/verein/537,edenilson,True,,,,,,,,,,,,,,,,,,,,,
169179,Alan,Empereur,Alan Empereur,2024,3876,alan-empereur,Brazil,Ipatinga,Brazil,1994-03-10 00:00:00,Centre-Back,Defender,left,186.0,2026-12-31 00:00:00,Rivorelli Sports ,https://img.a.transfermarkt.technology/portrait/header/169179-1567668905.jpg?lm=1,,,,https://www.transfermarkt.co.uk/alan-empereur/profil/spieler/169179,BRA1,Mirasol Futebol Clube,750000.0,1000000.0,3876,mirassol-futebol-clube-sp-,Mirasol Futebol Clube,BRA1,,32,30.1,1,3.1,0,Estádio Municipal José María de Campos Maia,14534,+€1.67m,,2025,../data/raw/transfermarkt-scraper/2025/clubs.json.gz,https://www.transfermarkt.co.uk/mirassol-futebol-clube-sp-/startseite/verein/3876,alan empereur,True,alan empereur,Alan Empereur,CB,Cuiabá,2548.0,0.0,0.0,0.5,1.1,96.0,18.0,7.0,4.0,31.0,1.0,20.0,20.0,9.0,0.0,alan empereur,True
175169,,Bernard,Bernard,2025,330,bernard,Brazil,Belo Horizonte,Brazil,1992-09-08 00:00:00,Left Winger,Attack,right,167.0,2027-12-31 00:00:00,AS Football,https://img.a.transfermarkt.technology/portrait/header/175169-1520412519.jpg?lm=1,14.0,1.0,,https://www.transfermarkt.co.uk/bernard/profil/spieler/175169,BRA1,Clube Atlético Mineiro,600000.0,20000000.0,330,clube-atletico-mineiro,Clube Atlético Mineiro,BRA1,,33,25.7,9,27.3,6,Arena MRV,44892,€-1.24m,,2025,../data/raw/transfermarkt-scraper/2025/clubs.json.gz,https://www.transfermarkt.co.uk/clube-atletico-mineiro/startseite/verein/330,bernard,True,bernard,Bernard,AM,Atlético Mineiro,900.0,0.0,0.0,0.6000000000000001,1.8,61.0,28.0,25.0,12.0,40.0,1.0,20.0,7.0,1.0,0.0,bernard,True
175383,Helton,Leite,Helton Leite,2024,10870,helton-leite,Brazil,Belo Horizonte,Brazil,1990-11-02 00:00:00,Goalkeeper,Goalkeeper,right,196.0,2026-11-30 00:00:00,Team of Future,https://img.a.transfermarkt.technology/portrait/header/175383-1695393680.png?lm=1,,,,https://www.transfermarkt.co.uk/helton-leite/profil/spieler/175383,BRA1,Fortaleza Esporte Clube,1000000.0,7000000.0,10870,fortaleza-esporte-clube,Fortaleza Esporte Clube,BRA1,,29,27.1,5,17.2,0,Estádio Governador Plácido Castelo,63904,+€6.25m,Juan Pablo Vojvoda,2024,../data/raw/transfermarkt-scraper/2024/clubs.json.gz,https://www.transfermarkt.co.uk/fortaleza-esporte-clube/startseite/verein/10870,helton leite,False,,,,,,,,,,,,,,,,,,,,,
175792,,André Ramalho,André Ramalho,2025,199,andre-ramalho,Brazil,Ibiúna,Brazil,1992-02-16 00:00:00,Centre-Back,Defender,both,182.0,2026-12-31 00:00:00,,https://img.a.transfermarkt.technology/portrait/header/175792-1721347430.jpg?lm=1,,,,https://www.transfermarkt.co.uk/andre-ramalho/profil/spieler/175792,BRA1,Sport Club Corinthians Paulista,800000.0,4500000.0,199,corinthians-sao-paulo,Sport Club Corinthians Paulista,BRA1,,34,27.2,7,20.6,3,Neo Química Arena,49205,+€2.19m,,2025,../data/raw/transfermarkt-scraper/2025/clubs.json.gz,https://www.transfermarkt.co.uk/corinthians-sao-paulo/startseite/verein/199,andre ramalho,True,andre ramalho,André Ramalho,CB,Corinthians,1482.0,0.0,1.0,0.2,0.30000000000000004,53.0,10.0,6.0,5.0,15.0,4.0,24.0,20.0,5.0,1.0,andre ramalho,True
176140,Rodrigo,Ely,Rodrigo Ely,2024,210,rodrigo-ely,Brazil,Lajeado,Brazil,1993-11-03 00:00:00,Centre-Back,Defender,right,188.0,2028-06-30 00:00:00,Rafaela Pimenta,https://img.a.transfermarkt.technology/portrait/header/176140-1448982160.jpg?lm=1,3.0,0.0,,https://www.transfermarkt.co.uk/rodrigo-ely/profil/spieler/176140,BRA1,Grêmio Foot-Ball Porto Alegrense,3000000.0,6000000.0,210,gremio-porto-alegre,Grêmio Foot-Ball Porto Alegrense,BRA1,,34,26.5,11,32.4,3,Arena do Grêmio,60540,€-6.38m,,2025,../data/raw/transfermarkt-scraper/2025/clubs.json.gz,https://www.transfermarkt.co.uk/gremio-porto-alegre/startseite/verein/210,rodrigo ely,True,rodrigo ely,Rodrigo Ely,CB,Grêmio,1569.0,1.0,0.0,0.9,0.2,36.0,3.0,5.0,4.0,10.0,0.0,37.0,32.0,5.0,0.0,rodrigo ely,True
188862,Guillermo,Varela,Guillermo Varela,2025,614,guillermo-varela,Uruguay,Montevideo,Uruguay,1993-03-24 00:00:00,Right-Back,Defender,right,174.0,2027-12-31 00:00:00,DE 9 FÚTBOL,https://img.a.transfermarkt.technology/portrait/header/188862-1770771666.jpg?lm=1,30.0,0.0,,https://www.transfermarkt.co.uk/guillermo-varela/profil/spieler/188862,BRA1,Clube de Regatas do Flamengo,1000000.0,2500000.0,614,flamengo-rio-de-janeiro,Clube de Regatas do Flamengo,BRA1,,28,28.8,9,32.1,10,Estádio Jornalista Mário Filho,82238,€-13.92m,,2025,../data/raw/transfermarkt-scraper/2025/clubs.json.gz,https://www.transfermarkt.co.uk/flamengo-rio-de-janeiro/startseite/verein/614,guillermo varela,True,guillermo varela,Guillermo Varela,RB,Flamengo,1038.0,1.0,0.0,0.2,1.0,24.0,14.0,15.0,6.0,17.0,2.0,18.0,12.0,2.0,0.0,guillermo varela,True
193925,,Romarinho,Romarinho,2024,2125,romarinho,Brazil,Palestina,Brazil,1990-12-12 00:00:00,Centre-Forward,Attack,right,176.0,,LB SPORTS COMPANY,https://img.a.transfermarkt.technology/portrait/header/193925-1740677001.png?lm=1,,,,https://www.transfermarkt.co.uk/romarinho/profil/spieler/193925,BRA1,Esporte Clube Vitória,,,2125,esporte-clube-vitoria,Esporte Clube Vitória,BRA1,,39,28.3,7,17.9,0,Estádio Manoel Barradas,30793,+€1.36m,,2025,../data/raw/transfermarkt-scraper/2025/clubs.json.gz,https://www.transfermarkt.co.uk/esporte-clube-vitoria/startseite/verein/2125,romarinho,False,,,,,,,,,,,,,,,,,,,,,
195810,,Bastos,Bastos,2025,537,bastos,Angola,Luanda,Angola,1991-03-27 00:00:00,Centre-Back,Defender,right,184.0,2026-12-31 00:00:00,,https://img.a.transfermarkt.technology/portrait/header/195810-1633193060.png?lm=1,54.0,2.0,,https://www.transfermarkt.co.uk/bastos/profil/spieler/195810,BRA1,S. A. F. Botafogo,600000.0,8000000.0,537,botafogo-rio-de-janeiro,S. A. F. Botafogo,BRA1,,34,26.2,13,38.2,5,Estádio Olímpico Nilton Santos,46931,+€40.04m,,2025,../data/raw/transfermarkt-scraper/2025/clubs.json.gz,https://www.transfermarkt.co.uk/botafogo-rio-de-janeiro/startseite/verein/537,bastos,True,bastos,Bastos,CB,Botafogo (RJ),2628.0,3.0,0.0,1.8,0.1,111.0,12.0,5.0,2.0,21.0,2.0,32.0,27.0,6.0,0.0,bastos,True
195882,Gonzalo,Mastriani,Gonzalo Mastriani,2024,537,gonzalo-mastriani,Uruguay,Montevideo,Uruguay,1993-04-28 00:00:00,Centre-Forward,Attack,left,182.0,2026-11-30 00:00:00,GOL SUDAMERICA,https://img.a.transfermarkt.technology/portrait/header/195882-1682804477.jpg?lm=1,0.0,0.0,,https://www.transfermarkt.co.uk/gonzalo-mastriani/profil/spieler/195882,BRA1,S. A. F. Botafogo,,,537,botafogo-rio-de-janeiro,S. A. F. Botafogo,BRA1,,34,26.2,13,38.2,5,Estádio Olímpico Nilton Santos,46931,+€40.04m,,2025,../data/raw/transfermarkt-scraper/2025/clubs.json.gz,https://www.transfermarkt.co.uk/botafogo-rio-de-janeiro/startseite/verein/537,gonzalo mastriani,True,gonzalo mastriani,Gonzalo Mastriani,FW,Athletico Paranaense,900.0,4.0,0.0,4.2,0.8999999999999999,17.0,2.0,12.0,1.0,19.0,0.0,15.0,8.0,0.0,0.0,gonzalo mastriani,True
198250,,Samuel Xavier,Samuel Xavier,2025,2462,samuel-xavier,Brazil,São Paulo,Brazil,1990-06-06 00:00:00,Right-Back,Defender,right,166.0,2027-12-31 00:00:00,,https://img.a.transfermarkt.technology/portrait/header/198250-1751718737.jpg?lm=1,,,,https://www.transfermarkt.co.uk/samuel-xavier/profil/spieler/198250,BRA1,Fluminense Football Club,200000.0,2000000.0,2462,fluminense-rio-de-janeiro,Fluminense Football Club,BRA1,,33,29.7,11,33.3,4,Estádio Jornalista Mário Filho,82238,€-6.76m,,2025,../data/raw/transfermarkt-scraper/2025/clubs.json.gz,https://www.transfermarkt.co.uk/fluminense-rio-de-janeiro/startseite/verein/2462,samuel xavier,True,samuel xavier,Samuel Xavier,RB,Fluminense,2660.0,0.0,2.0,0.7000000000000001,1.9000000000000001,135.0,64.0,31.0,9.0,59.0,5.0,48.0,19.0,5.0,0.0,samuel xavier,True
198859,,João Schmidt,João Schmidt,2025,221,joao-schmidt,Brazil,São Paulo,Brazil,1993-05-19 00:00:00,Defensive Midfield,Midfield,left,183.0,2027-12-31 00:00:00,Energy Sports,https://img.a.transfermarkt.technology/portrait/header/198859-1706144078.jpg?lm=1,5.0,0.0,,https://www.transfermarkt.co.uk/joao-schmidt/profil/spieler/198859,BRA1,Santos Futebol Clube,700000.0,1400000.0,221,fc-santos,Santos Futebol Clube,BRA1,,37,26.7,9,24.3,4,Estádio Urbano Caldeira,16068,+€7.21m,,2025,../data/raw/transfermarkt-scraper/2025/clubs.json.gz,https://www.transfermarkt.co.uk/fc-santos/startseite/verein/221,joao schmidt,False,,,,,,,,,,,,,,,,,,,,,
203394,Andreas,Pereira,Andreas Pereira,2025,1023,andreas-pereira,Belgium,Duffel,Brazil,1996-01-01 00:00:00,Central Midfield,Midfield,right,178.0,2028-12-31 00:00:00,Bertolucci Sports,https://img.a.transfermarkt.technology/portrait/header/203394-1659355525.jpg?lm=1,10.0,2.0,,https://www.transfermarkt.co.uk/andreas-pereira/profil/spieler/203394,BRA1,Sociedade Esportiva Palmeiras,14000000.0,20000000.0,1023,se-palmeiras-sao-paulo,Sociedade Esportiva Palmeiras,BRA1,,31,25.9,9,29.0,10,Nubank Parque,43713,+€31.54m,,2025,../data/raw/transfermarkt-scraper/2025/clubs.json.gz,https://www.transfermarkt.co.uk/se-palmeiras-sao-paulo/startseite/verein/1023,andreas pereira,False,,,,,,,,,,,,,,,,,,,,,
203822,,Ruan Carneiro,Ruan Carneiro,2024,10492,ruan-carneiro,Brazil,Balsas,Brazil,1990-03-28 00:00:00,Goalkeeper,Goalkeeper,right,195.0,2027-12-31 00:00:00,,https://img.a.transfermarkt.technology/portrait/header/203822-1747446327.jpg?lm=1,,,,https://www.transfermarkt.co.uk/ruan-carneiro/profil/spieler/203822,BRA1,Esporte Clube Juventude,,,10492,esporte-clube-juventude,Esporte Clube Juventude,BRA1,,29,28.3,3,10.3,0,Estádio Alfredo Jaconi,23726,+€1.13m,Roger Machado,2024,../data/raw/transfermarkt-scraper/2024/clubs.json.gz,https://www.transfermarkt.co.uk/esporte-clube-juventude/startseite/verein/10492,ruan carneiro,False,,,,,,,,,,,,,,,,,,,,,
205041,,Everaldo,Everaldo,2025,10010,everaldo,Brazil,Garibaldi,Brazil,1991-07-05 00:00:00,Centre-Forward,Attack,right,182.0,2026-12-31 00:00:00,Kiraht Sports,https://img.a.transfermarkt.technology/portrait/header/205041-1751719002.jpg?lm=1,,,,https://www.transfermarkt.co.uk/everaldo/profil/spieler/205041,BRA1,Esporte Clube Bahia,350000.0,1500000.0,10010,esporte-clube-bahia,Esporte Clube Bahia,BRA1,,32,26.6,9,28.1,3,Arena Fonte Nova,47364,+€8.14m,,2025,../data/raw/transfermarkt-scraper/2025/clubs.json.gz,https://www.transfermarkt.co.uk/esporte-clube-bahia/startseite/verein/10010,everaldo,True,everaldo,Everaldo,LM,Vitória,421.0,2.0,0.0,1.0,0.1,16.0,18.0,14.0,5.0,4.0,0.0,6.0,2.0,2.0,0.0,everaldo,True
208681,,Gustavo Henrique,Gustavo Henrique,2025,199,gustavo-henrique,Brazil,São Paulo,Brazil,1993-03-24 00:00:00,Centre-Back,Defender,right,194.0,2027-12-31 00:00:00,Casa Soccer M9,https://img.a.transfermarkt.technology/portrait/header/208681-1725326922.jpg?lm=1,0.0,0.0,,https://www.transfermarkt.co.uk/gustavo-henrique/profil/spieler/208681,BRA1,Sport Club Corinthians Paulista,700000.0,3500000.0,199,corinthians-sao-paulo,Sport Club Corinthians Paulista,BRA1,,34,27.2,7,20.6,3,Neo Química Arena,49205,+€2.19m,,2025,../data/raw/transfermarkt-scraper/2025/clubs.json.gz,https://www.transfermarkt.co.uk/corinthians-sao-paulo/startseite/verein/199,gustavo henrique,True,,,,,,,,,,,,,,,,,,,,,
210747,Willian,Arão,Willian Arão,2025,221,willian-arao,Brazil,São Paulo,Brazil,1992-03-12 00:00:00,Defensive Midfield,Midfield,right,181.0,2026-12-31 00:00:00,Brazil Football,https://img.a.transfermarkt.technology/portrait/header/210747-1748888804.png?lm=1,1.0,0.0,,https://www.transfermarkt.co.uk/willian-arao/profil/spieler/210747,BRA1,Santos Futebol Clube,800000.0,7000000.0,221,fc-santos,Santos Futebol Clube,BRA1,,37,26.7,9,24.3,4,Estádio Urbano Caldeira,16068,+€7.21m,,2025,../data/raw/transfermarkt-scraper/2025/clubs.json.gz,https://www.transfermarkt.co.uk/fc-santos/startseite/verein/221,willian arao,False,,,,,,,,,,,,,,,,,,,,,
212209,,Renê,Renê,2025,2462,rene,Brazil,Picos,Brazil,1992-09-14 00:00:00,Left-Back,Defender,left,174.0,2027-12-31 00:00:00,LINK SPORTS,https://img.a.transfermarkt.technology/portrait/header/212209-1756394469.jpg?lm=1,,,,https://www.transfermarkt.co.uk/rene/profil/spieler/212209,BRA1,Fluminense Football Club,400000.0,3000000.0,2462,fluminense-rio-de-janeiro,Fluminense Football Club,BRA1,,33,29.7,11,33.3,4,Estádio Jornalista Mário Filho,82238,€-6.76m,,2025,../data/raw/transfermarkt-scraper/2025/clubs.json.gz,https://www.transfermarkt.co.uk/fluminense-rio-de-janeiro/startseite/verein/2462,rene,True,,,,,,,,,,,,,,,,,,,,,
213619,,Rafa Silva,Rafa Silva,2024,3876,rafa-silva,Brazil,São Paulo,Brazil,1992-04-04 00:00:00,Centre-Forward,Attack,right,179.0,,,https://img.a.transfermarkt.technology/portrait/header/213619-1650980816.jpg?lm=1,,,,https://www.transfermarkt.co.uk/rafa-silva/profil/spieler/213619,BRA1,Mirasol Futebol Clube,,,3876,mirassol-futebol-clube-sp-,Mirasol Futebol Clube,BRA1,,32,30.1,1,3.1,0,Estádio Municipal José María de Campos Maia,14534,+€1.67m,,2025,../data/raw/transfermarkt-scraper/2025/clubs.json.gz,https://www.transfermarkt.co.uk/mirassol-futebol-clube-sp-/startseite/verein/3876,rafa silva,False,rafael silva,Rafael Silva,RW,Cruzeiro,527.0,3.0,0.0,1.8,0.1,10.0,6.0,10.0,5.0,8.0,0.0,4.0,3.0,2.0,1.0,rafael silva,True
214701,,Bruno,Bruno,2024,2029,bruno,Brazil,São Paulo,Brazil,1994-03-16 00:00:00,Goalkeeper,Goalkeeper,right,197.0,2027-12-31 00:00:00,AD SPORTS,https://img.a.transfermarkt.technology/portrait/header/214701-1743854096.jpg?lm=1,,,,https://www.transfermarkt.co.uk/bruno/profil/spieler/214701,BRA1,Ceará Sporting Club,200000.0,200000.0,2029,ceara-sporting-club,Ceará Sporting Club,BRA1,,29,28.0,2,6.9,0,Estádio Governador Plácido Castelo,63904,+€2.30m,Anderson Batatais,2024,../data/raw/transfermarkt-scraper/2024/clubs.json.gz,https://www.transfermarkt.co.uk/ceara-sporting-club/startseite/verein/2029,bruno,False,,,,,,,,,,,,,,,,,,,,,
215390,Gustavo,Gómez,Gustavo Gómez,2025,1023,gustavo-gomez,Paraguay,San Juan Bautista,Paraguay,1993-05-06 00:00:00,Centre-Back,Defender,right,185.0,2027-12-31 00:00:00,La Squadra Sports,https://img.a.transfermarkt.technology/portrait/header/215390-1746578699.jpg?lm=1,94.0,4.0,,https://www.transfermarkt.co.uk/gustavo-gomez/profil/spieler/215390,BRA1,Sociedade Esportiva Palmeiras,3500000.0,9000000.0,1023,se-palmeiras-sao-paulo,Sociedade Esportiva Palmeiras,BRA1,,31,25.9,9,29.0,10,Nubank Parque,43713,+€31.54m,,2025,../data/raw/transfermarkt-scraper/2025/clubs.json.gz,https://www.transfermarkt.co.uk/se-palmeiras-sao-paulo/startseite/verein/1023,gustavo gomez,True,gustavo gomez,Gustavo Gómez,CB,Palmeiras,2367.0,1.0,2.0,3.7,1.7999999999999998,82.0,8.0,4.0,1.0,22.0,2.0,38.0,35.0,9.0,0.0,gustavo gomez,True
215616,Erick,Pulgar,Erick Pulgar,2025,614,erick-pulgar,Chile,Antofagasta,Chile,1994-01-15 00:00:00,Defensive Midfield,Midfield,right,188.0,2027-12-31 00:00:00,,https://img.a.transfermarkt.technology/portrait/header/215616-1744288828.jpg?lm=1,54.0,4.0,,https://www.transfermarkt.co.uk/erick-pulgar/profil/spieler/215616,BRA1,Clube de Regatas do Flamengo,4500000.0,15000000.0,614,flamengo-rio-de-janeiro,Clube de Regatas do Flamengo,BRA1,,28,28.8,9,32.1,10,Estádio Jornalista Mário Filho,82238,€-13.92m,,2025,../data/raw/transfermarkt-scraper/2025/clubs.json.gz,https://www.transfermarkt.co.uk/flamengo-rio-de-janeiro/startseite/verein/614,erick pulgar,True,erick pulgar,Erick Pulgar,DM,Flamengo,1750.0,0.0,3.0,1.0,1.8,110.0,12.0,10.0,5.0,46.0,5.0,51.0,20.0,7.0,1.0,erick pulgar,True
215915,Igor,Coronado,Igor Coronado,2024,199,igor-coronado,Brazil,Londrina,Italy,1992-08-18 00:00:00,Attacking Midfield,Midfield,right,170.0,2027-06-30 00:00:00,Victrix,https://img.a.transfermarkt.technology/portrait/header/215915-1703280013.png?lm=1,,,,https://www.transfermarkt.co.uk/igor-coronado/profil/spieler/215915,BRA1,Sport Club Corinthians Paulista,,,199,corinthians-sao-paulo,Sport Club Corinthians Paulista,BRA1,,34,27.2,7,20.6,3,Neo Química Arena,49205,+€2.19m,,2025,../data/raw/transfermarkt-scraper/2025/clubs.json.gz,https://www.transfermarkt.co.uk/corinthians-sao-paulo/startseite/verein/199,igor coronado,True,igor coronado,Igor Coronado,AM,Corinthians,1378.0,1.0,2.0,1.2,3.9000000000000004,114.0,71.0,78.0,30.0,79.0,3.0,33.0,27.0,6.0,0.0,igor coronado,True
217228,Jean,Meneses,Jean Meneses,2024,978,jean-meneses,Chile,Quillota,Chile,1993-03-16 00:00:00,Left Winger,Attack,right,163.0,2026-12-31 00:00:00,Mundo Futuro Chile,https://img.a.transfermarkt.technology/portrait/header/217228-1772646670.JPG?lm=1,24.0,3.0,,https://www.transfermarkt.co.uk/jean-meneses/profil/spieler/217228,BRA1,Club de Regatas Vasco da Gama,,,978,vasco-da-gama-rio-de-janeiro,Club de Regatas Vasco da Gama,BRA1,,32,26.1,10,31.3,5,Estádio São Januário,24584,+€23.85m,,2025,../data/raw/transfermarkt-scraper/2025/clubs.json.gz,https://www.transfermarkt.co.uk/vasco-da-gama-rio-de-janeiro/startseite/verein/978,jean meneses,True,jean meneses,Jean Meneses,AM,Vasco da Gama,291.0,0.0,0.0,0.0,0.1,7.0,7.0,8.0,1.0,3.0,0.0,5.0,5.0,0.0,0.0,jean meneses,True
218118,Lucas,Silva,Lucas Silva,2025,609,lucas-silva,Brazil,Bom Jesus de Goiás,Brazil,1993-02-16 00:00:00,Defensive Midfield,Midfield,right,181.0,2027-12-31 00:00:00,,https://img.a.transfermarkt.technology/portrait/header/218118-1547648251.jpg?lm=1,7.0,1.0,,https://www.transfermarkt.co.uk/lucas-silva/profil/spieler/218118,BRA1,Cruzeiro Esporte Clube,450000.0,13000000.0,609,ec-cruzeiro-belo-horizonte,Cruzeiro Esporte Clube,BRA1,,30,26.8,7,23.3,3,Estádio Governador Magalhães Pinto,61927,€-36.26m,,2025,../data/raw/transfermarkt-scraper/2025/clubs.json.gz,https://www.transfermarkt.co.uk/ec-cruzeiro-belo-horizonte/startseite/verein/609,lucas silva,True,,,,,,,,,,,,,,,,,,,,,
219835,,Alex Santana,Alex Santana,2025,199,alex-santana,Brazil,Atibaia,Brazil,1995-05-13 00:00:00,Central Midfield,Midfield,right,182.0,2027-12-31 00:00:00,ENGELMAN SPORTS LTD,https://img.a.transfermarkt.technology/portrait/header/219835-1622913468.png?lm=1,,,,https://www.transfermarkt.co.uk/alex-santana/profil/spieler/219835,BRA1,Sport Club Corinthians Paulista,1000000.0,2000000.0,199,corinthians-sao-paulo,Sport Club Corinthians Paulista,BRA1,,34,27.2,7,20.6,3,Neo Química Arena,49205,+€2.19m,,2025,../data/raw/transfermarkt-scraper/2025/clubs.json.gz,https://www.transfermarkt.co.uk/corinthians-sao-paulo/startseite/verein/199,alex santana,True,alex santana,Alex Santana,FW,Athletico Paranaense,670.0,0.0,0.0,0.8999999999999999,0.2,24.0,10.0,9.0,4.0,15.0,2.0,20.0,7.0,4.0,0.0,alex santana,True
223560,,Luciano,Luciano,2025,585,luciano,Brazil,Anápolis,Brazil,1993-05-18 00:00:00,Centre-Forward,Attack,left,181.0,2028-12-31 00:00:00,Elenko Sports Ltda.,https://img.a.transfermarkt.technology/portrait/header/223560-1750986922.jpg?lm=1,6.0,5.0,,https://www.transfermarkt.co.uk/luciano/profil/spieler/223560,BRA1,São Paulo Futebol Clube,1300000.0,5500000.0,585,fc-sao-paulo,São Paulo Futebol Clube,BRA1,,42,26.4,9,21.4,3,MorumBIS,72039,+€24.69m,,2025,../data/raw/transfermarkt-scraper/2025/clubs.json.gz,https://www.transfermarkt.co.uk/fc-sao-paulo/startseite/verein/585,luciano,True,luciano,Luciano,FW,São Paulo,2302.0,11.0,2.0,7.0,2.2,91.0,24.0,36.0,15.0,60.0,10.0,26.0,23.0,13.0,1.0,luciano,True
225432,,Zé Rafael,Zé Rafael,2025,221,ze-rafael,Brazil,Ponta Grossa,Brazil,1993-06-16 00:00:00,Central Midfield,Midfield,right,175.0,2027-12-31 00:00:00,Roc Nation Sports,https://img.a.transfermarkt.technology/portrait/header/225432-1778452005.jpg?lm=1,,,,https://www.transfermarkt.co.uk/ze-rafael/profil/spieler/225432,BRA1,Santos Futebol Clube,1500000.0,5000000.0,221,fc-santos,Santos Futebol Clube,BRA1,,37,26.7,9,24.3,4,Estádio Urbano Caldeira,16068,+€7.21m,,2025,../data/raw/transfermarkt-scraper/2025/clubs.json.gz,https://www.transfermarkt.co.uk/fc-santos/startseite/verein/221,ze rafael,True,ze rafael,Zé Rafael,CM,Palmeiras,951.0,0.0,2.0,0.4,1.8,49.0,10.0,19.0,6.0,34.0,5.0,25.0,10.0,7.0,0.0,ze rafael,True
225617,,Reinaldo,Reinaldo,2025,3876,reinaldo,Brazil,Porto Calvo,Brazil,1989-09-28 00:00:00,Left-Back,Defender,left,178.0,2026-12-31 00:00:00,,https://img.a.transfermarkt.technology/portrait/header/225617-1488967289.jpg?lm=1,,,,https://www.transfermarkt.co.uk/reinaldo/profil/spieler/225617,BRA1,Mirasol Futebol Clube,350000.0,4000000.0,3876,mirassol-futebol-clube-sp-,Mirasol Futebol Clube,BRA1,,32,30.1,1,3.1,0,Estádio Municipal José María de Campos Maia,14534,+€1.67m,,2025,../data/raw/transfermarkt-scraper/2025/clubs.json.gz,https://www.transfermarkt.co.uk/mirassol-futebol-clube-sp-/startseite/verein/3876,reinaldo,True,reinaldo,Reinaldo,LB,Grêmio,2436.0,2.0,2.0,1.6,2.9000000000000004,127.0,34.0,50.0,27.0,76.0,4.0,51.0,19.0,5.0,0.0,reinaldo,True
225984,Matheus,Pereira,Matheus Pereira,2025,609,matheus-pereira,Brazil,Belo Horizonte,Brazil,1996-05-05 00:00:00,Attacking Midfield,Midfield,left,175.0,2028-12-31 00:00:00,Dut's Mkt,https://img.a.transfermarkt.technology/portrait/header/225984-1697289790.jpg?lm=1,1.0,0.0,,https://www.transfermarkt.co.uk/matheus-pereira/profil/spieler/225984,BRA1,Cruzeiro Esporte Clube,14000000.0,15000000.0,609,ec-cruzeiro-belo-horizonte,Cruzeiro Esporte Clube,BRA1,,30,26.8,7,23.3,3,Estádio Governador Magalhães Pinto,61927,€-36.26m,,2025,../data/raw/transfermarkt-scraper/2025/clubs.json.gz,https://www.transfermarkt.co.uk/ec-cruzeiro-belo-horizonte/startseite/verein/609,matheus pereira,True,,,,,,,,,,,,,,,,,,,,,
227081,Joaquín,Correa,Joaquín Correa,2025,537,joaquin-correa,Argentina,Juan Bautista Alberdi,Argentina,1994-08-13 00:00:00,Second Striker,Attack,right,188.0,2027-12-31 00:00:00,World Soccer Agency,https://img.a.transfermarkt.technology/portrait/header/227081-1724826843.jpg?lm=1,19.0,4.0,,https://www.transfermarkt.co.uk/joaquin-correa/profil/spieler/227081,BRA1,S. A. F. Botafogo,1500000.0,38000000.0,537,botafogo-rio-de-janeiro,S. A. F. Botafogo,BRA1,,34,26.2,13,38.2,5,Estádio Olímpico Nilton Santos,46931,+€40.04m,,2025,../data/raw/transfermarkt-scraper/2025/clubs.json.gz,https://www.transfermarkt.co.uk/botafogo-rio-de-janeiro/startseite/verein/537,joaquin correa,False,,,,,,,,,,,,,,,,,,,,,
227671,Tiago,Volpi,Tiago Volpi,2025,8793,tiago-volpi,Brazil,Blumenau,Brazil,1990-12-19 00:00:00,Goalkeeper,Goalkeeper,right,189.0,2026-12-31 00:00:00,Brazil Soccer,https://img.a.transfermarkt.technology/portrait/header/227671-1547634654.jpg?lm=1,,,,https://www.transfermarkt.co.uk/tiago-volpi/profil/spieler/227671,BRA1,Red Bull Bragantino,900000.0,4000000.0,8793,red-bull-bragantino,Red Bull Bragantino,BRA1,,39,25.6,9,23.1,3,Estádio Municipal Cicero De Souza Marques,12000,+€10.50m,,2025,../data/raw/transfermarkt-scraper/2025/clubs.json.gz,https://www.transfermarkt.co.uk/red-bull-bragantino/startseite/verein/8793,tiago volpi,False,,,,,,,,,,,,,,,,,,,,,
228433,,Wendell,Wendell,2025,585,wendell,Brazil,Fortaleza,Brazil,1993-07-20 00:00:00,Left-Back,Defender,left,176.0,2027-12-31 00:00:00,AIS Football,https://img.a.transfermarkt.technology/portrait/header/228433-1669115150.png?lm=1,6.0,0.0,,https://www.transfermarkt.co.uk/wendell/profil/spieler/228433,BRA1,São Paulo Futebol Clube,1500000.0,25000000.0,585,fc-sao-paulo,São Paulo Futebol Clube,BRA1,,42,26.4,9,21.4,3,MorumBIS,72039,+€24.69m,,2025,../data/raw/transfermarkt-scraper/2025/clubs.json.gz,https://www.transfermarkt.co.uk/fc-sao-paulo/startseite/verein/585,wendell,False,,,,,,,,,,,,,,,,,,,,,
229736,,Alisson,Alisson,2025,2462,alisson,Brazil,Rio Pomba,Brazil,1993-06-25 00:00:00,Central Midfield,Midfield,right,174.0,2026-12-31 00:00:00,Un1que Football,https://img.a.transfermarkt.technology/portrait/header/229736-1721350446.jpg?lm=1,3.0,0.0,,https://www.transfermarkt.co.uk/alisson/profil/spieler/229736,BRA1,Fluminense Football Club,800000.0,4000000.0,2462,fluminense-rio-de-janeiro,Fluminense Football Club,BRA1,,33,29.7,11,33.3,4,Estádio Jornalista Mário Filho,82238,€-6.76m,,2025,../data/raw/transfermarkt-scraper/2025/clubs.json.gz,https://www.transfermarkt.co.uk/fluminense-rio-de-janeiro/startseite/verein/2462,alisson,True,,,,,,,,,,,,,,,,,,,,,
230014,Guido,Herrera,Guido Herrera,2025,10010,guido-herrera,Argentina,Río Cuarto,Argentina,1992-02-29 00:00:00,Goalkeeper,Goalkeeper,left,187.0,2027-12-31 00:00:00,LG & ASOC,https://img.a.transfermarkt.technology/portrait/header/230014-1771859930.jpg?lm=1,0.0,0.0,,https://www.transfermarkt.co.uk/guido-herrera/profil/spieler/230014,BRA1,Esporte Clube Bahia,1500000.0,3000000.0,10010,esporte-clube-bahia,Esporte Clube Bahia,BRA1,,32,26.6,9,28.1,3,Arena Fonte Nova,47364,+€8.14m,,2025,../data/raw/transfermarkt-scraper/2025/clubs.json.gz,https://www.transfermarkt.co.uk/esporte-clube-bahia/startseite/verein/10010,guido herrera,False,,,,,,,,,,,,,,,,,,,,,
232847,,Lucas Lima,Lucas Lima,2024,8718,lucas-lima,Brazil,Marília,Brazil,1990-07-09 00:00:00,Attacking Midfield,Midfield,left,176.0,2026-11-30 00:00:00,LINK SPORTS,https://img.a.transfermarkt.technology/portrait/header/232847-1743725252.jpg?lm=1,14.0,2.0,,https://www.transfermarkt.co.uk/lucas-lima/profil/spieler/232847,BRA1,Sport Club do Recife,,,8718,sport-club-do-recife,Sport Club do Recife,BRA1,,29,27.1,1,3.4,0,Estádio Adelmar da Costa Carvalho,35000,+€2.95m,Mariano Soso,2024,../data/raw/transfermarkt-scraper/2024/clubs.json.gz,https://www.transfermarkt.co.uk/sport-club-do-recife/startseite/verein/8718,lucas lima,False,,,,,,,,,,,,,,,,,,,,,
234538,,Victor Luís,Victor Luís,2025,3876,victor-luis,Brazil,São Paulo,Brazil,1993-06-23 00:00:00,Left-Back,Defender,left,177.0,2026-12-10 00:00:00,LINK SPORTS,https://img.a.transfermarkt.technology/portrait/header/234538-1662312905.jpg?lm=1,,,,https://www.transfermarkt.co.uk/victor-luis/profil/spieler/234538,BRA1,Mirasol Futebol Clube,300000.0,2000000.0,3876,mirassol-futebol-clube-sp-,Mirasol Futebol Clube,BRA1,,32,30.1,1,3.1,0,Estádio Municipal José María de Campos Maia,14534,+€1.67m,,2025,../data/raw/transfermarkt-scraper/2025/clubs.json.gz,https://www.transfermarkt.co.uk/mirassol-futebol-clube-sp-/startseite/verein/3876,victor luis,True,victor luis,Victor Luis,LM,Vasco da Gama,442.0,1.0,1.0,0.3,0.30000000000000004,17.0,9.0,6.0,3.0,6.0,1.0,14.0,5.0,3.0,1.0,victor luis,True
236202,,Wanderson,Wanderson,2025,609,wanderson,Brazil,São Luís,Brazil,1994-10-07 00:00:00,Left Winger,Attack,right,175.0,2027-12-31 00:00:00,,https://img.a.transfermarkt.technology/portrait/header/236202-1574609625.png?lm=1,,,,https://www.transfermarkt.co.uk/wanderson/profil/spieler/236202,BRA1,Cruzeiro Esporte Clube,3000000.0,11000000.0,609,ec-cruzeiro-belo-horizonte,Cruzeiro Esporte Clube,BRA1,,30,26.8,7,23.3,3,Estádio Governador Magalhães Pinto,61927,€-36.26m,,2025,../data/raw/transfermarkt-scraper/2025/clubs.json.gz,https://www.transfermarkt.co.uk/ec-cruzeiro-belo-horizonte/startseite/verein/609,wanderson,True,,,,,,,,,,,,,,,,,,,,,
239294,,Jair,Jair,2025,978,jair,Brazil,Ibirubá,Brazil,1994-08-26 00:00:00,Defensive Midfield,Midfield,right,178.0,2026-12-31 00:00:00,Prattes Group,https://img.a.transfermarkt.technology/portrait/header/239294-1662404334.jpg?lm=1,,,,https://www.transfermarkt.co.uk/jair/profil/spieler/239294,BRA1,Club de Regatas Vasco da Gama,800000.0,5500000.0,978,vasco-da-gama-rio-de-janeiro,Club de Regatas Vasco da Gama,BRA1,,32,26.1,10,31.3,5,Estádio São Januário,24584,+€23.85m,,2025,../data/raw/transfermarkt-scraper/2025/clubs.json.gz,https://www.transfermarkt.co.uk/vasco-da-gama-rio-de-janeiro/startseite/verein/978,jair,True,jair,Jair,DM,Vasco da Gama,271.0,0.0,0.0,0.0,0.0,17.0,3.0,4.0,1.0,2.0,0.0,11.0,2.0,2.0,0.0,jair,True
240913,Lucas,Villalba,Lucas Villalba,2025,609,lucas-villalba,Argentina,Florencio Varela,Argentina,1994-08-19 00:00:00,Centre-Back,Defender,left,181.0,2026-12-31 00:00:00,PayerX Sports,https://img.a.transfermarkt.technology/portrait/header/240913-1636584488.JPG?lm=1,1.0,0.0,,https://www.transfermarkt.co.uk/lucas-villalba/profil/spieler/240913,BRA1,Cruzeiro Esporte Clube,1700000.0,2500000.0,609,ec-cruzeiro-belo-horizonte,Cruzeiro Esporte Clube,BRA1,,30,26.8,7,23.3,3,Estádio Governador Magalhães Pinto,61927,€-36.26m,,2025,../data/raw/transfermarkt-scraper/2025/clubs.json.gz,https://www.transfermarkt.co.uk/ec-cruzeiro-belo-horizonte/startseite/verein/609,lucas villalba,True,,,,,,,,,,,,,,,,,,,,,
242201,Lucas,Romero,Lucas Romero,2025,609,lucas-romero,Argentina,Loma Hermosa,Argentina,1994-04-18 00:00:00,Defensive Midfield,Midfield,right,167.0,2027-12-31 00:00:00,Score Futbol,https://img.a.transfermarkt.technology/portrait/header/242201-1635923213.JPG?lm=1,0.0,0.0,,https://www.transfermarkt.co.uk/lucas-romero/profil/spieler/242201,BRA1,Cruzeiro Esporte Clube,2500000.0,4000000.0,609,ec-cruzeiro-belo-horizonte,Cruzeiro Esporte Clube,BRA1,,30,26.8,7,23.3,3,Estádio Governador Magalhães Pinto,61927,€-36.26m,,2025,../data/raw/transfermarkt-scraper/2025/clubs.json.gz,https://www.transfermarkt.co.uk/ec-cruzeiro-belo-horizonte/startseite/verein/609,lucas romero,True,lucas romero,Lucas Romero,CM,Cruzeiro,2531.0,0.0,2.0,0.5,0.4,159.0,22.0,26.0,13.0,79.0,7.0,73.0,29.0,8.0,1.0,lucas romero,True
243541,,Deyverson,Deyverson,2024,330,deyverson,Brazil,Santa Margarida,Brazil,1991-05-08 00:00:00,Centre-Forward,Attack,left,187.0,2026-12-31 00:00:00,OF,https://img.a.transfermarkt.technology/portrait/header/243541-1708654324.jpg?lm=1,,,,https://www.transfermarkt.co.uk/deyverson/profil/spieler/243541,BRA1,Clube Atlético Mineiro,1000000.0,5000000.0,330,clube-atletico-mineiro,Clube Atlético Mineiro,BRA1,,33,25.7,9,27.3,6,Arena MRV,44892,€-1.24m,,2025,../data/raw/transfermarkt-scraper/2025/clubs.json.gz,https://www.transfermarkt.co.uk/clube-atletico-mineiro/startseite/verein/330,deyverson,True,deyverson,Deyverson,FW,Cuiabá,1147.0,3.0,1.0,2.9,0.6,19.0,6.0,16.0,6.0,14.0,4.0,6.0,9.0,4.0,0.0,deyverson,True
244275,,Gabriel Barbosa,Gabriel Barbosa,2025,221,gabriel-barbosa,Brazil,São Bernardo do Campo,Brazil,1996-08-30 00:00:00,Centre-Forward,Attack,left,178.0,2026-12-31 00:00:00,4ComM,https://img.a.transfermarkt.technology/portrait/header/244275-1779755625.jpg?lm=1,18.0,5.0,,https://www.transfermarkt.co.uk/gabriel-barbosa/profil/spieler/244275,BRA1,Santos Futebol Clube,3000000.0,26000000.0,221,fc-santos,Santos Futebol Clube,BRA1,,37,26.7,9,24.3,4,Estádio Urbano Caldeira,16068,+€7.21m,,2025,../data/raw/transfermarkt-scraper/2025/clubs.json.gz,https://www.transfermarkt.co.uk/fc-santos/startseite/verein/221,gabriel barbosa,True,gabriel barbosa,Gabriel Barbosa,FW,Flamengo,754.0,4.0,1.0,5.4,0.9,25.0,17.0,6.0,2.0,12.0,1.0,5.0,2.0,2.0,0.0,gabriel barbosa,True
248030,Renzo,López,Renzo López,2025,2125,renzo-lopez,Uruguay,Montevideo,Uruguay,1994-04-16 00:00:00,Centre-Forward,Attack,right,192.0,2026-06-30 00:00:00,,https://img.a.transfermarkt.technology/portrait/header/248030-1728573842.png?lm=1,,,,https://www.transfermarkt.co.uk/renzo-lopez/profil/spieler/248030,BRA1,Esporte Clube Vitória,650000.0,1400000.0,2125,esporte-clube-vitoria,Esporte Clube Vitória,BRA1,,39,28.3,7,17.9,0,Estádio Manoel Barradas,30793,+€1.36m,,2025,../data/raw/transfermarkt-scraper/2025/clubs.json.gz,https://www.transfermarkt.co.uk/esporte-clube-vitoria/startseite/verein/2125,renzo lopez,False,,,,,,,,,,,,,,,,,,,,,
248410,Giorgian,de Arrascaeta,Giorgian de Arrascaeta,2025,614,giorgian-de-arrascaeta,Uruguay,Nuevo Berlín,Uruguay,1994-06-01 00:00:00,Attacking Midfield,Midfield,right,177.0,2028-12-31 00:00:00,Daniel Fonseca,https://img.a.transfermarkt.technology/portrait/header/248410-1668501457.jpg?lm=1,59.0,13.0,,https://www.transfermarkt.co.uk/giorgian-de-arrascaeta/profil/spieler/248410,BRA1,Clube de Regatas do Flamengo,14000000.0,19000000.0,614,flamengo-rio-de-janeiro,Clube de Regatas do Flamengo,BRA1,,28,28.8,9,32.1,10,Estádio Jornalista Mário Filho,82238,€-13.92m,,2025,../data/raw/transfermarkt-scraper/2025/clubs.json.gz,https://www.transfermarkt.co.uk/flamengo-rio-de-janeiro/startseite/verein/614,giorgian de arrascaeta,True,giorgian de arrascaeta,Giorgian De Arrascaeta,AM,Flamengo,1007.0,5.0,5.0,2.2,2.5,80.0,19.0,33.0,18.0,57.0,12.0,16.0,13.0,2.0,0.0,giorgian de arrascaeta,True
255755,Alex,Telles,Alex Telles,2025,537,alex-telles,Brazil,Caxias do Sul,Brazil,1992-12-15 00:00:00,Left-Back,Defender,left,181.0,2026-12-31 00:00:00,Gol International,https://img.a.transfermarkt.technology/portrait/header/255755-1659559306.jpg?lm=1,12.0,0.0,,https://www.transfermarkt.co.uk/alex-telles/profil/spieler/255755,BRA1,S. A. F. Botafogo,2800000.0,40000000.0,537,botafogo-rio-de-janeiro,S. A. F. Botafogo,BRA1,,34,26.2,13,38.2,5,Estádio Olímpico Nilton Santos,46931,+€40.04m,,2025,../data/raw/transfermarkt-scraper/2025/clubs.json.gz,https://www.transfermarkt.co.uk/botafogo-rio-de-janeiro/startseite/verein/537,alex telles,True,alex telles,Alex Telles,LB,Botafogo (RJ),650.0,0.0,1.0,0.8999999999999999,1.0,31.0,18.0,11.0,5.0,25.0,3.0,10.0,9.0,1.0,0.0,alex telles,True
258254,,Jemerson,Jemerson,2024,210,jemerson,Brazil,Jeremoabo,Brazil,1992-08-24 00:00:00,Centre-Back,Defender,right,184.0,2026-11-30 00:00:00,StarFactory Brasil,https://img.a.transfermarkt.technology/portrait/header/258254-1662403773.jpg?lm=1,2.0,0.0,,https://www.transfermarkt.co.uk/jemerson/profil/spieler/258254,BRA1,Grêmio Foot-Ball Porto Alegrense,1700000.0,18000000.0,210,gremio-porto-alegre,Grêmio Foot-Ball Porto Alegrense,BRA1,,34,26.5,11,32.4,3,Arena do Grêmio,60540,€-6.38m,,2025,../data/raw/transfermarkt-scraper/2025/clubs.json.gz,https://www.transfermarkt.co.uk/gremio-porto-alegre/startseite/verein/210,jemerson,True,jemerson,Jemerson,CB,Atlético Mineiro,1256.0,1.0,0.0,0.7,0.0,23.0,2.0,2.0,2.0,4.0,0.0,21.0,23.0,7.0,0.0,jemerson,True
258369,,Georgemy,Georgemy,2025,3876,georgemy,Brazil,Americana,Brazil,1995-08-15 00:00:00,Goalkeeper,Goalkeeper,right,197.0,2026-12-31 00:00:00,,https://img.a.transfermarkt.technology/portrait/header/258369-1674701791.jpg?lm=1,1.0,0.0,,https://www.transfermarkt.co.uk/georgemy/profil/spieler/258369,BRA1,Mirasol Futebol Clube,50000.0,900000.0,3876,mirassol-futebol-clube-sp-,Mirasol Futebol Clube,BRA1,,32,30.1,1,3.1,0,Estádio Municipal José María de Campos Maia,14534,+€1.67m,,2025,../data/raw/transfermarkt-scraper/2025/clubs.json.gz,https://www.transfermarkt.co.uk/mirassol-futebol-clube-sp-/startseite/verein/3876,georgemy,False,,,,,,,,,,,,,,,,,,,,,
261309,David,Terans,David Terans,2025,2462,david-terans,Uruguay,Montevideo,Uruguay,1994-08-11 00:00:00,Attacking Midfield,Midfield,left,176.0,2026-12-31 00:00:00,UruFutbol,https://img.a.transfermarkt.technology/portrait/header/261309-1742486760.jpg?lm=1,2.0,0.0,,https://www.transfermarkt.co.uk/david-terans/profil/spieler/261309,BRA1,Fluminense Football Club,1000000.0,6000000.0,2462,fluminense-rio-de-janeiro,Fluminense Football Club,BRA1,,33,29.7,11,33.3,4,Estádio Jornalista Mário Filho,82238,€-6.76m,,2025,../data/raw/transfermarkt-scraper/2025/clubs.json.gz,https://www.transfermarkt.co.uk/fluminense-rio-de-janeiro/startseite/verein/2462,david terans,True,david terans,David Terans,FW,Fluminense,217.0,0.0,0.0,0.2,0.0,1.0,5.0,6.0,4.0,6.0,0.0,6.0,4.0,1.0,0.0,david terans,True
262851,Emanuel,Brítez,Emanuel Brítez,2025,2125,emanuel-britez,Argentina,Santa Fe,Argentina,1992-03-26 00:00:00,Centre-Back,Defender,right,178.0,2027-06-30 00:00:00,,https://img.a.transfermarkt.technology/portrait/header/262851-1637935701.JPG?lm=1,,,,https://www.transfermarkt.co.uk/emanuel-britez/profil/spieler/262851,BRA1,Esporte Clube Vitória,,,2125,esporte-clube-vitoria,Esporte Clube Vitória,BRA1,,39,28.3,7,17.9,0,Estádio Manoel Barradas,30793,+€1.36m,,2025,../data/raw/transfermarkt-scraper/2025/clubs.json.gz,https://www.transfermarkt.co.uk/esporte-clube-vitoria/startseite/verein/2125,emanuel britez,True,emanuel britez,Emanuel Brítez,CB,Fortaleza,2503.0,0.0,2.0,1.1,2.0,63.0,12.0,14.0,10.0,34.0,3.0,60.0,33.0,11.0,2.0,emanuel britez,True
264014,Sergio,Rochet,Sergio Rochet,2025,6600,sergio-rochet,Uruguay,Nueva Palmira,Uruguay,1993-03-23 00:00:00,Goalkeeper,Goalkeeper,right,189.0,2026-12-31 00:00:00,VIDA 11,https://img.a.transfermarkt.technology/portrait/header/264014-1668501221.jpg?lm=1,36.0,0.0,,https://www.transfermarkt.co.uk/sergio-rochet/profil/spieler/264014,BRA1,Sport Club Internacional,1800000.0,4000000.0,6600,sc-internacional-porto-alegre,Sport Club Internacional,BRA1,,32,26.7,9,28.1,3,Estádio Beira-Rio,50848,+€41.39m,,2025,../data/raw/transfermarkt-scraper/2025/clubs.json.gz,https://www.transfermarkt.co.uk/sc-internacional-porto-alegre/startseite/verein/6600,sergio rochet,True,sergio rochet,Sergio Rochet,GK,Internacional,2520.0,0.0,0.0,0.0,0.0,0.0,0.0,0.0,0.0,3.0,0.0,1.0,0.0,4.0,0.0,sergio rochet,True
265693,,Luiz Otávio,Luiz Otávio,2024,2029,luiz-otavio,Brazil,Carmo,Brazil,1988-09-14 00:00:00,Centre-Back,Defender,right,190.0,2026-12-31 00:00:00,Interball,https://img.a.transfermarkt.technology/portrait/header/265693-1560851549.jpg?lm=1,,,,https://www.transfermarkt.co.uk/luiz-otavio/profil/spieler/265693,BRA1,Ceará Sporting Club,,,2029,ceara-sporting-club,Ceará Sporting Club,BRA1,,29,28.0,2,6.9,0,Estádio Governador Plácido Castelo,63904,+€2.30m,Anderson Batatais,2024,../data/raw/transfermarkt-scraper/2024/clubs.json.gz,https://www.transfermarkt.co.uk/ceara-sporting-club/startseite/verein/2029,luiz otavio,False,,,,,,,,,,,,,,,,,,,,,
266070,Gastón,Guruceaga,Gastón Guruceaga,2024,10492,gaston-guruceaga,Uruguay,Artigas,Uruguay,1995-03-15 00:00:00,Goalkeeper,Goalkeeper,left,194.0,2026-11-30 00:00:00,G11,https://img.a.transfermarkt.technology/portrait/header/266070-1771319132.jpeg?lm=1,0.0,0.0,,https://www.transfermarkt.co.uk/gaston-guruceaga/profil/spieler/266070,BRA1,Esporte Clube Juventude,,,10492,esporte-clube-juventude,Esporte Clube Juventude,BRA1,,29,28.3,3,10.3,0,Estádio Alfredo Jaconi,23726,+€1.13m,Roger Machado,2024,../data/raw/transfermarkt-scraper/2024/clubs.json.gz,https://www.transfermarkt.co.uk/esporte-clube-juventude/startseite/verein/10492,gaston guruceaga,False,,,,,,,,,,,,,,,,,,,,,
267849,,Romarinho,Romarinho,2024,8718,romarinho,Brazil,Ceará-Mirim,Brazil,1994-03-01 00:00:00,Right Winger,Attack,right,168.0,2026-11-30 00:00:00,LINK SPORTS,https://img.a.transfermarkt.technology/portrait/header/267849-1606753188.jpg?lm=1,,,,https://www.transfermarkt.co.uk/romarinho/profil/spieler/267849,BRA1,Sport Club do Recife,,,8718,sport-club-do-recife,Sport Club do Recife,BRA1,,29,27.1,1,3.4,0,Estádio Adelmar da Costa Carvalho,35000,+€2.95m,Mariano Soso,2024,../data/raw/transfermarkt-scraper/2024/clubs.json.gz,https://www.transfermarkt.co.uk/sport-club-do-recife/startseite/verein/8718,romarinho,False,,,,,,,,,,,,,,,,,,,,,
268506,Fabrizio,Angileri,Fabrizio Angileri,2025,199,fabrizio-angileri,Argentina,Junín,Argentina,1994-03-15 00:00:00,Left-Back,Defender,left,185.0,2026-12-31 00:00:00,,https://img.a.transfermarkt.technology/portrait/header/268506-1625760521.png?lm=1,,,,https://www.transfermarkt.co.uk/fabrizio-angileri/profil/spieler/268506,BRA1,Sport Club Corinthians Paulista,400000.0,4300000.0,199,corinthians-sao-paulo,Sport Club Corinthians Paulista,BRA1,,34,27.2,7,20.6,3,Neo Química Arena,49205,+€2.19m,,2025,../data/raw/transfermarkt-scraper/2025/clubs.json.gz,https://www.transfermarkt.co.uk/corinthians-sao-paulo/startseite/verein/199,fabrizio angileri,False,,,,,,,,,,,,,,,,,,,,,
269860,,Walter,Walter,2025,3876,walter,Brazil,Jaú,Brazil,1987-11-18 00:00:00,Goalkeeper,Goalkeeper,right,188.0,2026-12-31 00:00:00,,https://img.a.transfermarkt.technology/portrait/header/269860-1580198215.jpg?lm=1,,,,https://www.transfermarkt.co.uk/walter/profil/spieler/269860,BRA1,Mirasol Futebol Clube,150000.0,1500000.0,3876,mirassol-futebol-clube-sp-,Mirasol Futebol Clube,BRA1,,32,30.1,1,3.1,0,Estádio Municipal José María de Campos Maia,14534,+€1.67m,,2025,../data/raw/transfermarkt-scraper/2025/clubs.json.gz,https://www.transfermarkt.co.uk/mirassol-futebol-clube-sp-/startseite/verein/3876,walter,True,walter,Walter,GK,Cuiabá,3240.0,0.0,0.0,0.0,0.0,0.0,0.0,2.0,2.0,7.0,2.0,1.0,0.0,5.0,0.0,walter,True
270188,Lucas,Evangelista,Lucas Evangelista,2025,1023,lucas-evangelista,Brazil,Limeira,Brazil,1995-02-06 00:00:00,Central Midfield,Midfield,left,181.0,2027-12-31 00:00:00,Roc Nation Sports,https://img.a.transfermarkt.technology/portrait/header/270188-1582120817.png?lm=1,10.0,1.0,,https://www.transfermarkt.co.uk/lucas-evangelista/profil/spieler/270188,BRA1,Sociedade Esportiva Palmeiras,4000000.0,5000000.0,1023,se-palmeiras-sao-paulo,Sociedade Esportiva Palmeiras,BRA1,,31,25.9,9,29.0,10,Nubank Parque,43713,+€31.54m,,2025,../data/raw/transfermarkt-scraper/2025/clubs.json.gz,https://www.transfermarkt.co.uk/se-palmeiras-sao-paulo/startseite/verein/1023,lucas evangelista,True,lucas evangelista,Lucas Evangelista,DM,Red Bull Bragantino,2540.0,2.0,3.0,2.5,1.6,132.0,26.0,34.0,15.0,73.0,6.0,48.0,29.0,4.0,0.0,lucas evangelista,True
270420,,João Ricardo,João Ricardo,2024,10870,joao-ricardo,Brazil,Mariano Moro,Brazil,1988-09-06 00:00:00,Goalkeeper,Goalkeeper,right,186.0,2027-12-31 00:00:00,FJB Sports,https://img.a.transfermarkt.technology/portrait/header/270420-1662314871.jpg?lm=1,,,,https://www.transfermarkt.co.uk/joao-ricardo/profil/spieler/270420,BRA1,Fortaleza Esporte Clube,,,10870,fortaleza-esporte-clube,Fortaleza Esporte Clube,BRA1,,29,27.1,5,17.2,0,Estádio Governador Plácido Castelo,63904,+€6.25m,Juan Pablo Vojvoda,2024,../data/raw/transfermarkt-scraper/2024/clubs.json.gz,https://www.transfermarkt.co.uk/fortaleza-esporte-clube/startseite/verein/10870,joao ricardo,False,joao ricardo riedi,João Ricardo Riedi,GK,Fortaleza,3420.0,0.0,0.0,0.0,0.0,0.0,0.0,1.0,1.0,8.0,1.0,2.0,0.0,2.0,0.0,joao ricardo riedi,True
273000,Júnior,Alonso,Júnior Alonso,2025,330,junior-alonso,Paraguay,Asunción,Paraguay,1993-02-09 00:00:00,Centre-Back,Defender,left,185.0,2026-12-31 00:00:00,EagleEye,https://img.a.transfermarkt.technology/portrait/header/273000-1780931028.jpg?lm=1,76.0,3.0,,https://www.transfermarkt.co.uk/junior-alonso/profil/spieler/273000,BRA1,Clube Atlético Mineiro,1500000.0,8000000.0,330,clube-atletico-mineiro,Clube Atlético Mineiro,BRA1,,33,25.7,9,27.3,6,Arena MRV,44892,€-1.24m,,2025,../data/raw/transfermarkt-scraper/2025/clubs.json.gz,https://www.transfermarkt.co.uk/clube-atletico-mineiro/startseite/verein/330,junior alonso,True,junior alonso,Júnior Alonso,CB,Atlético Mineiro,956.0,1.0,0.0,0.2,0.0,45.0,16.0,5.0,3.0,15.0,1.0,18.0,5.0,2.0,0.0,junior alonso,True
273438,Danilo,Barbosa,Danilo Barbosa,2024,537,danilo-barbosa,Brazil,Simões Filho,Brazil,1996-02-28 00:00:00,Defensive Midfield,Midfield,right,183.0,2028-06-30 00:00:00,WSMA,https://img.a.transfermarkt.technology/portrait/header/273438-1506351339.jpg?lm=1,11.0,2.0,,https://www.transfermarkt.co.uk/danilo-barbosa/profil/spieler/273438,BRA1,S. A. F. Botafogo,2000000.0,10000000.0,537,botafogo-rio-de-janeiro,S. A. F. Botafogo,BRA1,,34,26.2,13,38.2,5,Estádio Olímpico Nilton Santos,46931,+€40.04m,,2025,../data/raw/transfermarkt-scraper/2025/clubs.json.gz,https://www.transfermarkt.co.uk/botafogo-rio-de-janeiro/startseite/verein/537,danilo barbosa,True,danilo barbosa,Danilo Barbosa,"CB,CM",Botafogo (RJ),1153.0,3.0,1.0,1.4,0.4,53.0,9.0,19.0,13.0,23.0,3.0,29.0,15.0,4.0,0.0,danilo barbosa,True
275412,,João Paulo,João Paulo,2025,221,joao-paulo,Brazil,Dourados,Brazil,1995-06-29 00:00:00,Goalkeeper,Goalkeeper,right,188.0,2027-12-31 00:00:00,,https://img.a.transfermarkt.technology/portrait/header/275412-1771071867.png?lm=1,,,,https://www.transfermarkt.co.uk/joao-paulo/profil/spieler/275412,BRA1,Santos Futebol Clube,2000000.0,7000000.0,221,fc-santos,Santos Futebol Clube,BRA1,,37,26.7,9,24.3,4,Estádio Urbano Caldeira,16068,+€7.21m,,2025,../data/raw/transfermarkt-scraper/2025/clubs.json.gz,https://www.transfermarkt.co.uk/fc-santos/startseite/verein/221,joao paulo,False,,,,,,,,,,,,,,,,,,,,,
276877,,Daniel Borges,Daniel Borges,2025,3876,daniel-borges,Brazil,São José dos Campos,Brazil,1993-03-23 00:00:00,Right-Back,Defender,right,174.0,2026-12-31 00:00:00,Elenko Sports Ltda.,https://img.a.transfermarkt.technology/portrait/header/276877-1606989148.jpg?lm=1,,,,https://www.transfermarkt.co.uk/daniel-borges/profil/spieler/276877,BRA1,Mirasol Futebol Clube,300000.0,800000.0,3876,mirassol-futebol-clube-sp-,Mirasol Futebol Clube,BRA1,,32,30.1,1,3.1,0,Estádio Municipal José María de Campos Maia,14534,+€1.67m,,2025,../data/raw/transfermarkt-scraper/2025/clubs.json.gz,https://www.transfermarkt.co.uk/mirassol-futebol-clube-sp-/startseite/verein/3876,daniel borges,False,,,,,,,,,,,,,,,,,,,,,
277335,,Bruno Henrique,Bruno Henrique,2025,6600,bruno-henrique,Brazil,Apucarana,Brazil,1989-10-21 00:00:00,Central Midfield,Midfield,right,180.0,2026-12-31 00:00:00,OTB Sports,https://img.a.transfermarkt.technology/portrait/header/277335-1687958953.JPG?lm=1,,,,https://www.transfermarkt.co.uk/bruno-henrique/profil/spieler/277335,BRA1,Sport Club Internacional,300000.0,4500000.0,6600,sc-internacional-porto-alegre,Sport Club Internacional,BRA1,,32,26.7,9,28.1,3,Estádio Beira-Rio,50848,+€41.39m,,2025,../data/raw/transfermarkt-scraper/2025/clubs.json.gz,https://www.transfermarkt.co.uk/sc-internacional-porto-alegre/startseite/verein/6600,bruno henrique,True,,,,,,,,,,,,,,,,,,,,,
277743,,Alex Muralha,Alex Muralha,2025,3876,alex-muralha,Brazil,Três Corações,Brazil,1989-11-10 00:00:00,Goalkeeper,Goalkeeper,right,189.0,2026-12-31 00:00:00,,https://img.a.transfermarkt.technology/portrait/header/277743-1662721237.jpg?lm=1,0.0,0.0,,https://www.transfermarkt.co.uk/alex-muralha/profil/spieler/277743,BRA1,Mirasol Futebol Clube,75000.0,3500000.0,3876,mirassol-futebol-clube-sp-,Mirasol Futebol Clube,BRA1,,32,30.1,1,3.1,0,Estádio Municipal José María de Campos Maia,14534,+€1.67m,,2025,../data/raw/transfermarkt-scraper/2025/clubs.json.gz,https://www.transfermarkt.co.uk/mirassol-futebol-clube-sp-/startseite/verein/3876,alex muralha,False,,,,,,,,,,,,,,,,,,,,,
282145,Jorge,Recalde,Jorge Recalde,2024,2029,jorge-recalde,Paraguay,Asunción,Paraguay,1992-05-08 00:00:00,Attacking Midfield,Midfield,both,178.0,2026-12-31 00:00:00,RMC SPORTS,https://img.a.transfermarkt.technology/portrait/header/282145-1772053413.jpg?lm=1,2.0,0.0,,https://www.transfermarkt.co.uk/jorge-recalde/profil/spieler/282145,BRA1,Ceará Sporting Club,,,2029,ceara-sporting-club,Ceará Sporting Club,BRA1,,29,28.0,2,6.9,0,Estádio Governador Plácido Castelo,63904,+€2.30m,Anderson Batatais,2024,../data/raw/transfermarkt-scraper/2024/clubs.json.gz,https://www.transfermarkt.co.uk/ceara-sporting-club/startseite/verein/2029,jorge recalde,False,,,,,,,,,,,,,,,,,,,,,
284727,Jonathan,Calleri,Jonathan Calleri,2025,585,jonathan-calleri,Argentina,Buenos Aires,Argentina,1993-09-23 00:00:00,Centre-Forward,Attack,right,181.0,2026-12-31 00:00:00,AIS Football,https://img.a.transfermarkt.technology/portrait/header/284727-1738840512.jpg?lm=1,3.0,1.0,,https://www.transfermarkt.co.uk/jonathan-calleri/profil/spieler/284727,BRA1,São Paulo Futebol Clube,1500000.0,10000000.0,585,fc-sao-paulo,São Paulo Futebol Clube,BRA1,,42,26.4,9,21.4,3,MorumBIS,72039,+€24.69m,,2025,../data/raw/transfermarkt-scraper/2025/clubs.json.gz,https://www.transfermarkt.co.uk/fc-sao-paulo/startseite/verein/585,jonathan calleri,True,jonathan calleri,Jonathan Calleri,FW,São Paulo,2047.0,5.0,4.0,5.4,1.2,27.0,24.0,22.0,11.0,47.0,11.0,11.0,8.0,6.0,0.0,jonathan calleri,True
285548,Fabián,Balbuena,Fabián Balbuena,2025,210,fabian-balbuena,Paraguay,Ciudad del Este,Paraguay,1991-08-23 00:00:00,Centre-Back,Defender,right,188.0,2027-06-30 00:00:00,La Squadra Sports,https://img.a.transfermarkt.technology/portrait/header/285548-1721727706.png?lm=1,47.0,2.0,3581.0,https://www.transfermarkt.co.uk/fabian-balbuena/profil/spieler/285548,BRA1,Grêmio Foot-Ball Porto Alegrense,900000.0,12000000.0,210,gremio-porto-alegre,Grêmio Foot-Ball Porto Alegrense,BRA1,,34,26.5,11,32.4,3,Arena do Grêmio,60540,€-6.38m,,2025,../data/raw/transfermarkt-scraper/2025/clubs.json.gz,https://www.transfermarkt.co.uk/gremio-porto-alegre/startseite/verein/210,fabian balbuena,False,,,,,,,,,,,,,,,,,,,,,
286772,,Vinícius,Vinícius,2024,10870,vinicius,Brazil,Guarulhos,Brazil,1994-03-28 00:00:00,Goalkeeper,Goalkeeper,right,195.0,2026-12-31 00:00:00,Dodici Sports BR,https://img.a.transfermarkt.technology/portrait/header/286772-1543835503.jpg?lm=1,,,,https://www.transfermarkt.co.uk/vinicius/profil/spieler/286772,BRA1,Fortaleza Esporte Clube,1200000.0,1500000.0,10870,fortaleza-esporte-clube,Fortaleza Esporte Clube,BRA1,,29,27.1,5,17.2,0,Estádio Governador Plácido Castelo,63904,+€6.25m,Juan Pablo Vojvoda,2024,../data/raw/transfermarkt-scraper/2024/clubs.json.gz,https://www.transfermarkt.co.uk/fortaleza-esporte-clube/startseite/verein/10870,vinicius,False,,,,,,,,,,,,,,,,,,,,,
288415,,Léo Jardim,Léo Jardim,2025,978,leo-jardim,Brazil,Ribeirão Preto,Brazil,1995-03-20 00:00:00,Goalkeeper,Goalkeeper,right,188.0,2030-12-31 00:00:00,Talents Sports,https://img.a.transfermarkt.technology/portrait/header/288415-1744073496.jpg?lm=1,0.0,0.0,,https://www.transfermarkt.co.uk/leo-jardim/profil/spieler/288415,BRA1,Club de Regatas Vasco da Gama,7000000.0,7000000.0,978,vasco-da-gama-rio-de-janeiro,Club de Regatas Vasco da Gama,BRA1,,32,26.1,10,31.3,5,Estádio São Januário,24584,+€23.85m,,2025,../data/raw/transfermarkt-scraper/2025/clubs.json.gz,https://www.transfermarkt.co.uk/vasco-da-gama-rio-de-janeiro/startseite/verein/978,leo jardim,True,leo jardim,Léo Jardim,GK,Vasco da Gama,3420.0,0.0,0.0,0.0,0.0,0.0,0.0,0.0,0.0,5.0,1.0,0.0,0.0,0.0,0.0,leo jardim,True
288431,,Léo Pereira,Léo Pereira,2025,614,leo-pereira,Brazil,Curitiba,Brazil,1996-01-31 00:00:00,Centre-Back,Defender,left,189.0,2027-12-31 00:00:00,R13 Fussball,https://img.a.transfermarkt.technology/portrait/header/288431-1751370674.jpg?lm=1,4.0,0.0,,https://www.transfermarkt.co.uk/leo-pereira/profil/spieler/288431,BRA1,Clube de Regatas do Flamengo,12000000.0,12000000.0,614,flamengo-rio-de-janeiro,Clube de Regatas do Flamengo,BRA1,,28,28.8,9,32.1,10,Estádio Jornalista Mário Filho,82238,€-13.92m,,2025,../data/raw/transfermarkt-scraper/2025/clubs.json.gz,https://www.transfermarkt.co.uk/flamengo-rio-de-janeiro/startseite/verein/614,leo pereira,True,,,,,,,,,,,,,,,,,,,,,
290388,Rafael,Ramos,Rafael Ramos,2024,2029,rafael-ramos,Portugal,Seia,Portugal,1995-01-09 00:00:00,Right-Back,Defender,right,174.0,2026-12-31 00:00:00,,https://img.a.transfermarkt.technology/portrait/header/290388-1748479559.jpg?lm=1,2.0,0.0,,https://www.transfermarkt.co.uk/rafael-ramos/profil/spieler/290388,BRA1,Ceará Sporting Club,700000.0,800000.0,2029,ceara-sporting-club,Ceará Sporting Club,BRA1,,29,28.0,2,6.9,0,Estádio Governador Plácido Castelo,63904,+€2.30m,Anderson Batatais,2024,../data/raw/transfermarkt-scraper/2024/clubs.json.gz,https://www.transfermarkt.co.uk/ceara-sporting-club/startseite/verein/2029,rafael ramos,False,,,,,,,,,,,,,,,,,,,,,
291963,,Fernando Miguel,Fernando Miguel,2024,2029,fernando-miguel,Brazil,Venâncio Aires,Brazil,1985-02-02 00:00:00,Goalkeeper,Goalkeeper,left,191.0,,Fabio Mello Sports,https://img.a.transfermarkt.technology/portrait/header/291963-1526044700.jpg?lm=1,,,,https://www.transfermarkt.co.uk/fernando-miguel/profil/spieler/291963,BRA1,Ceará Sporting Club,,,2029,ceara-sporting-club,Ceará Sporting Club,BRA1,,29,28.0,2,6.9,0,Estádio Governador Plácido Castelo,63904,+€2.30m,Anderson Batatais,2024,../data/raw/transfermarkt-scraper/2024/clubs.json.gz,https://www.transfermarkt.co.uk/ceara-sporting-club/startseite/verein/2029,fernando miguel,False,,,,,,,,,,,,,,,,,,,,,
292731,,Danielzinho,Danielzinho,2025,585,danielzinho,Brazil,Andradina,Brazil,1994-11-04 00:00:00,Central Midfield,Midfield,right,166.0,2027-12-31 00:00:00,H SOCCER,https://img.a.transfermarkt.technology/portrait/header/292731-1770290910.jpg?lm=1,,,,https://www.transfermarkt.co.uk/danielzinho/profil/spieler/292731,BRA1,São Paulo Futebol Clube,1000000.0,1000000.0,585,fc-sao-paulo,São Paulo Futebol Clube,BRA1,,42,26.4,9,21.4,3,MorumBIS,72039,+€24.69m,,2025,../data/raw/transfermarkt-scraper/2025/clubs.json.gz,https://www.transfermarkt.co.uk/fc-sao-paulo/startseite/verein/585,danielzinho,True,danielzinho,Danielzinho,AM,Atlético Goianiense,103.0,0.0,0.0,0.0,0.1,16.0,4.0,1.0,1.0,8.0,0.0,1.0,0.0,0.0,0.0,danielzinho,True
294798,,Nathan,Nathan,2024,210,nathan,Brazil,Blumenau,Brazil,1996-03-13 00:00:00,Attacking Midfield,Midfield,right,177.0,,Bertolucci Sports,https://img.a.transfermarkt.technology/portrait/header/294798-1747127415.jpg?lm=1,9.0,1.0,,https://www.transfermarkt.co.uk/nathan/profil/spieler/294798,BRA1,Grêmio Foot-Ball Porto Alegrense,2000000.0,3000000.0,210,gremio-porto-alegre,Grêmio Foot-Ball Porto Alegrense,BRA1,,34,26.5,11,32.4,3,Arena do Grêmio,60540,€-6.38m,,2025,../data/raw/transfermarkt-scraper/2025/clubs.json.gz,https://www.transfermarkt.co.uk/gremio-porto-alegre/startseite/verein/210,nathan,True,,,,,,,,,,,,,,,,,,,,,
294873,,Thiago Maia,Thiago Maia,2025,6600,thiago-maia,Brazil,Boa Vista,Brazil,1997-03-23 00:00:00,Defensive Midfield,Midfield,left,179.0,2026-12-31 00:00:00,Bertolucci Sports,https://img.a.transfermarkt.technology/portrait/header/294873-1668860866.jpeg?lm=1,1.0,0.0,,https://www.transfermarkt.co.uk/thiago-maia/profil/spieler/294873,BRA1,Sport Club Internacional,2500000.0,9000000.0,6600,sc-internacional-porto-alegre,Sport Club Internacional,BRA1,,32,26.7,9,28.1,3,Estádio Beira-Rio,50848,+€41.39m,,2025,../data/raw/transfermarkt-scraper/2025/clubs.json.gz,https://www.transfermarkt.co.uk/sc-internacional-porto-alegre/startseite/verein/6600,thiago maia,True,thiago maia,Thiago Maia,CM,Internacional,1896.0,2.0,4.0,2.3,2.4,104.0,22.0,22.0,14.0,55.0,8.0,40.0,21.0,4.0,0.0,thiago maia,True
303140,Mauricio,Lemos,Mauricio Lemos,2024,978,mauricio-lemos,Uruguay,Rivera,Uruguay,1995-12-28 00:00:00,Centre-Back,Defender,right,187.0,2026-12-31 00:00:00,,https://img.a.transfermarkt.technology/portrait/header/303140-1744073265.jpg?lm=1,3.0,0.0,,https://www.transfermarkt.co.uk/mauricio-lemos/profil/spieler/303140,BRA1,Club de Regatas Vasco da Gama,1500000.0,10000000.0,978,vasco-da-gama-rio-de-janeiro,Club de Regatas Vasco da Gama,BRA1,,32,26.1,10,31.3,5,Estádio São Januário,24584,+€23.85m,,2025,../data/raw/transfermarkt-scraper/2025/clubs.json.gz,https://www.transfermarkt.co.uk/vasco-da-gama-rio-de-janeiro/startseite/verein/978,mauricio lemos,True,mauricio lemos,Mauricio Lemos,CB,Atlético Mineiro,382.0,0.0,0.0,0.1,0.1,17.0,6.0,2.0,1.0,1.0,0.0,3.0,5.0,3.0,0.0,mauricio lemos,True
305428,,Zé Roberto,Zé Roberto,2024,8718,ze-roberto,Brazil,Teixeira de Freitas,Brazil,1993-09-14 00:00:00,Centre-Forward,Attack,right,184.0,2026-11-30 00:00:00,FOOT STARS BRAZIL,https://img.a.transfermarkt.technology/portrait/header/305428-1580407394.jpg?lm=1,,,,https://www.transfermarkt.co.uk/ze-roberto/profil/spieler/305428,BRA1,Sport Club do Recife,,,8718,sport-club-do-recife,Sport Club do Recife,BRA1,,29,27.1,1,3.4,0,Estádio Adelmar da Costa Carvalho,35000,+€2.95m,Mariano Soso,2024,../data/raw/transfermarkt-scraper/2024/clubs.json.gz,https://www.transfermarkt.co.uk/sport-club-do-recife/startseite/verein/8718,ze roberto,False,,,,,,,,,,,,,,,,,,,,,
309193,Jefferson,Savarino,Jefferson Savarino,2025,2462,jefferson-savarino,Venezuela,Maracaibo,Venezuela,1996-11-11 00:00:00,Attacking Midfield,Midfield,right,168.0,2029-12-31 00:00:00,,https://img.a.transfermarkt.technology/portrait/header/309193-1751924270.jpg?lm=1,51.0,4.0,,https://www.transfermarkt.co.uk/jefferson-savarino/profil/spieler/309193,BRA1,Fluminense Football Club,8000000.0,10000000.0,2462,fluminense-rio-de-janeiro,Fluminense Football Club,BRA1,,33,29.7,11,33.3,4,Estádio Jornalista Mário Filho,82238,€-6.76m,,2025,../data/raw/transfermarkt-scraper/2025/clubs.json.gz,https://www.transfermarkt.co.uk/fluminense-rio-de-janeiro/startseite/verein/2462,jefferson savarino,True,jefferson savarino,Jefferson Savarino,"RM,LM",Botafogo (RJ),2009.0,8.0,7.0,4.8,6.6,124.0,46.0,19.0,8.0,115.0,11.0,8.0,9.0,3.0,0.0,jefferson savarino,True
312294,Yeferson,Soteldo,Yeferson Soteldo,2025,2462,yeferson-soteldo,Venezuela,Acarigua,Venezuela,1997-06-30 00:00:00,Left Winger,Attack,right,160.0,2028-12-31 00:00:00,Agencia Secasports,https://img.a.transfermarkt.technology/portrait/header/312294-1751718251.jpg?lm=1,54.0,4.0,,https://www.transfermarkt.co.uk/yeferson-soteldo/profil/spieler/312294,BRA1,Fluminense Football Club,3500000.0,10000000.0,2462,fluminense-rio-de-janeiro,Fluminense Football Club,BRA1,,33,29.7,11,33.3,4,Estádio Jornalista Mário Filho,82238,€-6.76m,,2025,../data/raw/transfermarkt-scraper/2025/clubs.json.gz,https://www.transfermarkt.co.uk/fluminense-rio-de-janeiro/startseite/verein/2462,yeferson soteldo,True,yeferson soteldo,Yeferson Soteldo,LW,Grêmio,1592.0,5.0,2.0,2.9,4.6,77.0,116.0,118.0,61.0,89.0,4.0,14.0,10.0,1.0,0.0,yeferson soteldo,True
312314,,Otávio,Otávio,2025,2462,otavio,Brazil,Maceió,Brazil,1994-05-04 00:00:00,Defensive Midfield,Midfield,right,173.0,2027-12-31 00:00:00,GR2,https://img.a.transfermarkt.technology/portrait/header/312314-1596559053.jpg?lm=1,0.0,0.0,,https://www.transfermarkt.co.uk/otavio/profil/spieler/312314,BRA1,Fluminense Football Club,1200000.0,8000000.0,2462,fluminense-rio-de-janeiro,Fluminense Football Club,BRA1,,33,29.7,11,33.3,4,Estádio Jornalista Mário Filho,82238,€-6.76m,,2025,../data/raw/transfermarkt-scraper/2025/clubs.json.gz,https://www.transfermarkt.co.uk/fluminense-rio-de-janeiro/startseite/verein/2462,otavio,True,otavio,Otávio,CM,Atlético Mineiro,1917.0,0.0,0.0,0.0,0.2,89.0,18.0,17.0,10.0,32.0,2.0,57.0,32.0,2.0,0.0,otavio,True
312678,,Léo Duarte,Léo Duarte,2025,330,leo-duarte,Brazil,Mococa,Brazil,1996-07-17 00:00:00,Centre-Back,Defender,right,183.0,2030-12-31 00:00:00,,https://img.a.transfermarkt.technology/portrait/header/312678-1759746750.jpg?lm=1,,,,https://www.transfermarkt.co.uk/leo-duarte/profil/spieler/312678,BRA1,Clube Atlético Mineiro,2500000.0,8000000.0,330,clube-atletico-mineiro,Clube Atlético Mineiro,BRA1,,33,25.7,9,27.3,6,Arena MRV,44892,€-1.24m,,2025,../data/raw/transfermarkt-scraper/2025/clubs.json.gz,https://www.transfermarkt.co.uk/clube-atletico-mineiro/startseite/verein/330,leo duarte,False,,,,,,,,,,,,,,,,,,,,,
312862,,Dalbert,Dalbert,2024,8718,dalbert,Brazil,Barra Mansa,Brazil,1993-09-08 00:00:00,Left-Back,Defender,left,181.0,2026-11-30 00:00:00,,https://img.a.transfermarkt.technology/portrait/header/312862-1595939125.jpg?lm=1,,,,https://www.transfermarkt.co.uk/dalbert/profil/spieler/312862,BRA1,Sport Club do Recife,1000000.0,12000000.0,8718,sport-club-do-recife,Sport Club do Recife,BRA1,,29,27.1,1,3.4,0,Estádio Adelmar da Costa Carvalho,35000,+€2.95m,Mariano Soso,2024,../data/raw/transfermarkt-scraper/2024/clubs.json.gz,https://www.transfermarkt.co.uk/sport-club-do-recife/startseite/verein/8718,dalbert,False,,,,,,,,,,,,,,,,,,,,,
315169,Luciano,Acosta,Luciano Acosta,2025,2462,luciano-acosta,Argentina,Rosario,Argentina,1994-05-31 00:00:00,Attacking Midfield,Midfield,right,160.0,2028-12-31 00:00:00,PROSPORT Management,https://img.a.transfermarkt.technology/portrait/header/315169-1740505898.jpg?lm=1,,,,https://www.transfermarkt.co.uk/luciano-acosta/profil/spieler/315169,BRA1,Fluminense Football Club,5000000.0,8000000.0,2462,fluminense-rio-de-janeiro,Fluminense Football Club,BRA1,,33,29.7,11,33.3,4,Estádio Jornalista Mário Filho,82238,€-6.76m,,2025,../data/raw/transfermarkt-scraper/2025/clubs.json.gz,https://www.transfermarkt.co.uk/fluminense-rio-de-janeiro/startseite/verein/2462,luciano acosta,False,,,,,,,,,,,,,,,,,,,,,
321239,,Everton,Everton,2025,614,everton,Brazil,Fortaleza,Brazil,1996-03-22 00:00:00,Left Winger,Attack,right,174.0,2026-12-31 00:00:00,Bertolucci Sports,https://img.a.transfermarkt.technology/portrait/header/321239-1744288639.jpg?lm=1,25.0,3.0,,https://www.transfermarkt.co.uk/everton/profil/spieler/321239,BRA1,Clube de Regatas do Flamengo,7000000.0,40000000.0,614,flamengo-rio-de-janeiro,Clube de Regatas do Flamengo,BRA1,,28,28.8,9,32.1,10,Estádio Jornalista Mário Filho,82238,€-13.92m,,2025,../data/raw/transfermarkt-scraper/2025/clubs.json.gz,https://www.transfermarkt.co.uk/flamengo-rio-de-janeiro/startseite/verein/614,everton,True,everton,Everton,FW,Grêmio,482.0,0.0,0.0,0.1,0.7000000000000001,12.0,11.0,23.0,11.0,12.0,0.0,6.0,5.0,5.0,0.0,everton,True
323740,Aitor,Cantalapiedra,Aitor Cantalapiedra,2025,2125,aitor-cantalapiedra,Spain,Barcelona,Spain,1996-02-10 00:00:00,Attacking Midfield,Midfield,left,177.0,2027-06-30 00:00:00,AS1,https://img.a.transfermarkt.technology/portrait/header/323740-1746719925.jpg?lm=1,,,,https://www.transfermarkt.co.uk/aitor-cantalapiedra/profil/spieler/323740,BRA1,Esporte Clube Vitória,1800000.0,2500000.0,2125,esporte-clube-vitoria,Esporte Clube Vitória,BRA1,,39,28.3,7,17.9,0,Estádio Manoel Barradas,30793,+€1.36m,,2025,../data/raw/transfermarkt-scraper/2025/clubs.json.gz,https://www.transfermarkt.co.uk/esporte-clube-vitoria/startseite/verein/2125,aitor cantalapiedra,False,,,,,,,,,,,,,,,,,,,,,
323850,,Zé Marcos,Zé Marcos,2024,2125,ze-marcos,Brazil,Americana,Brazil,1998-02-01 00:00:00,Centre-Back,Defender,left,188.0,2026-11-30 00:00:00,Prime Agencia,https://img.a.transfermarkt.technology/portrait/header/323850-1698671340.jpg?lm=1,6.0,0.0,,https://www.transfermarkt.co.uk/ze-marcos/profil/spieler/323850,BRA1,Esporte Clube Vitória,,,2125,esporte-clube-vitoria,Esporte Clube Vitória,BRA1,,39,28.3,7,17.9,0,Estádio Manoel Barradas,30793,+€1.36m,,2025,../data/raw/transfermarkt-scraper/2025/clubs.json.gz,https://www.transfermarkt.co.uk/esporte-clube-vitoria/startseite/verein/2125,ze marcos,True,ze marcos,Zé Marcos,CB,Juventude,1951.0,0.0,0.0,0.9,0.1,42.0,5.0,3.0,2.0,10.0,2.0,30.0,25.0,12.0,2.0,ze marcos,True
323929,Bruno,Bertinato,Bruno Bertinato,2024,3876,bruno-bertinato,Brazil,Curitiba,Brazil,1998-05-31 00:00:00,Goalkeeper,Goalkeeper,left,194.0,2026-12-31 00:00:00,,https://img.a.transfermarkt.technology/portrait/header/323929-1725529861.jpg?lm=1,3.0,0.0,,https://www.transfermarkt.co.uk/bruno-bertinato/profil/spieler/323929,BRA1,Mirasol Futebol Clube,200000.0,200000.0,3876,mirassol-futebol-clube-sp-,Mirasol Futebol Clube,BRA1,,32,30.1,1,3.1,0,Estádio Municipal José María de Campos Maia,14534,+€1.67m,,2025,../data/raw/transfermarkt-scraper/2025/clubs.json.gz,https://www.transfermarkt.co.uk/mirassol-futebol-clube-sp-/startseite/verein/3876,bruno bertinato,False,,,,,,,,,,,,,,,,,,,,,
323934,Matheus,Pereira,Matheus Pereira,2025,199,matheus-pereira,Brazil,São Paulo,Brazil,1998-02-25 00:00:00,Central Midfield,Midfield,left,183.0,2026-12-31 00:00:00,Elenko Sports Ltda.,https://img.a.transfermarkt.technology/portrait/header/323934-1774482314.jpg?lm=1,3.0,0.0,,https://www.transfermarkt.co.uk/matheus-pereira/profil/spieler/323934,BRA1,Sport Club Corinthians Paulista,2500000.0,2500000.0,199,corinthians-sao-paulo,Sport Club Corinthians Paulista,BRA1,,34,27.2,7,20.6,3,Neo Química Arena,49205,+€2.19m,,2025,../data/raw/transfermarkt-scraper/2025/clubs.json.gz,https://www.transfermarkt.co.uk/corinthians-sao-paulo/startseite/verein/199,matheus pereira,True,,,,,,,,,,,,,,,,,,,,,
323954,,Walace,Walace,2025,2125,walace,Brazil,Salvador,Brazil,1995-04-04 00:00:00,Defensive Midfield,Midfield,right,188.0,2026-12-31 00:00:00,Braun Sports,https://img.a.transfermarkt.technology/portrait/header/323954-1661511672.jpg?lm=1,5.0,0.0,,https://www.transfermarkt.co.uk/walace/profil/spieler/323954,BRA1,Esporte Clube Vitória,2500000.0,14000000.0,2125,esporte-clube-vitoria,Esporte Clube Vitória,BRA1,,39,28.3,7,17.9,0,Estádio Manoel Barradas,30793,+€1.36m,,2025,../data/raw/transfermarkt-scraper/2025/clubs.json.gz,https://www.transfermarkt.co.uk/esporte-clube-vitoria/startseite/verein/2125,walace,True,walace,Walace,CM,Cruzeiro,462.0,0.0,0.0,0.1,0.0,25.0,11.0,6.0,4.0,6.0,0.0,10.0,0.0,2.0,0.0,walace,True
325196,,Zeca,Zeca,2024,3876,zeca,Brazil,Paranavaí,Brazil,1994-05-16 00:00:00,Right-Back,Defender,both,169.0,2026-12-31 00:00:00,AS Football,https://img.a.transfermarkt.technology/portrait/header/325196-1666428219.jpg?lm=1,2.0,0.0,,https://www.transfermarkt.co.uk/zeca/profil/spieler/325196,BRA1,Mirasol Futebol Clube,,,3876,mirassol-futebol-clube-sp-,Mirasol Futebol Clube,BRA1,,32,30.1,1,3.1,0,Estádio Municipal José María de Campos Maia,14534,+€1.67m,,2025,../data/raw/transfermarkt-scraper/2025/clubs.json.gz,https://www.transfermarkt.co.uk/mirassol-futebol-clube-sp-/startseite/verein/3876,zeca,True,zeca,Zeca,RB,Vitória,388.0,0.0,0.0,0.1,0.2,17.0,14.0,4.0,2.0,10.0,0.0,10.0,4.0,1.0,0.0,zeca,True
329738,,Reginaldo,Reginaldo,2024,10492,reginaldo,Brazil,Salvador,Brazil,1993-02-22 00:00:00,Right-Back,Defender,right,174.0,2026-11-30 00:00:00,,https://img.a.transfermarkt.technology/portrait/header/329738-1711909394.png?lm=1,,,,https://www.transfermarkt.co.uk/reginaldo/profil/spieler/329738,BRA1,Esporte Clube Juventude,,,10492,esporte-clube-juventude,Esporte Clube Juventude,BRA1,,29,28.3,3,10.3,0,Estádio Alfredo Jaconi,23726,+€1.13m,Roger Machado,2024,../data/raw/transfermarkt-scraper/2024/clubs.json.gz,https://www.transfermarkt.co.uk/esporte-clube-juventude/startseite/verein/10492,reginaldo,False,,,,,,,,,,,,,,,,,,,,,
329843,,Neto Moura,Neto Moura,2025,3876,neto-moura,Brazil,Atalaia,Brazil,1996-08-06 00:00:00,Defensive Midfield,Midfield,right,176.0,2026-12-31 00:00:00,,https://img.a.transfermarkt.technology/portrait/header/329843-1562328303.jpg?lm=1,,,,https://www.transfermarkt.co.uk/neto-moura/profil/spieler/329843,BRA1,Mirasol Futebol Clube,2000000.0,2000000.0,3876,mirassol-futebol-clube-sp-,Mirasol Futebol Clube,BRA1,,32,30.1,1,3.1,0,Estádio Municipal José María de Campos Maia,14534,+€1.67m,,2025,../data/raw/transfermarkt-scraper/2025/clubs.json.gz,https://www.transfermarkt.co.uk/mirassol-futebol-clube-sp-/startseite/verein/3876,neto moura,False,,,,,,,,,,,,,,,,,,,,,
329845,,Aylon,Aylon,2024,2029,aylon,Brazil,Esteio,Brazil,1992-04-07 00:00:00,Centre-Forward,Attack,right,180.0,2026-11-30 00:00:00,CRM,https://img.a.transfermarkt.technology/portrait/header/329845-1754959568.jpg?lm=1,,,,https://www.transfermarkt.co.uk/aylon/profil/spieler/329845,BRA1,Ceará Sporting Club,,,2029,ceara-sporting-club,Ceará Sporting Club,BRA1,,29,28.0,2,6.9,0,Estádio Governador Plácido Castelo,63904,+€2.30m,Anderson Batatais,2024,../data/raw/transfermarkt-scraper/2024/clubs.json.gz,https://www.transfermarkt.co.uk/ceara-sporting-club/startseite/verein/2029,aylon,False,,,,,,,,,,,,,,,,,,,,,
330085,Gustavo,Scarpa,Gustavo Scarpa,2025,330,gustavo-scarpa,Brazil,Campinas,Brazil,1994-01-05 00:00:00,Attacking Midfield,Midfield,left,177.0,2027-12-31 00:00:00,VERO Sports,https://img.a.transfermarkt.technology/portrait/header/330085-1671798544.jpg?lm=1,1.0,0.0,,https://www.transfermarkt.co.uk/gustavo-scarpa/profil/spieler/330085,BRA1,Clube Atlético Mineiro,4500000.0,12000000.0,330,clube-atletico-mineiro,Clube Atlético Mineiro,BRA1,,33,25.7,9,27.3,6,Arena MRV,44892,€-1.24m,,2025,../data/raw/transfermarkt-scraper/2025/clubs.json.gz,https://www.transfermarkt.co.uk/clube-atletico-mineiro/startseite/verein/330,gustavo scarpa,True,gustavo scarpa,Gustavo Scarpa,AM,Atlético Mineiro,2155.0,4.0,4.0,4.0,3.6,136.0,87.0,48.0,22.0,101.0,9.0,40.0,12.0,5.0,0.0,gustavo scarpa,True
334229,Pablo,Vegetti,Pablo Vegetti,2024,978,pablo-vegetti,Argentina,Santo Domingo,Argentina,1988-10-15 00:00:00,Centre-Forward,Attack,right,187.0,2028-12-31 00:00:00,Futbol Cracks,https://img.a.transfermarkt.technology/portrait/header/334229-1772566527.PNG?lm=1,,,,https://www.transfermarkt.co.uk/pablo-vegetti/profil/spieler/334229,BRA1,Club de Regatas Vasco da Gama,,,978,vasco-da-gama-rio-de-janeiro,Club de Regatas Vasco da Gama,BRA1,,32,26.1,10,31.3,5,Estádio São Januário,24584,+€23.85m,,2025,../data/raw/transfermarkt-scraper/2025/clubs.json.gz,https://www.transfermarkt.co.uk/vasco-da-gama-rio-de-janeiro/startseite/verein/978,pablo vegetti,True,pablo vegetti,Pablo Vegetti,FW,Vasco da Gama,2986.0,12.0,2.0,12.8,2.6,37.0,10.0,17.0,3.0,47.0,5.0,16.0,21.0,7.0,0.0,pablo vegetti,True
336697,Philipe,Sampaio,Philipe Sampaio,2024,537,philipe-sampaio,Brazil,São Paulo,Brazil,1994-11-11 00:00:00,Centre-Back,Defender,right,191.0,2026-11-30 00:00:00,,https://img.a.transfermarkt.technology/portrait/header/336697-1709824804.png?lm=1,,,,https://www.transfermarkt.co.uk/philipe-sampaio/profil/spieler/336697,BRA1,S. A. F. Botafogo,500000.0,1700000.0,537,botafogo-rio-de-janeiro,S. A. F. Botafogo,BRA1,,34,26.2,13,38.2,5,Estádio Olímpico Nilton Santos,46931,+€40.04m,,2025,../data/raw/transfermarkt-scraper/2025/clubs.json.gz,https://www.transfermarkt.co.uk/botafogo-rio-de-janeiro/startseite/verein/537,philipe sampaio,True,philipe sampaio,Philipe Sampaio,CB,Atlético Goianiense,90.0,0.0,0.0,0.1,0.2,3.0,0.0,0.0,0.0,2.0,0.0,1.0,1.0,0.0,0.0,philipe sampaio,True
338861,,Hyoran,Hyoran,2024,8718,hyoran,Brazil,Chapecó,Brazil,1993-05-25 00:00:00,Attacking Midfield,Midfield,right,174.0,2027-11-30 00:00:00,FJB Sports,https://img.a.transfermarkt.technology/portrait/header/338861-1543844791.jpg?lm=1,,,,https://www.transfermarkt.co.uk/hyoran/profil/spieler/338861,BRA1,Sport Club do Recife,,,8718,sport-club-do-recife,Sport Club do Recife,BRA1,,29,27.1,1,3.4,0,Estádio Adelmar da Costa Carvalho,35000,+€2.95m,Mariano Soso,2024,../data/raw/transfermarkt-scraper/2024/clubs.json.gz,https://www.transfermarkt.co.uk/sport-club-do-recife/startseite/verein/8718,hyoran,True,hyoran,Hyoran,FW,Internacional,335.0,0.0,0.0,0.9,0.1,11.0,9.0,8.0,2.0,12.0,0.0,8.0,4.0,0.0,0.0,hyoran,True
341701,,Igor Rabello,Igor Rabello,2025,2462,igor-rabello,Brazil,Rio de Janeiro,Brazil,1995-04-28 00:00:00,Centre-Back,Defender,right,190.0,2027-12-31 00:00:00,,https://img.a.transfermarkt.technology/portrait/header/341701-1613387269.jpg?lm=1,1.0,0.0,,https://www.transfermarkt.co.uk/igor-rabello/profil/spieler/341701,BRA1,Fluminense Football Club,1400000.0,3500000.0,2462,fluminense-rio-de-janeiro,Fluminense Football Club,BRA1,,33,29.7,11,33.3,4,Estádio Jornalista Mário Filho,82238,€-6.76m,,2025,../data/raw/transfermarkt-scraper/2025/clubs.json.gz,https://www.transfermarkt.co.uk/fluminense-rio-de-janeiro/startseite/verein/2462,igor rabello,True,igor rabello,Igor Rabello,CB,Atlético Mineiro,962.0,0.0,1.0,0.30000000000000004,0.2,20.0,2.0,2.0,1.0,9.0,0.0,20.0,14.0,3.0,1.0,igor rabello,True
341705,,Gerson,Gerson,2025,609,gerson,Brazil,Belford Roxo,Brazil,1997-05-20 00:00:00,Central Midfield,Midfield,left,184.0,2030-12-31 00:00:00,Carlos Leite,https://img.a.transfermarkt.technology/portrait/header/341705-1752473227.png?lm=1,14.0,1.0,,https://www.transfermarkt.co.uk/gerson/profil/spieler/341705,BRA1,Cruzeiro Esporte Clube,18000000.0,25000000.0,609,ec-cruzeiro-belo-horizonte,Cruzeiro Esporte Clube,BRA1,,30,26.8,7,23.3,3,Estádio Governador Magalhães Pinto,61927,€-36.26m,,2025,../data/raw/transfermarkt-scraper/2025/clubs.json.gz,https://www.transfermarkt.co.uk/ec-cruzeiro-belo-horizonte/startseite/verein/609,gerson,True,gerson,Gerson,LB,Flamengo,2457.0,3.0,6.0,2.1,3.6,181.0,71.0,80.0,36.0,111.0,16.0,57.0,23.0,3.0,0.0,gerson,True
341710,,William,William,2025,609,william,Brazil,Pelotas,Brazil,1995-04-03 00:00:00,Right-Back,Defender,right,171.0,2026-12-31 00:00:00,StarFactory Brasil,https://img.a.transfermarkt.technology/portrait/header/341710-1643899558.JPG?lm=1,0.0,0.0,,https://www.transfermarkt.co.uk/william/profil/spieler/341710,BRA1,Cruzeiro Esporte Clube,3000000.0,14000000.0,609,ec-cruzeiro-belo-horizonte,Cruzeiro Esporte Clube,BRA1,,30,26.8,7,23.3,3,Estádio Governador Magalhães Pinto,61927,€-36.26m,,2025,../data/raw/transfermarkt-scraper/2025/clubs.json.gz,https://www.transfermarkt.co.uk/ec-cruzeiro-belo-horizonte/startseite/verein/609,william,True,william,William,RB,Cruzeiro,2963.0,5.0,5.0,4.5,4.6,139.0,83.0,85.0,36.0,92.0,10.0,97.0,52.0,8.0,0.0,william,True
342024,,João Pedro,João Pedro,2025,210,joao-pedro,Brazil,Presidente Prudente,Brazil,1996-11-15 00:00:00,Right-Back,Defender,right,179.0,2027-12-31 00:00:00,Energy Sports,https://img.a.transfermarkt.technology/portrait/header/342024-1542105407.png?lm=1,0.0,0.0,,https://www.transfermarkt.co.uk/joao-pedro/profil/spieler/342024,BRA1,Grêmio Foot-Ball Porto Alegrense,1500000.0,4000000.0,210,gremio-porto-alegre,Grêmio Foot-Ball Porto Alegrense,BRA1,,34,26.5,11,32.4,3,Arena do Grêmio,60540,€-6.38m,,2025,../data/raw/transfermarkt-scraper/2025/clubs.json.gz,https://www.transfermarkt.co.uk/gremio-porto-alegre/startseite/verein/210,joao pedro,True,,,,,,,,,,,,,,,,,,,,,
344626,,Lucas Crispim,Lucas Crispim,2024,10870,lucas-crispim,Brazil,Brasília,Brazil,1994-06-19 00:00:00,Attacking Midfield,Midfield,right,178.0,2026-12-31 00:00:00,Granja Sports,https://img.a.transfermarkt.technology/portrait/header/344626-1598017705.jpg?lm=1,,,,https://www.transfermarkt.co.uk/lucas-crispim/profil/spieler/344626,BRA1,Fortaleza Esporte Clube,,,10870,fortaleza-esporte-clube,Fortaleza Esporte Clube,BRA1,,29,27.1,5,17.2,0,Estádio Governador Plácido Castelo,63904,+€6.25m,Juan Pablo Vojvoda,2024,../data/raw/transfermarkt-scraper/2024/clubs.json.gz,https://www.transfermarkt.co.uk/fortaleza-esporte-clube/startseite/verein/10870,lucas crispim,False,,,,,,,,,,,,,,,,,,,,,
344676,Alan,Benítez,Alan Benítez,2024,6600,alan-benitez,Paraguay,Asunción,Paraguay,1994-01-25 00:00:00,Right-Back,Defender,right,177.0,2026-12-31 00:00:00,La Squadra Sports,https://img.a.transfermarkt.technology/portrait/header/344676-1678624261.jpg?lm=1,8.0,0.0,,https://www.transfermarkt.co.uk/alan-benitez/profil/spieler/344676,BRA1,Sport Club Internacional,,,6600,sc-internacional-porto-alegre,Sport Club Internacional,BRA1,,32,26.7,9,28.1,3,Estádio Beira-Rio,50848,+€41.39m,,2025,../data/raw/transfermarkt-scraper/2025/clubs.json.gz,https://www.transfermarkt.co.uk/sc-internacional-porto-alegre/startseite/verein/6600,alan benitez,False,,,,,,,,,,,,,,,,,,,,,
346766,Guilherme,Arana,Guilherme Arana,2025,2462,guilherme-arana,Brazil,São Paulo,Brazil,1997-04-14 00:00:00,Left-Back,Defender,left,176.0,2029-12-31 00:00:00,,https://img.a.transfermarkt.technology/portrait/header/346766-1719653784.jpg?lm=1,13.0,0.0,,https://www.transfermarkt.co.uk/guilherme-arana/profil/spieler/346766,BRA1,Fluminense Football Club,6000000.0,14000000.0,2462,fluminense-rio-de-janeiro,Fluminense Football Club,BRA1,,33,29.7,11,33.3,4,Estádio Jornalista Mário Filho,82238,€-6.76m,,2025,../data/raw/transfermarkt-scraper/2025/clubs.json.gz,https://www.transfermarkt.co.uk/fluminense-rio-de-janeiro/startseite/verein/2462,guilherme arana,True,guilherme arana,Guilherme Arana,WB,Atlético Mineiro,1213.0,1.0,1.0,0.5,1.0,90.0,41.0,23.0,10.0,46.0,3.0,21.0,13.0,5.0,0.0,guilherme arana,True
346935,,Yago Felipe,Yago Felipe,2024,10010,yago-felipe,Brazil,Limoeiro do Norte,Brazil,1995-02-03 00:00:00,Central Midfield,Midfield,right,174.0,2026-11-30 00:00:00,Brazil Soccer,https://img.a.transfermarkt.technology/portrait/header/346935-1543834042.jpg?lm=1,,,,https://www.transfermarkt.co.uk/yago-felipe/profil/spieler/346935,BRA1,Esporte Clube Bahia,,,10010,esporte-clube-bahia,Esporte Clube Bahia,BRA1,,32,26.6,9,28.1,3,Arena Fonte Nova,47364,+€8.14m,,2025,../data/raw/transfermarkt-scraper/2025/clubs.json.gz,https://www.transfermarkt.co.uk/esporte-clube-bahia/startseite/verein/10010,yago felipe,False,yago,Yago,RM,Bahia,68.0,0.0,0.0,0.0,0.0,3.0,1.0,0.0,0.0,1.0,0.0,4.0,2.0,3.0,0.0,yago,True
347913,,Luan Peres,Luan Peres,2025,221,luan-peres,Brazil,São Caetano do Sul,Brazil,1994-07-19 00:00:00,Centre-Back,Defender,left,190.0,2027-12-31 00:00:00,FJB Sports,https://img.a.transfermarkt.technology/portrait/header/347913-1696446130.png?lm=1,,,,https://www.transfermarkt.co.uk/luan-peres/profil/spieler/347913,BRA1,Santos Futebol Clube,700000.0,7000000.0,221,fc-santos,Santos Futebol Clube,BRA1,,37,26.7,9,24.3,4,Estádio Urbano Caldeira,16068,+€7.21m,,2025,../data/raw/transfermarkt-scraper/2025/clubs.json.gz,https://www.transfermarkt.co.uk/fc-santos/startseite/verein/221,luan peres,False,,,,,,,,,,,,,,,,,,,,,
348354,Tomás,Pochettino,Tomás Pochettino,2025,2125,tomas-pochettino,Argentina,Rafaela,Argentina,1996-02-01 00:00:00,Attacking Midfield,Midfield,right,180.0,2026-12-31 00:00:00,SP,https://img.a.transfermarkt.technology/portrait/header/348354-1644877968.png?lm=1,,,,https://www.transfermarkt.co.uk/tomas-pochettino/profil/spieler/348354,BRA1,Esporte Clube Vitória,,,2125,esporte-clube-vitoria,Esporte Clube Vitória,BRA1,,39,28.3,7,17.9,0,Estádio Manoel Barradas,30793,+€1.36m,,2025,../data/raw/transfermarkt-scraper/2025/clubs.json.gz,https://www.transfermarkt.co.uk/esporte-clube-vitoria/startseite/verein/2125,tomas pochettino,True,tomas pochettino,Tomas Pochettino,CM,Fortaleza,1648.0,5.0,6.0,2.9,4.5,89.0,57.0,41.0,20.0,83.0,10.0,27.0,27.0,3.0,0.0,tomas pochettino,True
348769,Marcelo,Hermes,Marcelo Hermes,2024,10492,marcelo-hermes,Brazil,Sarandi,Brazil,1995-02-01 00:00:00,Left-Back,Defender,left,177.0,2026-12-31 00:00:00,MPX SPORTS,https://img.a.transfermarkt.technology/portrait/header/348769-1662668636.jpg?lm=1,,,,https://www.transfermarkt.co.uk/marcelo-hermes/profil/spieler/348769,BRA1,Esporte Clube Juventude,450000.0,750000.0,10492,esporte-clube-juventude,Esporte Clube Juventude,BRA1,,29,28.3,3,10.3,0,Estádio Alfredo Jaconi,23726,+€1.13m,Roger Machado,2024,../data/raw/transfermarkt-scraper/2024/clubs.json.gz,https://www.transfermarkt.co.uk/esporte-clube-juventude/startseite/verein/10492,marcelo hermes,True,marcelo hermes,Marcelo Hermes,LB,Criciúma,3205.0,2.0,5.0,1.5,2.9,131.0,50.0,35.0,16.0,111.0,10.0,57.0,41.0,4.0,0.0,marcelo hermes,True
349166,,Chico Kim,Chico Kim,2025,3876,chico-kim,Brazil,Cascavel,Brazil,1991-05-16 00:00:00,Attacking Midfield,Midfield,right,175.0,2026-12-31 00:00:00,Pro Futebol,https://img.a.transfermarkt.technology/portrait/header/349166-1661911119.jpg?lm=1,,,,https://www.transfermarkt.co.uk/chico-kim/profil/spieler/349166,BRA1,Mirasol Futebol Clube,150000.0,650000.0,3876,mirassol-futebol-clube-sp-,Mirasol Futebol Clube,BRA1,,32,30.1,1,3.1,0,Estádio Municipal José María de Campos Maia,14534,+€1.67m,,2025,../data/raw/transfermarkt-scraper/2025/clubs.json.gz,https://www.transfermarkt.co.uk/mirassol-futebol-clube-sp-/startseite/verein/3876,chico kim,False,,,,,,,,,,,,,,,,,,,,,
349443,Ricardo,Ryller,Ricardo Ryller,2024,2125,ricardo-ryller,Brazil,Tangará da Serra,Brazil,1994-02-27 00:00:00,Defensive Midfield,Midfield,right,184.0,,BLB SPORTS,https://img.a.transfermarkt.technology/portrait/header/349443-1697280744.png?lm=1,,,,https://www.transfermarkt.co.uk/ricardo-ryller/profil/spieler/349443,BRA1,Esporte Clube Vitória,900000.0,1500000.0,2125,esporte-clube-vitoria,Esporte Clube Vitória,BRA1,,39,28.3,7,17.9,0,Estádio Manoel Barradas,30793,+€1.36m,,2025,../data/raw/transfermarkt-scraper/2025/clubs.json.gz,https://www.transfermarkt.co.uk/esporte-clube-vitoria/startseite/verein/2125,ricardo ryller,False,,,,,,,,,,,,,,,,,,,,,
349513,,Neris,Neris,2025,2125,neris,Brazil,Tucuruí,Brazil,1992-06-17 00:00:00,Centre-Back,Defender,right,192.0,2026-12-31 00:00:00,,https://img.a.transfermarkt.technology/portrait/header/349513-1580201051.jpg?lm=1,,,,https://www.transfermarkt.co.uk/neris/profil/spieler/349513,BRA1,Esporte Clube Vitória,200000.0,2000000.0,2125,esporte-clube-vitoria,Esporte Clube Vitória,BRA1,,39,28.3,7,17.9,0,Estádio Manoel Barradas,30793,+€1.36m,,2025,../data/raw/transfermarkt-scraper/2025/clubs.json.gz,https://www.transfermarkt.co.uk/esporte-clube-vitoria/startseite/verein/2125,neris,True,neris,Neris,CB,Cruzeiro,1663.0,1.0,0.0,0.30000000000000004,0.0,43.0,10.0,10.0,8.0,10.0,1.0,33.0,23.0,3.0,1.0,neris,True
349585,,Ayrton Lucas,Ayrton Lucas,2025,614,ayrton-lucas,Brazil,Carnaúba dos Dantas,Brazil,1997-06-19 00:00:00,Left-Back,Defender,left,180.0,2027-12-31 00:00:00,Carlos Leite,https://img.a.transfermarkt.technology/portrait/header/349585-1751371057.jpg?lm=1,2.0,0.0,,https://www.transfermarkt.co.uk/ayrton-lucas/profil/spieler/349585,BRA1,Clube de Regatas do Flamengo,4000000.0,9000000.0,614,flamengo-rio-de-janeiro,Clube de Regatas do Flamengo,BRA1,,28,28.8,9,32.1,10,Estádio Jornalista Mário Filho,82238,€-13.92m,,2025,../data/raw/transfermarkt-scraper/2025/clubs.json.gz,https://www.transfermarkt.co.uk/flamengo-rio-de-janeiro/startseite/verein/614,ayrton lucas,True,ayrton lucas,Ayrton Lucas,RB,Flamengo,2393.0,3.0,3.0,1.3,2.0,106.0,59.0,67.0,32.0,59.0,5.0,50.0,23.0,3.0,0.0,ayrton lucas,True
351892,,Matheus Fernandes,Matheus Fernandes,2025,8793,matheus-fernandes,Brazil,Itaboraí,Brazil,1998-06-30 00:00:00,Defensive Midfield,Midfield,right,183.0,2027-12-31 00:00:00,LINK SPORTS,https://img.a.transfermarkt.technology/portrait/header/351892-1717523861.jpg?lm=1,2.0,0.0,,https://www.transfermarkt.co.uk/matheus-fernandes/profil/spieler/351892,BRA1,Red Bull Bragantino,1000000.0,4000000.0,8793,red-bull-bragantino,Red Bull Bragantino,BRA1,,39,25.6,9,23.1,3,Estádio Municipal Cicero De Souza Marques,12000,+€10.50m,,2025,../data/raw/transfermarkt-scraper/2025/clubs.json.gz,https://www.transfermarkt.co.uk/red-bull-bragantino/startseite/verein/8793,matheus fernandes,True,matheus fernandes,Matheus Fernandes,LM,Red Bull Bragantino,846.0,1.0,1.0,0.5,0.6,38.0,7.0,13.0,10.0,19.0,2.0,39.0,17.0,5.0,0.0,matheus fernandes,True
352324,Agustín,Rossi,Agustín Rossi,2025,614,agustin-rossi,Argentina,San Martín,Argentina,1995-08-21 00:00:00,Goalkeeper,Goalkeeper,right,193.0,2027-12-31 00:00:00,,https://img.a.transfermarkt.technology/portrait/header/352324-1633537886.JPG?lm=1,0.0,0.0,,https://www.transfermarkt.co.uk/agustin-rossi/profil/spieler/352324,BRA1,Clube de Regatas do Flamengo,10000000.0,10000000.0,614,flamengo-rio-de-janeiro,Clube de Regatas do Flamengo,BRA1,,28,28.8,9,32.1,10,Estádio Jornalista Mário Filho,82238,€-13.92m,,2025,../data/raw/transfermarkt-scraper/2025/clubs.json.gz,https://www.transfermarkt.co.uk/flamengo-rio-de-janeiro/startseite/verein/614,agustin rossi,True,agustin rossi,Agustín Rossi,GK,Flamengo,3150.0,0.0,0.0,0.0,0.1,3.0,0.0,2.0,1.0,7.0,0.0,1.0,0.0,1.0,0.0,agustin rossi,True
353108,,Bruno Henrique,Bruno Henrique,2025,614,bruno-henrique,Brazil,Belo Horizonte,Brazil,1990-12-30 00:00:00,Centre-Forward,Attack,right,184.0,2027-12-31 00:00:00,,https://img.a.transfermarkt.technology/portrait/header/353108-1733188857.jpg?lm=1,2.0,0.0,,https://www.transfermarkt.co.uk/bruno-henrique/profil/spieler/353108,BRA1,Clube de Regatas do Flamengo,750000.0,6500000.0,614,flamengo-rio-de-janeiro,Clube de Regatas do Flamengo,BRA1,,28,28.8,9,32.1,10,Estádio Jornalista Mário Filho,82238,€-13.92m,,2025,../data/raw/transfermarkt-scraper/2025/clubs.json.gz,https://www.transfermarkt.co.uk/flamengo-rio-de-janeiro/startseite/verein/614,bruno henrique,True,,,,,,,,,,,,,,,,,,,,,
354145,Jorge,Carrascal,Jorge Carrascal,2025,614,jorge-carrascal,Colombia,Cartagena de Indias,Colombia,1998-05-25 00:00:00,Attacking Midfield,Midfield,right,180.0,2029-06-30 00:00:00,,https://img.a.transfermarkt.technology/portrait/header/354145-1770034381.jpg?lm=1,24.0,2.0,,https://www.transfermarkt.co.uk/jorge-carrascal/profil/spieler/354145,BRA1,Clube de Regatas do Flamengo,13000000.0,13000000.0,614,flamengo-rio-de-janeiro,Clube de Regatas do Flamengo,BRA1,,28,28.8,9,32.1,10,Estádio Jornalista Mário Filho,82238,€-13.92m,,2025,../data/raw/transfermarkt-scraper/2025/clubs.json.gz,https://www.transfermarkt.co.uk/flamengo-rio-de-janeiro/startseite/verein/614,jorge carrascal,False,,,,,,,,,,,,,,,,,,,,,
355496,,Lucas Cunha,Lucas Cunha,2024,8793,lucas-cunha,Brazil,Três Lagoas,Brazil,1997-01-23 00:00:00,Centre-Back,Defender,right,186.0,2026-11-30 00:00:00,,https://img.a.transfermarkt.technology/portrait/header/355496-1717522906.jpg?lm=1,6.0,0.0,,https://www.transfermarkt.co.uk/lucas-cunha/profil/spieler/355496,BRA1,Red Bull Bragantino,2500000.0,2500000.0,8793,red-bull-bragantino,Red Bull Bragantino,BRA1,,39,25.6,9,23.1,3,Estádio Municipal Cicero De Souza Marques,12000,+€10.50m,,2025,../data/raw/transfermarkt-scraper/2025/clubs.json.gz,https://www.transfermarkt.co.uk/red-bull-bragantino/startseite/verein/8793,lucas cunha,True,lucas cunha,Lucas Cunha,CB,Red Bull Bragantino,782.0,0.0,0.0,0.1,0.1,22.0,0.0,0.0,0.0,3.0,0.0,9.0,9.0,1.0,0.0,lucas cunha,True
360526,Emmanuel,Martínez,Emmanuel Martínez,2025,2125,emmanuel-martinez,Argentina,Tandil,Argentina,1994-06-04 00:00:00,Attacking Midfield,Midfield,right,169.0,2027-12-31 00:00:00,,https://img.a.transfermarkt.technology/portrait/header/360526-1620822321.jpg?lm=1,,,,https://www.transfermarkt.co.uk/emmanuel-martinez/profil/spieler/360526,BRA1,Esporte Clube Vitória,1200000.0,2000000.0,2125,esporte-clube-vitoria,Esporte Clube Vitória,BRA1,,39,28.3,7,17.9,0,Estádio Manoel Barradas,30793,+€1.36m,,2025,../data/raw/transfermarkt-scraper/2025/clubs.json.gz,https://www.transfermarkt.co.uk/esporte-clube-vitoria/startseite/verein/2125,emmanuel martinez,False,leandro emmanuel martinez,Leandro Emmanuel Martínez,LM,Fortaleza,1011.0,1.0,4.0,1.0,1.8,50.0,14.0,27.0,15.0,42.0,10.0,27.0,21.0,4.0,0.0,leandro emmanuel martinez,True
362667,Mateo,Cassierra,Mateo Cassierra,2025,330,mateo-cassierra,Colombia,Barbacoas,Colombia,1997-04-13 00:00:00,Centre-Forward,Attack,right,186.0,2029-12-31 00:00:00,THE·TEAM,https://img.a.transfermarkt.technology/portrait/header/362667-1756747129.png?lm=1,3.0,1.0,,https://www.transfermarkt.co.uk/mateo-cassierra/profil/spieler/362667,BRA1,Clube Atlético Mineiro,8000000.0,11000000.0,330,clube-atletico-mineiro,Clube Atlético Mineiro,BRA1,,33,25.7,9,27.3,6,Arena MRV,44892,€-1.24m,,2025,../data/raw/transfermarkt-scraper/2025/clubs.json.gz,https://www.transfermarkt.co.uk/clube-atletico-mineiro/startseite/verein/330,mateo cassierra,False,,,,,,,,,,,,,,,,,,,,,
362842,,Arthur Melo,Arthur Melo,2025,210,arthur-melo,Brazil,Goiânia,Brazil,1996-08-12 00:00:00,Central Midfield,Midfield,right,172.0,2026-06-30 00:00:00,,https://img.a.transfermarkt.technology/portrait/header/362842-1692880101.jpg?lm=1,22.0,1.0,,https://www.transfermarkt.co.uk/arthur-melo/profil/spieler/362842,BRA1,Grêmio Foot-Ball Porto Alegrense,4000000.0,70000000.0,210,gremio-porto-alegre,Grêmio Foot-Ball Porto Alegrense,BRA1,,34,26.5,11,32.4,3,Arena do Grêmio,60540,€-6.38m,,2025,../data/raw/transfermarkt-scraper/2025/clubs.json.gz,https://www.transfermarkt.co.uk/gremio-porto-alegre/startseite/verein/210,arthur melo,False,,,,,,,,,,,,,,,,,,,,,
363174,,Rodrigo Sam,Rodrigo Sam,2024,10492,rodrigo-sam,Brazil,Marília,Brazil,1995-07-24 00:00:00,Centre-Back,Defender,right,187.0,2027-12-31 00:00:00,F3 Sports,https://img.a.transfermarkt.technology/portrait/header/363174-1676059834.jpg?lm=1,,,,https://www.transfermarkt.co.uk/rodrigo-sam/profil/spieler/363174,BRA1,Esporte Clube Juventude,,,10492,esporte-clube-juventude,Esporte Clube Juventude,BRA1,,29,28.3,3,10.3,0,Estádio Alfredo Jaconi,23726,+€1.13m,Roger Machado,2024,../data/raw/transfermarkt-scraper/2024/clubs.json.gz,https://www.transfermarkt.co.uk/esporte-clube-juventude/startseite/verein/10492,rodrigo sam,True,rodrigo sam,Rodrigo Sam,CB,Juventude,803.0,1.0,0.0,0.5,0.1,22.0,2.0,3.0,3.0,3.0,0.0,14.0,13.0,4.0,1.0,rodrigo sam,True
363794,,Carlos Eduardo,Carlos Eduardo,2025,3876,carlos-eduardo,Brazil,Nerópolis,Brazil,1996-10-10 00:00:00,Right Winger,Attack,right,173.0,2026-12-31 00:00:00,Global Soccer Brasil,https://img.a.transfermarkt.technology/portrait/header/363794-1694441559.png?lm=1,,,,https://www.transfermarkt.co.uk/carlos-eduardo/profil/spieler/363794,BRA1,Mirasol Futebol Clube,500000.0,4000000.0,3876,mirassol-futebol-clube-sp-,Mirasol Futebol Clube,BRA1,,32,30.1,1,3.1,0,Estádio Municipal José María de Campos Maia,14534,+€1.67m,,2025,../data/raw/transfermarkt-scraper/2025/clubs.json.gz,https://www.transfermarkt.co.uk/mirassol-futebol-clube-sp-/startseite/verein/3876,carlos eduardo,True,carlos eduardo,Carlos Eduardo,FW,Atlético Mineiro,2210.0,3.0,3.0,3.9000000000000004,1.7000000000000002,66.0,39.0,49.0,27.0,63.0,6.0,45.0,17.0,5.0,0.0,carlos eduardo,True
364261,,Tchê Tchê,Tchê Tchê,2025,978,tche-tche,Brazil,São Paulo,Brazil,1992-08-30 00:00:00,Central Midfield,Midfield,both,175.0,2026-12-31 00:00:00,Un1que Football,https://img.a.transfermarkt.technology/portrait/header/364261-1748396160.jpg?lm=1,,,,https://www.transfermarkt.co.uk/tche-tche/profil/spieler/364261,BRA1,Club de Regatas Vasco da Gama,800000.0,5000000.0,978,vasco-da-gama-rio-de-janeiro,Club de Regatas Vasco da Gama,BRA1,,32,26.1,10,31.3,5,Estádio São Januário,24584,+€23.85m,,2025,../data/raw/transfermarkt-scraper/2025/clubs.json.gz,https://www.transfermarkt.co.uk/vasco-da-gama-rio-de-janeiro/startseite/verein/978,tche tche,True,tche tche,Tchê Tchê,CM,Botafogo (RJ),1570.0,0.0,0.0,0.4,2.8000000000000003,94.0,30.0,15.0,10.0,54.0,5.0,16.0,10.0,2.0,1.0,tche tche,True
364972,,Marlon Freitas,Marlon Freitas,2025,1023,marlon-freitas,Brazil,Magé,Brazil,1995-03-27 00:00:00,Defensive Midfield,Midfield,right,185.0,2028-12-31 00:00:00,,https://img.a.transfermarkt.technology/portrait/header/364972-1751918531.jpg?lm=1,,,,https://www.transfermarkt.co.uk/marlon-freitas/profil/spieler/364972,BRA1,Sociedade Esportiva Palmeiras,6000000.0,7000000.0,1023,se-palmeiras-sao-paulo,Sociedade Esportiva Palmeiras,BRA1,,31,25.9,9,29.0,10,Nubank Parque,43713,+€31.54m,,2025,../data/raw/transfermarkt-scraper/2025/clubs.json.gz,https://www.transfermarkt.co.uk/se-palmeiras-sao-paulo/startseite/verein/1023,marlon freitas,True,marlon freitas,Marlon Freitas,CM,Botafogo (RJ),2425.0,0.0,5.0,1.6,4.4,263.0,44.0,10.0,5.0,96.0,10.0,43.0,33.0,6.0,0.0,marlon freitas,True
365368,,Matheuzinho,Matheuzinho,2025,2125,matheuzinho,Brazil,Capivari de Baixo,Brazil,1997-10-18 00:00:00,Attacking Midfield,Midfield,left,165.0,2029-12-31 00:00:00,,https://img.a.transfermarkt.technology/portrait/header/365368-1663238403.jpg?lm=1,,,,https://www.transfermarkt.co.uk/matheuzinho/profil/spieler/365368,BRA1,Esporte Clube Vitória,3000000.0,3000000.0,2125,esporte-clube-vitoria,Esporte Clube Vitória,BRA1,,39,28.3,7,17.9,0,Estádio Manoel Barradas,30793,+€1.36m,,2025,../data/raw/transfermarkt-scraper/2025/clubs.json.gz,https://www.transfermarkt.co.uk/esporte-clube-vitoria/startseite/verein/2125,matheuzinho,True,,,,,,,,,,,,,,,,,,,,,
366450,,Iury Castilho,Iury Castilho,2024,3876,iury-castilho,Brazil,Rio de Janeiro,Brazil,1995-09-06 00:00:00,Centre-Forward,Attack,right,185.0,2026-12-31 00:00:00,,https://img.a.transfermarkt.technology/portrait/header/366450-1662314214.jpg?lm=1,,,,https://www.transfermarkt.co.uk/iury-castilho/profil/spieler/366450,BRA1,Mirasol Futebol Clube,700000.0,700000.0,3876,mirassol-futebol-clube-sp-,Mirasol Futebol Clube,BRA1,,32,30.1,1,3.1,0,Estádio Municipal José María de Campos Maia,14534,+€1.67m,,2025,../data/raw/transfermarkt-scraper/2025/clubs.json.gz,https://www.transfermarkt.co.uk/mirassol-futebol-clube-sp-/startseite/verein/3876,iury castilho,False,,,,,,,,,,,,,,,,,,,,,
371009,,Rony,Rony,2025,221,rony,Brazil,Magalhães Barata,Brazil,1995-05-11 00:00:00,Centre-Forward,Attack,right,167.0,2029-12-31 00:00:00,,https://img.a.transfermarkt.technology/portrait/header/371009-1766179736.jpg?lm=1,3.0,0.0,,https://www.transfermarkt.co.uk/rony/profil/spieler/371009,BRA1,Santos Futebol Clube,4500000.0,13000000.0,221,fc-santos,Santos Futebol Clube,BRA1,,37,26.7,9,24.3,4,Estádio Urbano Caldeira,16068,+€7.21m,,2025,../data/raw/transfermarkt-scraper/2025/clubs.json.gz,https://www.transfermarkt.co.uk/fc-santos/startseite/verein/221,rony,True,rony,Rony,LW,Palmeiras,1721.0,4.0,2.0,8.0,2.6,20.0,22.0,23.0,13.0,59.0,4.0,21.0,11.0,4.0,0.0,rony,True
371025,,Ramon Menezes,Ramon Menezes,2024,2029,ramon-menezes,Brazil,Feira de Santana,Brazil,1995-05-03 00:00:00,Centre-Back,Defender,right,186.0,2026-12-31 00:00:00,,https://img.a.transfermarkt.technology/portrait/header/371025-1706875107.jpg?lm=1,,,,https://www.transfermarkt.co.uk/ramon-menezes/profil/spieler/371025,BRA1,Ceará Sporting Club,,,2029,ceara-sporting-club,Ceará Sporting Club,BRA1,,29,28.0,2,6.9,0,Estádio Governador Plácido Castelo,63904,+€2.30m,Anderson Batatais,2024,../data/raw/transfermarkt-scraper/2024/clubs.json.gz,https://www.transfermarkt.co.uk/ceara-sporting-club/startseite/verein/2029,ramon menezes,False,,,,,,,,,,,,,,,,,,,,,
371247,Gabriel,Brazão,Gabriel Brazão,2025,221,gabriel-brazao,Brazil,Uberlândia,Brazil,2000-10-05 00:00:00,Goalkeeper,Goalkeeper,right,192.0,2028-12-31 00:00:00,Bertolucci Sports,https://img.a.transfermarkt.technology/portrait/header/371247-1780359299.jpg?lm=1,0.0,0.0,,https://www.transfermarkt.co.uk/gabriel-brazao/profil/spieler/371247,BRA1,Santos Futebol Clube,12000000.0,12000000.0,221,fc-santos,Santos Futebol Clube,BRA1,,37,26.7,9,24.3,4,Estádio Urbano Caldeira,16068,+€7.21m,,2025,../data/raw/transfermarkt-scraper/2025/clubs.json.gz,https://www.transfermarkt.co.uk/fc-santos/startseite/verein/221,gabriel brazao,False,,,,,,,,,,,,,,,,,,,,,
371250,,Edu Ribeiro,Edu Ribeiro,2025,2125,edu-ribeiro,Brazil,Belo Horizonte,Brazil,2000-06-16 00:00:00,Centre-Back,Defender,right,185.0,2028-12-31 00:00:00,Zanette GE,https://img.a.transfermarkt.technology/portrait/header/371250-1674432318.jpg?lm=1,4.0,0.0,,https://www.transfermarkt.co.uk/edu-ribeiro/profil/spieler/371250,BRA1,Esporte Clube Vitória,800000.0,800000.0,2125,esporte-clube-vitoria,Esporte Clube Vitória,BRA1,,39,28.3,7,17.9,0,Estádio Manoel Barradas,30793,+€1.36m,,2025,../data/raw/transfermarkt-scraper/2025/clubs.json.gz,https://www.transfermarkt.co.uk/esporte-clube-vitoria/startseite/verein/2125,edu ribeiro,False,,,,,,,,,,,,,,,,,,,,,
371968,,Clayton,Clayton,2025,6600,clayton,Brazil,Santos,Brazil,2000-04-04 00:00:00,Centre-Back,Defender,right,187.0,2028-12-31 00:00:00,,https://img.a.transfermarkt.technology/portrait/header/371968-1725227811.jpg?lm=1,4.0,0.0,,https://www.transfermarkt.co.uk/clayton/profil/spieler/371968,BRA1,Sport Club Internacional,700000.0,1000000.0,6600,sc-internacional-porto-alegre,Sport Club Internacional,BRA1,,32,26.7,9,28.1,3,Estádio Beira-Rio,50848,+€41.39m,,2025,../data/raw/transfermarkt-scraper/2025/clubs.json.gz,https://www.transfermarkt.co.uk/sc-internacional-porto-alegre/startseite/verein/6600,clayton,True,clayton,Clayton,FW,Vasco da Gama,681.0,0.0,0.0,0.9,0.3,17.0,2.0,2.0,2.0,7.0,0.0,7.0,5.0,1.0,0.0,clayton,True
371996,,Alerrandro,Alerrandro,2025,6600,alerrandro,Brazil,Lavras,Brazil,2000-01-12 00:00:00,Centre-Forward,Attack,right,181.0,2026-12-31 00:00:00,Bertolucci Sports,https://img.a.transfermarkt.technology/portrait/header/371996-1739819632.png?lm=1,0.0,0.0,,https://www.transfermarkt.co.uk/alerrandro/profil/spieler/371996,BRA1,Sport Club Internacional,3000000.0,4000000.0,6600,sc-internacional-porto-alegre,Sport Club Internacional,BRA1,,32,26.7,9,28.1,3,Estádio Beira-Rio,50848,+€41.39m,,2025,../data/raw/transfermarkt-scraper/2025/clubs.json.gz,https://www.transfermarkt.co.uk/sc-internacional-porto-alegre/startseite/verein/6600,alerrandro,True,alerrandro,Alerrandro,FW,Vitória,2387.0,15.0,4.0,11.0,2.6,55.0,16.0,24.0,10.0,68.0,7.0,24.0,29.0,4.0,0.0,alerrandro,True
373170,Cristian,Pavón,Cristian Pavón,2025,210,cristian-pavon,Argentina,Anisacate,Argentina,1996-01-21 00:00:00,Right-Back,Defender,right,174.0,2026-12-31 00:00:00,Fernando Hidalgo,https://img.a.transfermarkt.technology/portrait/header/373170-1583574833.JPG?lm=1,11.0,0.0,,https://www.transfermarkt.co.uk/cristian-pavon/profil/spieler/373170,BRA1,Grêmio Foot-Ball Porto Alegrense,1700000.0,20000000.0,210,gremio-porto-alegre,Grêmio Foot-Ball Porto Alegrense,BRA1,,34,26.5,11,32.4,3,Arena do Grêmio,60540,€-6.38m,,2025,../data/raw/transfermarkt-scraper/2025/clubs.json.gz,https://www.transfermarkt.co.uk/gremio-porto-alegre/startseite/verein/210,cristian pavon,True,cristian pavon,Cristian Pavón,RW,Grêmio,1087.0,1.0,3.0,2.7,2.3,43.0,29.0,40.0,18.0,47.0,6.0,13.0,12.0,4.0,0.0,cristian pavon,True
373174,,Dodi,Dodi,2025,210,dodi,Brazil,Santo Antônio do Sudoeste,Brazil,1996-04-17 00:00:00,Defensive Midfield,Midfield,right,169.0,2026-12-31 00:00:00,SB SPORT,https://img.a.transfermarkt.technology/portrait/header/373174-1656157544.jpg?lm=1,,,,https://www.transfermarkt.co.uk/dodi/profil/spieler/373174,BRA1,Grêmio Foot-Ball Porto Alegrense,700000.0,1000000.0,210,gremio-porto-alegre,Grêmio Foot-Ball Porto Alegrense,BRA1,,34,26.5,11,32.4,3,Arena do Grêmio,60540,€-6.38m,,2025,../data/raw/transfermarkt-scraper/2025/clubs.json.gz,https://www.transfermarkt.co.uk/gremio-porto-alegre/startseite/verein/210,dodi,True,dodi,Dodi,CM,Grêmio,2319.0,0.0,2.0,0.8,1.1,79.0,24.0,35.0,22.0,30.0,3.0,78.0,29.0,6.0,1.0,dodi,True
373189,,David,David,2025,978,david,Brazil,Serra,Brazil,1995-10-17 00:00:00,Left Winger,Attack,right,179.0,2027-12-31 00:00:00,LINK SPORTS,https://img.a.transfermarkt.technology/portrait/header/373189-1597912752.jpg?lm=1,,,,https://www.transfermarkt.co.uk/david/profil/spieler/373189,BRA1,Club de Regatas Vasco da Gama,1500000.0,2000000.0,978,vasco-da-gama-rio-de-janeiro,Club de Regatas Vasco da Gama,BRA1,,32,26.1,10,31.3,5,Estádio São Januário,24584,+€23.85m,,2025,../data/raw/transfermarkt-scraper/2025/clubs.json.gz,https://www.transfermarkt.co.uk/vasco-da-gama-rio-de-janeiro/startseite/verein/978,david,True,david,David,LW,Vasco da Gama,1662.0,4.0,3.0,1.9,1.7,50.0,43.0,66.0,39.0,48.0,5.0,21.0,12.0,7.0,1.0,david,True
373193,,Yuri Lara,Yuri Lara,2025,3876,yuri-lara,Brazil,Rio de Janeiro,Brazil,1994-04-20 00:00:00,Defensive Midfield,Midfield,right,173.0,2026-12-31 00:00:00,Antoniu's Assessoria,https://img.a.transfermarkt.technology/portrait/header/373193-1598345009.jpg?lm=1,,,,https://www.transfermarkt.co.uk/yuri-lara/profil/spieler/373193,BRA1,Mirasol Futebol Clube,500000.0,1000000.0,3876,mirassol-futebol-clube-sp-,Mirasol Futebol Clube,BRA1,,32,30.1,1,3.1,0,Estádio Municipal José María de Campos Maia,14534,+€1.67m,,2025,../data/raw/transfermarkt-scraper/2025/clubs.json.gz,https://www.transfermarkt.co.uk/mirassol-futebol-clube-sp-/startseite/verein/3876,yuri lara,False,,,,,,,,,,,,,,,,,,,,,
373433,,Adryelson,Adryelson,2024,537,adryelson,Brazil,Barão de Grajaú,Brazil,1998-03-23 00:00:00,Centre-Back,Defender,right,182.0,,LEFT Sports,https://img.a.transfermarkt.technology/portrait/header/373433-1733188388.jpg?lm=1,0.0,0.0,,https://www.transfermarkt.co.uk/adryelson/profil/spieler/373433,BRA1,S. A. F. Botafogo,3000000.0,8000000.0,537,botafogo-rio-de-janeiro,S. A. F. Botafogo,BRA1,,34,26.2,13,38.2,5,Estádio Olímpico Nilton Santos,46931,+€40.04m,,2025,../data/raw/transfermarkt-scraper/2025/clubs.json.gz,https://www.transfermarkt.co.uk/botafogo-rio-de-janeiro/startseite/verein/537,adryelson,True,adryelson,Adryelson,CB,Botafogo (RJ),580.0,1.0,0.0,0.2,0.3,22.0,2.0,0.0,0.0,8.0,0.0,4.0,5.0,0.0,0.0,adryelson,True
373446,,David Duarte,David Duarte,2025,10010,david-duarte,Brazil,Rio Grande,Brazil,1995-01-24 00:00:00,Centre-Back,Defender,right,193.0,2027-12-31 00:00:00,Brazil Soccer,https://img.a.transfermarkt.technology/portrait/header/373446-1599723818.jpg?lm=1,,,,https://www.transfermarkt.co.uk/david-duarte/profil/spieler/373446,BRA1,Esporte Clube Bahia,1500000.0,1500000.0,10010,esporte-clube-bahia,Esporte Clube Bahia,BRA1,,32,26.6,9,28.1,3,Arena Fonte Nova,47364,+€8.14m,,2025,../data/raw/transfermarkt-scraper/2025/clubs.json.gz,https://www.transfermarkt.co.uk/esporte-clube-bahia/startseite/verein/10010,david duarte,True,david duarte,David Duarte,CB,Bahia,255.0,1.0,0.0,0.1,0.0,11.0,3.0,0.0,0.0,0.0,0.0,1.0,3.0,0.0,0.0,david duarte,True
374136,,Léo Ortiz,Léo Ortiz,2025,614,leo-ortiz,Brazil,Porto Alegre,Brazil,1996-01-03 00:00:00,Centre-Back,Defender,right,185.0,2028-12-31 00:00:00,Talents Sports,https://img.a.transfermarkt.technology/portrait/header/374136-1751370337.jpg?lm=1,2.0,0.0,,https://www.transfermarkt.co.uk/leo-ortiz/profil/spieler/374136,BRA1,Clube de Regatas do Flamengo,12000000.0,15000000.0,614,flamengo-rio-de-janeiro,Clube de Regatas do Flamengo,BRA1,,28,28.8,9,32.1,10,Estádio Jornalista Mário Filho,82238,€-13.92m,,2025,../data/raw/transfermarkt-scraper/2025/clubs.json.gz,https://www.transfermarkt.co.uk/flamengo-rio-de-janeiro/startseite/verein/614,leo ortiz,True,leo ortiz,Leo Ortiz,CB,Flamengo,1878.0,1.0,2.0,1.0,1.3,138.0,16.0,13.0,7.0,32.0,2.0,31.0,17.0,2.0,0.0,leo ortiz,True
375690,,Éder,Éder,2024,2029,eder,Brazil,Gurupi,Brazil,1995-04-05 00:00:00,Centre-Back,Defender,right,184.0,2026-12-31 00:00:00,,https://img.a.transfermarkt.technology/portrait/header/375690-1682803573.jpg?lm=1,,,,https://www.transfermarkt.co.uk/eder/profil/spieler/375690,BRA1,Ceará Sporting Club,,,2029,ceara-sporting-club,Ceará Sporting Club,BRA1,,29,28.0,2,6.9,0,Estádio Governador Plácido Castelo,63904,+€2.30m,Anderson Batatais,2024,../data/raw/transfermarkt-scraper/2024/clubs.json.gz,https://www.transfermarkt.co.uk/ceara-sporting-club/startseite/verein/2029,eder,True,eder,Éder,FW,Criciúma,764.0,0.0,0.0,0.9,1.1,22.0,13.0,10.0,1.0,22.0,2.0,7.0,2.0,5.0,0.0,eder,True
378189,,Lucas Ramon,Lucas Ramon,2025,585,lucas-ramon,Brazil,Montes Claros,Brazil,1994-03-07 00:00:00,Right-Back,Defender,right,180.0,2027-12-31 00:00:00,L16 AGENCIAMENTO,https://img.a.transfermarkt.technology/portrait/header/378189-1770141361.jpg?lm=1,,,,https://www.transfermarkt.co.uk/lucas-ramon/profil/spieler/378189,BRA1,São Paulo Futebol Clube,700000.0,750000.0,585,fc-sao-paulo,São Paulo Futebol Clube,BRA1,,42,26.4,9,21.4,3,MorumBIS,72039,+€24.69m,,2025,../data/raw/transfermarkt-scraper/2025/clubs.json.gz,https://www.transfermarkt.co.uk/fc-sao-paulo/startseite/verein/585,lucas ramon,False,,,,,,,,,,,,,,,,,,,,,
378871,Carlos,Coronel,Carlos Coronel,2025,585,carlos-coronel,Brazil,Corumbá,Paraguay,1996-12-29 00:00:00,Goalkeeper,Goalkeeper,right,192.0,2028-12-31 00:00:00,VERO Sports,https://img.a.transfermarkt.technology/portrait/header/378871-1740943495.jpg?lm=1,9.0,0.0,,https://www.transfermarkt.co.uk/carlos-coronel/profil/spieler/378871,BRA1,São Paulo Futebol Clube,1500000.0,1500000.0,585,fc-sao-paulo,São Paulo Futebol Clube,BRA1,,42,26.4,9,21.4,3,MorumBIS,72039,+€24.69m,,2025,../data/raw/transfermarkt-scraper/2025/clubs.json.gz,https://www.transfermarkt.co.uk/fc-sao-paulo/startseite/verein/585,carlos coronel,False,,,,,,,,,,,,,,,,,,,,,
379369,,Giovanny,Giovanny,2024,10492,giovanny,Brazil,São Paulo,Brazil,1997-09-19 00:00:00,Left Winger,Attack,right,175.0,,,https://img.a.transfermarkt.technology/portrait/header/379369-1690574756.png?lm=1,9.0,1.0,,https://www.transfermarkt.co.uk/giovanny/profil/spieler/379369,BRA1,Esporte Clube Juventude,,,10492,esporte-clube-juventude,Esporte Clube Juventude,BRA1,,29,28.3,3,10.3,0,Estádio Alfredo Jaconi,23726,+€1.13m,Roger Machado,2024,../data/raw/transfermarkt-scraper/2024/clubs.json.gz,https://www.transfermarkt.co.uk/esporte-clube-juventude/startseite/verein/10492,giovanny,False,,,,,,,,,,,,,,,,,,,,,
379752,Alexander,Barboza,Alexander Barboza,2025,1023,alexander-barboza,Argentina,Villa Celina,Argentina,1995-03-16 00:00:00,Centre-Back,Defender,left,193.0,2028-12-31 00:00:00,OLLER GROUP,https://img.a.transfermarkt.technology/portrait/header/379752-1680009523.jpg?lm=1,,,,https://www.transfermarkt.co.uk/alexander-barboza/profil/spieler/379752,BRA1,Sociedade Esportiva Palmeiras,5000000.0,6000000.0,1023,se-palmeiras-sao-paulo,Sociedade Esportiva Palmeiras,BRA1,,31,25.9,9,29.0,10,Nubank Parque,43713,+€31.54m,,2025,../data/raw/transfermarkt-scraper/2025/clubs.json.gz,https://www.transfermarkt.co.uk/se-palmeiras-sao-paulo/startseite/verein/1023,alexander barboza,True,alexander barboza,Alexander Barboza,CB,Botafogo (RJ),2033.0,0.0,1.0,1.5,0.9,89.0,14.0,12.0,8.0,24.0,2.0,30.0,27.0,11.0,2.0,alexander barboza,True
379807,,Lyanco,Lyanco,2025,330,lyanco,Brazil,Vitória,Brazil,1997-02-01 00:00:00,Centre-Back,Defender,right,187.0,2029-12-31 00:00:00,MV SPORTS & MKT,https://img.a.transfermarkt.technology/portrait/header/379807-1756393635.jpg?lm=1,10.0,0.0,,https://www.transfermarkt.co.uk/lyanco/profil/spieler/379807,BRA1,Clube Atlético Mineiro,4500000.0,8000000.0,330,clube-atletico-mineiro,Clube Atlético Mineiro,BRA1,,33,25.7,9,27.3,6,Arena MRV,44892,€-1.24m,,2025,../data/raw/transfermarkt-scraper/2025/clubs.json.gz,https://www.transfermarkt.co.uk/clube-atletico-mineiro/startseite/verein/330,lyanco,True,lyanco,Lyanco,CB,Atlético Mineiro,904.0,0.0,0.0,0.2,0.2,37.0,9.0,9.0,5.0,5.0,1.0,15.0,15.0,8.0,1.0,lyanco,True
381032,,Luizão,Luizão,2024,3876,luizao,Brazil,Rio de Janeiro,Brazil,1992-10-09 00:00:00,Centre-Back,Defender,right,194.0,2026-12-31 00:00:00,BLB SPORTS,https://img.a.transfermarkt.technology/portrait/header/381032-1661955957.jpg?lm=1,,,,https://www.transfermarkt.co.uk/luizao/profil/spieler/381032,BRA1,Mirasol Futebol Clube,,,3876,mirassol-futebol-clube-sp-,Mirasol Futebol Clube,BRA1,,32,30.1,1,3.1,0,Estádio Municipal José María de Campos Maia,14534,+€1.67m,,2025,../data/raw/transfermarkt-scraper/2025/clubs.json.gz,https://www.transfermarkt.co.uk/mirassol-futebol-clube-sp-/startseite/verein/3876,luizao,False,,,,,,,,,,,,,,,,,,,,,
381724,,Victor Sá,Victor Sá,2025,585,victor-sa,Brazil,São José dos Campos,Brazil,1994-03-27 00:00:00,Left Winger,Attack,both,178.0,2029-12-31 00:00:00,VERO Sports,https://img.a.transfermarkt.technology/portrait/header/381724-1753531281.png?lm=1,,,,https://www.transfermarkt.co.uk/victor-sa/profil/spieler/381724,BRA1,São Paulo Futebol Clube,2500000.0,4500000.0,585,fc-sao-paulo,São Paulo Futebol Clube,BRA1,,42,26.4,9,21.4,3,MorumBIS,72039,+€24.69m,,2025,../data/raw/transfermarkt-scraper/2025/clubs.json.gz,https://www.transfermarkt.co.uk/fc-sao-paulo/startseite/verein/585,victor sa,False,,,,,,,,,,,,,,,,,,,,,
383638,,Juninho,Juninho,2025,6600,juninho,Brazil,Londrina,Brazil,1995-02-01 00:00:00,Centre-Back,Defender,left,185.0,2027-12-31 00:00:00,COMUNIGOAL,https://img.a.transfermarkt.technology/portrait/header/383638-1525791516.jpg?lm=1,,,,https://www.transfermarkt.co.uk/juninho/profil/spieler/383638,BRA1,Sport Club Internacional,700000.0,2250000.0,6600,sc-internacional-porto-alegre,Sport Club Internacional,BRA1,,32,26.7,9,28.1,3,Estádio Beira-Rio,50848,+€41.39m,,2025,../data/raw/transfermarkt-scraper/2025/clubs.json.gz,https://www.transfermarkt.co.uk/sc-internacional-porto-alegre/startseite/verein/6600,juninho,False,,,,,,,,,,,,,,,,,,,,,
385271,,Allan,Allan,2025,199,allan,Brazil,Araçatuba,Brazil,1997-03-03 00:00:00,Defensive Midfield,Midfield,left,172.0,2026-12-31 00:00:00,Bertolucci Sports,https://img.a.transfermarkt.technology/portrait/header/385271-1751370616.jpg?lm=1,1.0,0.0,,https://www.transfermarkt.co.uk/allan/profil/spieler/385271,BRA1,Sport Club Corinthians Paulista,2500000.0,7000000.0,199,corinthians-sao-paulo,Sport Club Corinthians Paulista,BRA1,,34,27.2,7,20.6,3,Neo Química Arena,49205,+€2.19m,,2025,../data/raw/transfermarkt-scraper/2025/clubs.json.gz,https://www.transfermarkt.co.uk/corinthians-sao-paulo/startseite/verein/199,allan,True,,,,,,,,,,,,,,,,,,,,,
387925,,Ronaldo,Ronaldo,2025,10010,ronaldo,Brazil,Salvador,Brazil,1996-08-22 00:00:00,Goalkeeper,Goalkeeper,right,194.0,2029-12-31 00:00:00,LINK SPORTS,https://img.a.transfermarkt.technology/portrait/header/387925-1543832595.jpg?lm=1,,,,https://www.transfermarkt.co.uk/ronaldo/profil/spieler/387925,BRA1,Esporte Clube Bahia,2000000.0,2000000.0,10010,esporte-clube-bahia,Esporte Clube Bahia,BRA1,,32,26.6,9,28.1,3,Arena Fonte Nova,47364,+€8.14m,,2025,../data/raw/transfermarkt-scraper/2025/clubs.json.gz,https://www.transfermarkt.co.uk/esporte-clube-bahia/startseite/verein/10010,ronaldo,True,,,,,,,,,,,,,,,,,,,,,
388519,Kike,Saverio,Kike Saverio,2025,2125,kike-saverio,Italy,Genova,Ecuador,1999-06-19 00:00:00,Left Winger,Attack,both,178.0,2026-06-30 00:00:00,,https://img.a.transfermarkt.technology/portrait/header/388519-1590570239.jpg?lm=1,0.0,0.0,,https://www.transfermarkt.co.uk/kike-saverio/profil/spieler/388519,BRA1,Esporte Clube Vitória,450000.0,500000.0,2125,esporte-clube-vitoria,Esporte Clube Vitória,BRA1,,39,28.3,7,17.9,0,Estádio Manoel Barradas,30793,+€1.36m,,2025,../data/raw/transfermarkt-scraper/2025/clubs.json.gz,https://www.transfermarkt.co.uk/esporte-clube-vitoria/startseite/verein/2125,kike saverio,False,,,,,,,,,,,,,,,,,,,,,
389942,,Hayner,Hayner,2024,221,hayner,Brazil,Serra,Brazil,1995-10-02 00:00:00,Right-Back,Defender,right,178.0,2026-12-31 00:00:00,LINK SPORTS,https://img.a.transfermarkt.technology/portrait/header/389942-1673962674.png?lm=1,,,,https://www.transfermarkt.co.uk/hayner/profil/spieler/389942,BRA1,Santos Futebol Clube,600000.0,600000.0,221,fc-santos,Santos Futebol Clube,BRA1,,37,26.7,9,24.3,4,Estádio Urbano Caldeira,16068,+€7.21m,,2025,../data/raw/transfermarkt-scraper/2025/clubs.json.gz,https://www.transfermarkt.co.uk/fc-santos/startseite/verein/221,hayner,False,,,,,,,,,,,,,,,,,,,,,
390638,Arthur,Cabral,Arthur Cabral,2025,537,arthur-cabral,Brazil,Campina Grande,Brazil,1998-04-25 00:00:00,Centre-Forward,Attack,right,186.0,2028-12-31 00:00:00,Talents Sports,https://img.a.transfermarkt.technology/portrait/header/390638-1701333640.jpg?lm=1,0.0,0.0,,https://www.transfermarkt.co.uk/arthur-cabral/profil/spieler/390638,BRA1,S. A. F. Botafogo,9000000.0,20000000.0,537,botafogo-rio-de-janeiro,S. A. F. Botafogo,BRA1,,34,26.2,13,38.2,5,Estádio Olímpico Nilton Santos,46931,+€40.04m,,2025,../data/raw/transfermarkt-scraper/2025/clubs.json.gz,https://www.transfermarkt.co.uk/botafogo-rio-de-janeiro/startseite/verein/537,arthur cabral,False,,,,,,,,,,,,,,,,,,,,,
392487,,Thaciano,Thaciano,2025,221,thaciano,Brazil,Campina Grande,Brazil,1995-05-12 00:00:00,Attacking Midfield,Midfield,right,182.0,2028-12-31 00:00:00,MPX SPORTS,https://img.a.transfermarkt.technology/portrait/header/392487-1725393041.jpg?lm=1,,,,https://www.transfermarkt.co.uk/thaciano/profil/spieler/392487,BRA1,Santos Futebol Clube,1000000.0,2000000.0,221,fc-santos,Santos Futebol Clube,BRA1,,37,26.7,9,24.3,4,Estádio Urbano Caldeira,16068,+€7.21m,,2025,../data/raw/transfermarkt-scraper/2025/clubs.json.gz,https://www.transfermarkt.co.uk/fc-santos/startseite/verein/221,thaciano,True,thaciano,Thaciano,FW,Bahia,2343.0,7.0,2.0,5.6000000000000005,2.4,50.0,20.0,20.0,10.0,56.0,5.0,19.0,16.0,6.0,0.0,thaciano,True
392809,,Clayson,Clayson,2024,3876,clayson,Brazil,Botucatu,Brazil,1995-03-19 00:00:00,Left Winger,Attack,right,166.0,2026-11-30 00:00:00,,https://img.a.transfermarkt.technology/portrait/header/392809-1766069994.JPG?lm=1,,,,https://www.transfermarkt.co.uk/clayson/profil/spieler/392809,BRA1,Mirasol Futebol Clube,,,3876,mirassol-futebol-clube-sp-,Mirasol Futebol Clube,BRA1,,32,30.1,1,3.1,0,Estádio Municipal José María de Campos Maia,14534,+€1.67m,,2025,../data/raw/transfermarkt-scraper/2025/clubs.json.gz,https://www.transfermarkt.co.uk/mirassol-futebol-clube-sp-/startseite/verein/3876,clayson,True,clayson,Clayson,LM,Cuiabá,2043.0,5.0,1.0,2.7,1.1,77.0,54.0,78.0,24.0,55.0,8.0,11.0,27.0,6.0,0.0,clayson,True
397458,Nicolás,de la Cruz,Nicolás de la Cruz,2025,614,nicolas-de-la-cruz,Uruguay,Montevideo,Uruguay,1997-06-01 00:00:00,Central Midfield,Midfield,right,167.0,2028-06-30 00:00:00,Paco Casal,https://img.a.transfermarkt.technology/portrait/header/397458-1719565799.jpg?lm=1,37.0,5.0,,https://www.transfermarkt.co.uk/nicolas-de-la-cruz/profil/spieler/397458,BRA1,Clube de Regatas do Flamengo,8000000.0,18000000.0,614,flamengo-rio-de-janeiro,Clube de Regatas do Flamengo,BRA1,,28,28.8,9,32.1,10,Estádio Jornalista Mário Filho,82238,€-13.92m,,2025,../data/raw/transfermarkt-scraper/2025/clubs.json.gz,https://www.transfermarkt.co.uk/flamengo-rio-de-janeiro/startseite/verein/614,nicolas de la cruz,True,nicolas de la cruz,Nicolás De La Cruz,DM,Flamengo,1010.0,2.0,3.0,1.6,2.6,104.0,18.0,15.0,8.0,72.0,7.0,20.0,16.0,3.0,0.0,nicolas de la cruz,True
400661,Agustín,Sant'Anna,Agustín Sant'Anna,2025,8793,agustin-santanna,Uruguay,Montevideo,Uruguay,1997-09-27 00:00:00,Right-Back,Defender,right,173.0,2027-12-31 00:00:00,Ninety Co ,https://img.a.transfermarkt.technology/portrait/header/400661-1721919847.png?lm=1,0.0,0.0,,https://www.transfermarkt.co.uk/agustin-santanna/profil/spieler/400661,BRA1,Red Bull Bragantino,3500000.0,3500000.0,8793,red-bull-bragantino,Red Bull Bragantino,BRA1,,39,25.6,9,23.1,3,Estádio Municipal Cicero De Souza Marques,12000,+€10.50m,,2025,../data/raw/transfermarkt-scraper/2025/clubs.json.gz,https://www.transfermarkt.co.uk/red-bull-bragantino/startseite/verein/8793,agustin sant'anna,False,,,,,,,,,,,,,,,,,,,,,
400960,Alan,Franco,Alan Franco,2025,330,alan-franco,Ecuador,Alfredo Baquerizo Moreno,Ecuador,1998-08-21 00:00:00,Central Midfield,Midfield,right,175.0,2027-12-31 00:00:00,Kancha Agency,https://img.a.transfermarkt.technology/portrait/header/400960-1719230549.jpg?lm=1,62.0,1.0,,https://www.transfermarkt.co.uk/alan-franco/profil/spieler/400960,BRA1,Clube Atlético Mineiro,4500000.0,4500000.0,330,clube-atletico-mineiro,Clube Atlético Mineiro,BRA1,,33,25.7,9,27.3,6,Arena MRV,44892,€-1.24m,,2025,../data/raw/transfermarkt-scraper/2025/clubs.json.gz,https://www.transfermarkt.co.uk/clube-atletico-mineiro/startseite/verein/330,alan franco,True,,,,,,,,,,,,,,,,,,,,,
401533,,Matheusinho,Matheusinho,2024,8718,matheusinho,Brazil,Belo Horizonte,Brazil,1998-02-11 00:00:00,Attacking Midfield,Midfield,right,164.0,2026-12-31 00:00:00,DK,https://img.a.transfermarkt.technology/portrait/header/401533-1544694505.jpg?lm=1,0.0,0.0,,https://www.transfermarkt.co.uk/matheusinho/profil/spieler/401533,BRA1,Sport Club do Recife,1500000.0,2000000.0,8718,sport-club-do-recife,Sport Club do Recife,BRA1,,29,27.1,1,3.4,0,Estádio Adelmar da Costa Carvalho,35000,+€2.95m,Mariano Soso,2024,../data/raw/transfermarkt-scraper/2024/clubs.json.gz,https://www.transfermarkt.co.uk/sport-club-do-recife/startseite/verein/8718,matheusinho,True,matheusinho,Matheusinho,AM,Criciúma,3494.0,9.0,7.0,6.5,5.1,159.0,68.0,147.0,67.0,151.0,15.0,53.0,25.0,8.0,0.0,matheusinho,True
404321,Renato,Kayzer,Renato Kayzer,2025,2125,renato-kayzer,Brazil,Jotaesse,Brazil,1996-02-17 00:00:00,Centre-Forward,Attack,right,176.0,2027-03-31 00:00:00,LINK SPORTS,https://img.a.transfermarkt.technology/portrait/header/404321-1600328011.jpg?lm=1,,,,https://www.transfermarkt.co.uk/renato-kayzer/profil/spieler/404321,BRA1,Esporte Clube Vitória,1000000.0,4000000.0,2125,esporte-clube-vitoria,Esporte Clube Vitória,BRA1,,39,28.3,7,17.9,0,Estádio Manoel Barradas,30793,+€1.36m,,2025,../data/raw/transfermarkt-scraper/2025/clubs.json.gz,https://www.transfermarkt.co.uk/esporte-clube-vitoria/startseite/verein/2125,renato kayzer,False,,,,,,,,,,,,,,,,,,,,,
405720,,Diego Gonçalves,Diego Gonçalves,2024,3876,diego-goncalves,Brazil,Guarujá,Brazil,1994-09-22 00:00:00,Left Winger,Attack,right,182.0,2026-12-31 00:00:00,ADM Esporte,https://img.a.transfermarkt.technology/portrait/header/405720-1674432620.jpg?lm=1,,,,https://www.transfermarkt.co.uk/diego-goncalves/profil/spieler/405720,BRA1,Mirasol Futebol Clube,500000.0,500000.0,3876,mirassol-futebol-clube-sp-,Mirasol Futebol Clube,BRA1,,32,30.1,1,3.1,0,Estádio Municipal José María de Campos Maia,14534,+€1.67m,,2025,../data/raw/transfermarkt-scraper/2025/clubs.json.gz,https://www.transfermarkt.co.uk/mirassol-futebol-clube-sp-/startseite/verein/3876,diego goncalves,True,diego goncalves,Diego Gonçalves,LW,Juventude,192.0,1.0,0.0,0.2,0.0,4.0,2.0,4.0,3.0,4.0,0.0,4.0,3.0,0.0,0.0,diego goncalves,True
405768,,Ronaldo,Ronaldo,2025,6600,ronaldo,Brazil,Itu,Brazil,1996-10-23 00:00:00,Defensive Midfield,Midfield,right,179.0,2026-12-31 00:00:00,,https://img.a.transfermarkt.technology/portrait/header/405768-1597922261.jpg?lm=1,,,,https://www.transfermarkt.co.uk/ronaldo/profil/spieler/405768,BRA1,Sport Club Internacional,2000000.0,2000000.0,6600,sc-internacional-porto-alegre,Sport Club Internacional,BRA1,,32,26.7,9,28.1,3,Estádio Beira-Rio,50848,+€41.39m,,2025,../data/raw/transfermarkt-scraper/2025/clubs.json.gz,https://www.transfermarkt.co.uk/sc-internacional-porto-alegre/startseite/verein/6600,ronaldo,True,,,,,,,,,,,,,,,,,,,,,
406675,,Marlon,Marlon,2025,210,marlon,Brazil,Cascavel,Brazil,1997-05-20 00:00:00,Left-Back,Defender,left,178.0,2028-12-31 00:00:00,Karan Sports,https://img.a.transfermarkt.technology/portrait/header/406675-1669119169.png?lm=1,2.0,0.0,,https://www.transfermarkt.co.uk/marlon/profil/spieler/406675,BRA1,Grêmio Foot-Ball Porto Alegrense,4000000.0,5500000.0,210,gremio-porto-alegre,Grêmio Foot-Ball Porto Alegrense,BRA1,,34,26.5,11,32.4,3,Arena do Grêmio,60540,€-6.38m,,2025,../data/raw/transfermarkt-scraper/2025/clubs.json.gz,https://www.transfermarkt.co.uk/gremio-porto-alegre/startseite/verein/210,marlon,True,,,,,,,,,,,,,,,,,,,,,
406676,Juninho,Capixaba,Juninho Capixaba,2025,8793,juninho-capixaba,Brazil,Cachoeiro de Itapemirim,Brazil,1997-07-06 00:00:00,Left-Back,Defender,left,176.0,2028-12-31 00:00:00,AS Football,https://img.a.transfermarkt.technology/portrait/header/406676-1717523708.jpg?lm=1,,,,https://www.transfermarkt.co.uk/juninho-capixaba/profil/spieler/406676,BRA1,Red Bull Bragantino,8000000.0,8000000.0,8793,red-bull-bragantino,Red Bull Bragantino,BRA1,,39,25.6,9,23.1,3,Estádio Municipal Cicero De Souza Marques,12000,+€10.50m,,2025,../data/raw/transfermarkt-scraper/2025/clubs.json.gz,https://www.transfermarkt.co.uk/red-bull-bragantino/startseite/verein/8793,juninho capixaba,True,juninho capixaba,Juninho Capixaba,LB,Red Bull Bragantino,1872.0,2.0,0.0,1.7000000000000002,0.6,90.0,34.0,32.0,13.0,31.0,1.0,62.0,28.0,4.0,0.0,juninho capixaba,True
406766,,Bruno Rodrigues,Bruno Rodrigues,2025,609,bruno-rodrigues,Brazil,Ceará-Mirim,Brazil,1997-03-07 00:00:00,Left Winger,Attack,right,177.0,2026-12-31 00:00:00,Brazil Soccer,https://img.a.transfermarkt.technology/portrait/header/406766-1661905719.jpg?lm=1,,,,https://www.transfermarkt.co.uk/bruno-rodrigues/profil/spieler/406766,BRA1,Cruzeiro Esporte Clube,1200000.0,3500000.0,609,ec-cruzeiro-belo-horizonte,Cruzeiro Esporte Clube,BRA1,,30,26.8,7,23.3,3,Estádio Governador Magalhães Pinto,61927,€-36.26m,,2025,../data/raw/transfermarkt-scraper/2025/clubs.json.gz,https://www.transfermarkt.co.uk/ec-cruzeiro-belo-horizonte/startseite/verein/609,bruno rodrigues,False,,,,,,,,,,,,,,,,,,,,,
407654,,Matheus Sales,Matheus Sales,2024,3876,matheus-sales,Brazil,Guarulhos,Brazil,1995-05-13 00:00:00,Defensive Midfield,Midfield,right,178.0,,TS SPORTS,https://img.a.transfermarkt.technology/portrait/header/407654-1544694806.jpg?lm=1,2.0,0.0,,https://www.transfermarkt.co.uk/matheus-sales/profil/spieler/407654,BRA1,Mirasol Futebol Clube,,,3876,mirassol-futebol-clube-sp-,Mirasol Futebol Clube,BRA1,,32,30.1,1,3.1,0,Estádio Municipal José María de Campos Maia,14534,+€1.67m,,2025,../data/raw/transfermarkt-scraper/2025/clubs.json.gz,https://www.transfermarkt.co.uk/mirassol-futebol-clube-sp-/startseite/verein/3876,matheus sales,False,,,,,,,,,,,,,,,,,,,,,
408850,,Caíque França,Caíque França,2024,8718,caique-franca,Brazil,São Paulo,Brazil,1995-06-03 00:00:00,Goalkeeper,Goalkeeper,left,188.0,2027-12-31 00:00:00,Proplay Partners,https://img.a.transfermarkt.technology/portrait/header/408850-1580199430.jpg?lm=1,,,,https://www.transfermarkt.co.uk/caique-franca/profil/spieler/408850,BRA1,Sport Club do Recife,,,8718,sport-club-do-recife,Sport Club do Recife,BRA1,,29,27.1,1,3.4,0,Estádio Adelmar da Costa Carvalho,35000,+€2.95m,Mariano Soso,2024,../data/raw/transfermarkt-scraper/2024/clubs.json.gz,https://www.transfermarkt.co.uk/sport-club-do-recife/startseite/verein/8718,caique franca,False,,,,,,,,,,,,,,,,,,,,,
410183,João,Basso,João Basso,2024,221,joao-basso,Brazil,Curitiba,Brazil,1997-01-13 00:00:00,Centre-Back,Defender,right,187.0,2026-11-30 00:00:00,LINK SPORTS,https://img.a.transfermarkt.technology/portrait/header/410183-1706144424.jpg?lm=1,,,,https://www.transfermarkt.co.uk/joao-basso/profil/spieler/410183,BRA1,Santos Futebol Clube,2000000.0,2000000.0,221,fc-santos,Santos Futebol Clube,BRA1,,37,26.7,9,24.3,4,Estádio Urbano Caldeira,16068,+€7.21m,,2025,../data/raw/transfermarkt-scraper/2025/clubs.json.gz,https://www.transfermarkt.co.uk/fc-santos/startseite/verein/221,joao basso,False,,,,,,,,,,,,,,,,,,,,,
411662,,Lucas Veríssimo,Lucas Veríssimo,2025,221,lucas-verissimo,Brazil,Jundiaí,Brazil,1995-07-02 00:00:00,Centre-Back,Defender,right,188.0,2028-12-31 00:00:00,Energy Sports,https://img.a.transfermarkt.technology/portrait/header/411662-1762278206.jpg?lm=1,2.0,0.0,,https://www.transfermarkt.co.uk/lucas-verissimo/profil/spieler/411662,BRA1,Santos Futebol Clube,4500000.0,10000000.0,221,fc-santos,Santos Futebol Clube,BRA1,,37,26.7,9,24.3,4,Estádio Urbano Caldeira,16068,+€7.21m,,2025,../data/raw/transfermarkt-scraper/2025/clubs.json.gz,https://www.transfermarkt.co.uk/fc-santos/startseite/verein/221,lucas verissimo,False,,,,,,,,,,,,,,,,,,,,,
412366,,Brenner,Brenner,2025,978,brenner,Brazil,Cuiabá,Brazil,2000-01-16 00:00:00,Centre-Forward,Attack,right,175.0,2029-12-31 00:00:00,Bertolucci Sports,https://img.a.transfermarkt.technology/portrait/header/412366-1757575183.jpg?lm=1,0.0,0.0,,https://www.transfermarkt.co.uk/brenner/profil/spieler/412366,BRA1,Club de Regatas Vasco da Gama,4000000.0,9000000.0,978,vasco-da-gama-rio-de-janeiro,Club de Regatas Vasco da Gama,BRA1,,32,26.1,10,31.3,5,Estádio São Januário,24584,+€23.85m,,2025,../data/raw/transfermarkt-scraper/2025/clubs.json.gz,https://www.transfermarkt.co.uk/vasco-da-gama-rio-de-janeiro/startseite/verein/978,brenner,False,,,,,,,,,,,,,,,,,,,,,
412594,,Paulo Henrique,Paulo Henrique,2025,978,paulo-henrique,Brazil,Sete Barras,Brazil,1996-07-25 00:00:00,Right-Back,Defender,right,175.0,2027-12-31 00:00:00,FTM Sports,https://img.a.transfermarkt.technology/portrait/header/412594-1759761629.jpg?lm=1,2.0,1.0,,https://www.transfermarkt.co.uk/paulo-henrique/profil/spieler/412594,BRA1,Club de Regatas Vasco da Gama,6000000.0,6000000.0,978,vasco-da-gama-rio-de-janeiro,Club de Regatas Vasco da Gama,BRA1,,32,26.1,10,31.3,5,Estádio São Januário,24584,+€23.85m,,2025,../data/raw/transfermarkt-scraper/2025/clubs.json.gz,https://www.transfermarkt.co.uk/vasco-da-gama-rio-de-janeiro/startseite/verein/978,paulo henrique,True,paulo henrique,Paulo Henrique,RB,Vasco da Gama,2516.0,1.0,0.0,1.8,1.6,86.0,56.0,95.0,46.0,60.0,2.0,96.0,36.0,6.0,0.0,paulo henrique,True
421935,,Maycon,Maycon,2025,330,maycon,Brazil,São Paulo,Brazil,1997-07-15 00:00:00,Central Midfield,Midfield,left,175.0,2028-12-31 00:00:00,MV SPORTS & MKT,https://img.a.transfermarkt.technology/portrait/header/421935-1641992736.png?lm=1,5.0,0.0,,https://www.transfermarkt.co.uk/maycon/profil/spieler/421935,BRA1,Clube Atlético Mineiro,2000000.0,8000000.0,330,clube-atletico-mineiro,Clube Atlético Mineiro,BRA1,,33,25.7,9,27.3,6,Arena MRV,44892,€-1.24m,,2025,../data/raw/transfermarkt-scraper/2025/clubs.json.gz,https://www.transfermarkt.co.uk/clube-atletico-mineiro/startseite/verein/330,maycon,True,maycon,Maycon,DM,Corinthians,47.0,0.0,0.0,0.0,0.0,4.0,3.0,0.0,0.0,4.0,0.0,1.0,1.0,1.0,0.0,maycon,True
422700,Tomás,Cardona,Tomás Cardona,2024,10870,tomas-cardona,Argentina,Buenos Aires,Argentina,1995-10-10 00:00:00,Centre-Back,Defender,left,185.0,2026-12-31 00:00:00,SP,https://img.a.transfermarkt.technology/portrait/header/422700-1657631721.JPG?lm=1,,,,https://www.transfermarkt.co.uk/tomas-cardona/profil/spieler/422700,BRA1,Fortaleza Esporte Clube,,,10870,fortaleza-esporte-clube,Fortaleza Esporte Clube,BRA1,,29,27.1,5,17.2,0,Estádio Governador Plácido Castelo,63904,+€6.25m,Juan Pablo Vojvoda,2024,../data/raw/transfermarkt-scraper/2024/clubs.json.gz,https://www.transfermarkt.co.uk/fortaleza-esporte-clube/startseite/verein/10870,tomas cardona,True,tomas cardona,Tomás Cardona,CB,Fortaleza,1435.0,1.0,0.0,0.5,0.0,50.0,11.0,0.0,0.0,7.0,0.0,26.0,37.0,4.0,0.0,tomas cardona,True
423604,Francis,Amuzu,Francis Amuzu,2025,210,francis-amuzu,Ghana,Accra,Ghana,1999-08-23 00:00:00,Left Winger,Attack,right,169.0,2026-12-31 00:00:00,RGM,https://img.a.transfermarkt.technology/portrait/header/423604-1704981793.jpg?lm=1,0.0,0.0,,https://www.transfermarkt.co.uk/francis-amuzu/profil/spieler/423604,BRA1,Grêmio Foot-Ball Porto Alegrense,9000000.0,9000000.0,210,gremio-porto-alegre,Grêmio Foot-Ball Porto Alegrense,BRA1,,34,26.5,11,32.4,3,Arena do Grêmio,60540,€-6.38m,,2025,../data/raw/transfermarkt-scraper/2025/clubs.json.gz,https://www.transfermarkt.co.uk/gremio-porto-alegre/startseite/verein/210,francis amuzu,False,,,,,,,,,,,,,,,,,,,,,
428783,,Vitão,Vitão,2025,614,vitao,Brazil,Jacarezinho,Brazil,2000-02-02 00:00:00,Centre-Back,Defender,right,185.0,2029-12-31 00:00:00,,https://img.a.transfermarkt.technology/portrait/header/428783-1641992592.png?lm=1,0.0,0.0,,https://www.transfermarkt.co.uk/vitao/profil/spieler/428783,BRA1,Clube de Regatas do Flamengo,10000000.0,12000000.0,614,flamengo-rio-de-janeiro,Clube de Regatas do Flamengo,BRA1,,28,28.8,9,32.1,10,Estádio Jornalista Mário Filho,82238,€-13.92m,,2025,../data/raw/transfermarkt-scraper/2025/clubs.json.gz,https://www.transfermarkt.co.uk/flamengo-rio-de-janeiro/startseite/verein/614,vitao,True,,,,,,,,,,,,,,,,,,,,,
430339,José Luis,Rodríguez,José Luis Rodríguez,2025,978,jose-luis-rodriguez,Uruguay,Canelones,Uruguay,1997-03-14 00:00:00,Right-Back,Defender,right,183.0,2027-12-31 00:00:00,Paco Casal,https://img.a.transfermarkt.technology/portrait/header/430339-1774479262.jpg?lm=1,5.0,0.0,,https://www.transfermarkt.co.uk/jose-luis-rodriguez/profil/spieler/430339,BRA1,Club de Regatas Vasco da Gama,1500000.0,3000000.0,978,vasco-da-gama-rio-de-janeiro,Club de Regatas Vasco da Gama,BRA1,,32,26.1,10,31.3,5,Estádio São Januário,24584,+€23.85m,,2025,../data/raw/transfermarkt-scraper/2025/clubs.json.gz,https://www.transfermarkt.co.uk/vasco-da-gama-rio-de-janeiro/startseite/verein/978,jose luis rodriguez,False,jose luis rodriguez bebanz,José Luis Rodríguez Bebanz,LW,Vasco da Gama,1123.0,1.0,2.0,0.8,2.2,51.0,38.0,12.0,5.0,27.0,6.0,20.0,15.0,1.0,0.0,jose luis rodriguez bebanz,True
430761,Lucas,Fernandes,Lucas Fernandes,2024,10492,lucas-fernandes,Brazil,São Bernardo do Campo,Brazil,1997-09-20 00:00:00,Attacking Midfield,Midfield,right,175.0,2026-11-30 00:00:00,Roc Nation Sports,https://img.a.transfermarkt.technology/portrait/header/430761-1579004659.jpg?lm=1,3.0,0.0,,https://www.transfermarkt.co.uk/lucas-fernandes/profil/spieler/430761,BRA1,Esporte Clube Juventude,1200000.0,2200000.0,10492,esporte-clube-juventude,Esporte Clube Juventude,BRA1,,29,28.3,3,10.3,0,Estádio Alfredo Jaconi,23726,+€1.13m,Roger Machado,2024,../data/raw/transfermarkt-scraper/2024/clubs.json.gz,https://www.transfermarkt.co.uk/esporte-clube-juventude/startseite/verein/10492,lucas fernandes,True,lucas fernandes,Lucas Fernandes,CM,Cuiabá,1039.0,1.0,1.0,0.7000000000000001,0.5,45.0,16.0,19.0,12.0,30.0,1.0,20.0,8.0,3.0,0.0,lucas fernandes,True
432157,,Japa,Japa,2025,3876,japa,Brazil,Goianinha,Brazil,2004-01-02 00:00:00,Central Midfield,Midfield,left,177.0,2026-12-31 00:00:00,DK,https://img.a.transfermarkt.technology/portrait/header/432157-1708568681.jpg?lm=1,0.0,0.0,,https://www.transfermarkt.co.uk/japa/profil/spieler/432157,BRA1,Mirasol Futebol Clube,1000000.0,1000000.0,3876,mirassol-futebol-clube-sp-,Mirasol Futebol Clube,BRA1,,32,30.1,1,3.1,0,Estádio Municipal José María de Campos Maia,14534,+€1.67m,,2025,../data/raw/transfermarkt-scraper/2025/clubs.json.gz,https://www.transfermarkt.co.uk/mirassol-futebol-clube-sp-/startseite/verein/3876,japa,False,,,,,,,,,,,,,,,,,,,,,
432166,Luan,Cândido,Luan Cândido,2025,2125,luan-candido,Brazil,Ubá,Brazil,2001-02-02 00:00:00,Left-Back,Defender,left,187.0,2026-12-31 00:00:00,Guadagno Sports,https://img.a.transfermarkt.technology/portrait/header/432166-1662650775.jpg?lm=1,0.0,0.0,,https://www.transfermarkt.co.uk/luan-candido/profil/spieler/432166,BRA1,Esporte Clube Vitória,3000000.0,7000000.0,2125,esporte-clube-vitoria,Esporte Clube Vitória,BRA1,,39,28.3,7,17.9,0,Estádio Manoel Barradas,30793,+€1.36m,,2025,../data/raw/transfermarkt-scraper/2025/clubs.json.gz,https://www.transfermarkt.co.uk/esporte-clube-vitoria/startseite/verein/2125,luan candido,True,luan candido,Luan Cândido,CB,Red Bull Bragantino,1953.0,1.0,0.0,1.3,0.1,50.0,7.0,9.0,2.0,19.0,1.0,41.0,27.0,5.0,0.0,luan candido,True
432773,,Fabrício Bruno,Fabrício Bruno,2025,609,fabricio-bruno,Brazil,Contagem,Brazil,1996-02-12 00:00:00,Centre-Back,Defender,right,190.0,2030-12-31 00:00:00,LINK SPORTS,https://img.a.transfermarkt.technology/portrait/header/432773-1744743199.jpg?lm=1,6.0,0.0,,https://www.transfermarkt.co.uk/fabricio-bruno/profil/spieler/432773,BRA1,Cruzeiro Esporte Clube,12000000.0,12000000.0,609,ec-cruzeiro-belo-horizonte,Cruzeiro Esporte Clube,BRA1,,30,26.8,7,23.3,3,Estádio Governador Magalhães Pinto,61927,€-36.26m,,2025,../data/raw/transfermarkt-scraper/2025/clubs.json.gz,https://www.transfermarkt.co.uk/ec-cruzeiro-belo-horizonte/startseite/verein/609,fabricio bruno,True,fabricio bruno,Fabrício Bruno,CB,Flamengo,2310.0,1.0,0.0,0.6000000000000001,0.2,115.0,11.0,4.0,2.0,17.0,1.0,30.0,21.0,6.0,0.0,fabricio bruno,True
432895,,Pedro,Pedro,2025,614,pedro,Brazil,Rio de Janeiro,Brazil,1997-06-20 00:00:00,Centre-Forward,Attack,right,185.0,2027-12-31 00:00:00,Bertolucci Sports,https://img.a.transfermarkt.technology/portrait/header/432895-1668696996.jpg?lm=1,6.0,1.0,,https://www.transfermarkt.co.uk/pedro/profil/spieler/432895,BRA1,Clube de Regatas do Flamengo,20000000.0,23000000.0,614,flamengo-rio-de-janeiro,Clube de Regatas do Flamengo,BRA1,,28,28.8,9,32.1,10,Estádio Jornalista Mário Filho,82238,€-13.92m,,2025,../data/raw/transfermarkt-scraper/2025/clubs.json.gz,https://www.transfermarkt.co.uk/flamengo-rio-de-janeiro/startseite/verein/614,pedro,True,pedro,Pedro,FW,Flamengo,1653.0,11.0,5.0,10.6,2.2,36.0,16.0,36.0,15.0,48.0,11.0,12.0,15.0,3.0,0.0,pedro,True
435485,,Luiz Araújo,Luiz Araújo,2025,614,luiz-araujo,Brazil,Taquaritinga,Brazil,1996-06-02 00:00:00,Right Winger,Attack,left,175.0,2027-12-31 00:00:00,Trust Football ,https://img.a.transfermarkt.technology/portrait/header/435485-1752878567.jpg?lm=1,,,,https://www.transfermarkt.co.uk/luiz-araujo/profil/spieler/435485,BRA1,Clube de Regatas do Flamengo,7000000.0,10000000.0,614,flamengo-rio-de-janeiro,Clube de Regatas do Flamengo,BRA1,,28,28.8,9,32.1,10,Estádio Jornalista Mário Filho,82238,€-13.92m,,2025,../data/raw/transfermarkt-scraper/2025/clubs.json.gz,https://www.transfermarkt.co.uk/flamengo-rio-de-janeiro/startseite/verein/614,luiz araujo,True,luiz araujo,Luiz Araújo,RW,Flamengo,1566.0,4.0,5.0,3.3000000000000003,4.5,74.0,54.0,63.0,38.0,69.0,10.0,37.0,25.0,3.0,0.0,luiz araujo,True
436385,Mathías,Villasanti,Mathías Villasanti,2025,210,mathias-villasanti,Paraguay,Caacupé,Paraguay,1997-01-24 00:00:00,Defensive Midfield,Midfield,right,178.0,2029-12-31 00:00:00,La Squadra Sports,https://img.a.transfermarkt.technology/portrait/header/436385-1719654416.jpg?lm=1,51.0,0.0,,https://www.transfermarkt.co.uk/mathias-villasanti/profil/spieler/436385,BRA1,Grêmio Foot-Ball Porto Alegrense,4000000.0,10000000.0,210,gremio-porto-alegre,Grêmio Foot-Ball Porto Alegrense,BRA1,,34,26.5,11,32.4,3,Arena do Grêmio,60540,€-6.38m,,2025,../data/raw/transfermarkt-scraper/2025/clubs.json.gz,https://www.transfermarkt.co.uk/gremio-porto-alegre/startseite/verein/210,mathias villasanti,True,mathias villasanti,Mathías Villasanti,DM,Grêmio,2249.0,3.0,1.0,2.1,1.5,117.0,17.0,43.0,20.0,47.0,5.0,78.0,41.0,4.0,0.0,mathias villasanti,True
438202,Bruno,Tabata,Bruno Tabata,2025,6600,bruno-tabata,Brazil,Ipatinga,Brazil,1997-03-30 00:00:00,Right Winger,Attack,left,175.0,2027-12-31 00:00:00,Talents Sports,https://img.a.transfermarkt.technology/portrait/header/438202-1602775163.jpg?lm=1,7.0,1.0,,https://www.transfermarkt.co.uk/bruno-tabata/profil/spieler/438202,BRA1,Sport Club Internacional,1500000.0,4000000.0,6600,sc-internacional-porto-alegre,Sport Club Internacional,BRA1,,32,26.7,9,28.1,3,Estádio Beira-Rio,50848,+€41.39m,,2025,../data/raw/transfermarkt-scraper/2025/clubs.json.gz,https://www.transfermarkt.co.uk/sc-internacional-porto-alegre/startseite/verein/6600,bruno tabata,True,bruno tabata,Bruno Tabata,RW,Internacional,1071.0,2.0,3.0,2.5,2.5,62.0,38.0,44.0,19.0,47.0,6.0,13.0,16.0,2.0,0.0,bruno tabata,True
438682,,Daniel Fuzato,Daniel Fuzato,2025,978,daniel-fuzato,Brazil,Santa Bárbara d’Oeste,Brazil,1997-07-04 00:00:00,Goalkeeper,Goalkeeper,right,190.0,2026-12-31 00:00:00,,https://img.a.transfermarkt.technology/portrait/header/438682-1696862993.jpg?lm=1,0.0,0.0,,https://www.transfermarkt.co.uk/daniel-fuzato/profil/spieler/438682,BRA1,Club de Regatas Vasco da Gama,900000.0,1000000.0,978,vasco-da-gama-rio-de-janeiro,Club de Regatas Vasco da Gama,BRA1,,32,26.1,10,31.3,5,Estádio São Januário,24584,+€23.85m,,2025,../data/raw/transfermarkt-scraper/2025/clubs.json.gz,https://www.transfermarkt.co.uk/vasco-da-gama-rio-de-janeiro/startseite/verein/978,daniel fuzato,False,,,,,,,,,,,,,,,,,,,,,
440377,Gonzalo,Escobar,Gonzalo Escobar,2025,221,gonzalo-escobar,Argentina,Alejandro Korn,Argentina,1997-03-16 00:00:00,Left-Back,Defender,left,171.0,2026-12-31 00:00:00,Clamber Global,https://img.a.transfermarkt.technology/portrait/header/440377-1629567508.jpg?lm=1,,,,https://www.transfermarkt.co.uk/gonzalo-escobar/profil/spieler/440377,BRA1,Santos Futebol Clube,800000.0,2700000.0,221,fc-santos,Santos Futebol Clube,BRA1,,37,26.7,9,24.3,4,Estádio Urbano Caldeira,16068,+€7.21m,,2025,../data/raw/transfermarkt-scraper/2025/clubs.json.gz,https://www.transfermarkt.co.uk/fc-santos/startseite/verein/221,gonzalo escobar,False,,,,,,,,,,,,,,,,,,,,,
440658,,Artur,Artur,2025,585,artur,Brazil,Fortaleza,Brazil,1998-02-15 00:00:00,Right Winger,Attack,left,168.0,2026-12-31 00:00:00,Talents Sports,https://img.a.transfermarkt.technology/portrait/header/440658-1759774159.jpg?lm=1,0.0,0.0,,https://www.transfermarkt.co.uk/artur/profil/spieler/440658,BRA1,São Paulo Futebol Clube,8000000.0,12000000.0,585,fc-sao-paulo,São Paulo Futebol Clube,BRA1,,42,26.4,9,21.4,3,MorumBIS,72039,+€24.69m,,2025,../data/raw/transfermarkt-scraper/2025/clubs.json.gz,https://www.transfermarkt.co.uk/fc-sao-paulo/startseite/verein/585,artur,False,,,,,,,,,,,,,,,,,,,,,
442258,,Nicolas,Nicolas,2024,2029,nicolas,Brazil,Arapongas,Brazil,1997-02-24 00:00:00,Left-Back,Defender,left,181.0,2026-11-30 00:00:00,MPX SPORTS,https://img.a.transfermarkt.technology/portrait/header/442258-1748651858.jpg?lm=1,,,,https://www.transfermarkt.co.uk/nicolas/profil/spieler/442258,BRA1,Ceará Sporting Club,,,2029,ceara-sporting-club,Ceará Sporting Club,BRA1,,29,28.0,2,6.9,0,Estádio Governador Plácido Castelo,63904,+€2.30m,Anderson Batatais,2024,../data/raw/transfermarkt-scraper/2024/clubs.json.gz,https://www.transfermarkt.co.uk/ceara-sporting-club/startseite/verein/2029,nicolas,False,,,,,,,,,,,,,,,,,,,,,
442818,,Fernandinho,Fernandinho,2025,3876,fernandinho,Brazil,São Luís,Brazil,1997-07-19 00:00:00,Left Winger,Attack,right,175.0,,,https://img.a.transfermarkt.technology/portrait/header/442818-1748472749.jpg?lm=1,,,,https://www.transfermarkt.co.uk/fernandinho/profil/spieler/442818,BRA1,Mirasol Futebol Clube,,,3876,mirassol-futebol-clube-sp-,Mirasol Futebol Clube,BRA1,,32,30.1,1,3.1,0,Estádio Municipal José María de Campos Maia,14534,+€1.67m,,2025,../data/raw/transfermarkt-scraper/2025/clubs.json.gz,https://www.transfermarkt.co.uk/mirassol-futebol-clube-sp-/startseite/verein/3876,fernandinho,True,fernandinho,Fernandinho,AM,Athletico Paranaense,1465.0,2.0,3.0,1.6,2.5,166.0,39.0,23.0,11.0,77.0,8.0,28.0,11.0,7.0,0.0,fernandinho,True
445000,Matheus,Rossetto,Matheus Rossetto,2024,10870,matheus-rossetto,Brazil,Santo Amaro da Imperatriz,Brazil,1996-06-03 00:00:00,Central Midfield,Midfield,right,180.0,2027-12-31 00:00:00,Trust Football ,https://img.a.transfermarkt.technology/portrait/header/445000-1678216902.jpg?lm=1,,,,https://www.transfermarkt.co.uk/matheus-rossetto/profil/spieler/445000,BRA1,Fortaleza Esporte Clube,,,10870,fortaleza-esporte-clube,Fortaleza Esporte Clube,BRA1,,29,27.1,5,17.2,0,Estádio Governador Plácido Castelo,63904,+€6.25m,Juan Pablo Vojvoda,2024,../data/raw/transfermarkt-scraper/2024/clubs.json.gz,https://www.transfermarkt.co.uk/fortaleza-esporte-clube/startseite/verein/10870,matheus rossetto,True,matheus rossetto,Matheus Rossetto,DM,Fortaleza,1548.0,0.0,0.0,0.0,0.2,93.0,26.0,27.0,18.0,22.0,3.0,22.0,11.0,3.0,0.0,matheus rossetto,True
445101,,Rodrigues,Rodrigues,2025,3876,rodrigues,Brazil,Carnaúba dos Dantas,Brazil,1997-10-10 00:00:00,Centre-Back,Defender,right,188.0,2026-12-31 00:00:00,,https://img.a.transfermarkt.technology/portrait/header/445101-1740595686.jpg?lm=1,,,,https://www.transfermarkt.co.uk/rodrigues/profil/spieler/445101,BRA1,Mirasol Futebol Clube,700000.0,1800000.0,3876,mirassol-futebol-clube-sp-,Mirasol Futebol Clube,BRA1,,32,30.1,1,3.1,0,Estádio Municipal José María de Campos Maia,14534,+€1.67m,,2025,../data/raw/transfermarkt-scraper/2025/clubs.json.gz,https://www.transfermarkt.co.uk/mirassol-futebol-clube-sp-/startseite/verein/3876,rodrigues,False,,,,,,,,,,,,,,,,,,,,,
450241,Angelo,Preciado,Angelo Preciado,2025,330,angelo-preciado,Ecuador,Shushufindi,Ecuador,1998-02-18 00:00:00,Right-Back,Defender,right,174.0,2029-12-31 00:00:00,Kancha Agency,https://img.a.transfermarkt.technology/portrait/header/450241-1626766727.jpg?lm=1,60.0,0.0,,https://www.transfermarkt.co.uk/angelo-preciado/profil/spieler/450241,BRA1,Clube Atlético Mineiro,3500000.0,5000000.0,330,clube-atletico-mineiro,Clube Atlético Mineiro,BRA1,,33,25.7,9,27.3,6,Arena MRV,44892,€-1.24m,,2025,../data/raw/transfermarkt-scraper/2025/clubs.json.gz,https://www.transfermarkt.co.uk/clube-atletico-mineiro/startseite/verein/330,angelo preciado,False,,,,,,,,,,,,,,,,,,,,,
456535,Agustín,Rogel,Agustín Rogel,2024,6600,agustin-rogel,Uruguay,Montevideo,Uruguay,1997-10-17 00:00:00,Centre-Back,Defender,right,191.0,2027-12-31 00:00:00,Ariel Krasouski,https://img.a.transfermarkt.technology/portrait/header/456535-1695045310.jpg?lm=1,1.0,0.0,,https://www.transfermarkt.co.uk/agustin-rogel/profil/spieler/456535,BRA1,Sport Club Internacional,1500000.0,4500000.0,6600,sc-internacional-porto-alegre,Sport Club Internacional,BRA1,,32,26.7,9,28.1,3,Estádio Beira-Rio,50848,+€41.39m,,2025,../data/raw/transfermarkt-scraper/2025/clubs.json.gz,https://www.transfermarkt.co.uk/sc-internacional-porto-alegre/startseite/verein/6600,agustin rogel,True,agustin rogel,Agustín Rogel,CB,Internacional,1055.0,0.0,1.0,1.1,0.0,24.0,1.0,1.0,1.0,6.0,0.0,12.0,7.0,2.0,1.0,agustin rogel,True
457533,Agustín,Canobbio,Agustín Canobbio,2025,2462,agustin-canobbio,Uruguay,Montevideo,Uruguay,1998-10-01 00:00:00,Right Winger,Attack,right,176.0,2028-12-31 00:00:00,Faro Sports,https://img.a.transfermarkt.technology/portrait/header/457533-1713630231.jpg?lm=1,17.0,2.0,,https://www.transfermarkt.co.uk/agustin-canobbio/profil/spieler/457533,BRA1,Fluminense Football Club,8000000.0,8000000.0,2462,fluminense-rio-de-janeiro,Fluminense Football Club,BRA1,,33,29.7,11,33.3,4,Estádio Jornalista Mário Filho,82238,€-6.76m,,2025,../data/raw/transfermarkt-scraper/2025/clubs.json.gz,https://www.transfermarkt.co.uk/fluminense-rio-de-janeiro/startseite/verein/2462,agustin canobbio,True,agustin canobbio,Agustín Canobbio,"FW,LM",Athletico Paranaense,1125.0,4.0,1.0,3.4000000000000004,2.3,56.0,44.0,42.0,15.0,45.0,2.0,29.0,22.0,5.0,1.0,agustin canobbio,True
458251,,Everton Galdino,Everton Galdino,2025,3876,everton-galdino,Brazil,Osasco,Brazil,1997-03-17 00:00:00,Right Winger,Attack,left,177.0,2026-12-31 00:00:00,GOLDEN7,https://img.a.transfermarkt.technology/portrait/header/458251-1684808256.jpg?lm=1,,,,https://www.transfermarkt.co.uk/everton-galdino/profil/spieler/458251,BRA1,Mirasol Futebol Clube,1000000.0,2000000.0,3876,mirassol-futebol-clube-sp-,Mirasol Futebol Clube,BRA1,,32,30.1,1,3.1,0,Estádio Municipal José María de Campos Maia,14534,+€1.67m,,2025,../data/raw/transfermarkt-scraper/2025/clubs.json.gz,https://www.transfermarkt.co.uk/mirassol-futebol-clube-sp-/startseite/verein/3876,everton galdino,False,,,,,,,,,,,,,,,,,,,,,
458710,,Murilo,Murilo,2025,1023,murilo,Brazil,São Gonçalo dos Campos,Brazil,1997-03-27 00:00:00,Centre-Back,Defender,right,188.0,2027-12-31 00:00:00,Roc Nation Sports,https://img.a.transfermarkt.technology/portrait/header/458710-1642081312.png?lm=1,0.0,0.0,,https://www.transfermarkt.co.uk/murilo/profil/spieler/458710,BRA1,Sociedade Esportiva Palmeiras,5000000.0,10000000.0,1023,se-palmeiras-sao-paulo,Sociedade Esportiva Palmeiras,BRA1,,31,25.9,9,29.0,10,Nubank Parque,43713,+€31.54m,,2025,../data/raw/transfermarkt-scraper/2025/clubs.json.gz,https://www.transfermarkt.co.uk/se-palmeiras-sao-paulo/startseite/verein/1023,murilo,False,murilo cerqueira,Murilo Cerqueira,CB,Palmeiras,2175.0,1.0,0.0,1.5,0.30000000000000004,127.0,25.0,13.0,7.0,24.0,2.0,38.0,21.0,7.0,1.0,murilo cerqueira,True
461937,Nuno,Moreira,Nuno Moreira,2025,978,nuno-moreira,Portugal,Espinho,Portugal,1999-06-16 00:00:00,Right Winger,Attack,right,175.0,2027-12-31 00:00:00,Team of Future,https://img.a.transfermarkt.technology/portrait/header/461937-1759764297.jpg?lm=1,,,,https://www.transfermarkt.co.uk/nuno-moreira/profil/spieler/461937,BRA1,Club de Regatas Vasco da Gama,7000000.0,7000000.0,978,vasco-da-gama-rio-de-janeiro,Club de Regatas Vasco da Gama,BRA1,,32,26.1,10,31.3,5,Estádio São Januário,24584,+€23.85m,,2025,../data/raw/transfermarkt-scraper/2025/clubs.json.gz,https://www.transfermarkt.co.uk/vasco-da-gama-rio-de-janeiro/startseite/verein/978,nuno moreira,False,,,,,,,,,,,,,,,,,,,,,
465817,Alan,Rodríguez,Alan Rodríguez,2025,6600,alan-rodriguez,Uruguay,Canelones,Uruguay,2000-01-25 00:00:00,Central Midfield,Midfield,right,174.0,2029-12-31 00:00:00,FGM,https://img.a.transfermarkt.technology/portrait/header/465817-1720123027.png?lm=1,1.0,0.0,,https://www.transfermarkt.co.uk/alan-rodriguez/profil/spieler/465817,BRA1,Sport Club Internacional,2300000.0,2300000.0,6600,sc-internacional-porto-alegre,Sport Club Internacional,BRA1,,32,26.7,9,28.1,3,Estádio Beira-Rio,50848,+€41.39m,,2025,../data/raw/transfermarkt-scraper/2025/clubs.json.gz,https://www.transfermarkt.co.uk/sc-internacional-porto-alegre/startseite/verein/6600,alan rodriguez,False,,,,,,,,,,,,,,,,,,,,,
465819,Santiago,Rodríguez,Santiago Rodríguez,2025,537,santiago-rodriguez,Uruguay,Montevideo,Uruguay,2000-01-08 00:00:00,Attacking Midfield,Midfield,right,172.0,2028-12-31 00:00:00,FGM,https://img.a.transfermarkt.technology/portrait/header/465819-1710583524.jpg?lm=1,0.0,0.0,,https://www.transfermarkt.co.uk/santiago-rodriguez/profil/spieler/465819,BRA1,S. A. F. Botafogo,6000000.0,6000000.0,537,botafogo-rio-de-janeiro,S. A. F. Botafogo,BRA1,,34,26.2,13,38.2,5,Estádio Olímpico Nilton Santos,46931,+€40.04m,,2025,../data/raw/transfermarkt-scraper/2025/clubs.json.gz,https://www.transfermarkt.co.uk/botafogo-rio-de-janeiro/startseite/verein/537,santiago rodriguez,False,,,,,,,,,,,,,,,,,,,,,
466336,Nahuel,Ferraresi,Nahuel Ferraresi,2025,537,nahuel-ferraresi,Venezuela,San Cristóbal,Venezuela,1998-11-19 00:00:00,Centre-Back,Defender,right,190.0,2026-12-31 00:00:00,,https://img.a.transfermarkt.technology/portrait/header/466336-1779754977.jpg?lm=1,45.0,1.0,,https://www.transfermarkt.co.uk/nahuel-ferraresi/profil/spieler/466336,BRA1,S. A. F. Botafogo,4500000.0,5000000.0,537,botafogo-rio-de-janeiro,S. A. F. Botafogo,BRA1,,34,26.2,13,38.2,5,Estádio Olímpico Nilton Santos,46931,+€40.04m,,2025,../data/raw/transfermarkt-scraper/2025/clubs.json.gz,https://www.transfermarkt.co.uk/botafogo-rio-de-janeiro/startseite/verein/537,nahuel ferraresi,True,nahuel ferraresi,Nahuel Ferraresi,CB,São Paulo,902.0,1.0,1.0,0.30000000000000004,0.8,45.0,9.0,7.0,6.0,14.0,3.0,21.0,23.0,2.0,0.0,nahuel ferraresi,True
468174,Félix,Torres,Félix Torres,2025,6600,felix-torres,Ecuador,San Lorenzo,Ecuador,1997-01-11 00:00:00,Centre-Back,Defender,right,187.0,2026-12-31 00:00:00,IMAGESPORT,https://img.a.transfermarkt.technology/portrait/header/468174-1719230427.jpg?lm=1,50.0,5.0,,https://www.transfermarkt.co.uk/felix-torres/profil/spieler/468174,BRA1,Sport Club Internacional,1000000.0,6000000.0,6600,sc-internacional-porto-alegre,Sport Club Internacional,BRA1,,32,26.7,9,28.1,3,Estádio Beira-Rio,50848,+€41.39m,,2025,../data/raw/transfermarkt-scraper/2025/clubs.json.gz,https://www.transfermarkt.co.uk/sc-internacional-porto-alegre/startseite/verein/6600,felix torres,False,felix torres caicedo,Félix Torres Caicedo,CB,Corinthians,1710.0,0.0,0.0,0.8,0.7,60.0,5.0,8.0,3.0,20.0,2.0,23.0,12.0,3.0,0.0,felix torres caicedo,True
468247,,Cleiton,Cleiton,2025,8793,cleiton,Brazil,Descanso,Brazil,1997-08-19 00:00:00,Goalkeeper,Goalkeeper,right,190.0,2027-12-31 00:00:00,LINK SPORTS,https://img.a.transfermarkt.technology/portrait/header/468247-1760493332.jpg?lm=1,3.0,0.0,,https://www.transfermarkt.co.uk/cleiton/profil/spieler/468247,BRA1,Red Bull Bragantino,5000000.0,5500000.0,8793,red-bull-bragantino,Red Bull Bragantino,BRA1,,39,25.6,9,23.1,3,Estádio Municipal Cicero De Souza Marques,12000,+€10.50m,,2025,../data/raw/transfermarkt-scraper/2025/clubs.json.gz,https://www.transfermarkt.co.uk/red-bull-bragantino/startseite/verein/8793,cleiton,True,cleiton,Cleiton,LB,Flamengo,98.0,0.0,0.0,0.0,0.0,2.0,0.0,0.0,0.0,1.0,1.0,2.0,0.0,0.0,0.0,cleiton,True
468301,,Marcos Antônio,Marcos Antônio,2025,585,marcos-antonio,Brazil,Poções,Brazil,2000-06-13 00:00:00,Central Midfield,Midfield,right,166.0,2030-12-31 00:00:00,Roc Nation Sports,https://img.a.transfermarkt.technology/portrait/header/468301-1755221982.jpg?lm=1,2.0,0.0,,https://www.transfermarkt.co.uk/marcos-antonio/profil/spieler/468301,BRA1,São Paulo Futebol Clube,12000000.0,12000000.0,585,fc-sao-paulo,São Paulo Futebol Clube,BRA1,,42,26.4,9,21.4,3,MorumBIS,72039,+€24.69m,,2025,../data/raw/transfermarkt-scraper/2025/clubs.json.gz,https://www.transfermarkt.co.uk/fc-sao-paulo/startseite/verein/585,marcos antonio,True,marcos antonio,Marcos Antônio,DM,São Paulo,844.0,0.0,0.0,0.0,0.30000000000000004,49.0,10.0,5.0,2.0,21.0,1.0,9.0,11.0,1.0,0.0,marcos antonio,True
468304,Rodrigo,Nestor,Rodrigo Nestor,2025,10010,rodrigo-nestor,Brazil,São Paulo,Brazil,2000-08-09 00:00:00,Central Midfield,Midfield,left,175.0,2030-12-31 00:00:00,,https://img.a.transfermarkt.technology/portrait/header/468304-1770035471.jpg?lm=1,14.0,0.0,,https://www.transfermarkt.co.uk/rodrigo-nestor/profil/spieler/468304,BRA1,Esporte Clube Bahia,7000000.0,9000000.0,10010,esporte-clube-bahia,Esporte Clube Bahia,BRA1,,32,26.6,9,28.1,3,Arena Fonte Nova,47364,+€8.14m,,2025,../data/raw/transfermarkt-scraper/2025/clubs.json.gz,https://www.transfermarkt.co.uk/esporte-clube-bahia/startseite/verein/10010,rodrigo nestor,True,rodrigo nestor,Rodrigo Nestor,CM,São Paulo,984.0,0.0,2.0,0.9,1.4000000000000001,50.0,29.0,24.0,6.0,37.0,3.0,15.0,7.0,3.0,0.0,rodrigo nestor,True
468332,Rúben,Ismael,Rúben Ismael,2025,2125,ruben-ismael,Portugal,Estarreja,Portugal,1999-03-25 00:00:00,Defensive Midfield,Midfield,right,184.0,2028-12-31 00:00:00,J.A Sports,https://img.a.transfermarkt.technology/portrait/header/468332-1705663732.png?lm=1,0.0,0.0,,https://www.transfermarkt.co.uk/ruben-ismael/profil/spieler/468332,BRA1,Esporte Clube Vitória,1200000.0,1500000.0,2125,esporte-clube-vitoria,Esporte Clube Vitória,BRA1,,39,28.3,7,17.9,0,Estádio Manoel Barradas,30793,+€1.36m,,2025,../data/raw/transfermarkt-scraper/2025/clubs.json.gz,https://www.transfermarkt.co.uk/esporte-clube-vitoria/startseite/verein/2125,ruben ismael,False,,,,,,,,,,,,,,,,,,,,,
471639,Gabriel,Rojas,Gabriel Rojas,2025,609,gabriel-rojas,Argentina,Rafael Calzada,Argentina,1997-06-22 00:00:00,Left-Back,Defender,left,173.0,2029-12-31 00:00:00,MV.SPORTS,https://img.a.transfermarkt.technology/portrait/header/471639-1724348729.png?lm=1,1.0,0.0,,https://www.transfermarkt.co.uk/gabriel-rojas/profil/spieler/471639,BRA1,Cruzeiro Esporte Clube,4000000.0,4000000.0,609,ec-cruzeiro-belo-horizonte,Cruzeiro Esporte Clube,BRA1,,30,26.8,7,23.3,3,Estádio Governador Magalhães Pinto,61927,€-36.26m,,2025,../data/raw/transfermarkt-scraper/2025/clubs.json.gz,https://www.transfermarkt.co.uk/ec-cruzeiro-belo-horizonte/startseite/verein/609,gabriel rojas,False,,,,,,,,,,,,,,,,,,,,,
474589,Carlos,Cuesta,Carlos Cuesta,2025,978,carlos-cuesta,Colombia,Medellín,Colombia,1999-03-09 00:00:00,Centre-Back,Defender,right,179.0,2026-12-31 00:00:00,Goal Management SAS,https://img.a.transfermarkt.technology/portrait/header/474589-1739272404.jpg?lm=1,24.0,0.0,,https://www.transfermarkt.co.uk/carlos-cuesta/profil/spieler/474589,BRA1,Club de Regatas Vasco da Gama,8000000.0,8000000.0,978,vasco-da-gama-rio-de-janeiro,Club de Regatas Vasco da Gama,BRA1,,32,26.1,10,31.3,5,Estádio São Januário,24584,+€23.85m,,2025,../data/raw/transfermarkt-scraper/2025/clubs.json.gz,https://www.transfermarkt.co.uk/vasco-da-gama-rio-de-janeiro/startseite/verein/978,carlos cuesta,False,,,,,,,,,,,,,,,,,,,,,
476339,,Marcelo Benevenuto,Marcelo Benevenuto,2024,10870,marcelo-benevenuto,Brazil,Resende,Brazil,1996-01-07 00:00:00,Centre-Back,Defender,right,181.0,2026-11-30 00:00:00,LINK SPORTS,https://img.a.transfermarkt.technology/portrait/header/476339-1589359905.jpg?lm=1,,,,https://www.transfermarkt.co.uk/marcelo-benevenuto/profil/spieler/476339,BRA1,Fortaleza Esporte Clube,,,10870,fortaleza-esporte-clube,Fortaleza Esporte Clube,BRA1,,29,27.1,5,17.2,0,Estádio Governador Plácido Castelo,63904,+€6.25m,Juan Pablo Vojvoda,2024,../data/raw/transfermarkt-scraper/2024/clubs.json.gz,https://www.transfermarkt.co.uk/fortaleza-esporte-clube/startseite/verein/10870,marcelo benevenuto,False,,,,,,,,,,,,,,,,,,,,,
476344,Emerson,Royal,Emerson Royal,2025,614,emerson-royal,Brazil,São Paulo,Brazil,1999-01-14 00:00:00,Right-Back,Defender,right,183.0,2028-12-31 00:00:00,Valor One Sport,https://img.a.transfermarkt.technology/portrait/header/476344-1737380789.jpg?lm=1,10.0,0.0,,https://www.transfermarkt.co.uk/emerson-royal/profil/spieler/476344,BRA1,Clube de Regatas do Flamengo,5000000.0,30000000.0,614,flamengo-rio-de-janeiro,Clube de Regatas do Flamengo,BRA1,,28,28.8,9,32.1,10,Estádio Jornalista Mário Filho,82238,€-13.92m,,2025,../data/raw/transfermarkt-scraper/2025/clubs.json.gz,https://www.transfermarkt.co.uk/flamengo-rio-de-janeiro/startseite/verein/614,emerson royal,False,,,,,,,,,,,,,,,,,,,,,
476352,Renan,Lodi,Renan Lodi,2025,330,renan-lodi,Brazil,Serrana,Brazil,1998-04-08 00:00:00,Left-Back,Defender,left,173.0,2030-12-31 00:00:00,,https://img.a.transfermarkt.technology/portrait/header/476352-1703065997.jpg?lm=1,19.0,0.0,,https://www.transfermarkt.co.uk/renan-lodi/profil/spieler/476352,BRA1,Clube Atlético Mineiro,11000000.0,50000000.0,330,clube-atletico-mineiro,Clube Atlético Mineiro,BRA1,,33,25.7,9,27.3,6,Arena MRV,44892,€-1.24m,,2025,../data/raw/transfermarkt-scraper/2025/clubs.json.gz,https://www.transfermarkt.co.uk/clube-atletico-mineiro/startseite/verein/330,renan lodi,False,,,,,,,,,,,,,,,,,,,,,
480225,,Alesson,Alesson,2025,3876,alesson,Brazil,Guarulhos,Brazil,1999-02-16 00:00:00,Left Winger,Attack,right,167.0,2028-12-31 00:00:00,SPORT AGENCY LTDA,https://img.a.transfermarkt.technology/portrait/header/480225-1737554015.png?lm=1,,,,https://www.transfermarkt.co.uk/alesson/profil/spieler/480225,BRA1,Mirasol Futebol Clube,2500000.0,2500000.0,3876,mirassol-futebol-clube-sp-,Mirasol Futebol Clube,BRA1,,32,30.1,1,3.1,0,Estádio Municipal José María de Campos Maia,14534,+€1.67m,,2025,../data/raw/transfermarkt-scraper/2025/clubs.json.gz,https://www.transfermarkt.co.uk/mirassol-futebol-clube-sp-/startseite/verein/3876,alesson,False,,,,,,,,,,,,,,,,,,,,,
480274,,Shaylon,Shaylon,2025,3876,shaylon,Brazil,Modelo,Brazil,1997-04-27 00:00:00,Attacking Midfield,Midfield,left,178.0,2026-12-31 00:00:00,,https://img.a.transfermarkt.technology/portrait/header/480274-1664556923.jpg?lm=1,0.0,0.0,,https://www.transfermarkt.co.uk/shaylon/profil/spieler/480274,BRA1,Mirasol Futebol Clube,1000000.0,2000000.0,3876,mirassol-futebol-clube-sp-,Mirasol Futebol Clube,BRA1,,32,30.1,1,3.1,0,Estádio Municipal José María de Campos Maia,14534,+€1.67m,,2025,../data/raw/transfermarkt-scraper/2025/clubs.json.gz,https://www.transfermarkt.co.uk/mirassol-futebol-clube-sp-/startseite/verein/3876,shaylon,True,shaylon,Shaylon,RM,Atlético Goianiense,2167.0,2.0,2.0,3.9000000000000004,5.7,129.0,36.0,24.0,10.0,118.0,5.0,16.0,17.0,3.0,0.0,shaylon,True
480686,Gabriel,Fuentes,Gabriel Fuentes,2024,2462,gabriel-fuentes,Colombia,Santa Marta,Colombia,1997-02-09 00:00:00,Left-Back,Defender,left,180.0,2026-12-31 00:00:00,ABADSPORT,https://img.a.transfermarkt.technology/portrait/header/480686-1751717924.jpg?lm=1,0.0,0.0,,https://www.transfermarkt.co.uk/gabriel-fuentes/profil/spieler/480686,BRA1,Fluminense Football Club,,,2462,fluminense-rio-de-janeiro,Fluminense Football Club,BRA1,,33,29.7,11,33.3,4,Estádio Jornalista Mário Filho,82238,€-6.76m,,2025,../data/raw/transfermarkt-scraper/2025/clubs.json.gz,https://www.transfermarkt.co.uk/fluminense-rio-de-janeiro/startseite/verein/2462,gabriel fuentes,True,gabriel fuentes,Gabriel Fuentes,LB,Fluminense,215.0,0.0,0.0,0.0,0.0,15.0,8.0,4.0,3.0,4.0,0.0,4.0,1.0,1.0,0.0,gabriel fuentes,True
482144,Michel,Araújo,Michel Araújo,2025,10010,michel-araujo,Uruguay,Colonia del Sacramento,Uruguay,1996-09-28 00:00:00,Right Winger,Attack,left,178.0,2028-12-31 00:00:00,,https://img.a.transfermarkt.technology/portrait/header/482144-1748913974.jpg?lm=1,,,,https://www.transfermarkt.co.uk/michel-araujo/profil/spieler/482144,BRA1,Esporte Clube Bahia,2500000.0,3000000.0,10010,esporte-clube-bahia,Esporte Clube Bahia,BRA1,,32,26.6,9,28.1,3,Arena Fonte Nova,47364,+€8.14m,,2025,../data/raw/transfermarkt-scraper/2025/clubs.json.gz,https://www.transfermarkt.co.uk/esporte-clube-bahia/startseite/verein/10010,michel araujo,True,michel araujo,Michel Araujo,WB,São Paulo,858.0,0.0,1.0,1.1,1.5,45.0,22.0,36.0,21.0,26.0,1.0,27.0,10.0,4.0,0.0,michel araujo,True
484848,,Zé Ivaldo,Zé Ivaldo,2025,221,ze-ivaldo,Brazil,Maceió,Brazil,1997-02-21 00:00:00,Centre-Back,Defender,right,185.0,2028-12-31 00:00:00,Trust Football ,https://img.a.transfermarkt.technology/portrait/header/484848-1554731403.jpg?lm=1,,,,https://www.transfermarkt.co.uk/ze-ivaldo/profil/spieler/484848,BRA1,Santos Futebol Clube,2000000.0,4000000.0,221,fc-santos,Santos Futebol Clube,BRA1,,37,26.7,9,24.3,4,Estádio Urbano Caldeira,16068,+€7.21m,,2025,../data/raw/transfermarkt-scraper/2025/clubs.json.gz,https://www.transfermarkt.co.uk/fc-santos/startseite/verein/221,ze ivaldo,True,ze ivaldo,Zé Ivaldo,CB,Cruzeiro,2361.0,1.0,0.0,1.1,0.4,80.0,23.0,17.0,8.0,21.0,0.0,28.0,30.0,9.0,0.0,ze ivaldo,True
486078,,Charles,Charles,2025,199,charles,Brazil,Santiago,Brazil,1996-06-19 00:00:00,Defensive Midfield,Midfield,right,187.0,2028-12-31 00:00:00,LINK SPORTS,https://img.a.transfermarkt.technology/portrait/header/486078-1771002454.jpg?lm=1,,,,https://www.transfermarkt.co.uk/charles/profil/spieler/486078,BRA1,Sport Club Corinthians Paulista,900000.0,1200000.0,199,corinthians-sao-paulo,Sport Club Corinthians Paulista,BRA1,,34,27.2,7,20.6,3,Neo Química Arena,49205,+€2.19m,,2025,../data/raw/transfermarkt-scraper/2025/clubs.json.gz,https://www.transfermarkt.co.uk/corinthians-sao-paulo/startseite/verein/199,charles,False,charles rigon matos,Charles Rigon Matos,"WB,CM",Corinthians,554.0,1.0,0.0,0.30000000000000004,0.2,30.0,6.0,5.0,3.0,10.0,4.0,30.0,12.0,4.0,0.0,charles rigon matos,True
489893,,Yuri Alberto,Yuri Alberto,2025,199,yuri-alberto,Brazil,São José dos Campos,Brazil,2001-03-18 00:00:00,Centre-Forward,Attack,right,183.0,2030-06-30 00:00:00,LINK SPORTS,https://img.a.transfermarkt.technology/portrait/header/489893-1744075236.jpg?lm=1,1.0,0.0,,https://www.transfermarkt.co.uk/yuri-alberto/profil/spieler/489893,BRA1,Sport Club Corinthians Paulista,23000000.0,25000000.0,199,corinthians-sao-paulo,Sport Club Corinthians Paulista,BRA1,,34,27.2,7,20.6,3,Neo Química Arena,49205,+€2.19m,,2025,../data/raw/transfermarkt-scraper/2025/clubs.json.gz,https://www.transfermarkt.co.uk/corinthians-sao-paulo/startseite/verein/199,yuri alberto,True,yuri alberto,Yuri Alberto,FW,Corinthians,2197.0,15.0,4.0,10.7,1.6,31.0,52.0,52.0,21.0,63.0,10.0,10.0,11.0,6.0,1.0,yuri alberto,True
491587,Alexis,Duarte,Alexis Duarte,2025,221,alexis-duarte,Paraguay,Itauguá,Paraguay,2000-03-12 00:00:00,Centre-Back,Defender,right,185.0,2026-06-30 00:00:00,La Squadra Sports,https://img.a.transfermarkt.technology/portrait/header/491587-1754041909.png?lm=1,1.0,0.0,,https://www.transfermarkt.co.uk/alexis-duarte/profil/spieler/491587,BRA1,Santos Futebol Clube,1800000.0,4000000.0,221,fc-santos,Santos Futebol Clube,BRA1,,37,26.7,9,24.3,4,Estádio Urbano Caldeira,16068,+€7.21m,,2025,../data/raw/transfermarkt-scraper/2025/clubs.json.gz,https://www.transfermarkt.co.uk/fc-santos/startseite/verein/221,alexis duarte,False,,,,,,,,,,,,,,,,,,,,,
491599,Antonio,Galeano,Antonio Galeano,2025,3876,antonio-galeano,Paraguay,Asunción,Paraguay,2000-03-22 00:00:00,Right Winger,Attack,right,170.0,2028-12-31 00:00:00,IG TEAMSPLAYERS,https://img.a.transfermarkt.technology/portrait/header/491599-1713551078.JPG?lm=1,3.0,0.0,,https://www.transfermarkt.co.uk/antonio-galeano/profil/spieler/491599,BRA1,Mirasol Futebol Clube,3500000.0,4000000.0,3876,mirassol-futebol-clube-sp-,Mirasol Futebol Clube,BRA1,,32,30.1,1,3.1,0,Estádio Municipal José María de Campos Maia,14534,+€1.67m,,2025,../data/raw/transfermarkt-scraper/2025/clubs.json.gz,https://www.transfermarkt.co.uk/mirassol-futebol-clube-sp-/startseite/verein/3876,antonio galeano,False,,,,,,,,,,,,,,,,,,,,,
491704,Benjamín,Rollheiser,Benjamín Rollheiser,2025,221,benjamin-rollheiser,Argentina,Coronel Suárez,Argentina,2000-03-24 00:00:00,Right Winger,Attack,left,172.0,2028-12-31 00:00:00,,https://img.a.transfermarkt.technology/portrait/header/491704-1725535826.jpg?lm=1,2.0,0.0,,https://www.transfermarkt.co.uk/benjamin-rollheiser/profil/spieler/491704,BRA1,Santos Futebol Clube,9000000.0,10000000.0,221,fc-santos,Santos Futebol Clube,BRA1,,37,26.7,9,24.3,4,Estádio Urbano Caldeira,16068,+€7.21m,,2025,../data/raw/transfermarkt-scraper/2025/clubs.json.gz,https://www.transfermarkt.co.uk/fc-santos/startseite/verein/221,benjamin rollheiser,False,,,,,,,,,,,,,,,,,,,,,
495689,Julián,Millán,Julián Millán,2025,2462,julian-millan,Colombia,Bugalagrande,Colombia,1998-03-27 00:00:00,Centre-Back,Defender,left,187.0,2029-12-31 00:00:00,TOP,https://img.a.transfermarkt.technology/portrait/header/495689-1716839964.jpg?lm=1,,,,https://www.transfermarkt.co.uk/julian-millan/profil/spieler/495689,BRA1,Fluminense Football Club,3500000.0,3500000.0,2462,fluminense-rio-de-janeiro,Fluminense Football Club,BRA1,,33,29.7,11,33.3,4,Estádio Jornalista Mário Filho,82238,€-6.76m,,2025,../data/raw/transfermarkt-scraper/2025/clubs.json.gz,https://www.transfermarkt.co.uk/fluminense-rio-de-janeiro/startseite/verein/2462,julian millan,False,,,,,,,,,,,,,,,,,,,,,
496268,Joaquín,Piquerez,Joaquín Piquerez,2025,1023,joaquin-piquerez,Uruguay,Montevideo,Uruguay,1998-08-24 00:00:00,Left-Back,Defender,left,185.0,2030-12-31 00:00:00,Bertolucci Sports,https://img.a.transfermarkt.technology/portrait/header/496268-1706144655.jpg?lm=1,19.0,0.0,,https://www.transfermarkt.co.uk/joaquin-piquerez/profil/spieler/496268,BRA1,Sociedade Esportiva Palmeiras,12000000.0,15000000.0,1023,se-palmeiras-sao-paulo,Sociedade Esportiva Palmeiras,BRA1,,31,25.9,9,29.0,10,Nubank Parque,43713,+€31.54m,,2025,../data/raw/transfermarkt-scraper/2025/clubs.json.gz,https://www.transfermarkt.co.uk/se-palmeiras-sao-paulo/startseite/verein/1023,joaquin piquerez,True,joaquin piquerez,Joaquín Piquerez,CB,Palmeiras,1314.0,2.0,0.0,1.9,1.9,87.0,29.0,19.0,8.0,45.0,0.0,27.0,20.0,2.0,0.0,joaquin piquerez,True
503052,Tomás,Cuello,Tomás Cuello,2025,330,tomas-cuello,Argentina,San Miguel de Tucumán,Argentina,2000-03-05 00:00:00,Left Winger,Attack,right,176.0,2028-12-31 00:00:00,Dodici,https://img.a.transfermarkt.technology/portrait/header/503052-1713627726.jpg?lm=1,0.0,0.0,,https://www.transfermarkt.co.uk/tomas-cuello/profil/spieler/503052,BRA1,Clube Atlético Mineiro,6000000.0,7000000.0,330,clube-atletico-mineiro,Clube Atlético Mineiro,BRA1,,33,25.7,9,27.3,6,Arena MRV,44892,€-1.24m,,2025,../data/raw/transfermarkt-scraper/2025/clubs.json.gz,https://www.transfermarkt.co.uk/clube-atletico-mineiro/startseite/verein/330,tomas cuello,True,tomas cuello,Tomás Cuello,LM,Athletico Paranaense,1920.0,3.0,5.0,2.7,4.1,86.0,100.0,118.0,62.0,103.0,8.0,36.0,33.0,3.0,0.0,tomas cuello,True
503343,Alan,Franco,Alan Franco,2025,585,alan-franco,Argentina,Avellaneda,Argentina,1996-10-11 00:00:00,Centre-Back,Defender,right,183.0,2028-12-31 00:00:00,AIS Football,https://img.a.transfermarkt.technology/portrait/header/503343-1645994651.JPG?lm=1,1.0,0.0,,https://www.transfermarkt.co.uk/alan-franco/profil/spieler/503343,BRA1,São Paulo Futebol Clube,4000000.0,7500000.0,585,fc-sao-paulo,São Paulo Futebol Clube,BRA1,,42,26.4,9,21.4,3,MorumBIS,72039,+€24.69m,,2025,../data/raw/transfermarkt-scraper/2025/clubs.json.gz,https://www.transfermarkt.co.uk/fc-sao-paulo/startseite/verein/585,alan franco,True,,,,,,,,,,,,,,,,,,,,,
504882,Claudio,Spinelli,Claudio Spinelli,2025,978,claudio-spinelli,Argentina,El Talar,Argentina,1997-01-21 00:00:00,Centre-Forward,Attack,right,180.0,2028-12-31 00:00:00,MVP Group,https://img.a.transfermarkt.technology/portrait/header/504882-1739212518.jpg?lm=1,,,,https://www.transfermarkt.co.uk/claudio-spinelli/profil/spieler/504882,BRA1,Club de Regatas Vasco da Gama,3000000.0,4000000.0,978,vasco-da-gama-rio-de-janeiro,Club de Regatas Vasco da Gama,BRA1,,32,26.1,10,31.3,5,Estádio São Januário,24584,+€23.85m,,2025,../data/raw/transfermarkt-scraper/2025/clubs.json.gz,https://www.transfermarkt.co.uk/vasco-da-gama-rio-de-janeiro/startseite/verein/978,claudio spinelli,False,,,,,,,,,,,,,,,,,,,,,
512344,,Jandrei,Jandrei,2024,585,jandrei,Brazil,Itaqui,Brazil,1993-03-01 00:00:00,Goalkeeper,Goalkeeper,right,186.0,2026-12-31 00:00:00,,https://img.a.transfermarkt.technology/portrait/header/512344-1625043006.jpg?lm=1,,,,https://www.transfermarkt.co.uk/jandrei/profil/spieler/512344,BRA1,São Paulo Futebol Clube,700000.0,2000000.0,585,fc-sao-paulo,São Paulo Futebol Clube,BRA1,,42,26.4,9,21.4,3,MorumBIS,72039,+€24.69m,,2025,../data/raw/transfermarkt-scraper/2025/clubs.json.gz,https://www.transfermarkt.co.uk/fc-sao-paulo/startseite/verein/585,jandrei,True,jandrei,Jandrei,GK,São Paulo,1170.0,0.0,0.0,0.0,0.0,0.0,0.0,0.0,0.0,3.0,0.0,0.0,1.0,0.0,0.0,jandrei,True
512385,Luis,Sinisterra,Luis Sinisterra,2025,609,luis-sinisterra,Colombia,Santander de Quilichao,Colombia,1999-06-17 00:00:00,Left Winger,Attack,right,172.0,2028-12-31 00:00:00,THE·TEAM,https://img.a.transfermarkt.technology/portrait/header/512385-1674557520.jpg?lm=1,18.0,5.0,,https://www.transfermarkt.co.uk/luis-sinisterra/profil/spieler/512385,BRA1,Cruzeiro Esporte Clube,11000000.0,25000000.0,609,ec-cruzeiro-belo-horizonte,Cruzeiro Esporte Clube,BRA1,,30,26.8,7,23.3,3,Estádio Governador Magalhães Pinto,61927,€-36.26m,,2025,../data/raw/transfermarkt-scraper/2025/clubs.json.gz,https://www.transfermarkt.co.uk/ec-cruzeiro-belo-horizonte/startseite/verein/609,luis sinisterra,False,,,,,,,,,,,,,,,,,,,,,
515068,,Lourenço,Lourenço,2024,2029,lourenco,Brazil,Belo Horizonte,Brazil,1997-09-07 00:00:00,Central Midfield,Midfield,right,169.0,2026-11-30 00:00:00,MPX SPORTS,https://img.a.transfermarkt.technology/portrait/header/515068-1649678216.jpg?lm=1,,,,https://www.transfermarkt.co.uk/lourenco/profil/spieler/515068,BRA1,Ceará Sporting Club,,,2029,ceara-sporting-club,Ceará Sporting Club,BRA1,,29,28.0,2,6.9,0,Estádio Governador Plácido Castelo,63904,+€2.30m,Anderson Batatais,2024,../data/raw/transfermarkt-scraper/2024/clubs.json.gz,https://www.transfermarkt.co.uk/ceara-sporting-club/startseite/verein/2029,lourenco,False,,,,,,,,,,,,,,,,,,,,,
515638,,Erick,Erick,2025,2125,erick,Brazil,Recife,Brazil,1997-12-10 00:00:00,Right Winger,Attack,left,173.0,2028-12-31 00:00:00,CAD,https://img.a.transfermarkt.technology/portrait/header/515638-1662314037.jpg?lm=1,,,,https://www.transfermarkt.co.uk/erick/profil/spieler/515638,BRA1,Esporte Clube Vitória,2500000.0,2500000.0,2125,esporte-clube-vitoria,Esporte Clube Vitória,BRA1,,39,28.3,7,17.9,0,Estádio Manoel Barradas,30793,+€1.36m,,2025,../data/raw/transfermarkt-scraper/2025/clubs.json.gz,https://www.transfermarkt.co.uk/esporte-clube-vitoria/startseite/verein/2125,erick,True,,,,,,,,,,,,,,,,,,,,,
519877,,Dudu Vieira,Dudu Vieira,2024,10492,dudu-vieira,Brazil,Campo Grande,Brazil,1994-02-20 00:00:00,Central Midfield,Midfield,right,176.0,2027-05-30 00:00:00,T.P.O,https://img.a.transfermarkt.technology/portrait/header/519877-1667568997.jpg?lm=1,,,,https://www.transfermarkt.co.uk/dudu-vieira/profil/spieler/519877,BRA1,Esporte Clube Juventude,,,10492,esporte-clube-juventude,Esporte Clube Juventude,BRA1,,29,28.3,3,10.3,0,Estádio Alfredo Jaconi,23726,+€1.13m,Roger Machado,2024,../data/raw/transfermarkt-scraper/2024/clubs.json.gz,https://www.transfermarkt.co.uk/esporte-clube-juventude/startseite/verein/10492,dudu vieira,True,dudu vieira,Dudu Vieira,DM,Juventude,268.0,0.0,0.0,0.0,0.0,8.0,1.0,3.0,2.0,2.0,0.0,4.0,6.0,1.0,0.0,dudu vieira,True
520093,,Raul,Raul,2025,537,raul,Brazil,Tapera,Brazil,1997-07-28 00:00:00,Goalkeeper,Goalkeeper,right,190.0,2027-12-31 00:00:00,,https://img.a.transfermarkt.technology/portrait/header/520093-1660833546.jpg?lm=1,,,,https://www.transfermarkt.co.uk/raul/profil/spieler/520093,BRA1,S. A. F. Botafogo,400000.0,400000.0,537,botafogo-rio-de-janeiro,S. A. F. Botafogo,BRA1,,34,26.2,13,38.2,5,Estádio Olímpico Nilton Santos,46931,+€40.04m,,2025,../data/raw/transfermarkt-scraper/2025/clubs.json.gz,https://www.transfermarkt.co.uk/botafogo-rio-de-janeiro/startseite/verein/537,raul,True,raul,Raul,CM,Red Bull Bragantino,1305.0,1.0,1.0,0.2,0.9,69.0,9.0,11.0,7.0,30.0,2.0,25.0,14.0,2.0,0.0,raul,True
520468,,Iago,Iago,2025,10010,iago,Brazil,Monte Azul Paulista,Brazil,1997-03-23 00:00:00,Left-Back,Defender,left,181.0,2028-12-31 00:00:00,C.R,https://img.a.transfermarkt.technology/portrait/header/520468-1771072057.png?lm=1,7.0,0.0,,https://www.transfermarkt.co.uk/iago/profil/spieler/520468,BRA1,Esporte Clube Bahia,3500000.0,6500000.0,10010,esporte-clube-bahia,Esporte Clube Bahia,BRA1,,32,26.6,9,28.1,3,Arena Fonte Nova,47364,+€8.14m,,2025,../data/raw/transfermarkt-scraper/2025/clubs.json.gz,https://www.transfermarkt.co.uk/esporte-clube-bahia/startseite/verein/10010,iago,True,iago,Iago,LB,Bahia,408.0,0.0,0.0,0.7999999999999999,1.1,22.0,15.0,6.0,0.0,8.0,0.0,11.0,7.0,0.0,0.0,iago,True
520480,,Igor Cariús,Igor Cariús,2025,3876,igor-carius,Brazil,Cariús,Brazil,1993-05-01 00:00:00,Left-Back,Defender,left,182.0,2026-12-31 00:00:00,Brasoccer Sports,https://img.a.transfermarkt.technology/portrait/header/520480-1682388473.jpg?lm=1,,,,https://www.transfermarkt.co.uk/igor-carius/profil/spieler/520480,BRA1,Mirasol Futebol Clube,200000.0,500000.0,3876,mirassol-futebol-clube-sp-,Mirasol Futebol Clube,BRA1,,32,30.1,1,3.1,0,Estádio Municipal José María de Campos Maia,14534,+€1.67m,,2025,../data/raw/transfermarkt-scraper/2025/clubs.json.gz,https://www.transfermarkt.co.uk/mirassol-futebol-clube-sp-/startseite/verein/3876,igor carius,False,,,,,,,,,,,,,,,,,,,,,
520665,,Val Soares,Val Soares,2024,2125,val-soares,Brazil,Tailândia,Brazil,1997-03-12 00:00:00,Defensive Midfield,Midfield,right,178.0,2026-11-30 00:00:00,Antoniu's Assessoria,https://img.a.transfermarkt.technology/portrait/header/520665-1598015743.jpg?lm=1,,,,https://www.transfermarkt.co.uk/val-soares/profil/spieler/520665,BRA1,Esporte Clube Vitória,400000.0,450000.0,2125,esporte-clube-vitoria,Esporte Clube Vitória,BRA1,,39,28.3,7,17.9,0,Estádio Manoel Barradas,30793,+€1.36m,,2025,../data/raw/transfermarkt-scraper/2025/clubs.json.gz,https://www.transfermarkt.co.uk/esporte-clube-vitoria/startseite/verein/2125,val soares,False,,,,,,,,,,,,,,,,,,,,,
523363,,Kaio,Kaio,2025,537,kaio,Brazil,Araraquara,Brazil,1995-09-18 00:00:00,Centre-Back,Defender,right,186.0,2028-06-30 00:00:00,NG Soccer,https://img.a.transfermarkt.technology/portrait/header/523363-1721724314.png?lm=1,,,,https://www.transfermarkt.co.uk/kaio/profil/spieler/523363,BRA1,S. A. F. Botafogo,1800000.0,3000000.0,537,botafogo-rio-de-janeiro,S. A. F. Botafogo,BRA1,,34,26.2,13,38.2,5,Estádio Olímpico Nilton Santos,46931,+€40.04m,,2025,../data/raw/transfermarkt-scraper/2025/clubs.json.gz,https://www.transfermarkt.co.uk/botafogo-rio-de-janeiro/startseite/verein/537,kaio,False,,,,,,,,,,,,,,,,,,,,,
524446,,Kanu,Kanu,2025,10010,kanu,Brazil,Duque de Caxias,Brazil,1997-03-07 00:00:00,Centre-Back,Defender,right,186.0,2027-12-31 00:00:00,Promanager,https://img.a.transfermarkt.technology/portrait/header/524446-1771071945.png?lm=1,,,,https://www.transfermarkt.co.uk/kanu/profil/spieler/524446,BRA1,Esporte Clube Bahia,3000000.0,3500000.0,10010,esporte-clube-bahia,Esporte Clube Bahia,BRA1,,32,26.6,9,28.1,3,Arena Fonte Nova,47364,+€8.14m,,2025,../data/raw/transfermarkt-scraper/2025/clubs.json.gz,https://www.transfermarkt.co.uk/esporte-clube-bahia/startseite/verein/10010,kanu,True,kanu,Kanu,CB,Bahia,2700.0,0.0,0.0,0.30000000000000004,0.0,78.0,18.0,10.0,4.0,9.0,2.0,32.0,36.0,11.0,0.0,kanu,True
525257,,Gabriel Justino,Gabriel Justino,2024,537,gabriel-justino,Brazil,São Paulo,Brazil,1998-09-17 00:00:00,Left Winger,Attack,right,178.0,,Zero 01 Sports,https://img.a.transfermarkt.technology/portrait/header/525257-1547562551.png?lm=1,,,,https://www.transfermarkt.co.uk/gabriel-justino/profil/spieler/525257,BRA1,S. A. F. Botafogo,,,537,botafogo-rio-de-janeiro,S. A. F. Botafogo,BRA1,,34,26.2,13,38.2,5,Estádio Olímpico Nilton Santos,46931,+€40.04m,,2025,../data/raw/transfermarkt-scraper/2025/clubs.json.gz,https://www.transfermarkt.co.uk/botafogo-rio-de-janeiro/startseite/verein/537,gabriel justino,False,,,,,,,,,,,,,,,,,,,,,
525287,,Carlos Vinícius,Carlos Vinícius,2025,210,carlos-vinicius,Brazil,Bom Jesus das Selvas,Brazil,1995-03-25 00:00:00,Centre-Forward,Attack,left,190.0,2026-12-31 00:00:00,FK Assessoria,https://img.a.transfermarkt.technology/portrait/header/525287-1662070180.jpg?lm=1,,,,https://www.transfermarkt.co.uk/carlos-vinicius/profil/spieler/525287,BRA1,Grêmio Foot-Ball Porto Alegrense,7000000.0,20000000.0,210,gremio-porto-alegre,Grêmio Foot-Ball Porto Alegrense,BRA1,,34,26.5,11,32.4,3,Arena do Grêmio,60540,€-6.38m,,2025,../data/raw/transfermarkt-scraper/2025/clubs.json.gz,https://www.transfermarkt.co.uk/gremio-porto-alegre/startseite/verein/210,carlos vinicius,False,,,,,,,,,,,,,,,,,,,,,
525510,,Elias,Elias,2025,3876,elias,Brazil,Recife,Brazil,1999-07-16 00:00:00,Right-Back,Defender,right,181.0,2026-12-31 00:00:00,VTN IMAGE,https://img.a.transfermarkt.technology/portrait/header/525510-1721081407.jpg?lm=1,,,,https://www.transfermarkt.co.uk/elias/profil/spieler/525510,BRA1,Mirasol Futebol Clube,,,3876,mirassol-futebol-clube-sp-,Mirasol Futebol Clube,BRA1,,32,30.1,1,3.1,0,Estádio Municipal José María de Campos Maia,14534,+€1.67m,,2025,../data/raw/transfermarkt-scraper/2025/clubs.json.gz,https://www.transfermarkt.co.uk/mirassol-futebol-clube-sp-/startseite/verein/3876,elias,False,,,,,,,,,,,,,,,,,,,,,
530737,,Richard,Richard,2025,6600,richard,Brazil,Campinas,Brazil,1994-02-18 00:00:00,Defensive Midfield,Midfield,right,191.0,2026-12-31 00:00:00,4ComM,https://img.a.transfermarkt.technology/portrait/header/530737-1724671365.jpg?lm=1,,,,https://www.transfermarkt.co.uk/richard/profil/spieler/530737,BRA1,Sport Club Internacional,500000.0,1500000.0,6600,sc-internacional-porto-alegre,Sport Club Internacional,BRA1,,32,26.7,9,28.1,3,Estádio Beira-Rio,50848,+€41.39m,,2025,../data/raw/transfermarkt-scraper/2025/clubs.json.gz,https://www.transfermarkt.co.uk/sc-internacional-porto-alegre/startseite/verein/6600,richard,False,,,,,,,,,,,,,,,,,,,,,
531674,Rúben,Rodrigues,Rúben Rodrigues,2024,2125,ruben-rodrigues,Portugal,Oliveira de Azeméis,Portugal,1996-08-02 00:00:00,Attacking Midfield,Midfield,both,181.0,2027-06-30 00:00:00,FSM,https://img.a.transfermarkt.technology/portrait/header/531674-1723644294.jpg?lm=1,,,,https://www.transfermarkt.co.uk/ruben-rodrigues/profil/spieler/531674,BRA1,Esporte Clube Vitória,,,2125,esporte-clube-vitoria,Esporte Clube Vitória,BRA1,,39,28.3,7,17.9,0,Estádio Manoel Barradas,30793,+€1.36m,,2025,../data/raw/transfermarkt-scraper/2025/clubs.json.gz,https://www.transfermarkt.co.uk/esporte-clube-vitoria/startseite/verein/2125,ruben rodrigues,False,,,,,,,,,,,,,,,,,,,,,
534376,Marco,Moreno,Marco Moreno,2025,10010,marco-moreno,Spain,Las Palmas de Gran Canaria,Spain,2001-02-20 00:00:00,Centre-Back,Defender,right,191.0,2031-06-30 00:00:00,AS1,https://img.a.transfermarkt.technology/portrait/header/default.jpg?lm=1,1.0,0.0,,https://www.transfermarkt.co.uk/marco-moreno/profil/spieler/534376,BRA1,Esporte Clube Bahia,700000.0,700000.0,10010,esporte-clube-bahia,Esporte Clube Bahia,BRA1,,32,26.6,9,28.1,3,Arena Fonte Nova,47364,+€8.14m,,2025,../data/raw/transfermarkt-scraper/2025/clubs.json.gz,https://www.transfermarkt.co.uk/esporte-clube-bahia/startseite/verein/10010,marco moreno,False,,,,,,,,,,,,,,,,,,,,,
534473,,Paulinho Paula,Paulinho Paula,2025,6600,paulinho-paula,Brazil,Rio de Janeiro,Brazil,1997-01-08 00:00:00,Central Midfield,Midfield,right,173.0,2027-12-31 00:00:00,Fatto Gestão,https://img.a.transfermarkt.technology/portrait/header/534473-1680718125.jpg?lm=1,,,,https://www.transfermarkt.co.uk/paulinho-paula/profil/spieler/534473,BRA1,Sport Club Internacional,1000000.0,1600000.0,6600,sc-internacional-porto-alegre,Sport Club Internacional,BRA1,,32,26.7,9,28.1,3,Estádio Beira-Rio,50848,+€41.39m,,2025,../data/raw/transfermarkt-scraper/2025/clubs.json.gz,https://www.transfermarkt.co.uk/sc-internacional-porto-alegre/startseite/verein/6600,paulinho paula,False,,,,,,,,,,,,,,,,,,,,,
537386,,Bruno Xavier,Bruno Xavier,2024,2125,bruno-xavier,Brazil,São Paulo,Brazil,1996-11-27 00:00:00,Attacking Midfield,Midfield,left,176.0,2026-11-30 00:00:00,CSR Sports,https://img.a.transfermarkt.technology/portrait/header/537386-1569361413.jpg?lm=1,,,,https://www.transfermarkt.co.uk/bruno-xavier/profil/spieler/537386,BRA1,Esporte Clube Vitória,50000.0,100000.0,2125,esporte-clube-vitoria,Esporte Clube Vitória,BRA1,,39,28.3,7,17.9,0,Estádio Manoel Barradas,30793,+€1.36m,,2025,../data/raw/transfermarkt-scraper/2025/clubs.json.gz,https://www.transfermarkt.co.uk/esporte-clube-vitoria/startseite/verein/2125,bruno xavier,False,,,,,,,,,,,,,,,,,,,,,
538810,Chris,Ramos,Chris Ramos,2025,537,chris-ramos,Spain,Cádiz,Spain,1997-01-18 00:00:00,Centre-Forward,Attack,right,190.0,,Gersh,https://img.a.transfermarkt.technology/portrait/header/538810-1681583076.jpg?lm=1,,,,https://www.transfermarkt.co.uk/chris-ramos/profil/spieler/538810,BRA1,S. A. F. Botafogo,2500000.0,4000000.0,537,botafogo-rio-de-janeiro,S. A. F. Botafogo,BRA1,,34,26.2,13,38.2,5,Estádio Olímpico Nilton Santos,46931,+€40.04m,,2025,../data/raw/transfermarkt-scraper/2025/clubs.json.gz,https://www.transfermarkt.co.uk/botafogo-rio-de-janeiro/startseite/verein/537,chris ramos,False,,,,,,,,,,,,,,,,,,,,,
539203,,André Luis,André Luis,2025,3876,andre-luis,Brazil,Santarém,Brazil,1994-03-09 00:00:00,Centre-Forward,Attack,right,184.0,2026-12-31 00:00:00,SB SPORT,https://img.a.transfermarkt.technology/portrait/header/539203-1705664678.png?lm=1,,,,https://www.transfermarkt.co.uk/andre-luis/profil/spieler/539203,BRA1,Mirasol Futebol Clube,1000000.0,1500000.0,3876,mirassol-futebol-clube-sp-,Mirasol Futebol Clube,BRA1,,32,30.1,1,3.1,0,Estádio Municipal José María de Campos Maia,14534,+€1.67m,,2025,../data/raw/transfermarkt-scraper/2025/clubs.json.gz,https://www.transfermarkt.co.uk/mirassol-futebol-clube-sp-/startseite/verein/3876,andre luis,True,andre luis,André Luis,"LM,RM",Cuiabá,499.0,0.0,0.0,0.4,0.2,15.0,7.0,12.0,4.0,12.0,0.0,9.0,5.0,3.0,0.0,andre luis,True
540458,Enzo,Díaz,Enzo Díaz,2025,585,enzo-diaz,Argentina,Buenos Aires,Argentina,1995-12-07 00:00:00,Left-Back,Defender,left,177.0,2028-12-31 00:00:00,PROSPORTS Argentina,https://img.a.transfermarkt.technology/portrait/header/540458-1770910488.jpg?lm=1,,,,https://www.transfermarkt.co.uk/enzo-diaz/profil/spieler/540458,BRA1,São Paulo Futebol Clube,3000000.0,4500000.0,585,fc-sao-paulo,São Paulo Futebol Clube,BRA1,,42,26.4,9,21.4,3,MorumBIS,72039,+€24.69m,,2025,../data/raw/transfermarkt-scraper/2025/clubs.json.gz,https://www.transfermarkt.co.uk/fc-sao-paulo/startseite/verein/585,enzo diaz,False,,,,,,,,,,,,,,,,,,,,,
540963,,Yuri Sena,Yuri Sena,2025,2125,yuri-sena,Brazil,Salvador,Brazil,2001-01-03 00:00:00,Goalkeeper,Goalkeeper,right,190.0,2026-12-31 00:00:00,Antoniu's Assessoria,https://img.a.transfermarkt.technology/portrait/header/540963-1663006394.jpg?lm=1,0.0,0.0,,https://www.transfermarkt.co.uk/yuri-sena/profil/spieler/540963,BRA1,Esporte Clube Vitória,50000.0,50000.0,2125,esporte-clube-vitoria,Esporte Clube Vitória,BRA1,,39,28.3,7,17.9,0,Estádio Manoel Barradas,30793,+€1.36m,,2025,../data/raw/transfermarkt-scraper/2025/clubs.json.gz,https://www.transfermarkt.co.uk/esporte-clube-vitoria/startseite/verein/2125,yuri sena,False,,,,,,,,,,,,,,,,,,,,,
542483,,Wellington Rato,Wellington Rato,2025,2125,wellington-rato,Brazil,Japeri,Brazil,1992-06-18 00:00:00,Right Winger,Attack,left,172.0,2027-12-31 00:00:00,RCF SPORTS,https://img.a.transfermarkt.technology/portrait/header/542483-1656980162.jpg?lm=1,,,,https://www.transfermarkt.co.uk/wellington-rato/profil/spieler/542483,BRA1,Esporte Clube Vitória,,,2125,esporte-clube-vitoria,Esporte Clube Vitória,BRA1,,39,28.3,7,17.9,0,Estádio Manoel Barradas,30793,+€1.36m,,2025,../data/raw/transfermarkt-scraper/2025/clubs.json.gz,https://www.transfermarkt.co.uk/esporte-clube-vitoria/startseite/verein/2125,wellington rato,True,wellington rato,Wellington Rato,AM,São Paulo,1052.0,1.0,5.0,2.2,3.5,47.0,24.0,16.0,9.0,46.0,9.0,11.0,7.0,2.0,0.0,wellington rato,True
544259,,Ademir,Ademir,2025,10010,ademir,Brazil,São Paulo,Brazil,1995-02-16 00:00:00,Right Winger,Attack,left,172.0,2026-12-31 00:00:00,Velop4 Sports,https://img.a.transfermarkt.technology/portrait/header/544259-1606987987.jpg?lm=1,,,,https://www.transfermarkt.co.uk/ademir/profil/spieler/544259,BRA1,Esporte Clube Bahia,1200000.0,4500000.0,10010,esporte-clube-bahia,Esporte Clube Bahia,BRA1,,32,26.6,9,28.1,3,Arena Fonte Nova,47364,+€8.14m,,2025,../data/raw/transfermarkt-scraper/2025/clubs.json.gz,https://www.transfermarkt.co.uk/esporte-clube-bahia/startseite/verein/10010,ademir,False,ademir santos,Ademir Santos,LW,Bahia,1131.0,3.0,4.0,3.3,2.7,29.0,65.0,62.0,28.0,47.0,8.0,30.0,10.0,0.0,0.0,ademir santos,True
546033,,Sabino,Sabino,2025,585,sabino,Brazil,Brasília,Brazil,1996-10-25 00:00:00,Centre-Back,Defender,left,185.0,2028-12-31 00:00:00,,https://img.a.transfermarkt.technology/portrait/header/546033-1682388671.jpg?lm=1,,,,https://www.transfermarkt.co.uk/sabino/profil/spieler/546033,BRA1,São Paulo Futebol Clube,1000000.0,1200000.0,585,fc-sao-paulo,São Paulo Futebol Clube,BRA1,,42,26.4,9,21.4,3,MorumBIS,72039,+€24.69m,,2025,../data/raw/transfermarkt-scraper/2025/clubs.json.gz,https://www.transfermarkt.co.uk/fc-sao-paulo/startseite/verein/585,sabino,False,jose sabino,José Sabino,CB,São Paulo,972.0,0.0,0.0,0.30000000000000004,0.0,43.0,5.0,5.0,3.0,10.0,0.0,19.0,11.0,3.0,0.0,jose sabino,True
546036,,Gregore,Gregore,2024,537,gregore,Brazil,Juiz de Fora,Brazil,1994-03-02 00:00:00,Defensive Midfield,Midfield,right,181.0,2027-06-30 00:00:00,Talents Sports,https://img.a.transfermarkt.technology/portrait/header/546036-1710079666.jpg?lm=1,,,,https://www.transfermarkt.co.uk/gregore/profil/spieler/546036,BRA1,S. A. F. Botafogo,,,537,botafogo-rio-de-janeiro,S. A. F. Botafogo,BRA1,,34,26.2,13,38.2,5,Estádio Olímpico Nilton Santos,46931,+€40.04m,,2025,../data/raw/transfermarkt-scraper/2025/clubs.json.gz,https://www.transfermarkt.co.uk/botafogo-rio-de-janeiro/startseite/verein/537,gregore,True,gregore,Gregore,CM,Botafogo (RJ),2220.0,3.0,2.0,1.2,1.5,199.0,29.0,14.0,9.0,57.0,6.0,97.0,37.0,9.0,0.0,gregore,True
546172,,Nonato,Nonato,2025,2462,nonato,Brazil,São Paulo,Brazil,1998-03-03 00:00:00,Central Midfield,Midfield,right,175.0,2028-12-31 00:00:00,Elenko Sports Ltda.,https://img.a.transfermarkt.technology/portrait/header/546172-1751719496.jpg?lm=1,,,,https://www.transfermarkt.co.uk/nonato/profil/spieler/546172,BRA1,Fluminense Football Club,2000000.0,3000000.0,2462,fluminense-rio-de-janeiro,Fluminense Football Club,BRA1,,33,29.7,11,33.3,4,Estádio Jornalista Mário Filho,82238,€-6.76m,,2025,../data/raw/transfermarkt-scraper/2025/clubs.json.gz,https://www.transfermarkt.co.uk/fluminense-rio-de-janeiro/startseite/verein/2462,nonato,True,nonato,Nonato,AM,Fluminense,286.0,0.0,1.0,0.1,0.1,13.0,2.0,5.0,1.0,4.0,2.0,16.0,4.0,1.0,0.0,nonato,True
546217,,Thiago Couto,Thiago Couto,2024,2125,thiago-couto,Brazil,São Paulo,Brazil,1999-03-26 00:00:00,Goalkeeper,Goalkeeper,right,188.0,2027-12-31 00:00:00,LINK SPORTS,https://img.a.transfermarkt.technology/portrait/header/546217-1674748988.jpg?lm=1,,,,https://www.transfermarkt.co.uk/thiago-couto/profil/spieler/546217,BRA1,Esporte Clube Vitória,,,2125,esporte-clube-vitoria,Esporte Clube Vitória,BRA1,,39,28.3,7,17.9,0,Estádio Manoel Barradas,30793,+€1.36m,,2025,../data/raw/transfermarkt-scraper/2025/clubs.json.gz,https://www.transfermarkt.co.uk/esporte-clube-vitoria/startseite/verein/2125,thiago couto,False,,,,,,,,,,,,,,,,,,,,,
546530,,Raniele,Raniele,2025,199,raniele,Brazil,Baixa Grande,Brazil,1996-12-31 00:00:00,Defensive Midfield,Midfield,right,184.0,2028-12-31 00:00:00,,https://img.a.transfermarkt.technology/portrait/header/546530-1680488285.jpg?lm=1,,,,https://www.transfermarkt.co.uk/raniele/profil/spieler/546530,BRA1,Sport Club Corinthians Paulista,4000000.0,4000000.0,199,corinthians-sao-paulo,Sport Club Corinthians Paulista,BRA1,,34,27.2,7,20.6,3,Neo Química Arena,49205,+€2.19m,,2025,../data/raw/transfermarkt-scraper/2025/clubs.json.gz,https://www.transfermarkt.co.uk/corinthians-sao-paulo/startseite/verein/199,raniele,True,raniele,Raniele,"DM,CB",Corinthians,2290.0,0.0,0.0,1.3,1.0,71.0,20.0,14.0,8.0,43.0,3.0,63.0,40.0,8.0,0.0,raniele,True
547443,,Pedro Raul,Pedro Raul,2025,199,pedro-raul,Brazil,Porto Alegre,Brazil,1996-11-05 00:00:00,Centre-Forward,Attack,right,193.0,2028-12-31 00:00:00,Roc Nation Sports,https://img.a.transfermarkt.technology/portrait/header/547443-1748479789.jpg?lm=1,,,,https://www.transfermarkt.co.uk/pedro-raul/profil/spieler/547443,BRA1,Sport Club Corinthians Paulista,2500000.0,6000000.0,199,corinthians-sao-paulo,Sport Club Corinthians Paulista,BRA1,,34,27.2,7,20.6,3,Neo Química Arena,49205,+€2.19m,,2025,../data/raw/transfermarkt-scraper/2025/clubs.json.gz,https://www.transfermarkt.co.uk/corinthians-sao-paulo/startseite/verein/199,pedro raul,True,pedro raul,Pedro Raul,RW,Corinthians,539.0,0.0,0.0,1.4,0.30000000000000004,10.0,6.0,6.0,4.0,15.0,2.0,11.0,4.0,2.0,0.0,pedro raul,True
550178,,Bruno Tubarão,Bruno Tubarão,2024,2029,bruno-tubarao,Brazil,Rio de Janeiro,Brazil,1995-03-05 00:00:00,Right Winger,Attack,right,180.0,,FOOT STARS BRAZIL,https://img.a.transfermarkt.technology/portrait/header/550178-1748480998.jpg?lm=1,,,,https://www.transfermarkt.co.uk/bruno-tubarao/profil/spieler/550178,BRA1,Ceará Sporting Club,,,2029,ceara-sporting-club,Ceará Sporting Club,BRA1,,29,28.0,2,6.9,0,Estádio Governador Plácido Castelo,63904,+€2.30m,Anderson Batatais,2024,../data/raw/transfermarkt-scraper/2024/clubs.json.gz,https://www.transfermarkt.co.uk/ceara-sporting-club/startseite/verein/2029,bruno tubarao,True,bruno tubarao,Bruno Tubarão,RB,Atlético Goianiense,1586.0,0.0,0.0,0.30000000000000004,1.1,107.0,49.0,34.0,14.0,42.0,1.0,35.0,15.0,4.0,1.0,bruno tubarao,True
550495,,Fernando,Fernando,2025,8793,fernando,Brazil,Belo Horizonte,Brazil,1999-03-01 00:00:00,Centre-Forward,Attack,right,176.0,2027-12-31 00:00:00,Un1que Football,https://img.a.transfermarkt.technology/portrait/header/550495-1722524493.png?lm=1,0.0,0.0,,https://www.transfermarkt.co.uk/fernando/profil/spieler/550495,BRA1,Red Bull Bragantino,1500000.0,10000000.0,8793,red-bull-bragantino,Red Bull Bragantino,BRA1,,39,25.6,9,23.1,3,Estádio Municipal Cicero De Souza Marques,12000,+€10.50m,,2025,../data/raw/transfermarkt-scraper/2025/clubs.json.gz,https://www.transfermarkt.co.uk/red-bull-bragantino/startseite/verein/8793,fernando,True,,,,,,,,,,,,,,,,,,,,,
552240,,Igor Vinícius,Igor Vinícius,2025,221,igor-vinicius,Brazil,Sinop,Brazil,1997-04-01 00:00:00,Right-Back,Defender,right,174.0,2028-06-30 00:00:00,MAURICIO CHIODIN,https://img.a.transfermarkt.technology/portrait/header/552240-1744743744.jpg?lm=1,,,,https://www.transfermarkt.co.uk/igor-vinicius/profil/spieler/552240,BRA1,Santos Futebol Clube,2000000.0,3500000.0,221,fc-santos,Santos Futebol Clube,BRA1,,37,26.7,9,24.3,4,Estádio Urbano Caldeira,16068,+€7.21m,,2025,../data/raw/transfermarkt-scraper/2025/clubs.json.gz,https://www.transfermarkt.co.uk/fc-santos/startseite/verein/221,igor vinicius,False,igor vinicius de souza,Igor Vinícius de Souza,WB,São Paulo,2463.0,0.0,2.0,0.7999999999999999,2.4,138.0,65.0,59.0,21.0,69.0,5.0,66.0,25.0,7.0,1.0,igor vinicius de souza,True
552242,,Baralhas,Baralhas,2025,2125,baralhas,Brazil,Botucatu,Brazil,1998-10-10 00:00:00,Defensive Midfield,Midfield,right,178.0,2028-12-31 00:00:00,Guadagno Sports,https://img.a.transfermarkt.technology/portrait/header/552242-1756951248.jpg?lm=1,,,,https://www.transfermarkt.co.uk/baralhas/profil/spieler/552242,BRA1,Esporte Clube Vitória,2500000.0,2500000.0,2125,esporte-clube-vitoria,Esporte Clube Vitória,BRA1,,39,28.3,7,17.9,0,Estádio Manoel Barradas,30793,+€1.36m,,2025,../data/raw/transfermarkt-scraper/2025/clubs.json.gz,https://www.transfermarkt.co.uk/esporte-clube-vitoria/startseite/verein/2125,baralhas,False,gabriel baralhas,Gabriel Baralhas,CM,Atlético Goianiense,2452.0,1.0,3.0,2.1,2.2,121.0,22.0,40.0,15.0,87.0,6.0,56.0,41.0,9.0,0.0,gabriel baralhas,True
552549,,Matheus Henrique,Matheus Henrique,2025,609,matheus-henrique,Brazil,São Paulo,Brazil,1997-12-19 00:00:00,Central Midfield,Midfield,right,175.0,2029-06-30 00:00:00,FMS Gestao Esportiva,https://img.a.transfermarkt.technology/portrait/header/552549-1692883035.jpg?lm=1,1.0,0.0,,https://www.transfermarkt.co.uk/matheus-henrique/profil/spieler/552549,BRA1,Cruzeiro Esporte Clube,4500000.0,22000000.0,609,ec-cruzeiro-belo-horizonte,Cruzeiro Esporte Clube,BRA1,,30,26.8,7,23.3,3,Estádio Governador Magalhães Pinto,61927,€-36.26m,,2025,../data/raw/transfermarkt-scraper/2025/clubs.json.gz,https://www.transfermarkt.co.uk/ec-cruzeiro-belo-horizonte/startseite/verein/609,matheus henrique,True,matheus henrique,Matheus Henrique,RM,Cruzeiro,1219.0,2.0,0.0,1.2000000000000002,0.2,57.0,23.0,25.0,12.0,45.0,2.0,24.0,17.0,4.0,0.0,matheus henrique,True
553459,,Igor Gomes,Igor Gomes,2025,330,igor-gomes,Brazil,São José do Rio Preto,Brazil,1999-03-17 00:00:00,Attacking Midfield,Midfield,right,183.0,2026-12-31 00:00:00,Bertolucci Sports,https://img.a.transfermarkt.technology/portrait/header/553459-1709690092.jpg?lm=1,4.0,0.0,,https://www.transfermarkt.co.uk/igor-gomes/profil/spieler/553459,BRA1,Clube Atlético Mineiro,2500000.0,8500000.0,330,clube-atletico-mineiro,Clube Atlético Mineiro,BRA1,,33,25.7,9,27.3,6,Arena MRV,44892,€-1.24m,,2025,../data/raw/transfermarkt-scraper/2025/clubs.json.gz,https://www.transfermarkt.co.uk/clube-atletico-mineiro/startseite/verein/330,igor gomes,True,igor gomes,Igor Gomes,AM,Atlético Mineiro,1907.0,2.0,4.0,2.1999999999999997,1.1,100.0,27.0,29.0,15.0,55.0,6.0,28.0,34.0,8.0,0.0,igor gomes,True
555015,,Ruan,Ruan,2025,330,ruan,Brazil,Tramandaí,Brazil,1999-06-07 00:00:00,Centre-Back,Defender,right,187.0,2030-06-30 00:00:00,Clamber Global,https://img.a.transfermarkt.technology/portrait/header/555015-1695028065.jpg?lm=1,,,,https://www.transfermarkt.co.uk/ruan/profil/spieler/555015,BRA1,Clube Atlético Mineiro,4000000.0,5000000.0,330,clube-atletico-mineiro,Clube Atlético Mineiro,BRA1,,33,25.7,9,27.3,6,Arena MRV,44892,€-1.24m,,2025,../data/raw/transfermarkt-scraper/2025/clubs.json.gz,https://www.transfermarkt.co.uk/clube-atletico-mineiro/startseite/verein/330,ruan,True,ruan,Ruan,RM,Juventude,818.0,0.0,0.0,0.30000000000000004,0.0,24.0,1.0,10.0,4.0,5.0,0.0,13.0,10.0,1.0,0.0,ruan,True
555016,,Brenno,Brenno,2024,10870,brenno,Brazil,Sorocaba,Brazil,1999-04-01 00:00:00,Goalkeeper,Goalkeeper,right,190.0,2027-12-31 00:00:00,MPX SPORTS,https://img.a.transfermarkt.technology/portrait/header/555016-1571658296.jpg?lm=1,1.0,0.0,,https://www.transfermarkt.co.uk/brenno/profil/spieler/555016,BRA1,Fortaleza Esporte Clube,,,10870,fortaleza-esporte-clube,Fortaleza Esporte Clube,BRA1,,29,27.1,5,17.2,0,Estádio Governador Plácido Castelo,63904,+€6.25m,Juan Pablo Vojvoda,2024,../data/raw/transfermarkt-scraper/2024/clubs.json.gz,https://www.transfermarkt.co.uk/fortaleza-esporte-clube/startseite/verein/10870,brenno,False,,,,,,,,,,,,,,,,,,,,,
555310,,Caíque Gonçalves,Caíque Gonçalves,2025,2125,caique-goncalves,Brazil,Guarulhos,Brazil,1995-10-10 00:00:00,Defensive Midfield,Midfield,right,178.0,2027-12-31 00:00:00,,https://img.a.transfermarkt.technology/portrait/header/555310-1663785343.jpg?lm=1,,,,https://www.transfermarkt.co.uk/caique-goncalves/profil/spieler/555310,BRA1,Esporte Clube Vitória,500000.0,500000.0,2125,esporte-clube-vitoria,Esporte Clube Vitória,BRA1,,39,28.3,7,17.9,0,Estádio Manoel Barradas,30793,+€1.36m,,2025,../data/raw/transfermarkt-scraper/2025/clubs.json.gz,https://www.transfermarkt.co.uk/esporte-clube-vitoria/startseite/verein/2125,caique goncalves,False,mateus goncalves martins,Mateus Gonçalves Martins,LM,Vitória,210.0,0.0,0.0,0.2,0.30000000000000004,5.0,6.0,8.0,5.0,11.0,0.0,2.0,0.0,0.0,0.0,mateus goncalves martins,True
559602,Chico,da Costa,Chico da Costa,2025,609,chico-da-costa,Brazil,Taquari,Brazil,1995-05-05 00:00:00,Centre-Forward,Attack,right,185.0,2027-12-31 00:00:00,Zanette GE,https://img.a.transfermarkt.technology/portrait/header/559602-1768836095.jpg?lm=1,,,,https://www.transfermarkt.co.uk/chico-da-costa/profil/spieler/559602,BRA1,Cruzeiro Esporte Clube,1000000.0,1300000.0,609,ec-cruzeiro-belo-horizonte,Cruzeiro Esporte Clube,BRA1,,30,26.8,7,23.3,3,Estádio Governador Magalhães Pinto,61927,€-36.26m,,2025,../data/raw/transfermarkt-scraper/2025/clubs.json.gz,https://www.transfermarkt.co.uk/ec-cruzeiro-belo-horizonte/startseite/verein/609,chico da costa,False,,,,,,,,,,,,,,,,,,,,,
563692,Bruno,Fuchs,Bruno Fuchs,2025,1023,bruno-fuchs,Brazil,Ponta Grossa,Brazil,1999-04-01 00:00:00,Centre-Back,Defender,right,190.0,2029-12-31 00:00:00,AGN Football,https://img.a.transfermarkt.technology/portrait/header/563692-1629034685.png?lm=1,8.0,0.0,,https://www.transfermarkt.co.uk/bruno-fuchs/profil/spieler/563692,BRA1,Sociedade Esportiva Palmeiras,4000000.0,5000000.0,1023,se-palmeiras-sao-paulo,Sociedade Esportiva Palmeiras,BRA1,,31,25.9,9,29.0,10,Nubank Parque,43713,+€31.54m,,2025,../data/raw/transfermarkt-scraper/2025/clubs.json.gz,https://www.transfermarkt.co.uk/se-palmeiras-sao-paulo/startseite/verein/1023,bruno fuchs,True,bruno fuchs,Bruno Fuchs,CB,Atlético Mineiro,2031.0,0.0,1.0,0.7,1.8,136.0,22.0,11.0,8.0,36.0,3.0,42.0,34.0,9.0,1.0,bruno fuchs,True
563812,Christian,Oliva,Christian Oliva,2025,221,christian-oliva,Uruguay,Ciudad del Plata,Uruguay,1996-06-01 00:00:00,Defensive Midfield,Midfield,right,178.0,2028-12-31 00:00:00,Oscar Bentancourt,https://img.a.transfermarkt.technology/portrait/header/563812-1719944060.png?lm=1,,,,https://www.transfermarkt.co.uk/christian-oliva/profil/spieler/563812,BRA1,Santos Futebol Clube,1400000.0,5000000.0,221,fc-santos,Santos Futebol Clube,BRA1,,37,26.7,9,24.3,4,Estádio Urbano Caldeira,16068,+€7.21m,,2025,../data/raw/transfermarkt-scraper/2025/clubs.json.gz,https://www.transfermarkt.co.uk/fc-santos/startseite/verein/221,christian oliva,False,,,,,,,,,,,,,,,,,,,,,
564546,,Eduardo,Eduardo,2025,8793,eduardo,Brazil,São Paulo,Brazil,1997-11-28 00:00:00,Centre-Back,Defender,right,196.0,2028-12-29 00:00:00,BLB SPORTS,https://img.a.transfermarkt.technology/portrait/header/564546-1666193391.png?lm=1,,,,https://www.transfermarkt.co.uk/eduardo/profil/spieler/564546,BRA1,Red Bull Bragantino,750000.0,900000.0,8793,red-bull-bragantino,Red Bull Bragantino,BRA1,,39,25.6,9,23.1,3,Estádio Municipal Cicero De Souza Marques,12000,+€10.50m,,2025,../data/raw/transfermarkt-scraper/2025/clubs.json.gz,https://www.transfermarkt.co.uk/red-bull-bragantino/startseite/verein/8793,eduardo,False,,,,,,,,,,,,,,,,,,,,,
564919,,João Neto,João Neto,2025,8793,joao-neto,Brazil,São Paulo,Brazil,2003-05-21 00:00:00,Central Midfield,Midfield,right,186.0,2028-08-31 00:00:00,Gestifute,https://img.a.transfermarkt.technology/portrait/header/564919-1655898829.jpg?lm=1,,,,https://www.transfermarkt.co.uk/joao-neto/profil/spieler/564919,BRA1,Red Bull Bragantino,125000.0,300000.0,8793,red-bull-bragantino,Red Bull Bragantino,BRA1,,39,25.6,9,23.1,3,Estádio Municipal Cicero De Souza Marques,12000,+€10.50m,,2025,../data/raw/transfermarkt-scraper/2025/clubs.json.gz,https://www.transfermarkt.co.uk/red-bull-bragantino/startseite/verein/8793,joao neto,False,,,,,,,,,,,,,,,,,,,,,
565009,Rodrigo,Garro,Rodrigo Garro,2025,199,rodrigo-garro,Argentina,General Pico,Argentina,1998-01-04 00:00:00,Attacking Midfield,Midfield,left,174.0,2028-12-31 00:00:00,Universal Twenty Two,https://img.a.transfermarkt.technology/portrait/header/565009-1725327608.jpg?lm=1,,,,https://www.transfermarkt.co.uk/rodrigo-garro/profil/spieler/565009,BRA1,Sport Club Corinthians Paulista,12000000.0,15000000.0,199,corinthians-sao-paulo,Sport Club Corinthians Paulista,BRA1,,34,27.2,7,20.6,3,Neo Química Arena,49205,+€2.19m,,2025,../data/raw/transfermarkt-scraper/2025/clubs.json.gz,https://www.transfermarkt.co.uk/corinthians-sao-paulo/startseite/verein/199,rodrigo garro,True,rodrigo garro,Rodrigo Garro,AM,Corinthians,2995.0,10.0,10.0,6.1000000000000005,7.2,248.0,62.0,69.0,27.0,191.0,15.0,51.0,29.0,8.0,0.0,rodrigo garro,True
565232,André,Silva,André Silva,2025,585,andre-silva,Brazil,Taboão da Serra,Brazil,1997-06-03 00:00:00,Centre-Forward,Attack,left,181.0,2027-12-31 00:00:00,Onsoccer,https://img.a.transfermarkt.technology/portrait/header/565232-1695208367.jpg?lm=1,,,,https://www.transfermarkt.co.uk/andre-silva/profil/spieler/565232,BRA1,São Paulo Futebol Clube,3000000.0,5000000.0,585,fc-sao-paulo,São Paulo Futebol Clube,BRA1,,42,26.4,9,21.4,3,MorumBIS,72039,+€24.69m,,2025,../data/raw/transfermarkt-scraper/2025/clubs.json.gz,https://www.transfermarkt.co.uk/fc-sao-paulo/startseite/verein/585,andre silva,True,andre silva,André Silva,FW,São Paulo,1535.0,7.0,2.0,3.9,0.8,32.0,20.0,25.0,12.0,36.0,3.0,3.0,18.0,3.0,0.0,andre silva,True
565443,,Caio Vinicius,Caio Vinicius,2024,2125,caio-vinicius,Brazil,Itaquaquecetuba,Brazil,1999-01-11 00:00:00,Defensive Midfield,Midfield,right,187.0,,,https://img.a.transfermarkt.technology/portrait/header/565443-1598272011.jpg?lm=1,,,,https://www.transfermarkt.co.uk/caio-vinicius/profil/spieler/565443,BRA1,Esporte Clube Vitória,,,2125,esporte-clube-vitoria,Esporte Clube Vitória,BRA1,,39,28.3,7,17.9,0,Estádio Manoel Barradas,30793,+€1.36m,,2025,../data/raw/transfermarkt-scraper/2025/clubs.json.gz,https://www.transfermarkt.co.uk/esporte-clube-vitoria/startseite/verein/2125,caio vinicius,True,caio vinicius,Caio Vinícius,CM,Vitória,601.0,0.0,0.0,0.5,0.0,28.0,5.0,3.0,3.0,4.0,1.0,14.0,7.0,6.0,0.0,caio vinicius,True
572042,Johan,Carbonero,Johan Carbonero,2025,6600,johan-carbonero,Colombia,Santander de Quilichao,Colombia,1999-07-20 00:00:00,Left Winger,Attack,right,170.0,2029-12-31 00:00:00,,https://img.a.transfermarkt.technology/portrait/header/572042-1724348910.png?lm=1,2.0,2.0,,https://www.transfermarkt.co.uk/johan-carbonero/profil/spieler/572042,BRA1,Sport Club Internacional,6000000.0,6000000.0,6600,sc-internacional-porto-alegre,Sport Club Internacional,BRA1,,32,26.7,9,28.1,3,Estádio Beira-Rio,50848,+€41.39m,,2025,../data/raw/transfermarkt-scraper/2025/clubs.json.gz,https://www.transfermarkt.co.uk/sc-internacional-porto-alegre/startseite/verein/6600,johan carbonero,False,,,,,,,,,,,,,,,,,,,,,
574765,,Praxedes,Praxedes,2025,8793,praxedes,Brazil,Itaboraí,Brazil,2002-02-08 00:00:00,Central Midfield,Midfield,left,186.0,2026-06-30 00:00:00,LINK SPORTS,https://img.a.transfermarkt.technology/portrait/header/574765-1662650599.jpg?lm=1,3.0,1.0,,https://www.transfermarkt.co.uk/praxedes/profil/spieler/574765,BRA1,Red Bull Bragantino,1200000.0,6500000.0,8793,red-bull-bragantino,Red Bull Bragantino,BRA1,,39,25.6,9,23.1,3,Estádio Municipal Cicero De Souza Marques,12000,+€10.50m,,2025,../data/raw/transfermarkt-scraper/2025/clubs.json.gz,https://www.transfermarkt.co.uk/red-bull-bragantino/startseite/verein/8793,praxedes,False,bruno praxedes,Bruno Praxedes,AM,Vasco da Gama,499.0,0.0,0.0,0.30000000000000004,0.8,22.0,11.0,15.0,5.0,18.0,0.0,12.0,7.0,2.0,0.0,bruno praxedes,True
574901,,Hugo Souza,Hugo Souza,2025,199,hugo-souza,Brazil,Duque de Caxias,Brazil,1999-01-31 00:00:00,Goalkeeper,Goalkeeper,right,199.0,2030-12-31 00:00:00,OTB Sports,https://img.a.transfermarkt.technology/portrait/header/574901-1758160198.jpg?lm=1,1.0,0.0,,https://www.transfermarkt.co.uk/hugo-souza/profil/spieler/574901,BRA1,Sport Club Corinthians Paulista,11000000.0,11000000.0,199,corinthians-sao-paulo,Sport Club Corinthians Paulista,BRA1,,34,27.2,7,20.6,3,Neo Química Arena,49205,+€2.19m,,2025,../data/raw/transfermarkt-scraper/2025/clubs.json.gz,https://www.transfermarkt.co.uk/corinthians-sao-paulo/startseite/verein/199,hugo souza,True,hugo souza,Hugo Souza,GK,Corinthians,1980.0,0.0,0.0,0.0,0.0,1.0,1.0,2.0,2.0,1.0,0.0,0.0,0.0,3.0,0.0,hugo souza,True
574904,,Luan,Luan,2025,585,luan,Brazil,São Paulo,Brazil,1999-05-14 00:00:00,Defensive Midfield,Midfield,right,175.0,2026-12-31 00:00:00,LINK SPORTS,https://img.a.transfermarkt.technology/portrait/header/574904-1598537274.jpg?lm=1,10.0,0.0,,https://www.transfermarkt.co.uk/luan/profil/spieler/574904,BRA1,São Paulo Futebol Clube,1000000.0,5000000.0,585,fc-sao-paulo,São Paulo Futebol Clube,BRA1,,42,26.4,9,21.4,3,MorumBIS,72039,+€24.69m,,2025,../data/raw/transfermarkt-scraper/2025/clubs.json.gz,https://www.transfermarkt.co.uk/fc-sao-paulo/startseite/verein/585,luan,False,,,,,,,,,,,,,,,,,,,,,
577407,Ignacio,Laquintana,Ignacio Laquintana,2025,8793,ignacio-laquintana,Uruguay,Paysandú,Uruguay,1999-02-01 00:00:00,Right Winger,Attack,right,173.0,2027-12-31 00:00:00,Marcelo Tejera,https://img.a.transfermarkt.technology/portrait/header/577407-1717523216.jpg?lm=1,2.0,1.0,,https://www.transfermarkt.co.uk/ignacio-laquintana/profil/spieler/577407,BRA1,Red Bull Bragantino,1500000.0,2000000.0,8793,red-bull-bragantino,Red Bull Bragantino,BRA1,,39,25.6,9,23.1,3,Estádio Municipal Cicero De Souza Marques,12000,+€10.50m,,2025,../data/raw/transfermarkt-scraper/2025/clubs.json.gz,https://www.transfermarkt.co.uk/red-bull-bragantino/startseite/verein/8793,ignacio laquintana,True,ignacio laquintana,Ignacio Laquintana,RW,Red Bull Bragantino,275.0,1.0,0.0,0.7,0.0,7.0,11.0,9.0,5.0,7.0,0.0,3.0,1.0,1.0,0.0,ignacio laquintana,True
578872,,Jean Lucas,Jean Lucas,2025,10010,jean-lucas,Brazil,Rio de Janeiro,Brazil,1998-06-22 00:00:00,Central Midfield,Midfield,right,181.0,2028-12-31 00:00:00,SSP Sport Strategy,https://img.a.transfermarkt.technology/portrait/header/578872-1666691882.jpg?lm=1,1.0,0.0,,https://www.transfermarkt.co.uk/jean-lucas/profil/spieler/578872,BRA1,Esporte Clube Bahia,13000000.0,13000000.0,10010,esporte-clube-bahia,Esporte Clube Bahia,BRA1,,32,26.6,9,28.1,3,Arena Fonte Nova,47364,+€8.14m,,2025,../data/raw/transfermarkt-scraper/2025/clubs.json.gz,https://www.transfermarkt.co.uk/esporte-clube-bahia/startseite/verein/10010,jean lucas,True,jean lucas,Jean Lucas,LM,Bahia,2901.0,3.0,6.0,5.2,2.5,126.0,53.0,70.0,36.0,78.0,9.0,50.0,33.0,7.0,0.0,jean lucas,True
583064,,Thiaguinho,Thiaguinho,2024,2125,thiaguinho,Brazil,Suzano,Brazil,1997-04-11 00:00:00,Central Midfield,Midfield,right,180.0,2026-11-30 00:00:00,CSR Sports,https://img.a.transfermarkt.technology/portrait/header/583064-1663320988.jpg?lm=1,,,,https://www.transfermarkt.co.uk/thiaguinho/profil/spieler/583064,BRA1,Esporte Clube Vitória,,,2125,esporte-clube-vitoria,Esporte Clube Vitória,BRA1,,39,28.3,7,17.9,0,Estádio Manoel Barradas,30793,+€1.36m,,2025,../data/raw/transfermarkt-scraper/2025/clubs.json.gz,https://www.transfermarkt.co.uk/esporte-clube-vitoria/startseite/verein/2125,thiaguinho,True,,,,,,,,,,,,,,,,,,,,,
588989,Jhon,Arias,Jhon Arias,2025,1023,jhon-arias,Colombia,Quibdó,Colombia,1997-09-21 00:00:00,Right Winger,Attack,right,168.0,2029-12-31 00:00:00,,https://img.a.transfermarkt.technology/portrait/header/588989-1719245400.jpg?lm=1,43.0,7.0,,https://www.transfermarkt.co.uk/jhon-arias/profil/spieler/588989,BRA1,Sociedade Esportiva Palmeiras,15000000.0,17000000.0,1023,se-palmeiras-sao-paulo,Sociedade Esportiva Palmeiras,BRA1,,31,25.9,9,29.0,10,Nubank Parque,43713,+€31.54m,,2025,../data/raw/transfermarkt-scraper/2025/clubs.json.gz,https://www.transfermarkt.co.uk/se-palmeiras-sao-paulo/startseite/verein/1023,jhon arias,True,jhon arias,Jhon Arias,LW,Fluminense,2286.0,6.0,3.0,6.2,3.5,84.0,88.0,116.0,47.0,104.0,7.0,47.0,34.0,5.0,0.0,jhon arias,True
589911,,Wendel,Wendel,2024,221,wendel,Brazil,Rio de Janeiro,Brazil,2000-08-02 00:00:00,Centre-Forward,Attack,right,180.0,2026-12-31 00:00:00,LINK SPORTS,https://img.a.transfermarkt.technology/portrait/header/589911-1705757257.jpg?lm=1,,,,https://www.transfermarkt.co.uk/wendel/profil/spieler/589911,BRA1,Santos Futebol Clube,2000000.0,2000000.0,221,fc-santos,Santos Futebol Clube,BRA1,,37,26.7,9,24.3,4,Estádio Urbano Caldeira,16068,+€7.21m,,2025,../data/raw/transfermarkt-scraper/2025/clubs.json.gz,https://www.transfermarkt.co.uk/fc-santos/startseite/verein/221,wendel,False,,,,,,,,,,,,,,,,,,,,,
590039,,Vitor Eudes,Vitor Eudes,2025,2462,vitor-eudes,Brazil,Contagem,Brazil,1998-10-21 00:00:00,Goalkeeper,Goalkeeper,right,194.0,2027-12-31 00:00:00,FMAGE SA,https://img.a.transfermarkt.technology/portrait/header/590039-1674434516.jpg?lm=1,,,,https://www.transfermarkt.co.uk/vitor-eudes/profil/spieler/590039,BRA1,Fluminense Football Club,400000.0,400000.0,2462,fluminense-rio-de-janeiro,Fluminense Football Club,BRA1,,33,29.7,11,33.3,4,Estádio Jornalista Mário Filho,82238,€-6.76m,,2025,../data/raw/transfermarkt-scraper/2025/clubs.json.gz,https://www.transfermarkt.co.uk/fluminense-rio-de-janeiro/startseite/verein/2462,vitor eudes,True,vitor eudes,Vitor Eudes,GK,Fluminense,90.0,0.0,0.0,0.0,0.0,0.0,0.0,0.0,0.0,0.0,0.0,0.0,0.0,0.0,0.0,vitor eudes,True
592340,Willian,Machado,Willian Machado,2025,3876,willian-machado,Brazil,Meleiro,Brazil,1996-11-13 00:00:00,Centre-Back,Defender,left,186.0,2028-12-31 00:00:00,T.P.O,https://img.a.transfermarkt.technology/portrait/header/592340-1748481272.jpg?lm=1,,,,https://www.transfermarkt.co.uk/willian-machado/profil/spieler/592340,BRA1,Mirasol Futebol Clube,2000000.0,2000000.0,3876,mirassol-futebol-clube-sp-,Mirasol Futebol Clube,BRA1,,32,30.1,1,3.1,0,Estádio Municipal José María de Campos Maia,14534,+€1.67m,,2025,../data/raw/transfermarkt-scraper/2025/clubs.json.gz,https://www.transfermarkt.co.uk/mirassol-futebol-clube-sp-/startseite/verein/3876,willian machado,False,,,,,,,,,,,,,,,,,,,,,
592344,,Guga,Guga,2025,2462,guga,Brazil,Rio de Janeiro,Brazil,1998-08-29 00:00:00,Right-Back,Defender,right,173.0,2029-12-31 00:00:00,LINK SPORTS,https://img.a.transfermarkt.technology/portrait/header/592344-1751717756.jpg?lm=1,13.0,1.0,,https://www.transfermarkt.co.uk/guga/profil/spieler/592344,BRA1,Fluminense Football Club,2000000.0,7000000.0,2462,fluminense-rio-de-janeiro,Fluminense Football Club,BRA1,,33,29.7,11,33.3,4,Estádio Jornalista Mário Filho,82238,€-6.76m,,2025,../data/raw/transfermarkt-scraper/2025/clubs.json.gz,https://www.transfermarkt.co.uk/fluminense-rio-de-janeiro/startseite/verein/2462,guga,True,guga,Guga,RB,Fluminense,324.0,0.0,1.0,0.0,0.1,12.0,8.0,3.0,2.0,7.0,1.0,8.0,6.0,1.0,0.0,guga,True
592347,,Júnior Santos,Júnior Santos,2025,537,junior-santos,Brazil,Conceição do Jacuípe,Brazil,1994-10-11 00:00:00,Right Winger,Attack,right,188.0,2026-12-31 00:00:00,,https://img.a.transfermarkt.technology/portrait/header/592347-1766070034.png?lm=1,,,,https://www.transfermarkt.co.uk/junior-santos/profil/spieler/592347,BRA1,S. A. F. Botafogo,3000000.0,6000000.0,537,botafogo-rio-de-janeiro,S. A. F. Botafogo,BRA1,,34,26.2,13,38.2,5,Estádio Olímpico Nilton Santos,46931,+€40.04m,,2025,../data/raw/transfermarkt-scraper/2025/clubs.json.gz,https://www.transfermarkt.co.uk/botafogo-rio-de-janeiro/startseite/verein/537,junior santos,True,junior santos,Júnior Santos,FW,Botafogo (RJ),1481.0,4.0,1.0,6.2,1.4000000000000001,31.0,44.0,57.0,25.0,42.0,5.0,12.0,11.0,2.0,0.0,junior santos,True
592363,,Nathan Fogaça,Nathan Fogaça,2025,3876,nathan-fogaca,Brazil,Palmeira,Brazil,1999-06-09 00:00:00,Centre-Forward,Attack,right,178.0,2026-12-31 00:00:00,GR2,https://img.a.transfermarkt.technology/portrait/header/592363-1711301093.jpg?lm=1,,,,https://www.transfermarkt.co.uk/nathan-fogaca/profil/spieler/592363,BRA1,Mirasol Futebol Clube,1500000.0,1500000.0,3876,mirassol-futebol-clube-sp-,Mirasol Futebol Clube,BRA1,,32,30.1,1,3.1,0,Estádio Municipal José María de Campos Maia,14534,+€1.67m,,2025,../data/raw/transfermarkt-scraper/2025/clubs.json.gz,https://www.transfermarkt.co.uk/mirassol-futebol-clube-sp-/startseite/verein/3876,nathan fogaca,False,,,,,,,,,,,,,,,,,,,,,
592373,,Lucas Oliveira,Lucas Oliveira,2025,3876,lucas-oliveira,Brazil,Rio de Janeiro,Brazil,1996-02-02 00:00:00,Centre-Back,Defender,right,187.0,2026-12-31 00:00:00,,https://img.a.transfermarkt.technology/portrait/header/592373-1634632889.jpg?lm=1,,,,https://www.transfermarkt.co.uk/lucas-oliveira/profil/spieler/592373,BRA1,Mirasol Futebol Clube,1000000.0,2500000.0,3876,mirassol-futebol-clube-sp-,Mirasol Futebol Clube,BRA1,,32,30.1,1,3.1,0,Estádio Municipal José María de Campos Maia,14534,+€1.67m,,2025,../data/raw/transfermarkt-scraper/2025/clubs.json.gz,https://www.transfermarkt.co.uk/mirassol-futebol-clube-sp-/startseite/verein/3876,lucas oliveira,False,,,,,,,,,,,,,,,,,,,,,
592375,,Pablo Roberto,Pablo Roberto,2024,10870,pablo-roberto,Brazil,São Francisco,Brazil,1999-11-14 00:00:00,Central Midfield,Midfield,right,183.0,2026-12-31 00:00:00,Elenko Sports Ltda.,https://img.a.transfermarkt.technology/portrait/header/592375-1679449962.jpg?lm=1,,,,https://www.transfermarkt.co.uk/pablo-roberto/profil/spieler/592375,BRA1,Fortaleza Esporte Clube,1000000.0,1000000.0,10870,fortaleza-esporte-clube,Fortaleza Esporte Clube,BRA1,,29,27.1,5,17.2,0,Estádio Governador Plácido Castelo,63904,+€6.25m,Juan Pablo Vojvoda,2024,../data/raw/transfermarkt-scraper/2024/clubs.json.gz,https://www.transfermarkt.co.uk/fortaleza-esporte-clube/startseite/verein/10870,pablo roberto,False,,,,,,,,,,,,,,,,,,,,,
592735,Gonzalo,Plata,Gonzalo Plata,2025,614,gonzalo-plata,Ecuador,Guayaquil,Ecuador,2000-11-01 00:00:00,Right Winger,Attack,left,178.0,2029-06-30 00:00:00,AS1,https://img.a.transfermarkt.technology/portrait/header/592735-1744288468.jpg?lm=1,54.0,9.0,,https://www.transfermarkt.co.uk/gonzalo-plata/profil/spieler/592735,BRA1,Clube de Regatas do Flamengo,9000000.0,9000000.0,614,flamengo-rio-de-janeiro,Clube de Regatas do Flamengo,BRA1,,28,28.8,9,32.1,10,Estádio Jornalista Mário Filho,82238,€-13.92m,,2025,../data/raw/transfermarkt-scraper/2025/clubs.json.gz,https://www.transfermarkt.co.uk/flamengo-rio-de-janeiro/startseite/verein/614,gonzalo plata,True,gonzalo plata,Gonzalo Plata,"RW,LW",Flamengo,684.0,1.0,0.0,1.6,1.8,26.0,25.0,35.0,16.0,40.0,2.0,15.0,11.0,1.0,0.0,gonzalo plata,True
594105,,Pedro Augusto,Pedro Augusto,2024,10870,pedro-augusto,Brazil,Ubá,Brazil,1997-03-03 00:00:00,Central Midfield,Midfield,right,181.0,,ADM Esporte,https://img.a.transfermarkt.technology/portrait/header/594105-1535142961.jpg?lm=1,,,,https://www.transfermarkt.co.uk/pedro-augusto/profil/spieler/594105,BRA1,Fortaleza Esporte Clube,500000.0,500000.0,10870,fortaleza-esporte-clube,Fortaleza Esporte Clube,BRA1,,29,27.1,5,17.2,0,Estádio Governador Plácido Castelo,63904,+€6.25m,Juan Pablo Vojvoda,2024,../data/raw/transfermarkt-scraper/2024/clubs.json.gz,https://www.transfermarkt.co.uk/fortaleza-esporte-clube/startseite/verein/10870,pedro augusto,False,,,,,,,,,,,,,,,,,,,,,
594226,,Matheuzinho,Matheuzinho,2025,199,matheuzinho,Brazil,Londrina,Brazil,2000-09-08 00:00:00,Right-Back,Defender,right,171.0,2028-12-31 00:00:00,Bertolucci Sports,https://img.a.transfermarkt.technology/portrait/header/594226-1725325967.jpg?lm=1,0.0,0.0,,https://www.transfermarkt.co.uk/matheuzinho/profil/spieler/594226,BRA1,Sport Club Corinthians Paulista,8000000.0,8000000.0,199,corinthians-sao-paulo,Sport Club Corinthians Paulista,BRA1,,34,27.2,7,20.6,3,Neo Química Arena,49205,+€2.19m,,2025,../data/raw/transfermarkt-scraper/2025/clubs.json.gz,https://www.transfermarkt.co.uk/corinthians-sao-paulo/startseite/verein/199,matheuzinho,True,,,,,,,,,,,,,,,,,,,,,
598838,Adonis,Frías,Adonis Frías,2025,221,adonis-frias,Argentina,Florencio Varela,Argentina,1998-03-17 00:00:00,Centre-Back,Defender,right,189.0,2028-12-31 00:00:00,Score Futbol,https://img.a.transfermarkt.technology/portrait/header/598838-1621100803.jpg?lm=1,,,,https://www.transfermarkt.co.uk/adonis-frias/profil/spieler/598838,BRA1,Santos Futebol Clube,3000000.0,5000000.0,221,fc-santos,Santos Futebol Clube,BRA1,,37,26.7,9,24.3,4,Estádio Urbano Caldeira,16068,+€7.21m,,2025,../data/raw/transfermarkt-scraper/2025/clubs.json.gz,https://www.transfermarkt.co.uk/fc-santos/startseite/verein/221,adonis frias,False,,,,,,,,,,,,,,,,,,,,,
601011,,Caio Paulista,Caio Paulista,2025,210,caio-paulista,Brazil,São Paulo,Brazil,1998-05-11 00:00:00,Left-Back,Defender,left,184.0,2026-12-31 00:00:00,Brazil Soccer,https://img.a.transfermarkt.technology/portrait/header/601011-1597996108.jpg?lm=1,,,,https://www.transfermarkt.co.uk/caio-paulista/profil/spieler/601011,BRA1,Grêmio Foot-Ball Porto Alegrense,2000000.0,4000000.0,210,gremio-porto-alegre,Grêmio Foot-Ball Porto Alegrense,BRA1,,34,26.5,11,32.4,3,Arena do Grêmio,60540,€-6.38m,,2025,../data/raw/transfermarkt-scraper/2025/clubs.json.gz,https://www.transfermarkt.co.uk/gremio-porto-alegre/startseite/verein/210,caio paulista,True,caio paulista,Caio Paulista,LB,Palmeiras,1201.0,0.0,0.0,0.4,0.7,74.0,39.0,45.0,24.0,30.0,2.0,29.0,15.0,1.0,1.0,caio paulista,True
603122,,Cacá,Cacá,2025,2125,caca,Brazil,Visconde do Rio Branco,Brazil,1999-04-25 00:00:00,Centre-Back,Defender,right,187.0,2026-12-31 00:00:00,DK,https://img.a.transfermarkt.technology/portrait/header/603122-1760493152.jpg?lm=1,,,,https://www.transfermarkt.co.uk/caca/profil/spieler/603122,BRA1,Esporte Clube Vitória,1500000.0,3000000.0,2125,esporte-clube-vitoria,Esporte Clube Vitória,BRA1,,39,28.3,7,17.9,0,Estádio Manoel Barradas,30793,+€1.36m,,2025,../data/raw/transfermarkt-scraper/2025/clubs.json.gz,https://www.transfermarkt.co.uk/esporte-clube-vitoria/startseite/verein/2125,caca,True,caca,Cacá,CB,Corinthians,2298.0,4.0,1.0,4.2,0.2,44.0,9.0,3.0,1.0,16.0,2.0,28.0,44.0,4.0,1.0,caca,True
606716,,Pepê,Pepê,2024,210,pepe,Brazil,Rio de Janeiro,Brazil,1998-01-06 00:00:00,Central Midfield,Midfield,right,183.0,2026-12-31 00:00:00,Un1que Football,https://img.a.transfermarkt.technology/portrait/header/606716-1772151807.png?lm=1,,,,https://www.transfermarkt.co.uk/pepe/profil/spieler/606716,BRA1,Grêmio Foot-Ball Porto Alegrense,1800000.0,1800000.0,210,gremio-porto-alegre,Grêmio Foot-Ball Porto Alegrense,BRA1,,34,26.5,11,32.4,3,Arena do Grêmio,60540,€-6.38m,,2025,../data/raw/transfermarkt-scraper/2025/clubs.json.gz,https://www.transfermarkt.co.uk/gremio-porto-alegre/startseite/verein/210,pepe,False,joao pedro pepe,João Pedro Pepê,CM,Grêmio,1283.0,1.0,0.0,0.5,0.30000000000000004,81.0,22.0,27.0,11.0,22.0,0.0,44.0,13.0,2.0,1.0,joao pedro pepe,True
606850,,Lucas Braga,Lucas Braga,2025,2125,lucas-braga,Brazil,São Paulo,Brazil,1996-11-10 00:00:00,Left Winger,Attack,right,184.0,2027-12-31 00:00:00,MMC Sports,https://img.a.transfermarkt.technology/portrait/header/606850-1616425082.jpg?lm=1,,,,https://www.transfermarkt.co.uk/lucas-braga/profil/spieler/606850,BRA1,Esporte Clube Vitória,900000.0,2000000.0,2125,esporte-clube-vitoria,Esporte Clube Vitória,BRA1,,39,28.3,7,17.9,0,Estádio Manoel Barradas,30793,+€1.36m,,2025,../data/raw/transfermarkt-scraper/2025/clubs.json.gz,https://www.transfermarkt.co.uk/esporte-clube-vitoria/startseite/verein/2125,lucas braga,False,,,,,,,,,,,,,,,,,,,,,
607210,,Maílton,Maílton,2024,585,mailton,Brazil,Paraíso do Norte,Brazil,1998-05-31 00:00:00,Right-Back,Defender,right,170.0,2026-12-31 00:00:00,M23 Sports,https://img.a.transfermarkt.technology/portrait/header/607210-1629048499.png?lm=1,,,,https://www.transfermarkt.co.uk/mailton/profil/spieler/607210,BRA1,São Paulo Futebol Clube,,,585,fc-sao-paulo,São Paulo Futebol Clube,BRA1,,42,26.4,9,21.4,3,MorumBIS,72039,+€24.69m,,2025,../data/raw/transfermarkt-scraper/2025/clubs.json.gz,https://www.transfermarkt.co.uk/fc-sao-paulo/startseite/verein/585,mailton,False,,,,,,,,,,,,,,,,,,,,,
607817,,Camutanga,Camutanga,2025,2125,camutanga,Brazil,Camutanga,Brazil,1993-09-27 00:00:00,Centre-Back,Defender,right,189.0,2026-12-31 00:00:00,,https://img.a.transfermarkt.technology/portrait/header/607817-1678905178.jpg?lm=1,,,,https://www.transfermarkt.co.uk/camutanga/profil/spieler/607817,BRA1,Esporte Clube Vitória,250000.0,700000.0,2125,esporte-clube-vitoria,Esporte Clube Vitória,BRA1,,39,28.3,7,17.9,0,Estádio Manoel Barradas,30793,+€1.36m,,2025,../data/raw/transfermarkt-scraper/2025/clubs.json.gz,https://www.transfermarkt.co.uk/esporte-clube-vitoria/startseite/verein/2125,camutanga,True,camutanga,Camutanga,CB,Vitória,449.0,0.0,0.0,0.30000000000000004,0.0,10.0,0.0,1.0,0.0,2.0,0.0,8.0,7.0,1.0,1.0,camutanga,True
608216,,Gabriel Menino,Gabriel Menino,2025,221,gabriel-menino,Brazil,Morungaba,Brazil,2000-09-29 00:00:00,Central Midfield,Midfield,right,176.0,2026-12-31 00:00:00,Un1que Football,https://img.a.transfermarkt.technology/portrait/header/608216-1694617874.jpg?lm=1,0.0,0.0,,https://www.transfermarkt.co.uk/gabriel-menino/profil/spieler/608216,BRA1,Santos Futebol Clube,7000000.0,15000000.0,221,fc-santos,Santos Futebol Clube,BRA1,,37,26.7,9,24.3,4,Estádio Urbano Caldeira,16068,+€7.21m,,2025,../data/raw/transfermarkt-scraper/2025/clubs.json.gz,https://www.transfermarkt.co.uk/fc-santos/startseite/verein/221,gabriel menino,True,gabriel menino,Gabriel Menino,DM,Palmeiras,1067.0,1.0,0.0,2.1,1.4000000000000001,73.0,25.0,25.0,11.0,58.0,3.0,28.0,16.0,7.0,1.0,gabriel menino,True
608943,Lucas,Silva,Lucas Silva,2025,2125,lucas-silva,Brazil,São Paulo,Brazil,1999-08-27 00:00:00,Right Winger,Attack,right,182.0,2026-12-31 00:00:00,VTN IMAGE,https://img.a.transfermarkt.technology/portrait/header/608943-1537365616.jpg?lm=1,,,,https://www.transfermarkt.co.uk/lucas-silva/profil/spieler/608943,BRA1,Esporte Clube Vitória,700000.0,1000000.0,2125,esporte-clube-vitoria,Esporte Clube Vitória,BRA1,,39,28.3,7,17.9,0,Estádio Manoel Barradas,30793,+€1.36m,,2025,../data/raw/transfermarkt-scraper/2025/clubs.json.gz,https://www.transfermarkt.co.uk/esporte-clube-vitoria/startseite/verein/2125,lucas silva,True,,,,,,,,,,,,,,,,,,,,,
610417,,Andrew,Andrew,2025,614,andrew,Brazil,Duque de Caxias,Brazil,2001-07-01 00:00:00,Goalkeeper,Goalkeeper,right,189.0,2029-12-31 00:00:00,,https://img.a.transfermarkt.technology/portrait/header/610417-1710238883.jpg?lm=1,0.0,0.0,,https://www.transfermarkt.co.uk/andrew/profil/spieler/610417,BRA1,Clube de Regatas do Flamengo,5000000.0,7000000.0,614,flamengo-rio-de-janeiro,Clube de Regatas do Flamengo,BRA1,,28,28.8,9,32.1,10,Estádio Jornalista Mário Filho,82238,€-13.92m,,2025,../data/raw/transfermarkt-scraper/2025/clubs.json.gz,https://www.transfermarkt.co.uk/flamengo-rio-de-janeiro/startseite/verein/614,andrew,False,,,,,,,,,,,,,,,,,,,,,
611426,Matías,Arezo,Matías Arezo,2024,210,matias-arezo,Uruguay,Montevideo,Uruguay,2002-11-21 00:00:00,Centre-Forward,Attack,right,177.0,2026-12-31 00:00:00,Faro Sports,https://img.a.transfermarkt.technology/portrait/header/611426-1758911319.jpg?lm=1,3.0,1.0,,https://www.transfermarkt.co.uk/matias-arezo/profil/spieler/611426,BRA1,Grêmio Foot-Ball Porto Alegrense,7000000.0,7500000.0,210,gremio-porto-alegre,Grêmio Foot-Ball Porto Alegrense,BRA1,,34,26.5,11,32.4,3,Arena do Grêmio,60540,€-6.38m,,2025,../data/raw/transfermarkt-scraper/2025/clubs.json.gz,https://www.transfermarkt.co.uk/gremio-porto-alegre/startseite/verein/210,matias arezo,True,matias arezo,Matias Arezo,FW,Grêmio,103.0,0.0,0.0,0.9,0.1,3.0,2.0,3.0,1.0,5.0,1.0,2.0,2.0,0.0,0.0,matias arezo,True
612162,,Jadsom,Jadsom,2024,8793,jadsom,Brazil,Recife,Brazil,2001-05-20 00:00:00,Defensive Midfield,Midfield,right,176.0,,Roc Nation Sports,https://img.a.transfermarkt.technology/portrait/header/612162-1755380201.jpg?lm=1,2.0,0.0,,https://www.transfermarkt.co.uk/jadsom/profil/spieler/612162,BRA1,Red Bull Bragantino,,,8793,red-bull-bragantino,Red Bull Bragantino,BRA1,,39,25.6,9,23.1,3,Estádio Municipal Cicero De Souza Marques,12000,+€10.50m,,2025,../data/raw/transfermarkt-scraper/2025/clubs.json.gz,https://www.transfermarkt.co.uk/red-bull-bragantino/startseite/verein/8793,jadsom,True,jadsom,Jadsom,"CM,RM",Red Bull Bragantino,1663.0,0.0,1.0,0.1,0.6000000000000001,89.0,11.0,11.0,8.0,23.0,2.0,68.0,15.0,10.0,1.0,jadsom,True
612340,,Gustavo Coutinho,Gustavo Coutinho,2024,8718,gustavo-coutinho,Brazil,Rio de Janeiro,Brazil,1999-01-19 00:00:00,Centre-Forward,Attack,right,186.0,2026-12-31 00:00:00,,https://img.a.transfermarkt.technology/portrait/header/612340-1625158436.jpg?lm=1,,,,https://www.transfermarkt.co.uk/gustavo-coutinho/profil/spieler/612340,BRA1,Sport Club do Recife,,,8718,sport-club-do-recife,Sport Club do Recife,BRA1,,29,27.1,1,3.4,0,Estádio Adelmar da Costa Carvalho,35000,+€2.95m,Mariano Soso,2024,../data/raw/transfermarkt-scraper/2024/clubs.json.gz,https://www.transfermarkt.co.uk/sport-club-do-recife/startseite/verein/8718,gustavo coutinho,False,,,,,,,,,,,,,,,,,,,,,
612342,,Chico,Chico,2024,8718,chico,Brazil,Recife,Brazil,1998-09-14 00:00:00,Centre-Back,Defender,left,188.0,2029-06-30 00:00:00,SAMBAA,https://img.a.transfermarkt.technology/portrait/header/612342-1743723890.jpg?lm=1,,,,https://www.transfermarkt.co.uk/chico/profil/spieler/612342,BRA1,Sport Club do Recife,,,8718,sport-club-do-recife,Sport Club do Recife,BRA1,,29,27.1,1,3.4,0,Estádio Adelmar da Costa Carvalho,35000,+€2.95m,Mariano Soso,2024,../data/raw/transfermarkt-scraper/2024/clubs.json.gz,https://www.transfermarkt.co.uk/sport-club-do-recife/startseite/verein/8718,chico,False,,,,,,,,,,,,,,,,,,,,,
613641,,Jamerson,Jamerson,2025,2125,jamerson,Brazil,Salvador,Brazil,1998-09-09 00:00:00,Left-Back,Defender,left,177.0,2026-12-31 00:00:00,,https://img.a.transfermarkt.technology/portrait/header/613641-1679499822.jpg?lm=1,,,,https://www.transfermarkt.co.uk/jamerson/profil/spieler/613641,BRA1,Esporte Clube Vitória,800000.0,1000000.0,2125,esporte-clube-vitoria,Esporte Clube Vitória,BRA1,,39,28.3,7,17.9,0,Estádio Manoel Barradas,30793,+€1.36m,,2025,../data/raw/transfermarkt-scraper/2025/clubs.json.gz,https://www.transfermarkt.co.uk/esporte-clube-vitoria/startseite/verein/2125,jamerson,False,,,,,,,,,,,,,,,,,,,,,
613873,Álvaro,Barreal,Álvaro Barreal,2025,221,alvaro-barreal,Argentina,Buenos Aires,Argentina,2000-08-17 00:00:00,Left Winger,Attack,left,172.0,2028-12-31 00:00:00,LFA.it,https://img.a.transfermarkt.technology/portrait/header/613873-1759764254.jpg?lm=1,6.0,2.0,,https://www.transfermarkt.co.uk/alvaro-barreal/profil/spieler/613873,BRA1,Santos Futebol Clube,7000000.0,7000000.0,221,fc-santos,Santos Futebol Clube,BRA1,,37,26.7,9,24.3,4,Estádio Urbano Caldeira,16068,+€7.21m,,2025,../data/raw/transfermarkt-scraper/2025/clubs.json.gz,https://www.transfermarkt.co.uk/fc-santos/startseite/verein/221,alvaro barreal,True,alvaro barreal,Álvaro Barreal,LW,Cruzeiro,1488.0,2.0,4.0,2.3000000000000003,1.5,69.0,29.0,38.0,17.0,56.0,5.0,38.0,39.0,6.0,0.0,alvaro barreal,True
614328,,Eric Ramires,Eric Ramires,2025,8793,eric-ramires,Brazil,Salvador,Brazil,2000-08-10 00:00:00,Central Midfield,Midfield,right,172.0,2026-12-31 00:00:00,Talents Sports,https://img.a.transfermarkt.technology/portrait/header/614328-1662650922.jpg?lm=1,4.0,0.0,,https://www.transfermarkt.co.uk/eric-ramires/profil/spieler/614328,BRA1,Red Bull Bragantino,3500000.0,4500000.0,8793,red-bull-bragantino,Red Bull Bragantino,BRA1,,39,25.6,9,23.1,3,Estádio Municipal Cicero De Souza Marques,12000,+€10.50m,,2025,../data/raw/transfermarkt-scraper/2025/clubs.json.gz,https://www.transfermarkt.co.uk/red-bull-bragantino/startseite/verein/8793,eric ramires,True,eric ramires,Eric Ramires,CM,Red Bull Bragantino,1106.0,2.0,2.0,2.1,0.2,38.0,9.0,21.0,10.0,27.0,3.0,24.0,10.0,4.0,0.0,eric ramires,True
620477,,Kaio Jorge,Kaio Jorge,2025,609,kaio-jorge,Brazil,Olinda,Brazil,2002-01-24 00:00:00,Centre-Forward,Attack,right,182.0,2030-12-31 00:00:00,Bertolucci Sports,https://img.a.transfermarkt.technology/portrait/header/620477-1693289628.jpg?lm=1,1.0,0.0,,https://www.transfermarkt.co.uk/kaio-jorge/profil/spieler/620477,BRA1,Cruzeiro Esporte Clube,25000000.0,26000000.0,609,ec-cruzeiro-belo-horizonte,Cruzeiro Esporte Clube,BRA1,,30,26.8,7,23.3,3,Estádio Governador Magalhães Pinto,61927,€-36.26m,,2025,../data/raw/transfermarkt-scraper/2025/clubs.json.gz,https://www.transfermarkt.co.uk/ec-cruzeiro-belo-horizonte/startseite/verein/609,kaio jorge,True,kaio jorge,Kaio Jorge,"FW,RW",Cruzeiro,1163.0,2.0,2.0,5.4,1.3,18.0,20.0,14.0,5.0,31.0,2.0,2.0,8.0,3.0,0.0,kaio jorge,True
621793,Fabricio,Domínguez,Fabricio Domínguez,2024,8718,fabricio-dominguez,Uruguay,Montevideo,Uruguay,1998-06-24 00:00:00,Right-Back,Defender,right,177.0,2026-06-30 00:00:00,,https://img.a.transfermarkt.technology/portrait/header/621793-1772565083.PNG?lm=1,,,,https://www.transfermarkt.co.uk/fabricio-dominguez/profil/spieler/621793,BRA1,Sport Club do Recife,,,8718,sport-club-do-recife,Sport Club do Recife,BRA1,,29,27.1,1,3.4,0,Estádio Adelmar da Costa Carvalho,35000,+€2.95m,Mariano Soso,2024,../data/raw/transfermarkt-scraper/2024/clubs.json.gz,https://www.transfermarkt.co.uk/sport-club-do-recife/startseite/verein/8718,fabricio dominguez,False,,,,,,,,,,,,,,,,,,,,,
624291,,Ignácio,Ignácio,2025,2462,ignacio,Brazil,Currais Novos,Brazil,1996-12-01 00:00:00,Centre-Back,Defender,right,190.0,2028-06-30 00:00:00,Pessoa's Sports,https://img.a.transfermarkt.technology/portrait/header/624291-1721252131.jpg?lm=1,,,,https://www.transfermarkt.co.uk/ignacio/profil/spieler/624291,BRA1,Fluminense Football Club,2000000.0,2000000.0,2462,fluminense-rio-de-janeiro,Fluminense Football Club,BRA1,,33,29.7,11,33.3,4,Estádio Jornalista Mário Filho,82238,€-6.76m,,2025,../data/raw/transfermarkt-scraper/2025/clubs.json.gz,https://www.transfermarkt.co.uk/fluminense-rio-de-janeiro/startseite/verein/2462,ignacio,True,ignacio,Ignácio,CB,Fluminense,189.0,0.0,0.0,0.0,0.1,6.0,3.0,2.0,1.0,3.0,0.0,11.0,3.0,0.0,0.0,ignacio,True
625333,,Rafael Bilu,Rafael Bilu,2024,10492,rafael-bilu,Brazil,São Paulo,Brazil,1999-04-21 00:00:00,Right Winger,Attack,left,174.0,,MAURICIO CHIODIN,https://img.a.transfermarkt.technology/portrait/header/625333-1678848055.jpg?lm=1,,,,https://www.transfermarkt.co.uk/rafael-bilu/profil/spieler/625333,BRA1,Esporte Clube Juventude,,,10492,esporte-clube-juventude,Esporte Clube Juventude,BRA1,,29,28.3,3,10.3,0,Estádio Alfredo Jaconi,23726,+€1.13m,Roger Machado,2024,../data/raw/transfermarkt-scraper/2024/clubs.json.gz,https://www.transfermarkt.co.uk/esporte-clube-juventude/startseite/verein/10492,rafael bilu,False,,,,,,,,,,,,,,,,,,,,,
625569,Nicolás,Acevedo,Nicolás Acevedo,2025,10010,nicolas-acevedo,Uruguay,Montevideo,Uruguay,1999-04-14 00:00:00,Defensive Midfield,Midfield,right,173.0,2031-12-31 00:00:00,FGM,https://img.a.transfermarkt.technology/portrait/header/625569-1748913870.jpg?lm=1,7.0,0.0,,https://www.transfermarkt.co.uk/nicolas-acevedo/profil/spieler/625569,BRA1,Esporte Clube Bahia,6000000.0,6000000.0,10010,esporte-clube-bahia,Esporte Clube Bahia,BRA1,,32,26.6,9,28.1,3,Arena Fonte Nova,47364,+€8.14m,,2025,../data/raw/transfermarkt-scraper/2025/clubs.json.gz,https://www.transfermarkt.co.uk/esporte-clube-bahia/startseite/verein/10010,nicolas acevedo,True,nicolas acevedo,Nicolás Acevedo,DM,Bahia,268.0,0.0,0.0,0.0,0.2,18.0,5.0,9.0,7.0,5.0,0.0,8.0,3.0,2.0,0.0,nicolas acevedo,True
626110,,João Victor,João Victor,2025,3876,joao-victor,Brazil,Recife,Brazil,1997-09-02 00:00:00,Centre-Back,Defender,right,188.0,2027-12-31 00:00:00,,https://img.a.transfermarkt.technology/portrait/header/626110-1674701192.jpg?lm=1,,,,https://www.transfermarkt.co.uk/joao-victor/profil/spieler/626110,BRA1,Mirasol Futebol Clube,1500000.0,1500000.0,3876,mirassol-futebol-clube-sp-,Mirasol Futebol Clube,BRA1,,32,30.1,1,3.1,0,Estádio Municipal José María de Campos Maia,14534,+€1.67m,,2025,../data/raw/transfermarkt-scraper/2025/clubs.json.gz,https://www.transfermarkt.co.uk/mirassol-futebol-clube-sp-/startseite/verein/3876,joao victor,True,,,,,,,,,,,,,,,,,,,,,
627226,,Reinier,Reinier,2025,330,reinier,Brazil,Brasília,Brazil,2002-01-19 00:00:00,Attacking Midfield,Midfield,right,185.0,2029-12-31 00:00:00,Bertolucci Sports,https://img.a.transfermarkt.technology/portrait/header/627226-1698056316.jpg?lm=1,10.0,3.0,,https://www.transfermarkt.co.uk/reinier/profil/spieler/627226,BRA1,Clube Atlético Mineiro,2000000.0,25000000.0,330,clube-atletico-mineiro,Clube Atlético Mineiro,BRA1,,33,25.7,9,27.3,6,Arena MRV,44892,€-1.24m,,2025,../data/raw/transfermarkt-scraper/2025/clubs.json.gz,https://www.transfermarkt.co.uk/clube-atletico-mineiro/startseite/verein/330,reinier,False,,,,,,,,,,,,,,,,,,,,,
627230,,Fabinho,Fabinho,2025,8793,fabinho,Brazil,Natal,Brazil,2002-04-09 00:00:00,Defensive Midfield,Midfield,right,178.0,2029-12-31 00:00:00,,https://img.a.transfermarkt.technology/portrait/header/627230-1660908217.jpg?lm=1,8.0,0.0,,https://www.transfermarkt.co.uk/fabinho/profil/spieler/627230,BRA1,Red Bull Bragantino,5000000.0,5000000.0,8793,red-bull-bragantino,Red Bull Bragantino,BRA1,,39,25.6,9,23.1,3,Estádio Municipal Cicero De Souza Marques,12000,+€10.50m,,2025,../data/raw/transfermarkt-scraper/2025/clubs.json.gz,https://www.transfermarkt.co.uk/red-bull-bragantino/startseite/verein/8793,fabinho,True,,,,,,,,,,,,,,,,,,,,,
628223,,Alex,Alex,2025,221,alex,Brazil,Ribeirão Preto,Brazil,1999-05-10 00:00:00,Centre-Back,Defender,left,189.0,2026-12-31 00:00:00,firsteleven ISM,https://img.a.transfermarkt.technology/portrait/header/628223-1706137111.jpg?lm=1,,,,https://www.transfermarkt.co.uk/alex/profil/spieler/628223,BRA1,Santos Futebol Clube,400000.0,600000.0,221,fc-santos,Santos Futebol Clube,BRA1,,37,26.7,9,24.3,4,Estádio Urbano Caldeira,16068,+€7.21m,,2025,../data/raw/transfermarkt-scraper/2025/clubs.json.gz,https://www.transfermarkt.co.uk/fc-santos/startseite/verein/221,alex,False,,,,,,,,,,,,,,,,,,,,,
628750,Juan Pablo,Freytes,Juan Pablo Freytes,2025,2462,juan-pablo-freytes,Argentina,Ticino,Argentina,2000-01-11 00:00:00,Centre-Back,Defender,left,182.0,2028-12-31 00:00:00,Score Futbol,https://img.a.transfermarkt.technology/portrait/header/628750-1751719633.jpg?lm=1,0.0,0.0,,https://www.transfermarkt.co.uk/juan-pablo-freytes/profil/spieler/628750,BRA1,Fluminense Football Club,5000000.0,5000000.0,2462,fluminense-rio-de-janeiro,Fluminense Football Club,BRA1,,33,29.7,11,33.3,4,Estádio Jornalista Mário Filho,82238,€-6.76m,,2025,../data/raw/transfermarkt-scraper/2025/clubs.json.gz,https://www.transfermarkt.co.uk/fluminense-rio-de-janeiro/startseite/verein/2462,juan pablo freytes,False,,,,,,,,,,,,,,,,,,,,,
633212,,Erick,Erick,2025,10010,erick,Brazil,Nova Lima,Brazil,1997-11-14 00:00:00,Defensive Midfield,Midfield,right,176.0,2029-12-31 00:00:00,LINK SPORTS,https://img.a.transfermarkt.technology/portrait/header/633212-1598603032.jpg?lm=1,,,,https://www.transfermarkt.co.uk/erick/profil/spieler/633212,BRA1,Esporte Clube Bahia,4000000.0,4500000.0,10010,esporte-clube-bahia,Esporte Clube Bahia,BRA1,,32,26.6,9,28.1,3,Arena Fonte Nova,47364,+€8.14m,,2025,../data/raw/transfermarkt-scraper/2025/clubs.json.gz,https://www.transfermarkt.co.uk/esporte-clube-bahia/startseite/verein/10010,erick,True,,,,,,,,,,,,,,,,,,,,,
633428,José,Enamorado,José Enamorado,2025,210,jose-enamorado,Colombia,Barranquilla,Colombia,1999-01-13 00:00:00,Right Winger,Attack,right,170.0,2028-12-31 00:00:00,DV7 Management,https://img.a.transfermarkt.technology/portrait/header/633428-1663127321.JPG?lm=1,4.0,0.0,,https://www.transfermarkt.co.uk/jose-enamorado/profil/spieler/633428,BRA1,Grêmio Foot-Ball Porto Alegrense,3000000.0,3000000.0,210,gremio-porto-alegre,Grêmio Foot-Ball Porto Alegrense,BRA1,,34,26.5,11,32.4,3,Arena do Grêmio,60540,€-6.38m,,2025,../data/raw/transfermarkt-scraper/2025/clubs.json.gz,https://www.transfermarkt.co.uk/gremio-porto-alegre/startseite/verein/210,jose enamorado,False,,,,,,,,,,,,,,,,,,,,,
634139,,Hereda,Hereda,2024,8718,hereda,Brazil,Camaçari,Brazil,1998-09-20 00:00:00,Right-Back,Defender,right,178.0,2026-12-31 00:00:00,Brazil Soccer,https://img.a.transfermarkt.technology/portrait/header/634139-1743725132.jpg?lm=1,,,,https://www.transfermarkt.co.uk/hereda/profil/spieler/634139,BRA1,Sport Club do Recife,,,8718,sport-club-do-recife,Sport Club do Recife,BRA1,,29,27.1,1,3.4,0,Estádio Adelmar da Costa Carvalho,35000,+€2.95m,Mariano Soso,2024,../data/raw/transfermarkt-scraper/2024/clubs.json.gz,https://www.transfermarkt.co.uk/sport-club-do-recife/startseite/verein/8718,hereda,False,,,,,,,,,,,,,,,,,,,,,
634737,,Matheus Bianqui,Matheus Bianqui,2024,3876,matheus-bianqui,Brazil,Ribeirão Claro,Brazil,1998-01-31 00:00:00,Central Midfield,Midfield,right,187.0,2026-12-31 00:00:00,4Fut Sports,https://img.a.transfermarkt.technology/portrait/header/634737-1660516322.jpg?lm=1,,,,https://www.transfermarkt.co.uk/matheus-bianqui/profil/spieler/634737,BRA1,Mirasol Futebol Clube,,,3876,mirassol-futebol-clube-sp-,Mirasol Futebol Clube,BRA1,,32,30.1,1,3.1,0,Estádio Municipal José María de Campos Maia,14534,+€1.67m,,2025,../data/raw/transfermarkt-scraper/2025/clubs.json.gz,https://www.transfermarkt.co.uk/mirassol-futebol-clube-sp-/startseite/verein/3876,matheus bianqui,False,,,,,,,,,,,,,,,,,,,,,
636314,,Gustavo Silva,Gustavo Silva,2024,2125,gustavo-silva,Brazil,Curitiba,Brazil,1997-09-07 00:00:00,Right Winger,Attack,right,168.0,2027-06-30 00:00:00,LEFT Sports,https://img.a.transfermarkt.technology/portrait/header/636314-1770333725.jpg?lm=1,,,,https://www.transfermarkt.co.uk/gustavo-silva/profil/spieler/636314,BRA1,Esporte Clube Vitória,,,2125,esporte-clube-vitoria,Esporte Clube Vitória,BRA1,,39,28.3,7,17.9,0,Estádio Manoel Barradas,30793,+€1.36m,,2025,../data/raw/transfermarkt-scraper/2025/clubs.json.gz,https://www.transfermarkt.co.uk/esporte-clube-vitoria/startseite/verein/2125,gustavo silva,False,,,,,,,,,,,,,,,,,,,,,
638305,,Thiaguinho,Thiaguinho,2024,614,thiaguinho,Brazil,Recife,Brazil,2001-03-13 00:00:00,Right Winger,Attack,left,173.0,2027-12-31 00:00:00,FOOT STARS BRAZIL,https://img.a.transfermarkt.technology/portrait/header/638305-1647978230.jpg?lm=1,,,,https://www.transfermarkt.co.uk/thiaguinho/profil/spieler/638305,BRA1,Clube de Regatas do Flamengo,,,614,flamengo-rio-de-janeiro,Clube de Regatas do Flamengo,BRA1,,28,28.8,9,32.1,10,Estádio Jornalista Mário Filho,82238,€-13.92m,,2025,../data/raw/transfermarkt-scraper/2025/clubs.json.gz,https://www.transfermarkt.co.uk/flamengo-rio-de-janeiro/startseite/verein/614,thiaguinho,True,,,,,,,,,,,,,,,,,,,,,
640275,,Gabriel Banga,Gabriel Banga,2024,978,gabriel-banga,Brazil,Cuiabá,Brazil,2000-07-18 00:00:00,Centre-Back,Defender,right,181.0,,,https://img.a.transfermarkt.technology/portrait/header/640275-1546025347.jpg?lm=1,,,,https://www.transfermarkt.co.uk/gabriel-banga/profil/spieler/640275,BRA1,Club de Regatas Vasco da Gama,,,978,vasco-da-gama-rio-de-janeiro,Club de Regatas Vasco da Gama,BRA1,,32,26.1,10,31.3,5,Estádio São Januário,24584,+€23.85m,,2025,../data/raw/transfermarkt-scraper/2025/clubs.json.gz,https://www.transfermarkt.co.uk/vasco-da-gama-rio-de-janeiro/startseite/verein/978,gabriel banga,False,,,,,,,,,,,,,,,,,,,,,
641458,,Carlos Miguel,Carlos Miguel,2025,1023,carlos-miguel,Brazil,Rio das Ostras,Brazil,1998-10-09 00:00:00,Goalkeeper,Goalkeeper,left,204.0,2030-07-31 00:00:00,Bertolucci Sports,https://img.a.transfermarkt.technology/portrait/header/641458-1718990783.jpg?lm=1,,,,https://www.transfermarkt.co.uk/carlos-miguel/profil/spieler/641458,BRA1,Sociedade Esportiva Palmeiras,7000000.0,7000000.0,1023,se-palmeiras-sao-paulo,Sociedade Esportiva Palmeiras,BRA1,,31,25.9,9,29.0,10,Nubank Parque,43713,+€31.54m,,2025,../data/raw/transfermarkt-scraper/2025/clubs.json.gz,https://www.transfermarkt.co.uk/se-palmeiras-sao-paulo/startseite/verein/1023,carlos miguel,True,carlos miguel,Carlos Miguel,GK,Corinthians,540.0,0.0,0.0,0.0,0.1,0.0,0.0,0.0,0.0,2.0,1.0,0.0,0.0,2.0,0.0,carlos miguel,True
642589,,Fabri,Fabri,2025,2125,fabri,Brazil,Cachoeira do Sul,Brazil,2000-10-08 00:00:00,Centre-Forward,Attack,right,186.0,2026-12-31 00:00:00,ML3 Football,https://img.a.transfermarkt.technology/portrait/header/642589-1701788278.jpg?lm=1,,,,https://www.transfermarkt.co.uk/fabri/profil/spieler/642589,BRA1,Esporte Clube Vitória,900000.0,1000000.0,2125,esporte-clube-vitoria,Esporte Clube Vitória,BRA1,,39,28.3,7,17.9,0,Estádio Manoel Barradas,30793,+€1.36m,,2025,../data/raw/transfermarkt-scraper/2025/clubs.json.gz,https://www.transfermarkt.co.uk/esporte-clube-vitoria/startseite/verein/2125,fabri,False,,,,,,,,,,,,,,,,,,,,,
643119,,Riquelme,Riquelme,2025,978,riquelme,Brazil,Barra Mansa,Brazil,2002-08-28 00:00:00,Left-Back,Defender,left,173.0,2026-12-31 00:00:00,Carlos Leite,https://img.a.transfermarkt.technology/portrait/header/643119-1638536498.jpg?lm=1,3.0,1.0,,https://www.transfermarkt.co.uk/riquelme/profil/spieler/643119,BRA1,Club de Regatas Vasco da Gama,700000.0,1500000.0,978,vasco-da-gama-rio-de-janeiro,Club de Regatas Vasco da Gama,BRA1,,32,26.1,10,31.3,5,Estádio São Januário,24584,+€23.85m,,2025,../data/raw/transfermarkt-scraper/2025/clubs.json.gz,https://www.transfermarkt.co.uk/vasco-da-gama-rio-de-janeiro/startseite/verein/978,riquelme,True,,,,,,,,,,,,,,,,,,,,,
644157,,Hugo Moura,Hugo Moura,2025,978,hugo-moura,Brazil,Rio de Janeiro,Brazil,1998-01-03 00:00:00,Defensive Midfield,Midfield,right,177.0,2026-12-31 00:00:00,Brazil Soccer,https://img.a.transfermarkt.technology/portrait/header/644157-1748395950.jpg?lm=1,,,,https://www.transfermarkt.co.uk/hugo-moura/profil/spieler/644157,BRA1,Club de Regatas Vasco da Gama,1000000.0,1800000.0,978,vasco-da-gama-rio-de-janeiro,Club de Regatas Vasco da Gama,BRA1,,32,26.1,10,31.3,5,Estádio São Januário,24584,+€23.85m,,2025,../data/raw/transfermarkt-scraper/2025/clubs.json.gz,https://www.transfermarkt.co.uk/vasco-da-gama-rio-de-janeiro/startseite/verein/978,hugo moura,True,hugo moura,Hugo Moura,CM,Vasco da Gama,2114.0,1.0,4.0,1.7,0.9,115.0,22.0,16.0,9.0,57.0,6.0,73.0,26.0,8.0,1.0,hugo moura,True
644204,,José Aldo,José Aldo,2025,3876,jose-aldo,Brazil,Surubim,Brazil,1998-07-25 00:00:00,Central Midfield,Midfield,both,175.0,2027-12-31 00:00:00,Zardo's Sports,https://img.a.transfermarkt.technology/portrait/header/644204-1663032474.jpg?lm=1,,,,https://www.transfermarkt.co.uk/jose-aldo/profil/spieler/644204,BRA1,Mirasol Futebol Clube,1500000.0,1500000.0,3876,mirassol-futebol-clube-sp-,Mirasol Futebol Clube,BRA1,,32,30.1,1,3.1,0,Estádio Municipal José María de Campos Maia,14534,+€1.67m,,2025,../data/raw/transfermarkt-scraper/2025/clubs.json.gz,https://www.transfermarkt.co.uk/mirassol-futebol-clube-sp-/startseite/verein/3876,jose aldo,False,,,,,,,,,,,,,,,,,,,,,
645602,,Lucas Arcanjo,Lucas Arcanjo,2025,2125,lucas-arcanjo,Brazil,Miguel Calmon,Brazil,1998-08-08 00:00:00,Goalkeeper,Goalkeeper,right,189.0,2028-12-31 00:00:00,GOLDEN7,https://img.a.transfermarkt.technology/portrait/header/645602-1756951365.jpg?lm=1,,,,https://www.transfermarkt.co.uk/lucas-arcanjo/profil/spieler/645602,BRA1,Esporte Clube Vitória,2500000.0,2500000.0,2125,esporte-clube-vitoria,Esporte Clube Vitória,BRA1,,39,28.3,7,17.9,0,Estádio Manoel Barradas,30793,+€1.36m,,2025,../data/raw/transfermarkt-scraper/2025/clubs.json.gz,https://www.transfermarkt.co.uk/esporte-clube-vitoria/startseite/verein/2125,lucas arcanjo,True,lucas arcanjo,Lucas Arcanjo,GK,Vitória,3330.0,0.0,0.0,0.0,0.0,0.0,0.0,0.0,0.0,4.0,0.0,3.0,0.0,4.0,0.0,lucas arcanjo,True
646404,,Zanocelo,Zanocelo,2024,2029,zanocelo,Brazil,Santo André,Brazil,2001-01-30 00:00:00,Defensive Midfield,Midfield,right,185.0,2028-12-31 00:00:00,,https://img.a.transfermarkt.technology/portrait/header/646404-1724846307.jpg?lm=1,3.0,2.0,,https://www.transfermarkt.co.uk/zanocelo/profil/spieler/646404,BRA1,Ceará Sporting Club,2000000.0,3000000.0,2029,ceara-sporting-club,Ceará Sporting Club,BRA1,,29,28.0,2,6.9,0,Estádio Governador Plácido Castelo,63904,+€2.30m,Anderson Batatais,2024,../data/raw/transfermarkt-scraper/2024/clubs.json.gz,https://www.transfermarkt.co.uk/ceara-sporting-club/startseite/verein/2029,zanocelo,False,,,,,,,,,,,,,,,,,,,,,
646677,,Riccieli,Riccieli,2025,2125,riccieli,Brazil,Resende,Brazil,1998-09-17 00:00:00,Centre-Back,Defender,right,187.0,2026-12-31 00:00:00,NextGen,https://img.a.transfermarkt.technology/portrait/header/646677-1634205500.jpg?lm=1,,,,https://www.transfermarkt.co.uk/riccieli/profil/spieler/646677,BRA1,Esporte Clube Vitória,1800000.0,3000000.0,2125,esporte-clube-vitoria,Esporte Clube Vitória,BRA1,,39,28.3,7,17.9,0,Estádio Manoel Barradas,30793,+€1.36m,,2025,../data/raw/transfermarkt-scraper/2025/clubs.json.gz,https://www.transfermarkt.co.uk/esporte-clube-vitoria/startseite/verein/2125,riccieli,False,,,,,,,,,,,,,,,,,,,,,
649055,,Gabriel Novaes,Gabriel Novaes,2025,8793,gabriel-novaes,Brazil,São Paulo,Brazil,1999-04-05 00:00:00,Centre-Forward,Attack,right,184.0,2026-05-01 00:00:00,Talents Sports,https://img.a.transfermarkt.technology/portrait/header/649055-1623762132.jpg?lm=1,,,,https://www.transfermarkt.co.uk/gabriel-novaes/profil/spieler/649055,BRA1,Red Bull Bragantino,600000.0,1400000.0,8793,red-bull-bragantino,Red Bull Bragantino,BRA1,,39,25.6,9,23.1,3,Estádio Municipal Cicero De Souza Marques,12000,+€10.50m,,2025,../data/raw/transfermarkt-scraper/2025/clubs.json.gz,https://www.transfermarkt.co.uk/red-bull-bragantino/startseite/verein/8793,gabriel novaes,False,,,,,,,,,,,,,,,,,,,,,
650517,,Dênis Júnior,Dênis Júnior,2024,10010,denis-junior,Brazil,Patos de Minas,Brazil,1998-08-10 00:00:00,Goalkeeper,Goalkeeper,right,189.0,,Madeira Sports,https://img.a.transfermarkt.technology/portrait/header/650517-1660519207.jpg?lm=1,,,,https://www.transfermarkt.co.uk/denis-junior/profil/spieler/650517,BRA1,Esporte Clube Bahia,,,10010,esporte-clube-bahia,Esporte Clube Bahia,BRA1,,32,26.6,9,28.1,3,Arena Fonte Nova,47364,+€8.14m,,2025,../data/raw/transfermarkt-scraper/2025/clubs.json.gz,https://www.transfermarkt.co.uk/esporte-clube-bahia/startseite/verein/10010,denis junior,False,,,,,,,,,,,,,,,,,,,,,
653348,,Khellven,Khellven,2025,1023,khellven,Brazil,Alexandria,Brazil,2001-02-25 00:00:00,Right-Back,Defender,right,176.0,2030-06-30 00:00:00,Bertolucci Sports,https://img.a.transfermarkt.technology/portrait/header/653348-1693593972.png?lm=1,7.0,0.0,,https://www.transfermarkt.co.uk/khellven/profil/spieler/653348,BRA1,Sociedade Esportiva Palmeiras,6000000.0,7000000.0,1023,se-palmeiras-sao-paulo,Sociedade Esportiva Palmeiras,BRA1,,31,25.9,9,29.0,10,Nubank Parque,43713,+€31.54m,,2025,../data/raw/transfermarkt-scraper/2025/clubs.json.gz,https://www.transfermarkt.co.uk/se-palmeiras-sao-paulo/startseite/verein/1023,khellven,False,,,,,,,,,,,,,,,,,,,,,
654384,,Vitor Pernambuco,Vitor Pernambuco,2024,10492,vitor-pernambuco,Brazil,Igarassu,Brazil,1998-04-28 00:00:00,Right Winger,Attack,left,187.0,2026-05-31 00:00:00,CHECK SOCCER,https://img.a.transfermarkt.technology/portrait/header/654384-1685806253.png?lm=1,,,,https://www.transfermarkt.co.uk/vitor-pernambuco/profil/spieler/654384,BRA1,Esporte Clube Juventude,700000.0,700000.0,10492,esporte-clube-juventude,Esporte Clube Juventude,BRA1,,29,28.3,3,10.3,0,Estádio Alfredo Jaconi,23726,+€1.13m,Roger Machado,2024,../data/raw/transfermarkt-scraper/2024/clubs.json.gz,https://www.transfermarkt.co.uk/esporte-clube-juventude/startseite/verein/10492,vitor pernambuco,False,,,,,,,,,,,,,,,,,,,,,
657220,Rodrigo,Villagra,Rodrigo Villagra,2025,6600,rodrigo-villagra,Argentina,Morteros,Argentina,2001-02-14 00:00:00,Defensive Midfield,Midfield,right,178.0,2026-12-31 00:00:00,PLAYERSAGENT LLC,https://img.a.transfermarkt.technology/portrait/header/657220-1757589430.png?lm=1,2.0,0.0,,https://www.transfermarkt.co.uk/rodrigo-villagra/profil/spieler/657220,BRA1,Sport Club Internacional,3500000.0,7000000.0,6600,sc-internacional-porto-alegre,Sport Club Internacional,BRA1,,32,26.7,9,28.1,3,Estádio Beira-Rio,50848,+€41.39m,,2025,../data/raw/transfermarkt-scraper/2025/clubs.json.gz,https://www.transfermarkt.co.uk/sc-internacional-porto-alegre/startseite/verein/6600,rodrigo villagra,False,,,,,,,,,,,,,,,,,,,,,
657387,,Fabiano,Fabiano,2025,2125,fabiano,Brazil,Presidente Prudente,Brazil,2000-03-14 00:00:00,Right-Back,Defender,right,175.0,2027-06-30 00:00:00,,https://img.a.transfermarkt.technology/portrait/header/657387-1705663208.png?lm=1,,,,https://www.transfermarkt.co.uk/fabiano/profil/spieler/657387,BRA1,Esporte Clube Vitória,1500000.0,3500000.0,2125,esporte-clube-vitoria,Esporte Clube Vitória,BRA1,,39,28.3,7,17.9,0,Estádio Manoel Barradas,30793,+€1.36m,,2025,../data/raw/transfermarkt-scraper/2025/clubs.json.gz,https://www.transfermarkt.co.uk/esporte-clube-vitoria/startseite/verein/2125,fabiano,True,,,,,,,,,,,,,,,,,,,,,
657743,Pedro,Milans,Pedro Milans,2025,199,pedro-milans,Uruguay,Las Piedras,Uruguay,2002-03-24 00:00:00,Right-Back,Defender,right,171.0,2029-12-31 00:00:00,Escansette Sports,https://img.a.transfermarkt.technology/portrait/header/657743-1721247131.jpg?lm=1,0.0,0.0,,https://www.transfermarkt.co.uk/pedro-milans/profil/spieler/657743,BRA1,Sport Club Corinthians Paulista,1500000.0,1500000.0,199,corinthians-sao-paulo,Sport Club Corinthians Paulista,BRA1,,34,27.2,7,20.6,3,Neo Química Arena,49205,+€2.19m,,2025,../data/raw/transfermarkt-scraper/2025/clubs.json.gz,https://www.transfermarkt.co.uk/corinthians-sao-paulo/startseite/verein/199,pedro milans,False,,,,,,,,,,,,,,,,,,,,,
657746,Cristian,Olivera,Cristian Olivera,2025,10010,cristian-olivera,Uruguay,Montevideo,Uruguay,2002-04-17 00:00:00,Right Winger,Attack,right,170.0,2026-12-31 00:00:00,OTB Sports,https://img.a.transfermarkt.technology/portrait/header/657746-1709932388.jpg?lm=1,13.0,0.0,,https://www.transfermarkt.co.uk/cristian-olivera/profil/spieler/657746,BRA1,Esporte Clube Bahia,5000000.0,6000000.0,10010,esporte-clube-bahia,Esporte Clube Bahia,BRA1,,32,26.6,9,28.1,3,Arena Fonte Nova,47364,+€8.14m,,2025,../data/raw/transfermarkt-scraper/2025/clubs.json.gz,https://www.transfermarkt.co.uk/esporte-clube-bahia/startseite/verein/10010,cristian olivera,False,,,,,,,,,,,,,,,,,,,,,
658678,,Christian,Christian,2025,609,christian,Brazil,Jundiaí,Brazil,2000-12-19 00:00:00,Central Midfield,Midfield,right,178.0,2027-12-31 00:00:00,Bertolucci Sports,https://img.a.transfermarkt.technology/portrait/header/658678-1725392553.jpg?lm=1,,,,https://www.transfermarkt.co.uk/christian/profil/spieler/658678,BRA1,Cruzeiro Esporte Clube,12000000.0,12000000.0,609,ec-cruzeiro-belo-horizonte,Cruzeiro Esporte Clube,BRA1,,30,26.8,7,23.3,3,Estádio Governador Magalhães Pinto,61927,€-36.26m,,2025,../data/raw/transfermarkt-scraper/2025/clubs.json.gz,https://www.transfermarkt.co.uk/ec-cruzeiro-belo-horizonte/startseite/verein/609,christian,True,christian,Christian,LW,Athletico Paranaense,1494.0,1.0,0.0,1.8,1.7,57.0,15.0,24.0,9.0,41.0,2.0,27.0,15.0,7.0,0.0,christian,True
661133,Cristian,Medina,Cristian Medina,2025,537,cristian-medina,Argentina,Moreno,Argentina,2002-06-01 00:00:00,Central Midfield,Midfield,right,178.0,2029-12-31 00:00:00,,https://img.a.transfermarkt.technology/portrait/header/661133-1739827027.jpg?lm=1,10.0,0.0,,https://www.transfermarkt.co.uk/cristian-medina/profil/spieler/661133,BRA1,S. A. F. Botafogo,9000000.0,13000000.0,537,botafogo-rio-de-janeiro,S. A. F. Botafogo,BRA1,,34,26.2,13,38.2,5,Estádio Olímpico Nilton Santos,46931,+€40.04m,,2025,../data/raw/transfermarkt-scraper/2025/clubs.json.gz,https://www.transfermarkt.co.uk/botafogo-rio-de-janeiro/startseite/verein/537,cristian medina,False,,,,,,,,,,,,,,,,,,,,,
661245,Mateo,Gamarra,Mateo Gamarra,2024,609,mateo-gamarra,Paraguay,Concepción,Paraguay,2000-10-20 00:00:00,Centre-Back,Defender,left,183.0,2026-12-31 00:00:00,EagleEye,https://img.a.transfermarkt.technology/portrait/header/661245-1719453556.jpg?lm=1,4.0,0.0,,https://www.transfermarkt.co.uk/mateo-gamarra/profil/spieler/661245,BRA1,Cruzeiro Esporte Clube,,,609,ec-cruzeiro-belo-horizonte,Cruzeiro Esporte Clube,BRA1,,30,26.8,7,23.3,3,Estádio Governador Magalhães Pinto,61927,€-36.26m,,2025,../data/raw/transfermarkt-scraper/2025/clubs.json.gz,https://www.transfermarkt.co.uk/ec-cruzeiro-belo-horizonte/startseite/verein/609,mateo gamarra,True,mateo gamarra,Mateo Gamarra,CB,Athletico Paranaense,1482.0,0.0,0.0,1.2,0.2,59.0,4.0,4.0,2.0,12.0,2.0,30.0,28.0,7.0,0.0,mateo gamarra,True
661270,Fabrizio,Peralta,Fabrizio Peralta,2025,609,fabrizio-peralta,Paraguay,Asunción,Paraguay,2002-08-02 00:00:00,Central Midfield,Midfield,right,176.0,2029-06-30 00:00:00,SB SPORT,https://img.a.transfermarkt.technology/portrait/header/661270-1772565179.PNG?lm=1,1.0,0.0,,https://www.transfermarkt.co.uk/fabrizio-peralta/profil/spieler/661270,BRA1,Cruzeiro Esporte Clube,,,609,ec-cruzeiro-belo-horizonte,Cruzeiro Esporte Clube,BRA1,,30,26.8,7,23.3,3,Estádio Governador Magalhães Pinto,61927,€-36.26m,,2025,../data/raw/transfermarkt-scraper/2025/clubs.json.gz,https://www.transfermarkt.co.uk/ec-cruzeiro-belo-horizonte/startseite/verein/609,fabrizio peralta,True,fabrizio peralta,Fabrizio Peralta,DM,Cruzeiro,275.0,0.0,0.0,0.1,0.1,17.0,3.0,9.0,6.0,5.0,0.0,10.0,3.0,2.0,0.0,fabrizio peralta,True
662326,,Patryck,Patryck,2024,585,patryck,Brazil,Mogi Mirim,Brazil,2003-01-18 00:00:00,Left-Back,Defender,left,184.0,2026-12-31 00:00:00,Roc Nation Sports,https://img.a.transfermarkt.technology/portrait/header/662326-1759449464.png?lm=1,0.0,0.0,,https://www.transfermarkt.co.uk/patryck/profil/spieler/662326,BRA1,São Paulo Futebol Clube,,,585,fc-sao-paulo,São Paulo Futebol Clube,BRA1,,42,26.4,9,21.4,3,MorumBIS,72039,+€24.69m,,2025,../data/raw/transfermarkt-scraper/2025/clubs.json.gz,https://www.transfermarkt.co.uk/fc-sao-paulo/startseite/verein/585,patryck,True,patryck,Patryck,LB,São Paulo,615.0,0.0,0.0,0.0,0.1,22.0,11.0,11.0,5.0,7.0,1.0,20.0,5.0,1.0,0.0,patryck,True
662327,Diego,Rosa,Diego Rosa,2024,6600,diego-rosa,Brazil,Salvador,Brazil,2002-10-12 00:00:00,Defensive Midfield,Midfield,right,182.0,2028-05-31 00:00:00,REC Sports,https://img.a.transfermarkt.technology/portrait/header/662327-1713870379.png?lm=1,0.0,0.0,,https://www.transfermarkt.co.uk/diego-rosa/profil/spieler/662327,BRA1,Sport Club Internacional,2000000.0,2000000.0,6600,sc-internacional-porto-alegre,Sport Club Internacional,BRA1,,32,26.7,9,28.1,3,Estádio Beira-Rio,50848,+€41.39m,,2025,../data/raw/transfermarkt-scraper/2025/clubs.json.gz,https://www.transfermarkt.co.uk/sc-internacional-porto-alegre/startseite/verein/6600,diego rosa,False,,,,,,,,,,,,,,,,,,,,,
662334,Marcelo,Pitaluga,Marcelo Pitaluga,2025,2462,marcelo-pitaluga,Brazil,Niterói,Brazil,2002-12-20 00:00:00,Goalkeeper,Goalkeeper,right,193.0,2028-12-31 00:00:00,Bertolucci Sports,https://img.a.transfermarkt.technology/portrait/header/662334-1702632542.jpg?lm=1,0.0,0.0,,https://www.transfermarkt.co.uk/marcelo-pitaluga/profil/spieler/662334,BRA1,Fluminense Football Club,200000.0,400000.0,2462,fluminense-rio-de-janeiro,Fluminense Football Club,BRA1,,33,29.7,11,33.3,4,Estádio Jornalista Mário Filho,82238,€-6.76m,,2025,../data/raw/transfermarkt-scraper/2025/clubs.json.gz,https://www.transfermarkt.co.uk/fluminense-rio-de-janeiro/startseite/verein/2462,marcelo pitaluga,False,,,,,,,,,,,,,,,,,,,,,
662739,Gonzalo,Tapia,Gonzalo Tapia,2025,585,gonzalo-tapia,Chile,Las Condes,Chile,2002-02-18 00:00:00,Centre-Forward,Attack,right,179.0,2029-12-31 00:00:00,Vibra Futbol,https://img.a.transfermarkt.technology/portrait/header/662739-1732633153.jpg?lm=1,12.0,3.0,,https://www.transfermarkt.co.uk/gonzalo-tapia/profil/spieler/662739,BRA1,São Paulo Futebol Clube,3500000.0,4000000.0,585,fc-sao-paulo,São Paulo Futebol Clube,BRA1,,42,26.4,9,21.4,3,MorumBIS,72039,+€24.69m,,2025,../data/raw/transfermarkt-scraper/2025/clubs.json.gz,https://www.transfermarkt.co.uk/fc-sao-paulo/startseite/verein/585,gonzalo tapia,False,,,,,,,,,,,,,,,,,,,,,
663319,Marino,Hinestroza,Marino Hinestroza,2025,978,marino-hinestroza,Colombia,Santiago de Cali,Colombia,2002-07-08 00:00:00,Right Winger,Attack,right,170.0,2029-12-31 00:00:00,,https://img.a.transfermarkt.technology/portrait/header/663319-1709481915.jpg?lm=1,2.0,0.0,,https://www.transfermarkt.co.uk/marino-hinestroza/profil/spieler/663319,BRA1,Club de Regatas Vasco da Gama,4800000.0,6000000.0,978,vasco-da-gama-rio-de-janeiro,Club de Regatas Vasco da Gama,BRA1,,32,26.1,10,31.3,5,Estádio São Januário,24584,+€23.85m,,2025,../data/raw/transfermarkt-scraper/2025/clubs.json.gz,https://www.transfermarkt.co.uk/vasco-da-gama-rio-de-janeiro/startseite/verein/978,marino hinestroza,False,,,,,,,,,,,,,,,,,,,,,
663578,,Ramon,Ramon,2025,2125,ramon,Brazil,São João de Meriti,Brazil,2001-03-13 00:00:00,Left-Back,Defender,left,179.0,2026-12-31 00:00:00,LION SOCCER SPORTS,https://img.a.transfermarkt.technology/portrait/header/663578-1662651110.jpg?lm=1,0.0,0.0,,https://www.transfermarkt.co.uk/ramon/profil/spieler/663578,BRA1,Esporte Clube Vitória,2000000.0,2500000.0,2125,esporte-clube-vitoria,Esporte Clube Vitória,BRA1,,39,28.3,7,17.9,0,Estádio Manoel Barradas,30793,+€1.36m,,2025,../data/raw/transfermarkt-scraper/2025/clubs.json.gz,https://www.transfermarkt.co.uk/esporte-clube-vitoria/startseite/verein/2125,ramon,True,,,,,,,,,,,,,,,,,,,,,
667411,,Gustavo,Gustavo,2024,10492,gustavo,Brazil,Colatina,Brazil,1993-03-10 00:00:00,Goalkeeper,Goalkeeper,right,187.0,2027-12-31 00:00:00,PECBOL SPORTS,https://img.a.transfermarkt.technology/portrait/header/667411-1645112882.jpg?lm=1,3.0,0.0,,https://www.transfermarkt.co.uk/gustavo/profil/spieler/667411,BRA1,Esporte Clube Juventude,,,10492,esporte-clube-juventude,Esporte Clube Juventude,BRA1,,29,28.3,3,10.3,0,Estádio Alfredo Jaconi,23726,+€1.13m,Roger Machado,2024,../data/raw/transfermarkt-scraper/2024/clubs.json.gz,https://www.transfermarkt.co.uk/esporte-clube-juventude/startseite/verein/10492,gustavo,True,,,,,,,,,,,,,,,,,,,,,
668228,,Matheus Martins,Matheus Martins,2025,537,matheus-martins,Brazil,Campo Grande,Brazil,2003-07-16 00:00:00,Left Winger,Attack,right,183.0,2028-12-31 00:00:00,Brazil Football,https://img.a.transfermarkt.technology/portrait/header/668228-1671029844.jpg?lm=1,10.0,6.0,,https://www.transfermarkt.co.uk/matheus-martins/profil/spieler/668228,BRA1,S. A. F. Botafogo,6000000.0,7000000.0,537,botafogo-rio-de-janeiro,S. A. F. Botafogo,BRA1,,34,26.2,13,38.2,5,Estádio Olímpico Nilton Santos,46931,+€40.04m,,2025,../data/raw/transfermarkt-scraper/2025/clubs.json.gz,https://www.transfermarkt.co.uk/botafogo-rio-de-janeiro/startseite/verein/537,matheus martins,True,matheus martins,Matheus Martins,FW,Botafogo (RJ),456.0,2.0,0.0,1.5,1.0,22.0,26.0,20.0,4.0,21.0,2.0,9.0,7.0,0.0,0.0,matheus martins,True
668234,,Bruninho,Bruninho,2025,8793,bruninho,Brazil,São Paulo,Brazil,2003-03-14 00:00:00,Attacking Midfield,Midfield,right,174.0,2027-12-31 00:00:00,Un1que Football,https://img.a.transfermarkt.technology/portrait/header/668234-1662648283.jpg?lm=1,2.0,0.0,,https://www.transfermarkt.co.uk/bruninho/profil/spieler/668234,BRA1,Red Bull Bragantino,1000000.0,3000000.0,8793,red-bull-bragantino,Red Bull Bragantino,BRA1,,39,25.6,9,23.1,3,Estádio Municipal Cicero De Souza Marques,12000,+€10.50m,,2025,../data/raw/transfermarkt-scraper/2025/clubs.json.gz,https://www.transfermarkt.co.uk/red-bull-bragantino/startseite/verein/8793,bruninho,True,,,,,,,,,,,,,,,,,,,,,
668265,,Kayky,Kayky,2025,6600,kayky,Brazil,Rio de Janeiro,Brazil,2003-06-11 00:00:00,Right Winger,Attack,left,172.0,2026-12-31 00:00:00,Promanager,https://img.a.transfermarkt.technology/portrait/header/668265-1618220631.jpg?lm=1,1.0,2.0,,https://www.transfermarkt.co.uk/kayky/profil/spieler/668265,BRA1,Sport Club Internacional,5000000.0,14000000.0,6600,sc-internacional-porto-alegre,Sport Club Internacional,BRA1,,32,26.7,9,28.1,3,Estádio Beira-Rio,50848,+€41.39m,,2025,../data/raw/transfermarkt-scraper/2025/clubs.json.gz,https://www.transfermarkt.co.uk/sc-internacional-porto-alegre/startseite/verein/6600,kayky,False,,,,,,,,,,,,,,,,,,,,,
668268,,Marquinhos,Marquinhos,2025,609,marquinhos,Brazil,São Paulo,Brazil,2003-04-07 00:00:00,Right Winger,Attack,left,175.0,2028-12-31 00:00:00,OTB Sports,https://img.a.transfermarkt.technology/portrait/header/668268-1704213776.jpg?lm=1,6.0,0.0,,https://www.transfermarkt.co.uk/marquinhos/profil/spieler/668268,BRA1,Cruzeiro Esporte Clube,2500000.0,12000000.0,609,ec-cruzeiro-belo-horizonte,Cruzeiro Esporte Clube,BRA1,,30,26.8,7,23.3,3,Estádio Governador Magalhães Pinto,61927,€-36.26m,,2025,../data/raw/transfermarkt-scraper/2025/clubs.json.gz,https://www.transfermarkt.co.uk/ec-cruzeiro-belo-horizonte/startseite/verein/609,marquinhos,True,,,,,,,,,,,,,,,,,,,,,
668799,,Alexander,Alexander,2024,978,alexander,Brazil,São Gonçalo,Brazil,1999-05-31 00:00:00,Goalkeeper,Goalkeeper,right,190.0,,,https://img.a.transfermarkt.technology/portrait/header/668799-1649401477.jpg?lm=1,,,,https://www.transfermarkt.co.uk/alexander/profil/spieler/668799,BRA1,Club de Regatas Vasco da Gama,,,978,vasco-da-gama-rio-de-janeiro,Club de Regatas Vasco da Gama,BRA1,,32,26.1,10,31.3,5,Estádio São Januário,24584,+€23.85m,,2025,../data/raw/transfermarkt-scraper/2025/clubs.json.gz,https://www.transfermarkt.co.uk/vasco-da-gama-rio-de-janeiro/startseite/verein/978,alexander,False,,,,,,,,,,,,,,,,,,,,,
668953,José,Herrera,José Herrera,2025,8793,jose-herrera,Argentina,San Miguel de Tucumán,Argentina,2003-04-16 00:00:00,Right Winger,Attack,left,172.0,2029-12-31 00:00:00,Interplayers,https://img.a.transfermarkt.technology/portrait/header/668953-1720123559.png?lm=1,3.0,1.0,,https://www.transfermarkt.co.uk/jose-herrera/profil/spieler/668953,BRA1,Red Bull Bragantino,2500000.0,2500000.0,8793,red-bull-bragantino,Red Bull Bragantino,BRA1,,39,25.6,9,23.1,3,Estádio Municipal Cicero De Souza Marques,12000,+€10.50m,,2025,../data/raw/transfermarkt-scraper/2025/clubs.json.gz,https://www.transfermarkt.co.uk/red-bull-bragantino/startseite/verein/8793,jose herrera,False,,,,,,,,,,,,,,,,,,,,,
670021,Matheus,Bidu,Matheus Bidu,2025,199,matheus-bidu,Brazil,São Paulo,Brazil,1999-05-04 00:00:00,Left-Back,Defender,left,172.0,2027-12-31 00:00:00,Bertolucci Sports,https://img.a.transfermarkt.technology/portrait/header/670021-1660574686.jpg?lm=1,,,,https://www.transfermarkt.co.uk/matheus-bidu/profil/spieler/670021,BRA1,Sport Club Corinthians Paulista,7000000.0,7000000.0,199,corinthians-sao-paulo,Sport Club Corinthians Paulista,BRA1,,34,27.2,7,20.6,3,Neo Química Arena,49205,+€2.19m,,2025,../data/raw/transfermarkt-scraper/2025/clubs.json.gz,https://www.transfermarkt.co.uk/corinthians-sao-paulo/startseite/verein/199,matheus bidu,True,matheus bidu,Matheus Bidu,"LB,CM",Corinthians,1500.0,2.0,1.0,0.9,1.0,64.0,33.0,26.0,14.0,43.0,2.0,33.0,20.0,3.0,0.0,matheus bidu,True
670201,Lucas,Piton,Lucas Piton,2025,978,lucas-piton,Brazil,Jundiaí,Italy,2000-10-09 00:00:00,Left-Back,Defender,left,175.0,2028-12-31 00:00:00,Gilvan Costa ,https://img.a.transfermarkt.technology/portrait/header/670201-1737731172.jpg?lm=1,,,,https://www.transfermarkt.co.uk/lucas-piton/profil/spieler/670201,BRA1,Club de Regatas Vasco da Gama,6000000.0,8000000.0,978,vasco-da-gama-rio-de-janeiro,Club de Regatas Vasco da Gama,BRA1,,32,26.1,10,31.3,5,Estádio São Januário,24584,+€23.85m,,2025,../data/raw/transfermarkt-scraper/2025/clubs.json.gz,https://www.transfermarkt.co.uk/vasco-da-gama-rio-de-janeiro/startseite/verein/978,lucas piton,True,lucas piton,Lucas Piton,LB,Vasco da Gama,2703.0,1.0,5.0,0.5,3.5,103.0,63.0,47.0,28.0,77.0,7.0,66.0,24.0,5.0,0.0,lucas piton,True
670522,,Matheus Davó,Matheus Davó,2024,3876,matheus-davo,Brazil,São Paulo,Brazil,1999-08-16 00:00:00,Centre-Forward,Attack,right,178.0,2027-06-30 00:00:00,,https://img.a.transfermarkt.technology/portrait/header/670522-1712086866.jpg?lm=1,,,,https://www.transfermarkt.co.uk/matheus-davo/profil/spieler/670522,BRA1,Mirasol Futebol Clube,,,3876,mirassol-futebol-clube-sp-,Mirasol Futebol Clube,BRA1,,32,30.1,1,3.1,0,Estádio Municipal José María de Campos Maia,14534,+€1.67m,,2025,../data/raw/transfermarkt-scraper/2025/clubs.json.gz,https://www.transfermarkt.co.uk/mirassol-futebol-clube-sp-/startseite/verein/3876,matheus davo,False,,,,,,,,,,,,,,,,,,,,,
670968,,Zé Gabriel,Zé Gabriel,2024,978,ze-gabriel,Brazil,Carmópolis,Brazil,1999-01-21 00:00:00,Defensive Midfield,Midfield,right,184.0,2026-11-30 00:00:00,,https://img.a.transfermarkt.technology/portrait/header/670968-1745453067.jpg?lm=1,,,,https://www.transfermarkt.co.uk/ze-gabriel/profil/spieler/670968,BRA1,Club de Regatas Vasco da Gama,,,978,vasco-da-gama-rio-de-janeiro,Club de Regatas Vasco da Gama,BRA1,,32,26.1,10,31.3,5,Estádio São Januário,24584,+€23.85m,,2025,../data/raw/transfermarkt-scraper/2025/clubs.json.gz,https://www.transfermarkt.co.uk/vasco-da-gama-rio-de-janeiro/startseite/verein/978,ze gabriel,True,ze gabriel,Zé Gabriel,CM,Vasco da Gama,457.0,0.0,0.0,0.7999999999999999,0.0,11.0,6.0,10.0,5.0,9.0,1.0,15.0,3.0,3.0,0.0,ze gabriel,True
671572,,Wagner Leonardo,Wagner Leonardo,2025,210,wagner-leonardo,Brazil,Praia Grande,Brazil,1999-07-23 00:00:00,Centre-Back,Defender,left,186.0,2028-12-31 00:00:00,Guti Football,https://img.a.transfermarkt.technology/portrait/header/671572-1660574557.jpg?lm=1,,,,https://www.transfermarkt.co.uk/wagner-leonardo/profil/spieler/671572,BRA1,Grêmio Foot-Ball Porto Alegrense,3000000.0,4000000.0,210,gremio-porto-alegre,Grêmio Foot-Ball Porto Alegrense,BRA1,,34,26.5,11,32.4,3,Arena do Grêmio,60540,€-6.38m,,2025,../data/raw/transfermarkt-scraper/2025/clubs.json.gz,https://www.transfermarkt.co.uk/gremio-porto-alegre/startseite/verein/210,wagner leonardo,False,,,,,,,,,,,,,,,,,,,,,
674732,,Wesley,Wesley,2024,6600,wesley,Brazil,Salvador,Brazil,1999-03-30 00:00:00,Left Winger,Attack,right,175.0,,Talents Sports,https://img.a.transfermarkt.technology/portrait/header/674732-1762261557.jpg?lm=1,,,,https://www.transfermarkt.co.uk/wesley/profil/spieler/674732,BRA1,Sport Club Internacional,,,6600,sc-internacional-porto-alegre,Sport Club Internacional,BRA1,,32,26.7,9,28.1,3,Estádio Beira-Rio,50848,+€41.39m,,2025,../data/raw/transfermarkt-scraper/2025/clubs.json.gz,https://www.transfermarkt.co.uk/sc-internacional-porto-alegre/startseite/verein/6600,wesley,True,wesley,Wesley,FW,Internacional,4251.0,8.0,2.0,6.1,5.7,183.0,167.0,233.0,123.0,184.0,13.0,97.0,56.0,4.0,0.0,wesley,True
675047,,Daniel Peixoto,Daniel Peixoto,2024,10492,daniel-peixoto,Brazil,Salvador,Brazil,1997-06-30 00:00:00,Defensive Midfield,Midfield,right,181.0,,LL SPORTS,https://img.a.transfermarkt.technology/portrait/header/675047-1725225793.jpg?lm=1,,,,https://www.transfermarkt.co.uk/daniel-peixoto/profil/spieler/675047,BRA1,Esporte Clube Juventude,,,10492,esporte-clube-juventude,Esporte Clube Juventude,BRA1,,29,28.3,3,10.3,0,Estádio Alfredo Jaconi,23726,+€1.13m,Roger Machado,2024,../data/raw/transfermarkt-scraper/2024/clubs.json.gz,https://www.transfermarkt.co.uk/esporte-clube-juventude/startseite/verein/10492,daniel peixoto,False,peixoto,Peixoto,DM,Juventude,20.0,0.0,0.0,0.1,0.0,1.0,1.0,0.0,0.0,0.0,0.0,3.0,0.0,1.0,0.0,peixoto,True
675178,Isidro,Pitta,Isidro Pitta,2025,8793,isidro-pitta,Paraguay,Tobatí,Paraguay,1999-08-14 00:00:00,Centre-Forward,Attack,right,185.0,2028-12-31 00:00:00,OTB Sports,https://img.a.transfermarkt.technology/portrait/header/675178-1745259011.jpg?lm=1,6.0,0.0,,https://www.transfermarkt.co.uk/isidro-pitta/profil/spieler/675178,BRA1,Red Bull Bragantino,7500000.0,7500000.0,8793,red-bull-bragantino,Red Bull Bragantino,BRA1,,39,25.6,9,23.1,3,Estádio Municipal Cicero De Souza Marques,12000,+€10.50m,,2025,../data/raw/transfermarkt-scraper/2025/clubs.json.gz,https://www.transfermarkt.co.uk/red-bull-bragantino/startseite/verein/8793,isidro pitta,True,isidro pitta,Isidro Pitta,FW,Cuiabá,2831.0,7.0,2.0,9.700000000000001,3.7,52.0,49.0,50.0,17.0,70.0,6.0,6.0,8.0,5.0,0.0,isidro pitta,True
676034,,Ewerthon,Ewerthon,2024,10492,ewerthon,Brazil,Recife,Brazil,2000-11-10 00:00:00,Right-Back,Defender,right,171.0,2026-12-31 00:00:00,Trust Football ,https://img.a.transfermarkt.technology/portrait/header/676034-1680120721.jpg?lm=1,,,,https://www.transfermarkt.co.uk/ewerthon/profil/spieler/676034,BRA1,Esporte Clube Juventude,,,10492,esporte-clube-juventude,Esporte Clube Juventude,BRA1,,29,28.3,3,10.3,0,Estádio Alfredo Jaconi,23726,+€1.13m,Roger Machado,2024,../data/raw/transfermarkt-scraper/2024/clubs.json.gz,https://www.transfermarkt.co.uk/esporte-clube-juventude/startseite/verein/10492,ewerthon,False,ewerton,Ewerton,RW,Juventude,1189.0,1.0,2.0,0.8,1.4000000000000001,36.0,10.0,11.0,6.0,29.0,4.0,28.0,8.0,1.0,0.0,ewerton,True
676035,Luciano,Juba,Luciano Juba,2025,10010,luciano-juba,Brazil,Jaboatão dos Guararapes,Brazil,1999-08-29 00:00:00,Left-Back,Defender,left,176.0,2029-12-31 00:00:00,Trust Football ,https://img.a.transfermarkt.technology/portrait/header/676035-1694193133.jpg?lm=1,0.0,0.0,,https://www.transfermarkt.co.uk/luciano-juba/profil/spieler/676035,BRA1,Esporte Clube Bahia,14000000.0,14000000.0,10010,esporte-clube-bahia,Esporte Clube Bahia,BRA1,,32,26.6,9,28.1,3,Arena Fonte Nova,47364,+€8.14m,,2025,../data/raw/transfermarkt-scraper/2025/clubs.json.gz,https://www.transfermarkt.co.uk/esporte-clube-bahia/startseite/verein/10010,luciano juba,True,luciano juba,Luciano Juba,LB,Bahia,3114.0,3.0,1.0,1.4000000000000001,4.5,148.0,47.0,24.0,10.0,80.0,3.0,47.0,24.0,2.0,0.0,luciano juba,True
678376,,Luan Freitas,Luan Freitas,2024,10492,luan-freitas,Brazil,Rio de Janeiro,Brazil,2001-01-20 00:00:00,Centre-Back,Defender,right,184.0,2027-12-31 00:00:00,,https://img.a.transfermarkt.technology/portrait/header/678376-1674434411.jpg?lm=1,0.0,0.0,,https://www.transfermarkt.co.uk/luan-freitas/profil/spieler/678376,BRA1,Esporte Clube Juventude,,,10492,esporte-clube-juventude,Esporte Clube Juventude,BRA1,,29,28.3,3,10.3,0,Estádio Alfredo Jaconi,23726,+€1.13m,Roger Machado,2024,../data/raw/transfermarkt-scraper/2024/clubs.json.gz,https://www.transfermarkt.co.uk/esporte-clube-juventude/startseite/verein/10492,luan freitas,False,,,,,,,,,,,,,,,,,,,,,
678439,,Mauricio,Mauricio,2025,1023,mauricio,Brazil,São Paulo,Paraguay,2001-06-22 00:00:00,Attacking Midfield,Midfield,left,175.0,2028-12-31 00:00:00,LINK SPORTS,https://img.a.transfermarkt.technology/portrait/header/678439-1746578477.jpg?lm=1,7.0,1.0,,https://www.transfermarkt.co.uk/mauricio/profil/spieler/678439,BRA1,Sociedade Esportiva Palmeiras,15000000.0,15000000.0,1023,se-palmeiras-sao-paulo,Sociedade Esportiva Palmeiras,BRA1,,31,25.9,9,29.0,10,Nubank Parque,43713,+€31.54m,,2025,../data/raw/transfermarkt-scraper/2025/clubs.json.gz,https://www.transfermarkt.co.uk/se-palmeiras-sao-paulo/startseite/verein/1023,mauricio,True,mauricio,Mauricio,RM,Internacional,1513.0,3.0,0.0,3.9,1.7000000000000002,53.0,19.0,15.0,3.0,53.0,4.0,18.0,10.0,2.0,0.0,mauricio,True
678502,,Guilherme Lopes,Guilherme Lopes,2024,8793,guilherme-lopes,Brazil,Brasília,Brazil,2002-02-14 00:00:00,Left-Back,Defender,left,178.0,2026-12-31 00:00:00,,https://img.a.transfermarkt.technology/portrait/header/678502-1717523962.jpg?lm=1,,,,https://www.transfermarkt.co.uk/guilherme-lopes/profil/spieler/678502,BRA1,Red Bull Bragantino,,,8793,red-bull-bragantino,Red Bull Bragantino,BRA1,,39,25.6,9,23.1,3,Estádio Municipal Cicero De Souza Marques,12000,+€10.50m,,2025,../data/raw/transfermarkt-scraper/2025/clubs.json.gz,https://www.transfermarkt.co.uk/red-bull-bragantino/startseite/verein/8793,guilherme lopes,False,,,,,,,,,,,,,,,,,,,,,
678853,,Matheus Araújo,Matheus Araújo,2024,2029,matheus-araujo,Brazil,Osasco,Brazil,2002-05-22 00:00:00,Attacking Midfield,Midfield,right,176.0,2027-12-31 00:00:00,Jose Renato Martinez,https://img.a.transfermarkt.technology/portrait/header/678853-1748472309.jpg?lm=1,3.0,0.0,,https://www.transfermarkt.co.uk/matheus-araujo/profil/spieler/678853,BRA1,Ceará Sporting Club,,,2029,ceara-sporting-club,Ceará Sporting Club,BRA1,,29,28.0,2,6.9,0,Estádio Governador Plácido Castelo,63904,+€2.30m,Anderson Batatais,2024,../data/raw/transfermarkt-scraper/2024/clubs.json.gz,https://www.transfermarkt.co.uk/ceara-sporting-club/startseite/verein/2029,matheus araujo,True,matheus araujo,Matheus Araújo,RW,Corinthians,43.0,0.0,0.0,0.0,0.0,4.0,0.0,0.0,0.0,1.0,1.0,1.0,0.0,0.0,0.0,matheus araujo,True
680506,José Andrés,Hurtado,José Andrés Hurtado,2025,8793,jose-andres-hurtado,Ecuador,Santo Domingo,Ecuador,2001-12-23 00:00:00,Right-Back,Defender,right,178.0,2027-12-31 00:00:00,,https://img.a.transfermarkt.technology/portrait/header/680506-1623343517.jpg?lm=1,10.0,0.0,,https://www.transfermarkt.co.uk/jose-andres-hurtado/profil/spieler/680506,BRA1,Red Bull Bragantino,3000000.0,3000000.0,8793,red-bull-bragantino,Red Bull Bragantino,BRA1,,39,25.6,9,23.1,3,Estádio Municipal Cicero De Souza Marques,12000,+€10.50m,,2025,../data/raw/transfermarkt-scraper/2025/clubs.json.gz,https://www.transfermarkt.co.uk/red-bull-bragantino/startseite/verein/8793,jose andres hurtado,False,jose hurtado,José Hurtado,RB,Red Bull Bragantino,1325.0,0.0,2.0,0.1,2.0999999999999996,56.0,39.0,18.0,11.0,33.0,6.0,23.0,11.0,2.0,0.0,jose hurtado,True
680681,,Negueba,Negueba,2025,3876,negueba,Brazil,Ceará-Mirim,Brazil,1999-12-03 00:00:00,Right Winger,Attack,right,173.0,2027-12-31 00:00:00,,https://img.a.transfermarkt.technology/portrait/header/680681-1682767739.jpg?lm=1,,,,https://www.transfermarkt.co.uk/negueba/profil/spieler/680681,BRA1,Mirasol Futebol Clube,3000000.0,3000000.0,3876,mirassol-futebol-clube-sp-,Mirasol Futebol Clube,BRA1,,32,30.1,1,3.1,0,Estádio Municipal José María de Campos Maia,14534,+€1.67m,,2025,../data/raw/transfermarkt-scraper/2025/clubs.json.gz,https://www.transfermarkt.co.uk/mirassol-futebol-clube-sp-/startseite/verein/3876,negueba,False,,,,,,,,,,,,,,,,,,,,,
685768,,Allanzinho,Allanzinho,2024,10870,allanzinho,Brazil,Bertioga,Brazil,2000-04-04 00:00:00,Left Winger,Attack,right,175.0,2026-12-31 00:00:00,Goldsports,https://img.a.transfermarkt.technology/portrait/header/685768-1705258273.jpg?lm=1,,,,https://www.transfermarkt.co.uk/allanzinho/profil/spieler/685768,BRA1,Fortaleza Esporte Clube,,,10870,fortaleza-esporte-clube,Fortaleza Esporte Clube,BRA1,,29,27.1,5,17.2,0,Estádio Governador Plácido Castelo,63904,+€6.25m,Juan Pablo Vojvoda,2024,../data/raw/transfermarkt-scraper/2024/clubs.json.gz,https://www.transfermarkt.co.uk/fortaleza-esporte-clube/startseite/verein/10870,allanzinho,False,,,,,,,,,,,,,,,,,,,,,
688310,,Lucas Lima,Lucas Lima,2024,2029,lucas-lima,Brazil,Magé,Brazil,2000-07-04 00:00:00,Defensive Midfield,Midfield,right,180.0,2027-12-31 00:00:00,Talents Sports,https://img.a.transfermarkt.technology/portrait/header/688310-1748472580.jpg?lm=1,,,,https://www.transfermarkt.co.uk/lucas-lima/profil/spieler/688310,BRA1,Ceará Sporting Club,,,2029,ceara-sporting-club,Ceará Sporting Club,BRA1,,29,28.0,2,6.9,0,Estádio Governador Plácido Castelo,63904,+€2.30m,Anderson Batatais,2024,../data/raw/transfermarkt-scraper/2024/clubs.json.gz,https://www.transfermarkt.co.uk/ceara-sporting-club/startseite/verein/2029,lucas lima,False,,,,,,,,,,,,,,,,,,,,,
688593,Santiago,Ramos Mingo,Santiago Ramos Mingo,2025,10010,santiago-ramos-mingo,Argentina,Córdoba,Argentina,2001-11-21 00:00:00,Centre-Back,Defender,left,186.0,2029-12-31 00:00:00,THE·TEAM,https://img.a.transfermarkt.technology/portrait/header/688593-1746577939.jpg?lm=1,,,,https://www.transfermarkt.co.uk/santiago-ramos-mingo/profil/spieler/688593,BRA1,Esporte Clube Bahia,12000000.0,12000000.0,10010,esporte-clube-bahia,Esporte Clube Bahia,BRA1,,32,26.6,9,28.1,3,Arena Fonte Nova,47364,+€8.14m,,2025,../data/raw/transfermarkt-scraper/2025/clubs.json.gz,https://www.transfermarkt.co.uk/esporte-clube-bahia/startseite/verein/10010,santiago ramos mingo,False,,,,,,,,,,,,,,,,,,,,,
688684,,Ronald,Ronald,2025,2125,ronald,Brazil,Belford Roxo,Brazil,1997-06-18 00:00:00,Defensive Midfield,Midfield,right,171.0,2028-06-30 00:00:00,AS Football,https://img.a.transfermarkt.technology/portrait/header/688684-1716603111.jpg?lm=1,,,,https://www.transfermarkt.co.uk/ronald/profil/spieler/688684,BRA1,Esporte Clube Vitória,700000.0,800000.0,2125,esporte-clube-vitoria,Esporte Clube Vitória,BRA1,,39,28.3,7,17.9,0,Estádio Manoel Barradas,30793,+€1.36m,,2025,../data/raw/transfermarkt-scraper/2025/clubs.json.gz,https://www.transfermarkt.co.uk/esporte-clube-vitoria/startseite/verein/2125,ronald,True,,,,,,,,,,,,,,,,,,,,,
688690,,Igor Formiga,Igor Formiga,2025,3876,igor-formiga,Brazil,Rio de Janeiro,Brazil,1999-01-08 00:00:00,Right-Back,Defender,right,177.0,2026-12-31 00:00:00,Elenko Sports Ltda.,https://img.a.transfermarkt.technology/portrait/header/688690-1661023067.jpg?lm=1,,,,https://www.transfermarkt.co.uk/igor-formiga/profil/spieler/688690,BRA1,Mirasol Futebol Clube,2000000.0,2000000.0,3876,mirassol-futebol-clube-sp-,Mirasol Futebol Clube,BRA1,,32,30.1,1,3.1,0,Estádio Municipal José María de Campos Maia,14534,+€1.67m,,2025,../data/raw/transfermarkt-scraper/2025/clubs.json.gz,https://www.transfermarkt.co.uk/mirassol-futebol-clube-sp-/startseite/verein/3876,igor formiga,False,,,,,,,,,,,,,,,,,,,,,
689017,,Ferreirinha,Ferreirinha,2025,585,ferreirinha,Brazil,Dourados,Brazil,1997-12-31 00:00:00,Left Winger,Attack,right,176.0,2027-12-31 00:00:00,4ComM,https://img.a.transfermarkt.technology/portrait/header/689017-1757490132.jpg?lm=1,,,,https://www.transfermarkt.co.uk/ferreirinha/profil/spieler/689017,BRA1,São Paulo Futebol Clube,4000000.0,9000000.0,585,fc-sao-paulo,São Paulo Futebol Clube,BRA1,,42,26.4,9,21.4,3,MorumBIS,72039,+€24.69m,,2025,../data/raw/transfermarkt-scraper/2025/clubs.json.gz,https://www.transfermarkt.co.uk/fc-sao-paulo/startseite/verein/585,ferreirinha,False,,,,,,,,,,,,,,,,,,,,,
689211,,Juan Nardoni,Juan Nardoni,2025,210,juan-nardoni,Argentina,Nelson,Argentina,2002-07-14 00:00:00,Central Midfield,Midfield,right,180.0,2029-12-31 00:00:00,,https://img.a.transfermarkt.technology/portrait/header/689211-1724349034.png?lm=1,10.0,0.0,,https://www.transfermarkt.co.uk/juan-nardoni/profil/spieler/689211,BRA1,Grêmio Foot-Ball Porto Alegrense,9000000.0,11000000.0,210,gremio-porto-alegre,Grêmio Foot-Ball Porto Alegrense,BRA1,,34,26.5,11,32.4,3,Arena do Grêmio,60540,€-6.38m,,2025,../data/raw/transfermarkt-scraper/2025/clubs.json.gz,https://www.transfermarkt.co.uk/gremio-porto-alegre/startseite/verein/210,juan nardoni,False,,,,,,,,,,,,,,,,,,,,,
689737,,Patrick de Lucca,Patrick de Lucca,2024,978,patrick-de-lucca,Brazil,São Paulo,Brazil,2000-03-02 00:00:00,Defensive Midfield,Midfield,right,180.0,2026-11-30 00:00:00,4ComM,https://img.a.transfermarkt.technology/portrait/header/689737-1661954146.jpg?lm=1,,,,https://www.transfermarkt.co.uk/patrick-de-lucca/profil/spieler/689737,BRA1,Club de Regatas Vasco da Gama,,,978,vasco-da-gama-rio-de-janeiro,Club de Regatas Vasco da Gama,BRA1,,32,26.1,10,31.3,5,Estádio São Januário,24584,+€23.85m,,2025,../data/raw/transfermarkt-scraper/2025/clubs.json.gz,https://www.transfermarkt.co.uk/vasco-da-gama-rio-de-janeiro/startseite/verein/978,patrick de lucca,False,,,,,,,,,,,,,,,,,,,,,
691811,,Dudu,Dudu,2025,2125,dudu,Brazil,São Vicente,Brazil,1999-06-05 00:00:00,Defensive Midfield,Midfield,left,186.0,2026-12-31 00:00:00,,https://img.a.transfermarkt.technology/portrait/header/691811-1683397765.jpg?lm=1,,,,https://www.transfermarkt.co.uk/dudu/profil/spieler/691811,BRA1,Esporte Clube Vitória,600000.0,600000.0,2125,esporte-clube-vitoria,Esporte Clube Vitória,BRA1,,39,28.3,7,17.9,0,Estádio Manoel Barradas,30793,+€1.36m,,2025,../data/raw/transfermarkt-scraper/2025/clubs.json.gz,https://www.transfermarkt.co.uk/esporte-clube-vitoria/startseite/verein/2125,dudu,True,,,,,,,,,,,,,,,,,,,,,
694928,,Samuel Lino,Samuel Lino,2025,614,samuel-lino,Brazil,Santo André,Brazil,1999-12-23 00:00:00,Left Winger,Attack,right,177.0,2029-12-31 00:00:00,ADM Esporte,https://img.a.transfermarkt.technology/portrait/header/694928-1695982815.jpg?lm=1,1.0,0.0,,https://www.transfermarkt.co.uk/samuel-lino/profil/spieler/694928,BRA1,Clube de Regatas do Flamengo,15000000.0,30000000.0,614,flamengo-rio-de-janeiro,Clube de Regatas do Flamengo,BRA1,,28,28.8,9,32.1,10,Estádio Jornalista Mário Filho,82238,€-13.92m,,2025,../data/raw/transfermarkt-scraper/2025/clubs.json.gz,https://www.transfermarkt.co.uk/flamengo-rio-de-janeiro/startseite/verein/614,samuel lino,False,,,,,,,,,,,,,,,,,,,,,
695232,Chrystian,Barletta,Chrystian Barletta,2024,8718,chrystian-barletta,Brazil,Limeira,Brazil,2001-07-05 00:00:00,Right Winger,Attack,left,178.0,2028-12-31 00:00:00,Elenko Sports Ltda.,https://img.a.transfermarkt.technology/portrait/header/695232-1706875247.jpg?lm=1,,,,https://www.transfermarkt.co.uk/chrystian-barletta/profil/spieler/695232,BRA1,Sport Club do Recife,,,8718,sport-club-do-recife,Sport Club do Recife,BRA1,,29,27.1,1,3.4,0,Estádio Adelmar da Costa Carvalho,35000,+€2.95m,Mariano Soso,2024,../data/raw/transfermarkt-scraper/2024/clubs.json.gz,https://www.transfermarkt.co.uk/sport-club-do-recife/startseite/verein/8718,chrystian barletta,False,,,,,,,,,,,,,,,,,,,,,
697845,,Claudinho,Claudinho,2025,2125,claudinho,Brazil,Nova Veneza,Brazil,2000-09-24 00:00:00,Right-Back,Defender,right,180.0,2027-12-31 00:00:00,MPX SPORTS,https://img.a.transfermarkt.technology/portrait/header/697845-1662654759.jpg?lm=1,,,,https://www.transfermarkt.co.uk/claudinho/profil/spieler/697845,BRA1,Esporte Clube Vitória,1700000.0,2500000.0,2125,esporte-clube-vitoria,Esporte Clube Vitória,BRA1,,39,28.3,7,17.9,0,Estádio Manoel Barradas,30793,+€1.36m,,2025,../data/raw/transfermarkt-scraper/2025/clubs.json.gz,https://www.transfermarkt.co.uk/esporte-clube-vitoria/startseite/verein/2125,claudinho,True,claudinho,Claudinho,RB,Criciúma,2047.0,2.0,3.0,0.8,3.5,115.0,43.0,38.0,21.0,72.0,4.0,58.0,40.0,3.0,1.0,claudinho,True
703322,,Bruno Gomes,Bruno Gomes,2025,6600,bruno-gomes,Brazil,Rio de Janeiro,Brazil,2001-04-04 00:00:00,Right-Back,Defender,right,175.0,2027-12-31 00:00:00,LINK SPORTS,https://img.a.transfermarkt.technology/portrait/header/703322-1662693325.jpg?lm=1,5.0,0.0,,https://www.transfermarkt.co.uk/bruno-gomes/profil/spieler/703322,BRA1,Sport Club Internacional,6000000.0,6000000.0,6600,sc-internacional-porto-alegre,Sport Club Internacional,BRA1,,32,26.7,9,28.1,3,Estádio Beira-Rio,50848,+€41.39m,,2025,../data/raw/transfermarkt-scraper/2025/clubs.json.gz,https://www.transfermarkt.co.uk/sc-internacional-porto-alegre/startseite/verein/6600,bruno gomes,True,bruno gomes,Bruno Gomes,CM,Internacional,2157.0,1.0,2.0,0.5,1.0,152.0,58.0,37.0,21.0,46.0,5.0,62.0,30.0,3.0,0.0,bruno gomes,True
707447,Emiliano,Martínez,Emiliano Martínez,2025,1023,emiliano-martinez,Uruguay,Punta del Este,Uruguay,1999-08-17 00:00:00,Defensive Midfield,Midfield,right,184.0,2029-12-31 00:00:00,Talents Sports,https://img.a.transfermarkt.technology/portrait/header/707447-1720681061.jpg?lm=1,10.0,0.0,,https://www.transfermarkt.co.uk/emiliano-martinez/profil/spieler/707447,BRA1,Sociedade Esportiva Palmeiras,6500000.0,9000000.0,1023,se-palmeiras-sao-paulo,Sociedade Esportiva Palmeiras,BRA1,,31,25.9,9,29.0,10,Nubank Parque,43713,+€31.54m,,2025,../data/raw/transfermarkt-scraper/2025/clubs.json.gz,https://www.transfermarkt.co.uk/se-palmeiras-sao-paulo/startseite/verein/1023,emiliano martinez,False,,,,,,,,,,,,,,,,,,,,,
708723,Matheus,Donelli,Matheus Donelli,2025,199,matheus-donelli,Brazil,São Paulo,Brazil,2002-05-17 00:00:00,Goalkeeper,Goalkeeper,right,187.0,2028-06-30 00:00:00,Gestifute,https://img.a.transfermarkt.technology/portrait/header/708723-1725326064.jpg?lm=1,1.0,0.0,,https://www.transfermarkt.co.uk/matheus-donelli/profil/spieler/708723,BRA1,Sport Club Corinthians Paulista,1000000.0,2500000.0,199,corinthians-sao-paulo,Sport Club Corinthians Paulista,BRA1,,34,27.2,7,20.6,3,Neo Química Arena,49205,+€2.19m,,2025,../data/raw/transfermarkt-scraper/2025/clubs.json.gz,https://www.transfermarkt.co.uk/corinthians-sao-paulo/startseite/verein/199,matheus donelli,True,matheus donelli,Matheus Donelli,GK,Corinthians,630.0,0.0,0.0,0.0,0.0,0.0,0.0,0.0,0.0,0.0,0.0,0.0,0.0,0.0,0.0,matheus donelli,True
719635,Alexandro,Bernabei,Alexandro Bernabei,2025,6600,alexandro-bernabei,Argentina,Cañada de Gómez,Argentina,2000-09-24 00:00:00,Left-Back,Defender,left,169.0,2028-12-31 00:00:00,OLLER GROUP,https://img.a.transfermarkt.technology/portrait/header/719635-1636410028.JPG?lm=1,2.0,0.0,,https://www.transfermarkt.co.uk/alexandro-bernabei/profil/spieler/719635,BRA1,Sport Club Internacional,8000000.0,8000000.0,6600,sc-internacional-porto-alegre,Sport Club Internacional,BRA1,,32,26.7,9,28.1,3,Estádio Beira-Rio,50848,+€41.39m,,2025,../data/raw/transfermarkt-scraper/2025/clubs.json.gz,https://www.transfermarkt.co.uk/sc-internacional-porto-alegre/startseite/verein/6600,alexandro bernabei,True,alexandro bernabei,Alexandro Bernabei,LB,Internacional,2063.0,3.0,5.0,1.2,4.9,113.0,60.0,64.0,27.0,74.0,9.0,56.0,26.0,5.0,0.0,alexandro bernabei,True
720294,,Lautaro Díaz,Lautaro Díaz,2025,221,lautaro-diaz,Argentina,Buenos Aires,Argentina,1998-05-21 00:00:00,Centre-Forward,Attack,right,181.0,2026-12-31 00:00:00,OTB Sports,https://img.a.transfermarkt.technology/portrait/header/720294-1774482394.jpg?lm=1,,,,https://www.transfermarkt.co.uk/lautaro-diaz/profil/spieler/720294,BRA1,Santos Futebol Clube,1500000.0,1500000.0,221,fc-santos,Santos Futebol Clube,BRA1,,37,26.7,9,24.3,4,Estádio Urbano Caldeira,16068,+€7.21m,,2025,../data/raw/transfermarkt-scraper/2025/clubs.json.gz,https://www.transfermarkt.co.uk/fc-santos/startseite/verein/221,lautaro diaz,True,lautaro diaz,Lautaro Díaz,LW,Cruzeiro,959.0,1.0,0.0,2.4,0.5,15.0,15.0,27.0,5.0,26.0,0.0,8.0,2.0,1.0,0.0,lautaro diaz,True
722454,,Marco Antônio,Marco Antônio,2024,2125,marco-antonio,Brazil,Santo Antônio de Jesus,Brazil,2000-09-24 00:00:00,Centre-Back,Defender,right,178.0,,Antoniu's Assessoria,https://img.a.transfermarkt.technology/portrait/header/722454-1754145759.png?lm=1,,,,https://www.transfermarkt.co.uk/marco-antonio/profil/spieler/722454,BRA1,Esporte Clube Vitória,,,2125,esporte-clube-vitoria,Esporte Clube Vitória,BRA1,,39,28.3,7,17.9,0,Estádio Manoel Barradas,30793,+€1.36m,,2025,../data/raw/transfermarkt-scraper/2025/clubs.json.gz,https://www.transfermarkt.co.uk/esporte-clube-vitoria/startseite/verein/2125,marco antonio,False,,,,,,,,,,,,,,,,,,,,,
722457,,Fabrício,Fabrício,2025,8793,fabricio,Brazil,Itaquiraí,Brazil,2000-06-15 00:00:00,Goalkeeper,Goalkeeper,right,190.0,2027-12-31 00:00:00,Trust Football ,https://img.a.transfermarkt.technology/portrait/header/722457-1682527585.jpg?lm=1,,,,https://www.transfermarkt.co.uk/fabricio/profil/spieler/722457,BRA1,Red Bull Bragantino,100000.0,100000.0,8793,red-bull-bragantino,Red Bull Bragantino,BRA1,,39,25.6,9,23.1,3,Estádio Municipal Cicero De Souza Marques,12000,+€10.50m,,2025,../data/raw/transfermarkt-scraper/2025/clubs.json.gz,https://www.transfermarkt.co.uk/red-bull-bragantino/startseite/verein/8793,fabricio,True,fabricio,Fabrício,GK,Internacional,810.0,0.0,0.0,0.0,0.0,0.0,0.0,0.0,0.0,0.0,0.0,0.0,0.0,0.0,0.0,fabricio,True
723853,Erick,Noriega,Erick Noriega,2025,210,erick-noriega,Japan,Nagoya,Peru,2001-10-22 00:00:00,Defensive Midfield,Midfield,right,185.0,2028-12-31 00:00:00,ZportAgency,https://img.a.transfermarkt.technology/portrait/header/723853-1736797374.jpg?lm=1,11.0,0.0,3584.0,https://www.transfermarkt.co.uk/erick-noriega/profil/spieler/723853,BRA1,Grêmio Foot-Ball Porto Alegrense,5000000.0,5000000.0,210,gremio-porto-alegre,Grêmio Foot-Ball Porto Alegrense,BRA1,,34,26.5,11,32.4,3,Arena do Grêmio,60540,€-6.38m,,2025,../data/raw/transfermarkt-scraper/2025/clubs.json.gz,https://www.transfermarkt.co.uk/gremio-porto-alegre/startseite/verein/210,erick noriega,False,,,,,,,,,,,,,,,,,,,,,
726472,,Léo Pereira,Léo Pereira,2024,2125,leo-pereira,Brazil,Bauru,Brazil,2000-06-29 00:00:00,Left Winger,Attack,both,172.0,2028-12-31 00:00:00,,https://img.a.transfermarkt.technology/portrait/header/726472-1768676815.png?lm=1,,,,https://www.transfermarkt.co.uk/leo-pereira/profil/spieler/726472,BRA1,Esporte Clube Vitória,1200000.0,1500000.0,2125,esporte-clube-vitoria,Esporte Clube Vitória,BRA1,,39,28.3,7,17.9,0,Estádio Manoel Barradas,30793,+€1.36m,,2025,../data/raw/transfermarkt-scraper/2025/clubs.json.gz,https://www.transfermarkt.co.uk/esporte-clube-vitoria/startseite/verein/2125,leo pereira,True,,,,,,,,,,,,,,,,,,,,,
727747,,Carlos Alberto,Carlos Alberto,2024,537,carlos-alberto,Brazil,João Pessoa,Brazil,2002-04-14 00:00:00,Right Winger,Attack,right,181.0,2026-12-31 00:00:00,Casa Soccer M9,https://img.a.transfermarkt.technology/portrait/header/727747-1709884918.png?lm=1,3.0,0.0,,https://www.transfermarkt.co.uk/carlos-alberto/profil/spieler/727747,BRA1,S. A. F. Botafogo,1300000.0,1300000.0,537,botafogo-rio-de-janeiro,S. A. F. Botafogo,BRA1,,34,26.2,13,38.2,5,Estádio Olímpico Nilton Santos,46931,+€40.04m,,2025,../data/raw/transfermarkt-scraper/2025/clubs.json.gz,https://www.transfermarkt.co.uk/botafogo-rio-de-janeiro/startseite/verein/537,carlos alberto,True,carlos alberto,Carlos Alberto,FW,Botafogo (RJ),212.0,1.0,0.0,1.6,0.2,4.0,7.0,6.0,4.0,7.0,0.0,3.0,4.0,0.0,0.0,carlos alberto,True
727751,,Caio Alexandre,Caio Alexandre,2025,10010,caio-alexandre,Brazil,Duque de Caxias,Brazil,1999-02-24 00:00:00,Defensive Midfield,Midfield,right,174.0,2028-12-31 00:00:00,A10 PRO,https://img.a.transfermarkt.technology/portrait/header/727751-1630778955.png?lm=1,,,,https://www.transfermarkt.co.uk/caio-alexandre/profil/spieler/727751,BRA1,Esporte Clube Bahia,7000000.0,7000000.0,10010,esporte-clube-bahia,Esporte Clube Bahia,BRA1,,32,26.6,9,28.1,3,Arena Fonte Nova,47364,+€8.14m,,2025,../data/raw/transfermarkt-scraper/2025/clubs.json.gz,https://www.transfermarkt.co.uk/esporte-clube-bahia/startseite/verein/10010,caio alexandre,True,caio alexandre,Caio Alexandre,CM,Bahia,2774.0,2.0,0.0,0.8,2.3000000000000003,235.0,80.0,30.0,17.0,81.0,4.0,59.0,27.0,6.0,0.0,caio alexandre,True
730708,,Hugo,Hugo,2025,199,hugo,Brazil,Arapiraca,Brazil,1997-08-29 00:00:00,Left-Back,Defender,left,179.0,2026-12-31 00:00:00,,https://img.a.transfermarkt.technology/portrait/header/730708-1700062381.jpg?lm=1,,,,https://www.transfermarkt.co.uk/hugo/profil/spieler/730708,BRA1,Sport Club Corinthians Paulista,700000.0,1500000.0,199,corinthians-sao-paulo,Sport Club Corinthians Paulista,BRA1,,34,27.2,7,20.6,3,Neo Química Arena,49205,+€2.19m,,2025,../data/raw/transfermarkt-scraper/2025/clubs.json.gz,https://www.transfermarkt.co.uk/corinthians-sao-paulo/startseite/verein/199,hugo,True,,,,,,,,,,,,,,,,,,,,,
732899,Guzmán,Rodríguez,Guzmán Rodríguez,2025,8793,guzman-rodriguez,Uruguay,Montevideo,Uruguay,2000-02-08 00:00:00,Centre-Back,Defender,right,185.0,2029-12-31 00:00:00,GZS,https://img.a.transfermarkt.technology/portrait/header/732899-1721245448.jpg?lm=1,,,,https://www.transfermarkt.co.uk/guzman-rodriguez/profil/spieler/732899,BRA1,Red Bull Bragantino,3500000.0,4000000.0,8793,red-bull-bragantino,Red Bull Bragantino,BRA1,,39,25.6,9,23.1,3,Estádio Municipal Cicero De Souza Marques,12000,+€10.50m,,2025,../data/raw/transfermarkt-scraper/2025/clubs.json.gz,https://www.transfermarkt.co.uk/red-bull-bragantino/startseite/verein/8793,guzman rodriguez,False,,,,,,,,,,,,,,,,,,,,,
737821,Patrick,de Paula,Patrick de Paula,2025,537,patrick-de-paula,Brazil,Rio de Janeiro,Brazil,1999-09-08 00:00:00,Defensive Midfield,Midfield,left,180.0,2026-12-31 00:00:00,Fama Sports,https://img.a.transfermarkt.technology/portrait/header/737821-1726689084.jpg?lm=1,,,,https://www.transfermarkt.co.uk/patrick-de-paula/profil/spieler/737821,BRA1,S. A. F. Botafogo,2500000.0,16000000.0,537,botafogo-rio-de-janeiro,S. A. F. Botafogo,BRA1,,34,26.2,13,38.2,5,Estádio Olímpico Nilton Santos,46931,+€40.04m,,2025,../data/raw/transfermarkt-scraper/2025/clubs.json.gz,https://www.transfermarkt.co.uk/botafogo-rio-de-janeiro/startseite/verein/537,patrick de paula,True,patrick de paula,Patrick de Paula,AM,Botafogo (RJ),300.0,0.0,0.0,0.1,0.0,16.0,4.0,1.0,1.0,6.0,0.0,10.0,5.0,3.0,0.0,patrick de paula,True
738411,,Adriano,Adriano,2024,8718,adriano,Brazil,Codó,Brazil,2003-03-07 00:00:00,Goalkeeper,Goalkeeper,right,,,,https://img.a.transfermarkt.technology/portrait/header/default.jpg?lm=1,,,,https://www.transfermarkt.co.uk/adriano/profil/spieler/738411,BRA1,Sport Club do Recife,,,8718,sport-club-do-recife,Sport Club do Recife,BRA1,,29,27.1,1,3.4,0,Estádio Adelmar da Costa Carvalho,35000,+€2.95m,Mariano Soso,2024,../data/raw/transfermarkt-scraper/2024/clubs.json.gz,https://www.transfermarkt.co.uk/sport-club-do-recife/startseite/verein/8718,adriano,False,,,,,,,,,,,,,,,,,,,,,
739272,,Adriano Martins,Adriano Martins,2024,10492,adriano-martins,Brazil,Rio de Janeiro,Brazil,1997-04-01 00:00:00,Centre-Back,Defender,right,193.0,2026-12-31 00:00:00,,https://img.a.transfermarkt.technology/portrait/header/739272-1720884098.jpg?lm=1,,,,https://www.transfermarkt.co.uk/adriano-martins/profil/spieler/739272,BRA1,Esporte Clube Juventude,,,10492,esporte-clube-juventude,Esporte Clube Juventude,BRA1,,29,28.3,3,10.3,0,Estádio Alfredo Jaconi,23726,+€1.13m,Roger Machado,2024,../data/raw/transfermarkt-scraper/2024/clubs.json.gz,https://www.transfermarkt.co.uk/esporte-clube-juventude/startseite/verein/10492,adriano martins,True,adriano martins,Adriano Martins,CB,Atlético Goianiense,2990.0,0.0,0.0,1.2000000000000002,0.0,106.0,24.0,14.0,8.0,22.0,1.0,43.0,41.0,7.0,0.0,adriano martins,True
740157,,Hugo,Hugo,2024,2125,hugo,Brazil,João Pessoa,Brazil,2001-09-20 00:00:00,Left-Back,Defender,left,175.0,,BS Football Business,https://img.a.transfermarkt.technology/portrait/header/740157-1705952500.jpg?lm=1,,,,https://www.transfermarkt.co.uk/hugo/profil/spieler/740157,BRA1,Esporte Clube Vitória,,,2125,esporte-clube-vitoria,Esporte Clube Vitória,BRA1,,39,28.3,7,17.9,0,Estádio Manoel Barradas,30793,+€1.36m,,2025,../data/raw/transfermarkt-scraper/2025/clubs.json.gz,https://www.transfermarkt.co.uk/esporte-clube-vitoria/startseite/verein/2125,hugo,True,,,,,,,,,,,,,,,,,,,,,
740272,,Fintelman,Fintelman,2025,2125,fintelman,Brazil,Petrópolis,Brazil,2001-07-20 00:00:00,Goalkeeper,Goalkeeper,right,195.0,2027-12-31 00:00:00,JF AGENCIAMENTO,https://img.a.transfermarkt.technology/portrait/header/default.jpg?lm=1,,,,https://www.transfermarkt.co.uk/fintelman/profil/spieler/740272,BRA1,Esporte Clube Vitória,100000.0,100000.0,2125,esporte-clube-vitoria,Esporte Clube Vitória,BRA1,,39,28.3,7,17.9,0,Estádio Manoel Barradas,30793,+€1.36m,,2025,../data/raw/transfermarkt-scraper/2025/clubs.json.gz,https://www.transfermarkt.co.uk/esporte-clube-vitoria/startseite/verein/2125,fintelman,False,,,,,,,,,,,,,,,,,,,,,
740273,,Nathan,Nathan,2024,6600,nathan,Brazil,Rio de Janeiro,Brazil,2001-09-05 00:00:00,Right-Back,Defender,right,183.0,2026-12-31 00:00:00,,https://img.a.transfermarkt.technology/portrait/header/740273-1641552817.jpg?lm=1,,,,https://www.transfermarkt.co.uk/nathan/profil/spieler/740273,BRA1,Sport Club Internacional,2000000.0,3000000.0,6600,sc-internacional-porto-alegre,Sport Club Internacional,BRA1,,32,26.7,9,28.1,3,Estádio Beira-Rio,50848,+€41.39m,,2025,../data/raw/transfermarkt-scraper/2025/clubs.json.gz,https://www.transfermarkt.co.uk/sc-internacional-porto-alegre/startseite/verein/6600,nathan,True,,,,,,,,,,,,,,,,,,,,,
740295,,Natanael,Natanael,2025,330,natanael,Brazil,Braganey,Brazil,2002-01-05 00:00:00,Right-Back,Defender,right,172.0,2028-12-31 00:00:00,GR2,https://img.a.transfermarkt.technology/portrait/header/740295-1662692660.jpg?lm=1,,,,https://www.transfermarkt.co.uk/natanael/profil/spieler/740295,BRA1,Clube Atlético Mineiro,4500000.0,6000000.0,330,clube-atletico-mineiro,Clube Atlético Mineiro,BRA1,,33,25.7,9,27.3,6,Arena MRV,44892,€-1.24m,,2025,../data/raw/transfermarkt-scraper/2025/clubs.json.gz,https://www.transfermarkt.co.uk/clube-atletico-mineiro/startseite/verein/330,natanael,False,,,,,,,,,,,,,,,,,,,,,
740491,,Kelvi Gomes,Kelvi Gomes,2024,10492,kelvi-gomes,Brazil,Ilópolis,Brazil,2002-10-17 00:00:00,Defensive Midfield,Midfield,right,182.0,,,https://img.a.transfermarkt.technology/portrait/header/740491-1698670088.jpg?lm=1,,,,https://www.transfermarkt.co.uk/kelvi-gomes/profil/spieler/740491,BRA1,Esporte Clube Juventude,,,10492,esporte-clube-juventude,Esporte Clube Juventude,BRA1,,29,28.3,3,10.3,0,Estádio Alfredo Jaconi,23726,+€1.13m,Roger Machado,2024,../data/raw/transfermarkt-scraper/2024/clubs.json.gz,https://www.transfermarkt.co.uk/esporte-clube-juventude/startseite/verein/10492,kelvi gomes,False,,,,,,,,,,,,,,,,,,,,,
740501,,Gabriel Xavier,Gabriel Xavier,2025,10010,gabriel-xavier,Brazil,Andradina,Brazil,2001-05-06 00:00:00,Centre-Back,Defender,right,190.0,2029-12-31 00:00:00,FOR PLAYER,https://img.a.transfermarkt.technology/portrait/header/740501-1660518590.jpg?lm=1,,,,https://www.transfermarkt.co.uk/gabriel-xavier/profil/spieler/740501,BRA1,Esporte Clube Bahia,4000000.0,4000000.0,10010,esporte-clube-bahia,Esporte Clube Bahia,BRA1,,32,26.6,9,28.1,3,Arena Fonte Nova,47364,+€8.14m,,2025,../data/raw/transfermarkt-scraper/2025/clubs.json.gz,https://www.transfermarkt.co.uk/esporte-clube-bahia/startseite/verein/10010,gabriel xavier,False,,,,,,,,,,,,,,,,,,,,,
741021,,Matheus Bahia,Matheus Bahia,2025,6600,matheus-bahia,Brazil,Salvador,Brazil,1999-08-11 00:00:00,Left-Back,Defender,left,181.0,2027-12-31 00:00:00,Talents Sports,https://img.a.transfermarkt.technology/portrait/header/741021-1748481140.jpg?lm=1,,,,https://www.transfermarkt.co.uk/matheus-bahia/profil/spieler/741021,BRA1,Sport Club Internacional,3000000.0,3000000.0,6600,sc-internacional-porto-alegre,Sport Club Internacional,BRA1,,32,26.7,9,28.1,3,Estádio Beira-Rio,50848,+€41.39m,,2025,../data/raw/transfermarkt-scraper/2025/clubs.json.gz,https://www.transfermarkt.co.uk/sc-internacional-porto-alegre/startseite/verein/6600,matheus bahia,False,,,,,,,,,,,,,,,,,,,,,
742025,,Guilherme Pato,Guilherme Pato,2024,3876,guilherme-pato,Brazil,Quaraí,Brazil,2001-02-17 00:00:00,Left Winger,Attack,right,164.0,2026-11-30 00:00:00,OTB Sports,https://img.a.transfermarkt.technology/portrait/header/742025-1671107693.png?lm=1,,,,https://www.transfermarkt.co.uk/guilherme-pato/profil/spieler/742025,BRA1,Mirasol Futebol Clube,,,3876,mirassol-futebol-clube-sp-,Mirasol Futebol Clube,BRA1,,32,30.1,1,3.1,0,Estádio Municipal José María de Campos Maia,14534,+€1.67m,,2025,../data/raw/transfermarkt-scraper/2025/clubs.json.gz,https://www.transfermarkt.co.uk/mirassol-futebol-clube-sp-/startseite/verein/3876,guilherme pato,False,,,,,,,,,,,,,,,,,,,,,
742034,,Léo Linck,Léo Linck,2025,537,leo-linck,Brazil,Marechal Cândido Rondon,Brazil,2001-03-03 00:00:00,Goalkeeper,Goalkeeper,right,194.0,2028-12-31 00:00:00,R13 Fussball,https://img.a.transfermarkt.technology/portrait/header/742034-1725390828.jpg?lm=1,3.0,0.0,,https://www.transfermarkt.co.uk/leo-linck/profil/spieler/742034,BRA1,S. A. F. Botafogo,2500000.0,3000000.0,537,botafogo-rio-de-janeiro,S. A. F. Botafogo,BRA1,,34,26.2,13,38.2,5,Estádio Olímpico Nilton Santos,46931,+€40.04m,,2025,../data/raw/transfermarkt-scraper/2025/clubs.json.gz,https://www.transfermarkt.co.uk/botafogo-rio-de-janeiro/startseite/verein/537,leo linck,False,leonardo linck,Leonardo Linck,GK,Athletico Paranaense,1223.0,0.0,0.0,0.0,0.5,1.0,0.0,0.0,0.0,4.0,0.0,0.0,0.0,0.0,1.0,leonardo linck,True
742855,,Gabriel Lacerda,Gabriel Lacerda,2024,2029,gabriel-lacerda,Brazil,Caieiras,Brazil,1999-08-29 00:00:00,Centre-Back,Defender,right,190.0,2026-12-31 00:00:00,,https://img.a.transfermarkt.technology/portrait/header/742855-1705682510.JPG?lm=1,,,,https://www.transfermarkt.co.uk/gabriel-lacerda/profil/spieler/742855,BRA1,Ceará Sporting Club,,,2029,ceara-sporting-club,Ceará Sporting Club,BRA1,,29,28.0,2,6.9,0,Estádio Governador Plácido Castelo,63904,+€2.30m,Anderson Batatais,2024,../data/raw/transfermarkt-scraper/2024/clubs.json.gz,https://www.transfermarkt.co.uk/ceara-sporting-club/startseite/verein/2029,gabriel lacerda,False,,,,,,,,,,,,,,,,,,,,,
743588,,Rômulo,Rômulo,2025,330,romulo,Brazil,Belo Horizonte,Brazil,2004-01-31 00:00:00,Centre-Back,Defender,right,183.0,2027-12-31 00:00:00,,https://img.a.transfermarkt.technology/portrait/header/743588-1745582685.jpg?lm=1,0.0,0.0,,https://www.transfermarkt.co.uk/romulo/profil/spieler/743588,BRA1,Clube Atlético Mineiro,,,330,clube-atletico-mineiro,Clube Atlético Mineiro,BRA1,,33,25.7,9,27.3,6,Arena MRV,44892,€-1.24m,,2025,../data/raw/transfermarkt-scraper/2025/clubs.json.gz,https://www.transfermarkt.co.uk/clube-atletico-mineiro/startseite/verein/330,romulo,True,,,,,,,,,,,,,,,,,,,,,
743593,,Rodriguinho,Rodriguinho,2025,8793,rodriguinho,Brazil,Mineiros,Brazil,2004-03-16 00:00:00,Attacking Midfield,Midfield,right,186.0,2030-12-31 00:00:00,Bertolucci Sports,https://img.a.transfermarkt.technology/portrait/header/743593-1690218912.jpg?lm=1,3.0,0.0,,https://www.transfermarkt.co.uk/rodriguinho/profil/spieler/743593,BRA1,Red Bull Bragantino,6000000.0,6000000.0,8793,red-bull-bragantino,Red Bull Bragantino,BRA1,,39,25.6,9,23.1,3,Estádio Municipal Cicero De Souza Marques,12000,+€10.50m,,2025,../data/raw/transfermarkt-scraper/2025/clubs.json.gz,https://www.transfermarkt.co.uk/red-bull-bragantino/startseite/verein/8793,rodriguinho,False,,,,,,,,,,,,,,,,,,,,,
743597,Matheus,França,Matheus França,2025,978,matheus-franca,Brazil,Rio de Janeiro,Brazil,2004-04-01 00:00:00,Attacking Midfield,Midfield,right,184.0,2026-06-30 00:00:00,LIFEPRO,https://img.a.transfermarkt.technology/portrait/header/743597-1708426107.jpg?lm=1,2.0,0.0,,https://www.transfermarkt.co.uk/matheus-franca/profil/spieler/743597,BRA1,Club de Regatas Vasco da Gama,6000000.0,15000000.0,978,vasco-da-gama-rio-de-janeiro,Club de Regatas Vasco da Gama,BRA1,,32,26.1,10,31.3,5,Estádio São Januário,24584,+€23.85m,,2025,../data/raw/transfermarkt-scraper/2025/clubs.json.gz,https://www.transfermarkt.co.uk/vasco-da-gama-rio-de-janeiro/startseite/verein/978,matheus franca,False,,,,,,,,,,,,,,,,,,,,,
743831,,Renato Santos,Renato Santos,2025,199,renato-santos,Brazil,Vitória da Conquista,Brazil,2004-10-11 00:00:00,Centre-Back,Defender,right,188.0,2027-07-31 00:00:00,Guadagno Sports,https://img.a.transfermarkt.technology/portrait/header/default.jpg?lm=1,2.0,0.0,,https://www.transfermarkt.co.uk/renato-santos/profil/spieler/743831,BRA1,Sport Club Corinthians Paulista,,,199,corinthians-sao-paulo,Sport Club Corinthians Paulista,BRA1,,34,27.2,7,20.6,3,Neo Química Arena,49205,+€2.19m,,2025,../data/raw/transfermarkt-scraper/2025/clubs.json.gz,https://www.transfermarkt.co.uk/corinthians-sao-paulo/startseite/verein/199,renato santos,False,,,,,,,,,,,,,,,,,,,,,
744024,,João Marcelo,João Marcelo,2025,609,joao-marcelo,Brazil,Rio de Janeiro,Brazil,2000-06-13 00:00:00,Centre-Back,Defender,right,190.0,2028-12-31 00:00:00,Brazil Soccer,https://img.a.transfermarkt.technology/portrait/header/744024-1697289524.jpg?lm=1,,,,https://www.transfermarkt.co.uk/joao-marcelo/profil/spieler/744024,BRA1,Cruzeiro Esporte Clube,3000000.0,5500000.0,609,ec-cruzeiro-belo-horizonte,Cruzeiro Esporte Clube,BRA1,,30,26.8,7,23.3,3,Estádio Governador Magalhães Pinto,61927,€-36.26m,,2025,../data/raw/transfermarkt-scraper/2025/clubs.json.gz,https://www.transfermarkt.co.uk/ec-cruzeiro-belo-horizonte/startseite/verein/609,joao marcelo,True,,,,,,,,,,,,,,,,,,,,,
745191,Ramón,Sosa,Ramón Sosa,2025,1023,ramon-sosa,Paraguay,Maracaná,Paraguay,1999-08-31 00:00:00,Second Striker,Attack,right,178.0,2030-06-30 00:00:00,Osvaldo Daniel Campo,https://img.a.transfermarkt.technology/portrait/header/745191-1731056200.jpg?lm=1,30.0,1.0,,https://www.transfermarkt.co.uk/ramon-sosa/profil/spieler/745191,BRA1,Sociedade Esportiva Palmeiras,10000000.0,13000000.0,1023,se-palmeiras-sao-paulo,Sociedade Esportiva Palmeiras,BRA1,,31,25.9,9,29.0,10,Nubank Parque,43713,+€31.54m,,2025,../data/raw/transfermarkt-scraper/2025/clubs.json.gz,https://www.transfermarkt.co.uk/se-palmeiras-sao-paulo/startseite/verein/1023,ramon sosa,False,,,,,,,,,,,,,,,,,,,,,
745927,Kevin,Serna,Kevin Serna,2025,2462,kevin-serna,Colombia,Popayán,Colombia,1997-12-17 00:00:00,Right Winger,Attack,right,182.0,2028-12-31 00:00:00,,https://img.a.transfermarkt.technology/portrait/header/745927-1706027052.jpg?lm=1,2.0,0.0,,https://www.transfermarkt.co.uk/kevin-serna/profil/spieler/745927,BRA1,Fluminense Football Club,5000000.0,5000000.0,2462,fluminense-rio-de-janeiro,Fluminense Football Club,BRA1,,33,29.7,11,33.3,4,Estádio Jornalista Mário Filho,82238,€-6.76m,,2025,../data/raw/transfermarkt-scraper/2025/clubs.json.gz,https://www.transfermarkt.co.uk/fluminense-rio-de-janeiro/startseite/verein/2462,kevin serna,True,kevin serna,Kevin Serna,LW,Fluminense,872.0,3.0,2.0,2.6,1.2,13.0,41.0,61.0,27.0,25.0,6.0,26.0,6.0,1.0,0.0,kevin serna,True
749559,,Victor Hugo,Victor Hugo,2025,330,victor-hugo,Brazil,Rio de Janeiro,Brazil,2004-05-11 00:00:00,Central Midfield,Midfield,left,184.0,2030-12-31 00:00:00,Roc Nation Sports,https://img.a.transfermarkt.technology/portrait/header/749559-1730196132.jpg?lm=1,2.0,0.0,,https://www.transfermarkt.co.uk/victor-hugo/profil/spieler/749559,BRA1,Clube Atlético Mineiro,7000000.0,7000000.0,330,clube-atletico-mineiro,Clube Atlético Mineiro,BRA1,,33,25.7,9,27.3,6,Arena MRV,44892,€-1.24m,,2025,../data/raw/transfermarkt-scraper/2025/clubs.json.gz,https://www.transfermarkt.co.uk/clube-atletico-mineiro/startseite/verein/330,victor hugo,True,,,,,,,,,,,,,,,,,,,,,
752560,,Gustavo Maia,Gustavo Maia,2024,8718,gustavo-maia,Brazil,Brasília,Brazil,2001-01-22 00:00:00,Left Winger,Attack,right,168.0,2026-12-31 00:00:00,,https://img.a.transfermarkt.technology/portrait/header/752560-1759502622.jpg?lm=1,2.0,0.0,,https://www.transfermarkt.co.uk/gustavo-maia/profil/spieler/752560,BRA1,Sport Club do Recife,,,8718,sport-club-do-recife,Sport Club do Recife,BRA1,,29,27.1,1,3.4,0,Estádio Adelmar da Costa Carvalho,35000,+€2.95m,Mariano Soso,2024,../data/raw/transfermarkt-scraper/2024/clubs.json.gz,https://www.transfermarkt.co.uk/sport-club-do-recife/startseite/verein/8718,gustavo maia,False,,,,,,,,,,,,,,,,,,,,,
787269,,Fabrício Daniel,Fabrício Daniel,2024,3876,fabricio-daniel,Brazil,Araraquara,Brazil,1997-07-23 00:00:00,Right Winger,Attack,left,182.0,2026-11-30 00:00:00,Clamber Global,https://img.a.transfermarkt.technology/portrait/header/787269-1662691470.jpg?lm=1,,,,https://www.transfermarkt.co.uk/fabricio-daniel/profil/spieler/787269,BRA1,Mirasol Futebol Clube,,,3876,mirassol-futebol-clube-sp-,Mirasol Futebol Clube,BRA1,,32,30.1,1,3.1,0,Estádio Municipal José María de Campos Maia,14534,+€1.67m,,2025,../data/raw/transfermarkt-scraper/2025/clubs.json.gz,https://www.transfermarkt.co.uk/mirassol-futebol-clube-sp-/startseite/verein/3876,fabricio daniel,False,,,,,,,,,,,,,,,,,,,,,
788361,,Moisés,Moisés,2025,221,moises,Brazil,Morro da Fumaça,Brazil,1996-09-02 00:00:00,Left Winger,Attack,right,177.0,2028-12-31 00:00:00,Jose Renato Martinez,https://img.a.transfermarkt.technology/portrait/header/788361-1730499627.jpg?lm=1,,,,https://www.transfermarkt.co.uk/moises/profil/spieler/788361,BRA1,Santos Futebol Clube,2000000.0,3000000.0,221,fc-santos,Santos Futebol Clube,BRA1,,37,26.7,9,24.3,4,Estádio Urbano Caldeira,16068,+€7.21m,,2025,../data/raw/transfermarkt-scraper/2025/clubs.json.gz,https://www.transfermarkt.co.uk/fc-santos/startseite/verein/221,moises,True,moises,Moises,FW,Fortaleza,1171.0,7.0,2.0,5.6,2.8,25.0,49.0,71.0,33.0,47.0,7.0,6.0,7.0,0.0,0.0,moises,True
788861,,Matheus Babi,Matheus Babi,2024,10492,matheus-babi,Brazil,Macaé,Brazil,1997-07-18 00:00:00,Centre-Forward,Attack,right,191.0,,BMS,https://img.a.transfermarkt.technology/portrait/header/788861-1721247323.jpg?lm=1,,,,https://www.transfermarkt.co.uk/matheus-babi/profil/spieler/788861,BRA1,Esporte Clube Juventude,1500000.0,3500000.0,10492,esporte-clube-juventude,Esporte Clube Juventude,BRA1,,29,28.3,3,10.3,0,Estádio Alfredo Jaconi,23726,+€1.13m,Roger Machado,2024,../data/raw/transfermarkt-scraper/2024/clubs.json.gz,https://www.transfermarkt.co.uk/esporte-clube-juventude/startseite/verein/10492,matheus babi,False,,,,,,,,,,,,,,,,,,,,,
789856,,Caio Roque,Caio Roque,2025,537,caio-roque,Brazil,São Paulo,Brazil,2002-01-09 00:00:00,Left-Back,Defender,left,182.0,2026-12-31 00:00:00,Promanager,https://img.a.transfermarkt.technology/portrait/header/789856-1605295652.jpg?lm=1,,,,https://www.transfermarkt.co.uk/caio-roque/profil/spieler/789856,BRA1,S. A. F. Botafogo,400000.0,500000.0,537,botafogo-rio-de-janeiro,S. A. F. Botafogo,BRA1,,34,26.2,13,38.2,5,Estádio Olímpico Nilton Santos,46931,+€40.04m,,2025,../data/raw/transfermarkt-scraper/2025/clubs.json.gz,https://www.transfermarkt.co.uk/botafogo-rio-de-janeiro/startseite/verein/537,caio roque,False,,,,,,,,,,,,,,,,,,,,,
791721,,Kawê,Kawê,2025,8793,kawe,Brazil,São Paulo,Brazil,2002-06-22 00:00:00,Right Winger,Attack,right,175.0,2027-06-30 00:00:00,OTB Sports,https://img.a.transfermarkt.technology/portrait/header/791721-1660514082.jpg?lm=1,,,,https://www.transfermarkt.co.uk/kawe/profil/spieler/791721,BRA1,Red Bull Bragantino,300000.0,300000.0,8793,red-bull-bragantino,Red Bull Bragantino,BRA1,,39,25.6,9,23.1,3,Estádio Municipal Cicero De Souza Marques,12000,+€10.50m,,2025,../data/raw/transfermarkt-scraper/2025/clubs.json.gz,https://www.transfermarkt.co.uk/red-bull-bragantino/startseite/verein/8793,kawe,False,,,,,,,,,,,,,,,,,,,,,
793815,,Rezende,Rezende,2024,10010,rezende,Brazil,Rio de Janeiro,Brazil,1995-01-02 00:00:00,Defensive Midfield,Midfield,left,186.0,,LIFEPRO,https://img.a.transfermarkt.technology/portrait/header/793815-1626627110.jpg?lm=1,,,,https://www.transfermarkt.co.uk/rezende/profil/spieler/793815,BRA1,Esporte Clube Bahia,,,10010,esporte-clube-bahia,Esporte Clube Bahia,BRA1,,32,26.6,9,28.1,3,Arena Fonte Nova,47364,+€8.14m,,2025,../data/raw/transfermarkt-scraper/2025/clubs.json.gz,https://www.transfermarkt.co.uk/esporte-clube-bahia/startseite/verein/10010,rezende,True,rezende,Rezende,CM,Bahia,574.0,0.0,0.0,0.5,0.0,22.0,2.0,4.0,3.0,4.0,0.0,24.0,8.0,3.0,0.0,rezende,True
794925,,Edson Carioca,Edson Carioca,2025,3876,edson-carioca,Brazil,Japeri,Brazil,1997-06-04 00:00:00,Centre-Forward,Attack,right,179.0,2028-12-31 00:00:00,Casa Soccer M9,https://img.a.transfermarkt.technology/portrait/header/794925-1674700502.jpg?lm=1,,,,https://www.transfermarkt.co.uk/edson-carioca/profil/spieler/794925,BRA1,Mirasol Futebol Clube,1500000.0,1500000.0,3876,mirassol-futebol-clube-sp-,Mirasol Futebol Clube,BRA1,,32,30.1,1,3.1,0,Estádio Municipal José María de Campos Maia,14534,+€1.67m,,2025,../data/raw/transfermarkt-scraper/2025/clubs.json.gz,https://www.transfermarkt.co.uk/mirassol-futebol-clube-sp-/startseite/verein/3876,edson carioca,True,edson carioca,Edson Carioca,RM,Juventude,740.0,3.0,2.0,1.6,0.4,23.0,20.0,37.0,17.0,21.0,4.0,22.0,18.0,2.0,0.0,edson carioca,True
795619,,Léo Rafael,Léo Rafael,2024,2029,leo-rafael,Brazil,Campinas,Brazil,2001-04-25 00:00:00,Central Midfield,Midfield,right,182.0,2026-12-30 00:00:00,,https://img.a.transfermarkt.technology/portrait/header/795619-1656600622.png?lm=1,,,,https://www.transfermarkt.co.uk/leo-rafael/profil/spieler/795619,BRA1,Ceará Sporting Club,,,2029,ceara-sporting-club,Ceará Sporting Club,BRA1,,29,28.0,2,6.9,0,Estádio Governador Plácido Castelo,63904,+€2.30m,Anderson Batatais,2024,../data/raw/transfermarkt-scraper/2024/clubs.json.gz,https://www.transfermarkt.co.uk/ceara-sporting-club/startseite/verein/2029,leo rafael,False,,,,,,,,,,,,,,,,,,,,,
796796,,Ian Luccas,Ian Luccas,2024,609,ian-luccas,Brazil,Ribeirão Preto,Brazil,2003-02-11 00:00:00,Defensive Midfield,Midfield,right,188.0,2026-12-31 00:00:00,Bertolucci Sports,https://img.a.transfermarkt.technology/portrait/header/796796-1678847801.jpg?lm=1,1.0,0.0,,https://www.transfermarkt.co.uk/ian-luccas/profil/spieler/796796,BRA1,Cruzeiro Esporte Clube,,,609,ec-cruzeiro-belo-horizonte,Cruzeiro Esporte Clube,BRA1,,30,26.8,7,23.3,3,Estádio Governador Magalhães Pinto,61927,€-36.26m,,2025,../data/raw/transfermarkt-scraper/2025/clubs.json.gz,https://www.transfermarkt.co.uk/ec-cruzeiro-belo-horizonte/startseite/verein/609,ian luccas,False,,,,,,,,,,,,,,,,,,,,,
798167,,Felipinho,Felipinho,2024,10492,felipinho,Brazil,Itapetinga,Brazil,1997-01-13 00:00:00,Left-Back,Defender,left,177.0,2027-12-31 00:00:00,PGB SPORTS,https://img.a.transfermarkt.technology/portrait/header/798167-1682388129.jpg?lm=1,,,,https://www.transfermarkt.co.uk/felipinho/profil/spieler/798167,BRA1,Esporte Clube Juventude,,,10492,esporte-clube-juventude,Esporte Clube Juventude,BRA1,,29,28.3,3,10.3,0,Estádio Alfredo Jaconi,23726,+€1.13m,Roger Machado,2024,../data/raw/transfermarkt-scraper/2024/clubs.json.gz,https://www.transfermarkt.co.uk/esporte-clube-juventude/startseite/verein/10492,felipinho,False,,,,,,,,,,,,,,,,,,,,,
802646,,Pierre,Pierre,2024,10870,pierre,Brazil,Rio de Janeiro,Brazil,2002-03-12 00:00:00,Central Midfield,Midfield,left,181.0,2029-12-31 00:00:00,Brazil Soccer,https://img.a.transfermarkt.technology/portrait/header/802646-1663640698.jpg?lm=1,,,,https://www.transfermarkt.co.uk/pierre/profil/spieler/802646,BRA1,Fortaleza Esporte Clube,,,10870,fortaleza-esporte-clube,Fortaleza Esporte Clube,BRA1,,29,27.1,5,17.2,0,Estádio Governador Plácido Castelo,63904,+€6.25m,Juan Pablo Vojvoda,2024,../data/raw/transfermarkt-scraper/2024/clubs.json.gz,https://www.transfermarkt.co.uk/fortaleza-esporte-clube/startseite/verein/10870,pierre,False,,,,,,,,,,,,,,,,,,,,,
808507,,Denilson,Denilson,2025,3876,denilson,Brazil,Nazaré do Piauí,Brazil,2001-03-23 00:00:00,Central Midfield,Midfield,right,180.0,2028-12-31 00:00:00,SportsInvest,https://img.a.transfermarkt.technology/portrait/header/808507-1663612393.jpg?lm=1,,,,https://www.transfermarkt.co.uk/denilson/profil/spieler/808507,BRA1,Mirasol Futebol Clube,2000000.0,2000000.0,3876,mirassol-futebol-clube-sp-,Mirasol Futebol Clube,BRA1,,32,30.1,1,3.1,0,Estádio Municipal José María de Campos Maia,14534,+€1.67m,,2025,../data/raw/transfermarkt-scraper/2025/clubs.json.gz,https://www.transfermarkt.co.uk/mirassol-futebol-clube-sp-/startseite/verein/3876,denilson,True,,,,,,,,,,,,,,,,,,,,,
808509,,Danilo,Danilo,2025,537,danilo,Brazil,Salvador,Brazil,2001-04-29 00:00:00,Central Midfield,Midfield,left,177.0,2029-06-30 00:00:00,Bertolucci Sports,https://img.a.transfermarkt.technology/portrait/header/808509-1780390517.jpg?lm=1,8.0,2.0,,https://www.transfermarkt.co.uk/danilo/profil/spieler/808509,BRA1,S. A. F. Botafogo,32000000.0,32000000.0,537,botafogo-rio-de-janeiro,S. A. F. Botafogo,BRA1,,34,26.2,13,38.2,5,Estádio Olímpico Nilton Santos,46931,+€40.04m,,2025,../data/raw/transfermarkt-scraper/2025/clubs.json.gz,https://www.transfermarkt.co.uk/botafogo-rio-de-janeiro/startseite/verein/537,danilo,False,,,,,,,,,,,,,,,,,,,,,
809716,,Lucas Freitas,Lucas Freitas,2025,978,lucas-freitas,Brazil,Rio de Janeiro,Brazil,2001-01-20 00:00:00,Centre-Back,Defender,left,184.0,2027-12-31 00:00:00,,https://img.a.transfermarkt.technology/portrait/header/809716-1706618899.png?lm=1,0.0,0.0,,https://www.transfermarkt.co.uk/lucas-freitas/profil/spieler/809716,BRA1,Club de Regatas Vasco da Gama,1000000.0,1000000.0,978,vasco-da-gama-rio-de-janeiro,Club de Regatas Vasco da Gama,BRA1,,32,26.1,10,31.3,5,Estádio São Januário,24584,+€23.85m,,2025,../data/raw/transfermarkt-scraper/2025/clubs.json.gz,https://www.transfermarkt.co.uk/vasco-da-gama-rio-de-janeiro/startseite/verein/978,lucas freitas,True,lucas freitas,Lucas Freitas,CB,Juventude,1256.0,0.0,0.0,0.2,0.1,43.0,8.0,4.0,1.0,13.0,0.0,9.0,23.0,3.0,1.0,lucas freitas,True
811219,,Newton,Newton,2025,537,newton,Brazil,Salvador,Brazil,2000-03-12 00:00:00,Defensive Midfield,Midfield,right,188.0,2027-12-31 00:00:00,Talents Sports,https://img.a.transfermarkt.technology/portrait/header/811219-1716603349.jpg?lm=1,,,,https://www.transfermarkt.co.uk/newton/profil/spieler/811219,BRA1,S. A. F. Botafogo,3000000.0,3000000.0,537,botafogo-rio-de-janeiro,S. A. F. Botafogo,BRA1,,34,26.2,13,38.2,5,Estádio Olímpico Nilton Santos,46931,+€40.04m,,2025,../data/raw/transfermarkt-scraper/2025/clubs.json.gz,https://www.transfermarkt.co.uk/botafogo-rio-de-janeiro/startseite/verein/537,newton,True,newton,Newton,CM,Criciúma,2299.0,1.0,1.0,1.5,0.8,78.0,35.0,32.0,22.0,42.0,1.0,52.0,15.0,7.0,0.0,newton,True
813044,,Elias Manoel,Elias Manoel,2025,537,elias-manoel,Brazil,Campinas,Brazil,2001-11-30 00:00:00,Centre-Forward,Attack,right,176.0,2027-12-31 00:00:00,LINK SPORTS,https://img.a.transfermarkt.technology/portrait/header/813044-1710581617.jpg?lm=1,,,,https://www.transfermarkt.co.uk/elias-manoel/profil/spieler/813044,BRA1,S. A. F. Botafogo,1500000.0,2000000.0,537,botafogo-rio-de-janeiro,S. A. F. Botafogo,BRA1,,34,26.2,13,38.2,5,Estádio Olímpico Nilton Santos,46931,+€40.04m,,2025,../data/raw/transfermarkt-scraper/2025/clubs.json.gz,https://www.transfermarkt.co.uk/botafogo-rio-de-janeiro/startseite/verein/537,elias manoel,False,,,,,,,,,,,,,,,,,,,,,
815558,,Martinelli,Martinelli,2025,2462,martinelli,Brazil,Presidente Prudente,Brazil,2001-10-05 00:00:00,Defensive Midfield,Midfield,right,176.0,2030-12-31 00:00:00,ADM Esporte,https://img.a.transfermarkt.technology/portrait/header/815558-1683291861.jpg?lm=1,,,,https://www.transfermarkt.co.uk/martinelli/profil/spieler/815558,BRA1,Fluminense Football Club,16000000.0,16000000.0,2462,fluminense-rio-de-janeiro,Fluminense Football Club,BRA1,,33,29.7,11,33.3,4,Estádio Jornalista Mário Filho,82238,€-6.76m,,2025,../data/raw/transfermarkt-scraper/2025/clubs.json.gz,https://www.transfermarkt.co.uk/fluminense-rio-de-janeiro/startseite/verein/2462,martinelli,True,martinelli,Martinelli,CB,Fluminense,2578.0,1.0,1.0,1.0,1.2,115.0,28.0,52.0,24.0,49.0,2.0,40.0,41.0,8.0,0.0,martinelli,True
816129,,Vanderlan,Vanderlan,2025,8793,vanderlan,Brazil,Brumado,Brazil,2002-09-07 00:00:00,Left-Back,Defender,left,183.0,2030-12-31 00:00:00,Talents Sports,https://img.a.transfermarkt.technology/portrait/header/816129-1658806524.jpg?lm=1,,,,https://www.transfermarkt.co.uk/vanderlan/profil/spieler/816129,BRA1,Red Bull Bragantino,3000000.0,4000000.0,8793,red-bull-bragantino,Red Bull Bragantino,BRA1,,39,25.6,9,23.1,3,Estádio Municipal Cicero De Souza Marques,12000,+€10.50m,,2025,../data/raw/transfermarkt-scraper/2025/clubs.json.gz,https://www.transfermarkt.co.uk/red-bull-bragantino/startseite/verein/8793,vanderlan,True,vanderlan,Vanderlan,LB,Palmeiras,1051.0,0.0,3.0,0.4,2.5,32.0,19.0,23.0,8.0,21.0,3.0,26.0,10.0,0.0,0.0,vanderlan,True
816144,,Lucas Barbosa,Lucas Barbosa,2025,8793,lucas-barbosa,Brazil,Bebedouro,Brazil,2001-02-22 00:00:00,Right Winger,Attack,left,194.0,2029-12-31 00:00:00,Roc Nation Sports,https://img.a.transfermarkt.technology/portrait/header/816144-1654725465.jpg?lm=1,,,,https://www.transfermarkt.co.uk/lucas-barbosa/profil/spieler/816144,BRA1,Red Bull Bragantino,6000000.0,6000000.0,8793,red-bull-bragantino,Red Bull Bragantino,BRA1,,39,25.6,9,23.1,3,Estádio Municipal Cicero De Souza Marques,12000,+€10.50m,,2025,../data/raw/transfermarkt-scraper/2025/clubs.json.gz,https://www.transfermarkt.co.uk/red-bull-bragantino/startseite/verein/8793,lucas barbosa,True,lucas barbosa,Lucas Barbosa,RM,Juventude,2443.0,7.0,2.0,6.1000000000000005,3.2,103.0,61.0,51.0,18.0,69.0,4.0,68.0,57.0,12.0,1.0,lucas barbosa,True
816149,,Andrey Quintino,Andrey Quintino,2024,221,andrey-quintino,Brazil,Santos,Brazil,2002-08-05 00:00:00,Right Winger,Attack,right,176.0,,,https://img.a.transfermarkt.technology/portrait/header/816149-1678904393.jpg?lm=1,,,,https://www.transfermarkt.co.uk/andrey-quintino/profil/spieler/816149,BRA1,Santos Futebol Clube,,,221,fc-santos,Santos Futebol Clube,BRA1,,37,26.7,9,24.3,4,Estádio Urbano Caldeira,16068,+€7.21m,,2025,../data/raw/transfermarkt-scraper/2025/clubs.json.gz,https://www.transfermarkt.co.uk/fc-santos/startseite/verein/221,andrey quintino,False,,,,,,,,,,,,,,,,,,,,,
818068,,Magrão,Magrão,2024,10870,magrao,Brazil,Pindoretama,Brazil,2000-05-15 00:00:00,Goalkeeper,Goalkeeper,right,197.0,2026-12-31 00:00:00,Kiraht Sports,https://img.a.transfermarkt.technology/portrait/header/818068-1676542364.jpg?lm=1,,,,https://www.transfermarkt.co.uk/magrao/profil/spieler/818068,BRA1,Fortaleza Esporte Clube,300000.0,300000.0,10870,fortaleza-esporte-clube,Fortaleza Esporte Clube,BRA1,,29,27.1,5,17.2,0,Estádio Governador Plácido Castelo,63904,+€6.25m,Juan Pablo Vojvoda,2024,../data/raw/transfermarkt-scraper/2024/clubs.json.gz,https://www.transfermarkt.co.uk/fortaleza-esporte-clube/startseite/verein/10870,magrao,False,,,,,,,,,,,,,,,,,,,,,
825780,,Zé Vitor,Zé Vitor,2025,2125,ze-vitor,Brazil,Goiânia,Brazil,2000-05-02 00:00:00,Central Midfield,Midfield,right,194.0,2026-12-31 00:00:00,,https://img.a.transfermarkt.technology/portrait/header/825780-1674929981.jpg?lm=1,,,,https://www.transfermarkt.co.uk/ze-vitor/profil/spieler/825780,BRA1,Esporte Clube Vitória,500000.0,600000.0,2125,esporte-clube-vitoria,Esporte Clube Vitória,BRA1,,39,28.3,7,17.9,0,Estádio Manoel Barradas,30793,+€1.36m,,2025,../data/raw/transfermarkt-scraper/2025/clubs.json.gz,https://www.transfermarkt.co.uk/esporte-clube-vitoria/startseite/verein/2125,ze vitor,False,jose vitor silva neves,José Vitor Silva Neves,LM,Athletico Paranaense,176.0,0.0,0.0,0.2,0.0,12.0,4.0,15.0,5.0,3.0,0.0,8.0,7.0,2.0,0.0,jose vitor silva neves,True
828045,Miguel,Monsalve,Miguel Monsalve,2025,210,miguel-monsalve,Colombia,Medellín,Colombia,2004-02-27 00:00:00,Attacking Midfield,Midfield,right,178.0,2028-12-31 00:00:00,Goal Management SAS,https://img.a.transfermarkt.technology/portrait/header/828045-1660018898.jpg?lm=1,17.0,3.0,,https://www.transfermarkt.co.uk/miguel-monsalve/profil/spieler/828045,BRA1,Grêmio Foot-Ball Porto Alegrense,3500000.0,6000000.0,210,gremio-porto-alegre,Grêmio Foot-Ball Porto Alegrense,BRA1,,34,26.5,11,32.4,3,Arena do Grêmio,60540,€-6.38m,,2025,../data/raw/transfermarkt-scraper/2025/clubs.json.gz,https://www.transfermarkt.co.uk/gremio-porto-alegre/startseite/verein/210,miguel monsalve,True,miguel monsalve,Miguel Monsalve,FW,Grêmio,969.0,3.0,1.0,2.7,0.8,43.0,34.0,64.0,38.0,34.0,5.0,10.0,5.0,3.0,1.0,miguel monsalve,True
829378,Braian,Aguirre,Braian Aguirre,2025,6600,braian-aguirre,Argentina,Rafael Calzada,Argentina,2000-07-28 00:00:00,Right-Back,Defender,right,175.0,2028-12-31 00:00:00,AS1,https://img.a.transfermarkt.technology/portrait/header/829378-1721934132.png?lm=1,,,,https://www.transfermarkt.co.uk/braian-aguirre/profil/spieler/829378,BRA1,Sport Club Internacional,2500000.0,3000000.0,6600,sc-internacional-porto-alegre,Sport Club Internacional,BRA1,,32,26.7,9,28.1,3,Estádio Beira-Rio,50848,+€41.39m,,2025,../data/raw/transfermarkt-scraper/2025/clubs.json.gz,https://www.transfermarkt.co.uk/sc-internacional-porto-alegre/startseite/verein/6600,braian aguirre,True,braian aguirre,Braian Aguirre,RB,Internacional,90.0,0.0,0.0,0.1,0.5,7.0,0.0,1.0,0.0,2.0,0.0,5.0,3.0,0.0,0.0,braian aguirre,True
834444,,Victor Gabriel,Victor Gabriel,2025,6600,victor-gabriel,Brazil,Tuntum,Brazil,2004-04-28 00:00:00,Centre-Back,Defender,left,187.0,2029-12-31 00:00:00,Fatto Gestão,https://img.a.transfermarkt.technology/portrait/header/834444-1743042084.jpg?lm=1,0.0,0.0,,https://www.transfermarkt.co.uk/victor-gabriel/profil/spieler/834444,BRA1,Sport Club Internacional,5000000.0,5000000.0,6600,sc-internacional-porto-alegre,Sport Club Internacional,BRA1,,32,26.7,9,28.1,3,Estádio Beira-Rio,50848,+€41.39m,,2025,../data/raw/transfermarkt-scraper/2025/clubs.json.gz,https://www.transfermarkt.co.uk/sc-internacional-porto-alegre/startseite/verein/6600,victor gabriel,False,,,,,,,,,,,,,,,,,,,,,
834445,,Serafim,Serafim,2024,537,serafim,Brazil,Campinas,Brazil,2004-05-16 00:00:00,Centre-Back,Defender,right,185.0,,Promanager,https://img.a.transfermarkt.technology/portrait/header/834445-1739971022.jpg?lm=1,0.0,0.0,,https://www.transfermarkt.co.uk/serafim/profil/spieler/834445,BRA1,S. A. F. Botafogo,,,537,botafogo-rio-de-janeiro,S. A. F. Botafogo,BRA1,,34,26.2,13,38.2,5,Estádio Olímpico Nilton Santos,46931,+€40.04m,,2025,../data/raw/transfermarkt-scraper/2025/clubs.json.gz,https://www.transfermarkt.co.uk/botafogo-rio-de-janeiro/startseite/verein/537,serafim,False,,,,,,,,,,,,,,,,,,,,,
834467,,Kauê,Kauê,2024,537,kaue,Brazil,Quissamã,Brazil,2004-10-22 00:00:00,Central Midfield,Midfield,right,174.0,2030-06-30 00:00:00,,https://img.a.transfermarkt.technology/portrait/header/834467-1737133520.jpg?lm=1,1.0,0.0,,https://www.transfermarkt.co.uk/kaue/profil/spieler/834467,BRA1,S. A. F. Botafogo,,,537,botafogo-rio-de-janeiro,S. A. F. Botafogo,BRA1,,34,26.2,13,38.2,5,Estádio Olímpico Nilton Santos,46931,+€40.04m,,2025,../data/raw/transfermarkt-scraper/2025/clubs.json.gz,https://www.transfermarkt.co.uk/botafogo-rio-de-janeiro/startseite/verein/537,kaue,True,,,,,,,,,,,,,,,,,,,,,
837534,,Luiz Filipe,Luiz Filipe,2025,3876,luiz-filipe,Brazil,Carmésia,Brazil,2001-05-28 00:00:00,Right Winger,Attack,right,174.0,2027-03-30 00:00:00,AS Football,https://img.a.transfermarkt.technology/portrait/header/837534-1660596996.jpg?lm=1,,,,https://www.transfermarkt.co.uk/luiz-filipe/profil/spieler/837534,BRA1,Mirasol Futebol Clube,100000.0,150000.0,3876,mirassol-futebol-clube-sp-,Mirasol Futebol Clube,BRA1,,32,30.1,1,3.1,0,Estádio Municipal José María de Campos Maia,14534,+€1.67m,,2025,../data/raw/transfermarkt-scraper/2025/clubs.json.gz,https://www.transfermarkt.co.uk/mirassol-futebol-clube-sp-/startseite/verein/3876,luiz filipe,False,,,,,,,,,,,,,,,,,,,,,
838386,,Leandro Mathias,Leandro Mathias,2024,585,leandro-mathias,Brazil,Campinas,Brazil,2004-11-14 00:00:00,Goalkeeper,Goalkeeper,left,188.0,,Un1que Football,https://img.a.transfermarkt.technology/portrait/header/838386-1759449306.png?lm=1,0.0,0.0,,https://www.transfermarkt.co.uk/leandro-mathias/profil/spieler/838386,BRA1,São Paulo Futebol Clube,,,585,fc-sao-paulo,São Paulo Futebol Clube,BRA1,,42,26.4,9,21.4,3,MorumBIS,72039,+€24.69m,,2025,../data/raw/transfermarkt-scraper/2025/clubs.json.gz,https://www.transfermarkt.co.uk/fc-sao-paulo/startseite/verein/585,leandro mathias,False,,,,,,,,,,,,,,,,,,,,,
838387,,Léo Mana,Léo Mana,2024,199,leo-mana,Brazil,São Paulo,Brazil,2004-04-06 00:00:00,Right-Back,Defender,right,179.0,2026-07-31 00:00:00,Bertolucci Sports,https://img.a.transfermarkt.technology/portrait/header/838387-1719453799.jpg?lm=1,0.0,0.0,,https://www.transfermarkt.co.uk/leo-mana/profil/spieler/838387,BRA1,Sport Club Corinthians Paulista,,,199,corinthians-sao-paulo,Sport Club Corinthians Paulista,BRA1,,34,27.2,7,20.6,3,Neo Química Arena,49205,+€2.19m,,2025,../data/raw/transfermarkt-scraper/2025/clubs.json.gz,https://www.transfermarkt.co.uk/corinthians-sao-paulo/startseite/verein/199,leo mana,True,leo mana,Léo Mana,RB,Corinthians,208.0,0.0,0.0,0.0,0.0,6.0,1.0,0.0,0.0,4.0,0.0,6.0,5.0,1.0,0.0,leo mana,True
839031,Leonel,Pérez,Leonel Pérez,2025,210,leonel-perez,Argentina,Rafael Castillo,Argentina,2004-08-09 00:00:00,Defensive Midfield,Midfield,right,186.0,2029-12-31 00:00:00,Sports360 GmbH,https://img.a.transfermarkt.technology/portrait/header/839031-1755536662.jpg?lm=1,,,,https://www.transfermarkt.co.uk/leonel-perez/profil/spieler/839031,BRA1,Grêmio Foot-Ball Porto Alegrense,6000000.0,6000000.0,210,gremio-porto-alegre,Grêmio Foot-Ball Porto Alegrense,BRA1,,34,26.5,11,32.4,3,Arena do Grêmio,60540,€-6.38m,,2025,../data/raw/transfermarkt-scraper/2025/clubs.json.gz,https://www.transfermarkt.co.uk/gremio-porto-alegre/startseite/verein/210,leonel perez,False,,,,,,,,,,,,,,,,,,,,,
842370,,João Victor,João Victor,2024,2029,joao-victor,Brazil,Caxias,Brazil,2004-04-27 00:00:00,Left Winger,Attack,both,167.0,2028-06-30 00:00:00,Roc Nation Sports,https://img.a.transfermarkt.technology/portrait/header/842370-1761317237.jpg?lm=1,0.0,0.0,,https://www.transfermarkt.co.uk/joao-victor/profil/spieler/842370,BRA1,Ceará Sporting Club,,,2029,ceara-sporting-club,Ceará Sporting Club,BRA1,,29,28.0,2,6.9,0,Estádio Governador Plácido Castelo,63904,+€2.30m,Anderson Batatais,2024,../data/raw/transfermarkt-scraper/2024/clubs.json.gz,https://www.transfermarkt.co.uk/ceara-sporting-club/startseite/verein/2029,joao victor,True,,,,,,,,,,,,,,,,,,,,,
844797,José Manuel,López,José Manuel López,2025,1023,jose-manuel-lopez,Argentina,San Lorenzo,Argentina,2000-12-06 00:00:00,Centre-Forward,Attack,left,190.0,2029-12-31 00:00:00,Proyecta Players,https://img.a.transfermarkt.technology/portrait/header/844797-1739618753.jpg?lm=1,3.0,0.0,,https://www.transfermarkt.co.uk/jose-manuel-lopez/profil/spieler/844797,BRA1,Sociedade Esportiva Palmeiras,25000000.0,25000000.0,1023,se-palmeiras-sao-paulo,Sociedade Esportiva Palmeiras,BRA1,,31,25.9,9,29.0,10,Nubank Parque,43713,+€31.54m,,2025,../data/raw/transfermarkt-scraper/2025/clubs.json.gz,https://www.transfermarkt.co.uk/se-palmeiras-sao-paulo/startseite/verein/1023,jose manuel lopez,False,jose lopez,José López,DM,Palmeiras,2140.0,10.0,2.0,9.5,3.2,41.0,32.0,37.0,14.0,50.0,6.0,14.0,26.0,8.0,0.0,jose lopez,True
849582,Agustín,Giay,Agustín Giay,2025,1023,agustin-giay,Argentina,San Carlos Centro,Argentina,2004-01-16 00:00:00,Right-Back,Defender,right,180.0,2030-12-31 00:00:00,ADMIRA PARTNERS UK,https://img.a.transfermarkt.technology/portrait/header/849582-1746578372.jpg?lm=1,3.0,0.0,,https://www.transfermarkt.co.uk/agustin-giay/profil/spieler/849582,BRA1,Sociedade Esportiva Palmeiras,10000000.0,11000000.0,1023,se-palmeiras-sao-paulo,Sociedade Esportiva Palmeiras,BRA1,,31,25.9,9,29.0,10,Nubank Parque,43713,+€31.54m,,2025,../data/raw/transfermarkt-scraper/2025/clubs.json.gz,https://www.transfermarkt.co.uk/se-palmeiras-sao-paulo/startseite/verein/1023,agustin giay,True,agustin giay,Agustín Giay,RB,Palmeiras,642.0,0.0,0.0,0.5,0.2,37.0,16.0,12.0,4.0,19.0,0.0,30.0,7.0,1.0,0.0,agustin giay,True
851542,,Luan Brito,Luan Brito,2024,2462,luan-brito,Brazil,Rio de Janeiro,Brazil,2002-09-10 00:00:00,Centre-Forward,Attack,left,186.0,2026-11-30 00:00:00,MACAR SPORTS,https://img.a.transfermarkt.technology/portrait/header/851542-1681422421.jpg?lm=1,,,,https://www.transfermarkt.co.uk/luan-brito/profil/spieler/851542,BRA1,Fluminense Football Club,,,2462,fluminense-rio-de-janeiro,Fluminense Football Club,BRA1,,33,29.7,11,33.3,4,Estádio Jornalista Mário Filho,82238,€-6.76m,,2025,../data/raw/transfermarkt-scraper/2025/clubs.json.gz,https://www.transfermarkt.co.uk/fluminense-rio-de-janeiro/startseite/verein/2462,luan brito,False,,,,,,,,,,,,,,,,,,,,,
851595,,Jefté,Jefté,2025,1023,jefte,Brazil,Rio de Janeiro,Brazil,2003-12-21 00:00:00,Left-Back,Defender,left,183.0,2030-07-31 00:00:00,Promanager,https://img.a.transfermarkt.technology/portrait/header/851595-1716581601.jpg?lm=1,0.0,0.0,,https://www.transfermarkt.co.uk/jefte/profil/spieler/851595,BRA1,Sociedade Esportiva Palmeiras,4000000.0,4000000.0,1023,se-palmeiras-sao-paulo,Sociedade Esportiva Palmeiras,BRA1,,31,25.9,9,29.0,10,Nubank Parque,43713,+€31.54m,,2025,../data/raw/transfermarkt-scraper/2025/clubs.json.gz,https://www.transfermarkt.co.uk/se-palmeiras-sao-paulo/startseite/verein/1023,jefte,False,,,,,,,,,,,,,,,,,,,,,
853529,,Paulo Baya,Paulo Baya,2024,2462,paulo-baya,Brazil,Marabá,Brazil,1999-07-26 00:00:00,Left Winger,Attack,right,186.0,2026-12-31 00:00:00,VTN IMAGE,https://img.a.transfermarkt.technology/portrait/header/853529-1706226602.jpg?lm=1,,,,https://www.transfermarkt.co.uk/paulo-baya/profil/spieler/853529,BRA1,Fluminense Football Club,,,2462,fluminense-rio-de-janeiro,Fluminense Football Club,BRA1,,33,29.7,11,33.3,4,Estádio Jornalista Mário Filho,82238,€-6.76m,,2025,../data/raw/transfermarkt-scraper/2025/clubs.json.gz,https://www.transfermarkt.co.uk/fluminense-rio-de-janeiro/startseite/verein/2462,paulo baya,False,,,,,,,,,,,,,,,,,,,,,
856047,Mateo,Ponte,Mateo Ponte,2025,537,mateo-ponte,Uruguay,Montevideo,Uruguay,2003-05-24 00:00:00,Right-Back,Defender,right,183.0,2028-06-30 00:00:00,Equipo TMA,https://img.a.transfermarkt.technology/portrait/header/856047-1676634597.jpg?lm=1,0.0,0.0,,https://www.transfermarkt.co.uk/mateo-ponte/profil/spieler/856047,BRA1,S. A. F. Botafogo,2000000.0,2000000.0,537,botafogo-rio-de-janeiro,S. A. F. Botafogo,BRA1,,34,26.2,13,38.2,5,Estádio Olímpico Nilton Santos,46931,+€40.04m,,2025,../data/raw/transfermarkt-scraper/2025/clubs.json.gz,https://www.transfermarkt.co.uk/botafogo-rio-de-janeiro/startseite/verein/537,mateo ponte,True,mateo ponte,Mateo Ponte,RB,Botafogo (RJ),1132.0,3.0,0.0,1.4,0.9,45.0,22.0,25.0,9.0,26.0,3.0,37.0,8.0,3.0,0.0,mateo ponte,True
856085,John,Kennedy,John Kennedy,2025,2462,john-kennedy,Brazil,Itaúna,Brazil,2002-05-18 00:00:00,Centre-Forward,Attack,right,173.0,2027-12-31 00:00:00,Bertolucci Sports,https://img.a.transfermarkt.technology/portrait/header/856085-1754005857.jpg?lm=1,6.0,1.0,,https://www.transfermarkt.co.uk/john-kennedy/profil/spieler/856085,BRA1,Fluminense Football Club,9000000.0,9000000.0,2462,fluminense-rio-de-janeiro,Fluminense Football Club,BRA1,,33,29.7,11,33.3,4,Estádio Jornalista Mário Filho,82238,€-6.76m,,2025,../data/raw/transfermarkt-scraper/2025/clubs.json.gz,https://www.transfermarkt.co.uk/fluminense-rio-de-janeiro/startseite/verein/2462,john kennedy,True,john kennedy,John Kennedy,FW,Fluminense,673.0,0.0,0.0,1.2000000000000002,0.0,10.0,12.0,44.0,13.0,15.0,0.0,5.0,6.0,1.0,0.0,john kennedy,True
859135,,Léo Naldi,Léo Naldi,2024,2125,leo-naldi,Brazil,Pindamonhangaba,Brazil,2001-08-18 00:00:00,Defensive Midfield,Midfield,right,177.0,2026-12-31 00:00:00,Elenko Sports Ltda.,https://img.a.transfermarkt.technology/portrait/header/859135-1661021238.jpg?lm=1,,,,https://www.transfermarkt.co.uk/leo-naldi/profil/spieler/859135,BRA1,Esporte Clube Vitória,,,2125,esporte-clube-vitoria,Esporte Clube Vitória,BRA1,,39,28.3,7,17.9,0,Estádio Manoel Barradas,30793,+€1.36m,,2025,../data/raw/transfermarkt-scraper/2025/clubs.json.gz,https://www.transfermarkt.co.uk/esporte-clube-vitoria/startseite/verein/2125,leo naldi,True,leo naldi,Léo Naldi,RM,Vitória,1103.0,0.0,0.0,0.30000000000000004,0.1,45.0,13.0,15.0,4.0,20.0,0.0,38.0,21.0,6.0,0.0,leo naldi,True
861852,Damián,Bobadilla,Damián Bobadilla,2025,585,damian-bobadilla,Paraguay,Asunción,Paraguay,2001-07-11 00:00:00,Central Midfield,Midfield,right,180.0,2027-12-31 00:00:00,EagleEye,https://img.a.transfermarkt.technology/portrait/header/861852-1754006580.jpg?lm=1,23.0,1.0,,https://www.transfermarkt.co.uk/damian-bobadilla/profil/spieler/861852,BRA1,São Paulo Futebol Clube,6000000.0,6000000.0,585,fc-sao-paulo,São Paulo Futebol Clube,BRA1,,42,26.4,9,21.4,3,MorumBIS,72039,+€24.69m,,2025,../data/raw/transfermarkt-scraper/2025/clubs.json.gz,https://www.transfermarkt.co.uk/fc-sao-paulo/startseite/verein/585,damian bobadilla,True,damian bobadilla,Damián Bobadilla,CM,São Paulo,1031.0,1.0,0.0,0.7000000000000001,0.7,60.0,7.0,9.0,6.0,20.0,0.0,34.0,16.0,3.0,0.0,damian bobadilla,True
862574,,Mateus Carvalho,Mateus Carvalho,2025,978,mateus-carvalho,Brazil,Tucuruí,Brazil,2002-03-18 00:00:00,Defensive Midfield,Midfield,left,184.0,2027-12-31 00:00:00,RR Sports Agency,https://img.a.transfermarkt.technology/portrait/header/862574-1747961226.jpg?lm=1,,,,https://www.transfermarkt.co.uk/mateus-carvalho/profil/spieler/862574,BRA1,Club de Regatas Vasco da Gama,1200000.0,1400000.0,978,vasco-da-gama-rio-de-janeiro,Club de Regatas Vasco da Gama,BRA1,,32,26.1,10,31.3,5,Estádio São Januário,24584,+€23.85m,,2025,../data/raw/transfermarkt-scraper/2025/clubs.json.gz,https://www.transfermarkt.co.uk/vasco-da-gama-rio-de-janeiro/startseite/verein/978,mateus carvalho,False,,,,,,,,,,,,,,,,,,,,,
863073,Lucas,Gazal,Lucas Gazal,2024,10870,lucas-gazal,Brazil,Diadema,Brazil,1999-08-06 00:00:00,Centre-Back,Defender,right,187.0,2028-12-31 00:00:00,B2F,https://img.a.transfermarkt.technology/portrait/header/863073-1663099130.jpg?lm=1,,,,https://www.transfermarkt.co.uk/lucas-gazal/profil/spieler/863073,BRA1,Fortaleza Esporte Clube,,,10870,fortaleza-esporte-clube,Fortaleza Esporte Clube,BRA1,,29,27.1,5,17.2,0,Estádio Governador Plácido Castelo,63904,+€6.25m,Juan Pablo Vojvoda,2024,../data/raw/transfermarkt-scraper/2024/clubs.json.gz,https://www.transfermarkt.co.uk/fortaleza-esporte-clube/startseite/verein/10870,lucas gazal,False,,,,,,,,,,,,,,,,,,,,,
863104,,Da Silva,Da Silva,2024,3876,da-silva,Brazil,Goiânia,Brazil,2001-02-07 00:00:00,Centre-Back,Defender,right,192.0,,Elenko Sports Ltda.,https://img.a.transfermarkt.technology/portrait/header/863104-1660595840.jpeg?lm=1,,,,https://www.transfermarkt.co.uk/da-silva/profil/spieler/863104,BRA1,Mirasol Futebol Clube,,,3876,mirassol-futebol-clube-sp-,Mirasol Futebol Clube,BRA1,,32,30.1,1,3.1,0,Estádio Municipal José María de Campos Maia,14534,+€1.67m,,2025,../data/raw/transfermarkt-scraper/2025/clubs.json.gz,https://www.transfermarkt.co.uk/mirassol-futebol-clube-sp-/startseite/verein/3876,da silva,False,,,,,,,,,,,,,,,,,,,,,
866842,,Renzo,Renzo,2024,8718,renzo,Brazil,Rio de Janeiro,Brazil,2001-10-17 00:00:00,Centre-Back,Defender,left,186.0,,RCF SPORTS,https://img.a.transfermarkt.technology/portrait/header/866842-1660519396.jpg?lm=1,,,,https://www.transfermarkt.co.uk/renzo/profil/spieler/866842,BRA1,Sport Club do Recife,,,8718,sport-club-do-recife,Sport Club do Recife,BRA1,,29,27.1,1,3.4,0,Estádio Adelmar da Costa Carvalho,35000,+€2.95m,Mariano Soso,2024,../data/raw/transfermarkt-scraper/2024/clubs.json.gz,https://www.transfermarkt.co.uk/sport-club-do-recife/startseite/verein/8718,renzo,False,,,,,,,,,,,,,,,,,,,,,
866884,,Pedro Martins,Pedro Martins,2024,8718,pedro-martins,Brazil,Recife,Brazil,2000-06-28 00:00:00,Defensive Midfield,Midfield,right,175.0,2026-12-31 00:00:00,,https://img.a.transfermarkt.technology/portrait/header/866884-1680057139.jpg?lm=1,,,,https://www.transfermarkt.co.uk/pedro-martins/profil/spieler/866884,BRA1,Sport Club do Recife,,,8718,sport-club-do-recife,Sport Club do Recife,BRA1,,29,27.1,1,3.4,0,Estádio Adelmar da Costa Carvalho,35000,+€2.95m,Mariano Soso,2024,../data/raw/transfermarkt-scraper/2024/clubs.json.gz,https://www.transfermarkt.co.uk/sport-club-do-recife/startseite/verein/8718,pedro martins,False,,,,,,,,,,,,,,,,,,,,,
867006,,Dionísio,Dionísio,2024,2125,dionisio,Brazil,Itapetinga,Brazil,1994-04-17 00:00:00,Central Midfield,Midfield,right,172.0,2026-12-31 00:00:00,Footway Group,https://img.a.transfermarkt.technology/portrait/header/867006-1663010524.jpg?lm=1,,,,https://www.transfermarkt.co.uk/dionisio/profil/spieler/867006,BRA1,Esporte Clube Vitória,,,2125,esporte-clube-vitoria,Esporte Clube Vitória,BRA1,,39,28.3,7,17.9,0,Estádio Manoel Barradas,30793,+€1.36m,,2025,../data/raw/transfermarkt-scraper/2025/clubs.json.gz,https://www.transfermarkt.co.uk/esporte-clube-vitoria/startseite/verein/2125,dionisio,False,,,,,,,,,,,,,,,,,,,,,
867461,,Rômulo,Rômulo,2024,1023,romulo,Brazil,Pirassununga,Brazil,2001-10-07 00:00:00,Attacking Midfield,Midfield,right,177.0,2026-12-31 00:00:00,RBC Talent Group ,https://img.a.transfermarkt.technology/portrait/header/867461-1748479663.jpg?lm=1,,,,https://www.transfermarkt.co.uk/romulo/profil/spieler/867461,BRA1,Sociedade Esportiva Palmeiras,,,1023,se-palmeiras-sao-paulo,Sociedade Esportiva Palmeiras,BRA1,,31,25.9,9,29.0,10,Nubank Parque,43713,+€31.54m,,2025,../data/raw/transfermarkt-scraper/2025/clubs.json.gz,https://www.transfermarkt.co.uk/se-palmeiras-sao-paulo/startseite/verein/1023,romulo,True,,,,,,,,,,,,,,,,,,,,,
868891,,Adson,Adson,2025,978,adson,Brazil,Araguapaz,Brazil,2000-10-06 00:00:00,Right Winger,Attack,left,171.0,2027-12-31 00:00:00,FMS Gestao Esportiva,https://img.a.transfermarkt.technology/portrait/header/868891-1704213480.jpg?lm=1,,,,https://www.transfermarkt.co.uk/adson/profil/spieler/868891,BRA1,Club de Regatas Vasco da Gama,2500000.0,6000000.0,978,vasco-da-gama-rio-de-janeiro,Club de Regatas Vasco da Gama,BRA1,,32,26.1,10,31.3,5,Estádio São Januário,24584,+€23.85m,,2025,../data/raw/transfermarkt-scraper/2025/clubs.json.gz,https://www.transfermarkt.co.uk/vasco-da-gama-rio-de-janeiro/startseite/verein/978,adson,True,adson,Adson,LW,Vasco da Gama,1224.0,2.0,1.0,1.5,2.6,72.0,42.0,50.0,25.0,53.0,5.0,25.0,15.0,2.0,0.0,adson,True
869437,,Anthoni,Anthoni,2025,6600,anthoni,Brazil,Canela,Brazil,2002-01-23 00:00:00,Goalkeeper,Goalkeeper,right,193.0,2029-12-31 00:00:00,LINK SPORTS,https://img.a.transfermarkt.technology/portrait/header/869437-1664420869.jpg?lm=1,,,,https://www.transfermarkt.co.uk/anthoni/profil/spieler/869437,BRA1,Sport Club Internacional,3000000.0,4000000.0,6600,sc-internacional-porto-alegre,Sport Club Internacional,BRA1,,32,26.7,9,28.1,3,Estádio Beira-Rio,50848,+€41.39m,,2025,../data/raw/transfermarkt-scraper/2025/clubs.json.gz,https://www.transfermarkt.co.uk/sc-internacional-porto-alegre/startseite/verein/6600,anthoni,True,anthoni,Anthoni,GK,Internacional,180.0,0.0,0.0,0.0,0.0,0.0,0.0,0.0,0.0,0.0,0.0,0.0,0.0,0.0,0.0,anthoni,True
869477,,Rodrigo Santos,Rodrigo Santos,2024,10870,rodrigo-santos,Brazil,Vitória da Conquista,Brazil,2000-09-18 00:00:00,Defensive Midfield,Midfield,right,178.0,2028-12-31 00:00:00,FOR PLAYER,https://img.a.transfermarkt.technology/portrait/header/869477-1738230763.jpg?lm=1,,,,https://www.transfermarkt.co.uk/rodrigo-santos/profil/spieler/869477,BRA1,Fortaleza Esporte Clube,,,10870,fortaleza-esporte-clube,Fortaleza Esporte Clube,BRA1,,29,27.1,5,17.2,0,Estádio Governador Plácido Castelo,63904,+€6.25m,Juan Pablo Vojvoda,2024,../data/raw/transfermarkt-scraper/2024/clubs.json.gz,https://www.transfermarkt.co.uk/fortaleza-esporte-clube/startseite/verein/10870,rodrigo santos,False,,,,,,,,,,,,,,,,,,,,,
870778,,Mateus Silva,Mateus Silva,2025,2125,mateus-silva,Brazil,Magé,Brazil,1998-10-07 00:00:00,Right-Back,Defender,right,175.0,2028-12-31 00:00:00,MACAR SPORTS,https://img.a.transfermarkt.technology/portrait/header/870778-1685711841.jpg?lm=1,,,,https://www.transfermarkt.co.uk/mateus-silva/profil/spieler/870778,BRA1,Esporte Clube Vitória,800000.0,1000000.0,2125,esporte-clube-vitoria,Esporte Clube Vitória,BRA1,,39,28.3,7,17.9,0,Estádio Manoel Barradas,30793,+€1.36m,,2025,../data/raw/transfermarkt-scraper/2025/clubs.json.gz,https://www.transfermarkt.co.uk/esporte-clube-vitoria/startseite/verein/2125,mateus silva,False,,,,,,,,,,,,,,,,,,,,,
874223,,Gustavo Martins,Gustavo Martins,2025,210,gustavo-martins,Brazil,Niterói,Brazil,2002-08-11 00:00:00,Centre-Back,Defender,right,191.0,2027-12-31 00:00:00,Bertolucci Sports,https://img.a.transfermarkt.technology/portrait/header/874223-1727467725.jpg?lm=1,0.0,0.0,,https://www.transfermarkt.co.uk/gustavo-martins/profil/spieler/874223,BRA1,Grêmio Foot-Ball Porto Alegrense,4000000.0,4000000.0,210,gremio-porto-alegre,Grêmio Foot-Ball Porto Alegrense,BRA1,,34,26.5,11,32.4,3,Arena do Grêmio,60540,€-6.38m,,2025,../data/raw/transfermarkt-scraper/2025/clubs.json.gz,https://www.transfermarkt.co.uk/gremio-porto-alegre/startseite/verein/210,gustavo martins,False,gustavo martins santos,Gustavo Martins Santos,CB,Grêmio,1377.0,2.0,0.0,2.0,0.0,45.0,1.0,1.0,0.0,3.0,1.0,23.0,21.0,1.0,1.0,gustavo martins santos,True
874844,Lucas,Villalba,Lucas Villalba,2025,537,lucas-villalba,Uruguay,Montevideo,Uruguay,2001-05-11 00:00:00,Right Winger,Attack,right,182.0,2029-12-31 00:00:00,All Iron Sports,https://img.a.transfermarkt.technology/portrait/header/874844-1724301713.jpg?lm=1,0.0,0.0,,https://www.transfermarkt.co.uk/lucas-villalba/profil/spieler/874844,BRA1,S. A. F. Botafogo,1500000.0,1500000.0,537,botafogo-rio-de-janeiro,S. A. F. Botafogo,BRA1,,34,26.2,13,38.2,5,Estádio Olímpico Nilton Santos,46931,+€40.04m,,2025,../data/raw/transfermarkt-scraper/2025/clubs.json.gz,https://www.transfermarkt.co.uk/botafogo-rio-de-janeiro/startseite/verein/537,lucas villalba,True,,,,,,,,,,,,,,,,,,,,,
875339,,João Neto,João Neto,2024,2462,joao-neto,Brazil,Livramento de Nossa Senhora,Brazil,2003-07-10 00:00:00,Centre-Forward,Attack,left,181.0,2026-12-31 00:00:00,Carlos Leite,https://img.a.transfermarkt.technology/portrait/header/875339-1698348881.jpg?lm=1,,,,https://www.transfermarkt.co.uk/joao-neto/profil/spieler/875339,BRA1,Fluminense Football Club,,,2462,fluminense-rio-de-janeiro,Fluminense Football Club,BRA1,,33,29.7,11,33.3,4,Estádio Jornalista Mário Filho,82238,€-6.76m,,2025,../data/raw/transfermarkt-scraper/2025/clubs.json.gz,https://www.transfermarkt.co.uk/fluminense-rio-de-janeiro/startseite/verein/2462,joao neto,False,,,,,,,,,,,,,,,,,,,,,
876739,Matheus,Cunha,Matheus Cunha,2025,609,matheus-cunha,Brazil,Tupi Paulista,Brazil,2001-05-24 00:00:00,Goalkeeper,Goalkeeper,right,193.0,2028-12-31 00:00:00,FJB Sports,https://img.a.transfermarkt.technology/portrait/header/876739-1725326716.jpg?lm=1,1.0,0.0,,https://www.transfermarkt.co.uk/matheus-cunha/profil/spieler/876739,BRA1,Cruzeiro Esporte Clube,3000000.0,3000000.0,609,ec-cruzeiro-belo-horizonte,Cruzeiro Esporte Clube,BRA1,,30,26.8,7,23.3,3,Estádio Governador Magalhães Pinto,61927,€-36.26m,,2025,../data/raw/transfermarkt-scraper/2025/clubs.json.gz,https://www.transfermarkt.co.uk/ec-cruzeiro-belo-horizonte/startseite/verein/609,matheus cunha,True,matheus cunha,Matheus Cunha,GK,Flamengo,270.0,0.0,0.0,0.0,0.0,0.0,0.0,0.0,0.0,0.0,0.0,0.0,0.0,0.0,0.0,matheus cunha,True
878037,,Gabriel Grando,Gabriel Grando,2025,210,gabriel-grando,Brazil,Chapecó,Brazil,2000-03-29 00:00:00,Goalkeeper,Goalkeeper,right,192.0,2029-12-31 00:00:00,MPX SPORTS,https://img.a.transfermarkt.technology/portrait/header/878037-1624899167.jpg?lm=1,0.0,0.0,,https://www.transfermarkt.co.uk/gabriel-grando/profil/spieler/878037,BRA1,Grêmio Foot-Ball Porto Alegrense,1500000.0,7000000.0,210,gremio-porto-alegre,Grêmio Foot-Ball Porto Alegrense,BRA1,,34,26.5,11,32.4,3,Arena do Grêmio,60540,€-6.38m,,2025,../data/raw/transfermarkt-scraper/2025/clubs.json.gz,https://www.transfermarkt.co.uk/gremio-porto-alegre/startseite/verein/210,gabriel grando,False,,,,,,,,,,,,,,,,,,,,,
879217,,Kaiki,Kaiki,2025,609,kaiki,Brazil,Betim,Brazil,2003-03-08 00:00:00,Left-Back,Defender,left,172.0,2027-12-31 00:00:00,CAA Stellar,https://img.a.transfermarkt.technology/portrait/header/879217-1678847563.jpg?lm=1,1.0,0.0,,https://www.transfermarkt.co.uk/kaiki/profil/spieler/879217,BRA1,Cruzeiro Esporte Clube,14000000.0,14000000.0,609,ec-cruzeiro-belo-horizonte,Cruzeiro Esporte Clube,BRA1,,30,26.8,7,23.3,3,Estádio Governador Magalhães Pinto,61927,€-36.26m,,2025,../data/raw/transfermarkt-scraper/2025/clubs.json.gz,https://www.transfermarkt.co.uk/ec-cruzeiro-belo-horizonte/startseite/verein/609,kaiki,True,kaiki,Kaiki,LB,Cruzeiro,1184.0,1.0,0.0,0.4,1.0,32.0,31.0,58.0,32.0,26.0,3.0,42.0,15.0,4.0,0.0,kaiki,True
880217,,Alix,Alix,2025,8793,alix,Brazil,Simões Filho,Brazil,1999-11-06 00:00:00,Centre-Back,Defender,right,195.0,2028-12-31 00:00:00,PGB SPORTS,https://img.a.transfermarkt.technology/portrait/header/880217-1720884505.jpg?lm=1,,,,https://www.transfermarkt.co.uk/alix/profil/spieler/880217,BRA1,Red Bull Bragantino,3000000.0,3000000.0,8793,red-bull-bragantino,Red Bull Bragantino,BRA1,,39,25.6,9,23.1,3,Estádio Municipal Cicero De Souza Marques,12000,+€10.50m,,2025,../data/raw/transfermarkt-scraper/2025/clubs.json.gz,https://www.transfermarkt.co.uk/red-bull-bragantino/startseite/verein/8793,alix,False,alix vinicius,Alix Vinicius,CB,Atlético Goianiense,2042.0,0.0,0.0,1.3,0.6,69.0,11.0,14.0,10.0,20.0,0.0,28.0,43.0,6.0,2.0,alix vinicius,True
881645,Ignacio,Sosa,Ignacio Sosa,2025,8793,ignacio-sosa,Uruguay,Montevideo,Uruguay,2003-08-31 00:00:00,Central Midfield,Midfield,right,175.0,2030-12-31 00:00:00,LEX SOCCER AGENCY,https://img.a.transfermarkt.technology/portrait/header/881645-1721247467.jpg?lm=1,0.0,0.0,,https://www.transfermarkt.co.uk/ignacio-sosa/profil/spieler/881645,BRA1,Red Bull Bragantino,5000000.0,5000000.0,8793,red-bull-bragantino,Red Bull Bragantino,BRA1,,39,25.6,9,23.1,3,Estádio Municipal Cicero De Souza Marques,12000,+€10.50m,,2025,../data/raw/transfermarkt-scraper/2025/clubs.json.gz,https://www.transfermarkt.co.uk/red-bull-bragantino/startseite/verein/8793,ignacio sosa,False,,,,,,,,,,,,,,,,,,,,,
884069,,Gustavo Ramalho,Gustavo Ramalho,2024,2462,gustavo-ramalho,Brazil,Nanuque,Brazil,2002-09-16 00:00:00,Goalkeeper,Goalkeeper,left,203.0,2026-12-31 00:00:00,BLB SPORTS,https://img.a.transfermarkt.technology/portrait/header/884069-1759257973.jpg?lm=1,,,,https://www.transfermarkt.co.uk/gustavo-ramalho/profil/spieler/884069,BRA1,Fluminense Football Club,,,2462,fluminense-rio-de-janeiro,Fluminense Football Club,BRA1,,33,29.7,11,33.3,4,Estádio Jornalista Mário Filho,82238,€-6.76m,,2025,../data/raw/transfermarkt-scraper/2025/clubs.json.gz,https://www.transfermarkt.co.uk/fluminense-rio-de-janeiro/startseite/verein/2462,gustavo ramalho,False,,,,,,,,,,,,,,,,,,,,,
884072,,Jeffinho,Jeffinho,2024,537,jeffinho,Brazil,Volta Redonda,Brazil,1999-12-30 00:00:00,Left Winger,Attack,right,176.0,2026-12-31 00:00:00,MSB Sports,https://img.a.transfermarkt.technology/portrait/header/884072-1668287183.jpg?lm=1,,,,https://www.transfermarkt.co.uk/jeffinho/profil/spieler/884072,BRA1,S. A. F. Botafogo,5000000.0,8000000.0,537,botafogo-rio-de-janeiro,S. A. F. Botafogo,BRA1,,34,26.2,13,38.2,5,Estádio Olímpico Nilton Santos,46931,+€40.04m,,2025,../data/raw/transfermarkt-scraper/2025/clubs.json.gz,https://www.transfermarkt.co.uk/botafogo-rio-de-janeiro/startseite/verein/537,jeffinho,True,jeffinho,Jeffinho,LM,Botafogo (RJ),349.0,1.0,1.0,1.8,0.4,10.0,8.0,18.0,10.0,12.0,2.0,6.0,1.0,2.0,0.0,jeffinho,True
887801,,Nathan Mendes,Nathan Mendes,2025,2125,nathan-mendes,Brazil,Caçapava,Brazil,2002-08-19 00:00:00,Right-Back,Defender,right,182.0,2026-12-31 00:00:00,4ComM,https://img.a.transfermarkt.technology/portrait/header/887801-1662692466.jpg?lm=1,,,,https://www.transfermarkt.co.uk/nathan-mendes/profil/spieler/887801,BRA1,Esporte Clube Vitória,1500000.0,1500000.0,2125,esporte-clube-vitoria,Esporte Clube Vitória,BRA1,,39,28.3,7,17.9,0,Estádio Manoel Barradas,30793,+€1.36m,,2025,../data/raw/transfermarkt-scraper/2025/clubs.json.gz,https://www.transfermarkt.co.uk/esporte-clube-vitoria/startseite/verein/2125,nathan mendes,True,nathan mendes,Nathan Mendes,RB,Red Bull Bragantino,1165.0,0.0,1.0,0.30000000000000004,0.9,51.0,17.0,15.0,5.0,26.0,1.0,25.0,11.0,6.0,0.0,nathan mendes,True
888493,Alejo,Veliz,Alejo Veliz,2025,10010,alejo-veliz,Argentina,Gödeken,Argentina,2003-09-19 00:00:00,Centre-Forward,Attack,right,186.0,2031-12-31 00:00:00,AFM Futbol,https://img.a.transfermarkt.technology/portrait/header/888493-1674736266.JPG?lm=1,10.0,3.0,,https://www.transfermarkt.co.uk/alejo-veliz/profil/spieler/888493,BRA1,Esporte Clube Bahia,4000000.0,11000000.0,10010,esporte-clube-bahia,Esporte Clube Bahia,BRA1,,32,26.6,9,28.1,3,Arena Fonte Nova,47364,+€8.14m,,2025,../data/raw/transfermarkt-scraper/2025/clubs.json.gz,https://www.transfermarkt.co.uk/esporte-clube-bahia/startseite/verein/10010,alejo veliz,False,,,,,,,,,,,,,,,,,,,,,
891353,,Cuiabano,Cuiabano,2025,978,cuiabano,Brazil,Cuiabá,Brazil,2003-02-16 00:00:00,Left-Back,Defender,left,179.0,2026-12-31 00:00:00,Bertolucci Sports,https://img.a.transfermarkt.technology/portrait/header/891353-1723245970.jpg?lm=1,2.0,0.0,,https://www.transfermarkt.co.uk/cuiabano/profil/spieler/891353,BRA1,Club de Regatas Vasco da Gama,10000000.0,10000000.0,978,vasco-da-gama-rio-de-janeiro,Club de Regatas Vasco da Gama,BRA1,,32,26.1,10,31.3,5,Estádio São Januário,24584,+€23.85m,,2025,../data/raw/transfermarkt-scraper/2025/clubs.json.gz,https://www.transfermarkt.co.uk/vasco-da-gama-rio-de-janeiro/startseite/verein/978,cuiabano,True,cuiabano,Cuiabano,LB,Grêmio,1639.0,4.0,1.0,1.7000000000000002,1.4,50.0,37.0,25.0,9.0,44.0,6.0,52.0,25.0,5.0,0.0,cuiabano,True
891672,Gustavo,Caballero,Gustavo Caballero,2025,221,gustavo-caballero,Paraguay,San Lorenzo,Paraguay,2001-09-21 00:00:00,Left Winger,Attack,right,189.0,2028-12-31 00:00:00,EagleEye,https://img.a.transfermarkt.technology/portrait/header/891672-1782800625.jpg?lm=1,4.0,1.0,,https://www.transfermarkt.co.uk/gustavo-caballero/profil/spieler/891672,BRA1,Santos Futebol Clube,,,221,fc-santos,Santos Futebol Clube,BRA1,,37,26.7,9,24.3,4,Estádio Urbano Caldeira,16068,+€7.21m,,2025,../data/raw/transfermarkt-scraper/2025/clubs.json.gz,https://www.transfermarkt.co.uk/fc-santos/startseite/verein/221,gustavo caballero,False,,,,,,,,,,,,,,,,,,,,,
892089,,Pablo Maia,Pablo Maia,2025,585,pablo-maia,Brazil,Brazópolis,Brazil,2002-01-10 00:00:00,Defensive Midfield,Midfield,right,178.0,2029-12-31 00:00:00,4ComM,https://img.a.transfermarkt.technology/portrait/header/892089-1709321103.jpg?lm=1,1.0,0.0,,https://www.transfermarkt.co.uk/pablo-maia/profil/spieler/892089,BRA1,São Paulo Futebol Clube,5000000.0,14000000.0,585,fc-sao-paulo,São Paulo Futebol Clube,BRA1,,42,26.4,9,21.4,3,MorumBIS,72039,+€24.69m,,2025,../data/raw/transfermarkt-scraper/2025/clubs.json.gz,https://www.transfermarkt.co.uk/fc-sao-paulo/startseite/verein/585,pablo maia,True,pablo maia,Pablo Maia,CM,São Paulo,259.0,0.0,0.0,0.2,0.1,18.0,0.0,3.0,2.0,5.0,0.0,7.0,4.0,0.0,0.0,pablo maia,True
892091,,Mandaca,Mandaca,2024,10492,mandaca,Brazil,João Pessoa,Brazil,2001-10-02 00:00:00,Central Midfield,Midfield,right,178.0,2026-12-31 00:00:00,Lucio Araújo ,https://img.a.transfermarkt.technology/portrait/header/892091-1660704111.jpg?lm=1,,,,https://www.transfermarkt.co.uk/mandaca/profil/spieler/892091,BRA1,Esporte Clube Juventude,,,10492,esporte-clube-juventude,Esporte Clube Juventude,BRA1,,29,28.3,3,10.3,0,Estádio Alfredo Jaconi,23726,+€1.13m,Roger Machado,2024,../data/raw/transfermarkt-scraper/2024/clubs.json.gz,https://www.transfermarkt.co.uk/esporte-clube-juventude/startseite/verein/10492,mandaca,False,luis mandaca,Luis Mandaca,FW,Juventude,1101.0,4.0,2.0,4.7,1.5,42.0,25.0,43.0,14.0,47.0,4.0,22.0,22.0,5.0,0.0,luis mandaca,True
894532,,Young,Young,2025,585,young,Brazil,Catanduva,Brazil,2002-03-07 00:00:00,Goalkeeper,Goalkeeper,right,202.0,2026-12-31 00:00:00,MW Sports,https://img.a.transfermarkt.technology/portrait/header/894532-1748651972.jpg?lm=1,,,,https://www.transfermarkt.co.uk/young/profil/spieler/894532,BRA1,São Paulo Futebol Clube,100000.0,100000.0,585,fc-sao-paulo,São Paulo Futebol Clube,BRA1,,42,26.4,9,21.4,3,MorumBIS,72039,+€24.69m,,2025,../data/raw/transfermarkt-scraper/2025/clubs.json.gz,https://www.transfermarkt.co.uk/fc-sao-paulo/startseite/verein/585,young,False,,,,,,,,,,,,,,,,,,,,,
897051,Alan,Minda,Alan Minda,2025,330,alan-minda,Ecuador,Esmeraldas,Ecuador,2003-05-14 00:00:00,Right Winger,Attack,right,174.0,2030-12-31 00:00:00,OTB Sports,https://img.a.transfermarkt.technology/portrait/header/897051-1753174865.jpg?lm=1,21.0,2.0,,https://www.transfermarkt.co.uk/alan-minda/profil/spieler/897051,BRA1,Clube Atlético Mineiro,3000000.0,6000000.0,330,clube-atletico-mineiro,Clube Atlético Mineiro,BRA1,,33,25.7,9,27.3,6,Arena MRV,44892,€-1.24m,,2025,../data/raw/transfermarkt-scraper/2025/clubs.json.gz,https://www.transfermarkt.co.uk/clube-atletico-mineiro/startseite/verein/330,alan minda,False,,,,,,,,,,,,,,,,,,,,,
898350,Facundo,Bernal,Facundo Bernal,2025,2462,facundo-bernal,Uruguay,Montevideo,Uruguay,2003-08-21 00:00:00,Defensive Midfield,Midfield,right,187.0,2028-07-31 00:00:00,Oscar Bentancourt,https://img.a.transfermarkt.technology/portrait/header/898350-1721081696.jpg?lm=1,1.0,0.0,,https://www.transfermarkt.co.uk/facundo-bernal/profil/spieler/898350,BRA1,Fluminense Football Club,6000000.0,6000000.0,2462,fluminense-rio-de-janeiro,Fluminense Football Club,BRA1,,33,29.7,11,33.3,4,Estádio Jornalista Mário Filho,82238,€-6.76m,,2025,../data/raw/transfermarkt-scraper/2025/clubs.json.gz,https://www.transfermarkt.co.uk/fluminense-rio-de-janeiro/startseite/verein/2462,facundo bernal,True,facundo bernal,Facundo Bernal,DM,Fluminense,919.0,0.0,0.0,0.4,0.1,49.0,2.0,10.0,7.0,16.0,0.0,25.0,9.0,6.0,0.0,facundo bernal,True
899026,,Lacerda,Lacerda,2024,3876,lacerda,Brazil,São José do Rio Preto,Brazil,2005-02-13 00:00:00,Goalkeeper,Goalkeeper,right,192.0,,AS Football,https://img.a.transfermarkt.technology/portrait/header/899026-1755957119.jpg?lm=1,,,,https://www.transfermarkt.co.uk/lacerda/profil/spieler/899026,BRA1,Mirasol Futebol Clube,,,3876,mirassol-futebol-clube-sp-,Mirasol Futebol Clube,BRA1,,32,30.1,1,3.1,0,Estádio Municipal José María de Campos Maia,14534,+€1.67m,,2025,../data/raw/transfermarkt-scraper/2025/clubs.json.gz,https://www.transfermarkt.co.uk/mirassol-futebol-clube-sp-/startseite/verein/3876,lacerda,False,derik lacerda,Derik Lacerda,RM,Cuiabá,1420.0,4.0,0.0,3.3,2.1,24.0,36.0,57.0,27.0,34.0,1.0,20.0,18.0,8.0,0.0,derik lacerda,True
907359,,Diógenes,Diógenes,2025,221,diogenes,Brazil,Itaperica da Serra,Brazil,2001-01-06 00:00:00,Goalkeeper,Goalkeeper,right,190.0,2028-12-31 00:00:00,RCF SPORTS,https://img.a.transfermarkt.technology/portrait/header/907359-1778451896.jpg?lm=1,,,,https://www.transfermarkt.co.uk/diogenes/profil/spieler/907359,BRA1,Santos Futebol Clube,200000.0,200000.0,221,fc-santos,Santos Futebol Clube,BRA1,,37,26.7,9,24.3,4,Estádio Urbano Caldeira,16068,+€7.21m,,2025,../data/raw/transfermarkt-scraper/2025/clubs.json.gz,https://www.transfermarkt.co.uk/fc-santos/startseite/verein/221,diogenes,False,,,,,,,,,,,,,,,,,,,,,
910216,,Marcelo Ajul,Marcelo Ajul,2024,8718,marcelo-ajul,Brazil,Rio de Janeiro,Brazil,2002-08-26 00:00:00,Centre-Back,Defender,right,187.0,2027-12-31 00:00:00,Trust Football ,https://img.a.transfermarkt.technology/portrait/header/default.jpg?lm=1,,,,https://www.transfermarkt.co.uk/marcelo-ajul/profil/spieler/910216,BRA1,Sport Club do Recife,,,8718,sport-club-do-recife,Sport Club do Recife,BRA1,,29,27.1,1,3.4,0,Estádio Adelmar da Costa Carvalho,35000,+€2.95m,Mariano Soso,2024,../data/raw/transfermarkt-scraper/2024/clubs.json.gz,https://www.transfermarkt.co.uk/sport-club-do-recife/startseite/verein/8718,marcelo ajul,False,,,,,,,,,,,,,,,,,,,,,
918663,,Lucas André,Lucas André,2024,8718,lucas-andre,Brazil,Recife,Brazil,2003-01-29 00:00:00,Central Midfield,Midfield,right,178.0,2026-12-31 00:00:00,B.A.Quality Players ,https://img.a.transfermarkt.technology/portrait/header/default.jpg?lm=1,,,,https://www.transfermarkt.co.uk/lucas-andre/profil/spieler/918663,BRA1,Sport Club do Recife,,,8718,sport-club-do-recife,Sport Club do Recife,BRA1,,29,27.1,1,3.4,0,Estádio Adelmar da Costa Carvalho,35000,+€2.95m,Mariano Soso,2024,../data/raw/transfermarkt-scraper/2024/clubs.json.gz,https://www.transfermarkt.co.uk/sport-club-do-recife/startseite/verein/8718,lucas andre,False,,,,,,,,,,,,,,,,,,,,,
929866,João,Moreira,João Moreira,2025,585,joao-moreira,Brazil,São Paulo,Brazil,2004-05-21 00:00:00,Right-Back,Defender,right,175.0,2027-06-30 00:00:00,Roc Nation Sports,https://img.a.transfermarkt.technology/portrait/header/929866-1649417360.jpg?lm=1,0.0,0.0,,https://www.transfermarkt.co.uk/joao-moreira/profil/spieler/929866,BRA1,São Paulo Futebol Clube,1000000.0,2500000.0,585,fc-sao-paulo,São Paulo Futebol Clube,BRA1,,42,26.4,9,21.4,3,MorumBIS,72039,+€24.69m,,2025,../data/raw/transfermarkt-scraper/2025/clubs.json.gz,https://www.transfermarkt.co.uk/fc-sao-paulo/startseite/verein/585,joao moreira,True,joao moreira,João Moreira,RB,São Paulo,195.0,0.0,0.0,0.0,0.0,4.0,2.0,6.0,2.0,2.0,1.0,6.0,2.0,0.0,0.0,joao moreira,True
931007,,Evertton Araújo,Evertton Araújo,2025,614,evertton-araujo,Brazil,Volta Redonda,Brazil,2003-02-28 00:00:00,Defensive Midfield,Midfield,right,184.0,2028-12-31 00:00:00,Roc Nation Sports,https://img.a.transfermarkt.technology/portrait/header/931007-1744744070.jpg?lm=1,,,,https://www.transfermarkt.co.uk/evertton-araujo/profil/spieler/931007,BRA1,Clube de Regatas do Flamengo,10000000.0,10000000.0,614,flamengo-rio-de-janeiro,Clube de Regatas do Flamengo,BRA1,,28,28.8,9,32.1,10,Estádio Jornalista Mário Filho,82238,€-13.92m,,2025,../data/raw/transfermarkt-scraper/2025/clubs.json.gz,https://www.transfermarkt.co.uk/flamengo-rio-de-janeiro/startseite/verein/614,evertton araujo,False,evertton,Evertton,AM,Flamengo,803.0,1.0,0.0,0.9,0.1,41.0,9.0,7.0,6.0,20.0,2.0,21.0,11.0,3.0,0.0,evertton,True
936544,,Erick Pulga,Erick Pulga,2025,10010,erick-pulga,Brazil,Fortaleza,Brazil,2000-10-02 00:00:00,Left Winger,Attack,right,169.0,2029-12-31 00:00:00,Talents Sports,https://img.a.transfermarkt.technology/portrait/header/936544-1706875369.jpg?lm=1,,,,https://www.transfermarkt.co.uk/erick-pulga/profil/spieler/936544,BRA1,Esporte Clube Bahia,11000000.0,11000000.0,10010,esporte-clube-bahia,Esporte Clube Bahia,BRA1,,32,26.6,9,28.1,3,Arena Fonte Nova,47364,+€8.14m,,2025,../data/raw/transfermarkt-scraper/2025/clubs.json.gz,https://www.transfermarkt.co.uk/esporte-clube-bahia/startseite/verein/10010,erick pulga,False,,,,,,,,,,,,,,,,,,,,,
943837,,Vitor Roque,Vitor Roque,2025,1023,vitor-roque,Brazil,Timóteo,Brazil,2005-02-28 00:00:00,Centre-Forward,Attack,right,174.0,2029-12-31 00:00:00,LINK SPORTS,https://img.a.transfermarkt.technology/portrait/header/943837-1744743482.jpg?lm=1,2.0,0.0,,https://www.transfermarkt.co.uk/vitor-roque/profil/spieler/943837,BRA1,Sociedade Esportiva Palmeiras,38000000.0,40000000.0,1023,se-palmeiras-sao-paulo,Sociedade Esportiva Palmeiras,BRA1,,31,25.9,9,29.0,10,Nubank Parque,43713,+€31.54m,,2025,../data/raw/transfermarkt-scraper/2025/clubs.json.gz,https://www.transfermarkt.co.uk/se-palmeiras-sao-paulo/startseite/verein/1023,vitor roque,False,,,,,,,,,,,,,,,,,,,,,
950393,,Viery,Viery,2025,210,viery,Brazil,Ubá,Brazil,2005-01-02 00:00:00,Centre-Back,Defender,left,187.0,2029-12-31 00:00:00,Prattes Group,https://img.a.transfermarkt.technology/portrait/header/950393-1773183484.jpg?lm=1,,,,https://www.transfermarkt.co.uk/viery/profil/spieler/950393,BRA1,Grêmio Foot-Ball Porto Alegrense,6000000.0,6000000.0,210,gremio-porto-alegre,Grêmio Foot-Ball Porto Alegrense,BRA1,,34,26.5,11,32.4,3,Arena do Grêmio,60540,€-6.38m,,2025,../data/raw/transfermarkt-scraper/2025/clubs.json.gz,https://www.transfermarkt.co.uk/gremio-porto-alegre/startseite/verein/210,viery,False,,,,,,,,,,,,,,,,,,,,,
957461,Andrés,Gómez,Andrés Gómez,2025,978,andres-gomez,Colombia,Quibdó,Colombia,2002-09-12 00:00:00,Left Winger,Attack,right,170.0,2031-01-31 00:00:00,THE·TEAM,https://img.a.transfermarkt.technology/portrait/header/957461-1780328928.jpg?lm=1,9.0,2.0,,https://www.transfermarkt.co.uk/andres-gomez/profil/spieler/957461,BRA1,Club de Regatas Vasco da Gama,11000000.0,11000000.0,978,vasco-da-gama-rio-de-janeiro,Club de Regatas Vasco da Gama,BRA1,,32,26.1,10,31.3,5,Estádio São Januário,24584,+€23.85m,,2025,../data/raw/transfermarkt-scraper/2025/clubs.json.gz,https://www.transfermarkt.co.uk/vasco-da-gama-rio-de-janeiro/startseite/verein/978,andres gomez,False,,,,,,,,,,,,,,,,,,,,,
958598,,Robert Renan,Robert Renan,2025,978,robert-renan,Brazil,Brasília,Brazil,2003-10-11 00:00:00,Centre-Back,Defender,left,186.0,2026-12-31 00:00:00,Bertolucci Sports,https://img.a.transfermarkt.technology/portrait/header/958598-1674623993.png?lm=1,0.0,0.0,,https://www.transfermarkt.co.uk/robert-renan/profil/spieler/958598,BRA1,Club de Regatas Vasco da Gama,10000000.0,10000000.0,978,vasco-da-gama-rio-de-janeiro,Club de Regatas Vasco da Gama,BRA1,,32,26.1,10,31.3,5,Estádio São Januário,24584,+€23.85m,,2025,../data/raw/transfermarkt-scraper/2025/clubs.json.gz,https://www.transfermarkt.co.uk/vasco-da-gama-rio-de-janeiro/startseite/verein/978,robert renan,True,robert renan,Robert Renan,"CB,RW",Internacional,959.0,0.0,1.0,0.6000000000000001,0.2,45.0,16.0,16.0,8.0,14.0,1.0,24.0,10.0,2.0,0.0,robert renan,True
959088,,Thiago Beltrame,Thiago Beltrame,2025,210,thiago-beltrame,Brazil,Canoas,Brazil,2003-07-02 00:00:00,Goalkeeper,Goalkeeper,right,201.0,2027-12-31 00:00:00,,https://img.a.transfermarkt.technology/portrait/header/default.jpg?lm=1,0.0,0.0,,https://www.transfermarkt.co.uk/thiago-beltrame/profil/spieler/959088,BRA1,Grêmio Foot-Ball Porto Alegrense,,,210,gremio-porto-alegre,Grêmio Foot-Ball Porto Alegrense,BRA1,,34,26.5,11,32.4,3,Arena do Grêmio,60540,€-6.38m,,2025,../data/raw/transfermarkt-scraper/2025/clubs.json.gz,https://www.transfermarkt.co.uk/gremio-porto-alegre/startseite/verein/210,thiago beltrame,False,,,,,,,,,,,,,,,,,,,,,
959092,,Ronald,Ronald,2024,210,ronald,Brazil,Santo Antônio da Patrulha,Brazil,2003-02-11 00:00:00,Defensive Midfield,Midfield,right,186.0,2026-12-31 00:00:00,Un1que Football,https://img.a.transfermarkt.technology/portrait/header/959092-1721349724.jpg?lm=1,5.0,0.0,,https://www.transfermarkt.co.uk/ronald/profil/spieler/959092,BRA1,Grêmio Foot-Ball Porto Alegrense,,,210,gremio-porto-alegre,Grêmio Foot-Ball Porto Alegrense,BRA1,,34,26.5,11,32.4,3,Arena do Grêmio,60540,€-6.38m,,2025,../data/raw/transfermarkt-scraper/2025/clubs.json.gz,https://www.transfermarkt.co.uk/gremio-porto-alegre/startseite/verein/210,ronald,True,,,,,,,,,,,,,,,,,,,,,
959171,,André Dhominique,André Dhominique,2024,10010,andre-dhominique,Brazil,Vera Cruz,Brazil,2003-10-07 00:00:00,Right-Back,Defender,right,178.0,2027-12-31 00:00:00,Talents Sports,https://img.a.transfermarkt.technology/portrait/header/959171-1768991295.png?lm=1,13.0,0.0,,https://www.transfermarkt.co.uk/andre-dhominique/profil/spieler/959171,BRA1,Esporte Clube Bahia,600000.0,800000.0,10010,esporte-clube-bahia,Esporte Clube Bahia,BRA1,,32,26.6,9,28.1,3,Arena Fonte Nova,47364,+€8.14m,,2025,../data/raw/transfermarkt-scraper/2025/clubs.json.gz,https://www.transfermarkt.co.uk/esporte-clube-bahia/startseite/verein/10010,andre dhominique,False,,,,,,,,,,,,,,,,,,,,,
964590,,Kaique Pereira,Kaique Pereira,2025,1023,kaique-pereira,Brazil,São Paulo,Brazil,2003-04-16 00:00:00,Goalkeeper,Goalkeeper,right,193.0,2026-12-31 00:00:00,Eleven Soccer,https://img.a.transfermarkt.technology/portrait/header/964590-1670965083.jpg?lm=1,0.0,0.0,,https://www.transfermarkt.co.uk/kaique-pereira/profil/spieler/964590,BRA1,Sociedade Esportiva Palmeiras,2000000.0,2000000.0,1023,se-palmeiras-sao-paulo,Sociedade Esportiva Palmeiras,BRA1,,31,25.9,9,29.0,10,Nubank Parque,43713,+€31.54m,,2025,../data/raw/transfermarkt-scraper/2025/clubs.json.gz,https://www.transfermarkt.co.uk/se-palmeiras-sao-paulo/startseite/verein/1023,kaique pereira,False,,,,,,,,,,,,,,,,,,,,,
964591,,Naves,Naves,2025,1023,naves,Brazil,Santos,Brazil,2002-05-08 00:00:00,Centre-Back,Defender,right,184.0,2028-12-31 00:00:00,,https://img.a.transfermarkt.technology/portrait/header/964591-1670983137.jpg?lm=1,,,,https://www.transfermarkt.co.uk/naves/profil/spieler/964591,BRA1,Sociedade Esportiva Palmeiras,4000000.0,4000000.0,1023,se-palmeiras-sao-paulo,Sociedade Esportiva Palmeiras,BRA1,,31,25.9,9,29.0,10,Nubank Parque,43713,+€31.54m,,2025,../data/raw/transfermarkt-scraper/2025/clubs.json.gz,https://www.transfermarkt.co.uk/se-palmeiras-sao-paulo/startseite/verein/1023,naves,False,kaiky naves,Kaiky Naves,LW,Palmeiras,733.0,0.0,0.0,0.1,0.2,41.0,2.0,1.0,1.0,17.0,2.0,26.0,11.0,1.0,0.0,kaiky naves,True
972864,,Lelê,Lelê,2024,2462,lele,Brazil,Rio de Janeiro,Brazil,1997-10-01 00:00:00,Centre-Forward,Attack,right,189.0,2026-05-31 00:00:00,,https://img.a.transfermarkt.technology/portrait/header/972864-1748472434.jpg?lm=1,,,,https://www.transfermarkt.co.uk/lele/profil/spieler/972864,BRA1,Fluminense Football Club,,,2462,fluminense-rio-de-janeiro,Fluminense Football Club,BRA1,,33,29.7,11,33.3,4,Estádio Jornalista Mário Filho,82238,€-6.76m,,2025,../data/raw/transfermarkt-scraper/2025/clubs.json.gz,https://www.transfermarkt.co.uk/fluminense-rio-de-janeiro/startseite/verein/2462,lele,False,,,,,,,,,,,,,,,,,,,,,
973569,,Rwan Cruz,Rwan Cruz,2024,537,rwan-cruz,Brazil,Recife,Brazil,2001-05-20 00:00:00,Centre-Forward,Attack,right,187.0,2026-12-31 00:00:00,Elenko Sports Ltda.,https://img.a.transfermarkt.technology/portrait/header/973569-1770442263.png?lm=1,,,,https://www.transfermarkt.co.uk/rwan-cruz/profil/spieler/973569,BRA1,S. A. F. Botafogo,,,537,botafogo-rio-de-janeiro,S. A. F. Botafogo,BRA1,,34,26.2,13,38.2,5,Estádio Olímpico Nilton Santos,46931,+€40.04m,,2025,../data/raw/transfermarkt-scraper/2025/clubs.json.gz,https://www.transfermarkt.co.uk/botafogo-rio-de-janeiro/startseite/verein/537,rwan cruz,False,,,,,,,,,,,,,,,,,,,,,
975191,Henry,Mosquera,Henry Mosquera,2025,8793,henry-mosquera,Colombia,Quibdó,Colombia,2001-11-15 00:00:00,Left Winger,Attack,right,175.0,2027-12-31 00:00:00,,https://img.a.transfermarkt.technology/portrait/header/975191-1771002343.jpg?lm=1,2.0,0.0,,https://www.transfermarkt.co.uk/henry-mosquera/profil/spieler/975191,BRA1,Red Bull Bragantino,3500000.0,3500000.0,8793,red-bull-bragantino,Red Bull Bragantino,BRA1,,39,25.6,9,23.1,3,Estádio Municipal Cicero De Souza Marques,12000,+€10.50m,,2025,../data/raw/transfermarkt-scraper/2025/clubs.json.gz,https://www.transfermarkt.co.uk/red-bull-bragantino/startseite/verein/8793,henry mosquera,True,henry mosquera,Henry Mosquera,"RM,FW",Red Bull Bragantino,1934.0,1.0,2.0,3.8,2.1,38.0,97.0,141.0,70.0,70.0,5.0,23.0,9.0,4.0,0.0,henry mosquera,True
976103,,Edison Negueba,Edison Negueba,2024,10492,edison-negueba,Brazil,Iranduba,Brazil,2000-10-24 00:00:00,Left Winger,Attack,right,167.0,2029-12-31 00:00:00,,https://img.a.transfermarkt.technology/portrait/header/976103-1697561027.jpg?lm=1,,,,https://www.transfermarkt.co.uk/edison-negueba/profil/spieler/976103,BRA1,Esporte Clube Juventude,,,10492,esporte-clube-juventude,Esporte Clube Juventude,BRA1,,29,28.3,3,10.3,0,Estádio Alfredo Jaconi,23726,+€1.13m,Roger Machado,2024,../data/raw/transfermarkt-scraper/2024/clubs.json.gz,https://www.transfermarkt.co.uk/esporte-clube-juventude/startseite/verein/10492,edison negueba,False,,,,,,,,,,,,,,,,,,,,,
976951,,Jardiel,Jardiel,2024,210,jardiel,Brazil,Aracaju,Brazil,2005-03-21 00:00:00,Centre-Forward,Attack,right,186.0,2026-12-31 00:00:00,,https://img.a.transfermarkt.technology/portrait/header/976951-1711569438.jpg?lm=1,,,,https://www.transfermarkt.co.uk/jardiel/profil/spieler/976951,BRA1,Grêmio Foot-Ball Porto Alegrense,,,210,gremio-porto-alegre,Grêmio Foot-Ball Porto Alegrense,BRA1,,34,26.5,11,32.4,3,Arena do Grêmio,60540,€-6.38m,,2025,../data/raw/transfermarkt-scraper/2025/clubs.json.gz,https://www.transfermarkt.co.uk/gremio-porto-alegre/startseite/verein/210,jardiel,False,,,,,,,,,,,,,,,,,,,,,
977463,,Rodriguinho,Rodriguinho,2024,609,rodriguinho,Brazil,Contagem,Brazil,2003-06-05 00:00:00,Left Winger,Attack,left,170.0,2026-12-31 00:00:00,L10,https://img.a.transfermarkt.technology/portrait/header/977463-1682804235.jpg?lm=1,,,,https://www.transfermarkt.co.uk/rodriguinho/profil/spieler/977463,BRA1,Cruzeiro Esporte Clube,,,609,ec-cruzeiro-belo-horizonte,Cruzeiro Esporte Clube,BRA1,,30,26.8,7,23.3,3,Estádio Governador Magalhães Pinto,61927,€-36.26m,,2025,../data/raw/transfermarkt-scraper/2025/clubs.json.gz,https://www.transfermarkt.co.uk/ec-cruzeiro-belo-horizonte/startseite/verein/609,rodriguinho,False,,,,,,,,,,,,,,,,,,,,,
977465,Gustavo,Marques,Gustavo Marques,2025,8793,gustavo-marques,Brazil,Belo Horizonte,Brazil,2001-10-09 00:00:00,Centre-Back,Defender,right,189.0,2030-06-30 00:00:00,Talents Sports,https://img.a.transfermarkt.technology/portrait/header/977465-1704273896.jpg?lm=1,,,,https://www.transfermarkt.co.uk/gustavo-marques/profil/spieler/977465,BRA1,Red Bull Bragantino,5000000.0,5000000.0,8793,red-bull-bragantino,Red Bull Bragantino,BRA1,,39,25.6,9,23.1,3,Estádio Municipal Cicero De Souza Marques,12000,+€10.50m,,2025,../data/raw/transfermarkt-scraper/2025/clubs.json.gz,https://www.transfermarkt.co.uk/red-bull-bragantino/startseite/verein/8793,gustavo marques,False,,,,,,,,,,,,,,,,,,,,,
978004,,Natã,Natã,2024,210,nata,Brazil,Ribeirão Preto,Brazil,2001-06-05 00:00:00,Centre-Back,Defender,right,182.0,2026-12-31 00:00:00,UPPER AGENCY,https://img.a.transfermarkt.technology/portrait/header/978004-1721349565.jpg?lm=1,,,,https://www.transfermarkt.co.uk/nata/profil/spieler/978004,BRA1,Grêmio Foot-Ball Porto Alegrense,,,210,gremio-porto-alegre,Grêmio Foot-Ball Porto Alegrense,BRA1,,34,26.5,11,32.4,3,Arena do Grêmio,60540,€-6.38m,,2025,../data/raw/transfermarkt-scraper/2025/clubs.json.gz,https://www.transfermarkt.co.uk/gremio-porto-alegre/startseite/verein/210,nata,True,nata,Nata,CM,Grêmio,506.0,0.0,0.0,0.0,0.0,9.0,0.0,0.0,0.0,3.0,0.0,8.0,11.0,1.0,0.0,nata,True
978039,,Marcos Paulo,Marcos Paulo,2024,10492,marcos-paulo,Brazil,Rio de Janeiro,Brazil,2003-01-18 00:00:00,Centre-Back,Defender,left,183.0,2028-12-31 00:00:00,Bloom Soccer,https://img.a.transfermarkt.technology/portrait/header/978039-1659564718.png?lm=1,,,,https://www.transfermarkt.co.uk/marcos-paulo/profil/spieler/978039,BRA1,Esporte Clube Juventude,,,10492,esporte-clube-juventude,Esporte Clube Juventude,BRA1,,29,28.3,3,10.3,0,Estádio Alfredo Jaconi,23726,+€1.13m,Roger Machado,2024,../data/raw/transfermarkt-scraper/2024/clubs.json.gz,https://www.transfermarkt.co.uk/esporte-clube-juventude/startseite/verein/10492,marcos paulo,False,,,,,,,,,,,,,,,,,,,,,
978057,,Petterson,Petterson,2024,10492,petterson,Brazil,Florianópolis,Brazil,2004-01-04 00:00:00,Centre-Forward,Attack,right,181.0,2027-07-31 00:00:00,PTM,https://img.a.transfermarkt.technology/portrait/header/978057-1747446090.jpg?lm=1,,,,https://www.transfermarkt.co.uk/petterson/profil/spieler/978057,BRA1,Esporte Clube Juventude,700000.0,750000.0,10492,esporte-clube-juventude,Esporte Clube Juventude,BRA1,,29,28.3,3,10.3,0,Estádio Alfredo Jaconi,23726,+€1.13m,Roger Machado,2024,../data/raw/transfermarkt-scraper/2024/clubs.json.gz,https://www.transfermarkt.co.uk/esporte-clube-juventude/startseite/verein/10492,petterson,False,,,,,,,,,,,,,,,,,,,,,
978121,,Gabriel Delfim,Gabriel Delfim,2025,330,gabriel-delfim,Brazil,Simonésia,Brazil,2002-07-10 00:00:00,Goalkeeper,Goalkeeper,left,192.0,2029-12-31 00:00:00,,https://img.a.transfermarkt.technology/portrait/header/978121-1745582810.jpg?lm=1,,,,https://www.transfermarkt.co.uk/gabriel-delfim/profil/spieler/978121,BRA1,Clube Atlético Mineiro,300000.0,300000.0,330,clube-atletico-mineiro,Clube Atlético Mineiro,BRA1,,33,25.7,9,27.3,6,Arena MRV,44892,€-1.24m,,2025,../data/raw/transfermarkt-scraper/2025/clubs.json.gz,https://www.transfermarkt.co.uk/clube-atletico-mineiro/startseite/verein/330,gabriel delfim,True,gabriel delfim,Gabriel Delfim,GK,Atlético Mineiro,90.0,0.0,0.0,0.0,0.0,0.0,0.0,0.0,0.0,0.0,0.0,0.0,0.0,0.0,0.0,gabriel delfim,True
979931,,Gabriel Souza,Gabriel Souza,2024,10492,gabriel-souza,Brazil,Caculé,Brazil,2002-12-25 00:00:00,Right-Back,Defender,right,182.0,,PGB SPORTS,https://img.a.transfermarkt.technology/portrait/header/979931-1747446571.jpg?lm=1,,,,https://www.transfermarkt.co.uk/gabriel-souza/profil/spieler/979931,BRA1,Esporte Clube Juventude,,,10492,esporte-clube-juventude,Esporte Clube Juventude,BRA1,,29,28.3,3,10.3,0,Estádio Alfredo Jaconi,23726,+€1.13m,Roger Machado,2024,../data/raw/transfermarkt-scraper/2024/clubs.json.gz,https://www.transfermarkt.co.uk/esporte-clube-juventude/startseite/verein/10492,gabriel souza,True,,,,,,,,,,,,,,,,,,,,,
980463,,Marcos Victor,Marcos Victor,2025,10010,marcos-victor,Brazil,Fortaleza,Brazil,2001-12-26 00:00:00,Centre-Back,Defender,right,184.0,2029-12-31 00:00:00,LINK SPORTS,https://img.a.transfermarkt.technology/portrait/header/980463-1748479271.jpg?lm=1,,,,https://www.transfermarkt.co.uk/marcos-victor/profil/spieler/980463,BRA1,Esporte Clube Bahia,450000.0,450000.0,10010,esporte-clube-bahia,Esporte Clube Bahia,BRA1,,32,26.6,9,28.1,3,Arena Fonte Nova,47364,+€8.14m,,2025,../data/raw/transfermarkt-scraper/2025/clubs.json.gz,https://www.transfermarkt.co.uk/esporte-clube-bahia/startseite/verein/10010,marcos victor,True,marcos victor,Marcos Victor,RB,Athletico Paranaense,4.0,0.0,0.0,0.0,0.0,0.0,0.0,0.0,0.0,1.0,0.0,0.0,0.0,0.0,0.0,marcos victor,True
980806,,Lucas Mila,Lucas Mila,2024,210,lucas-mila,Brazil,Três Passos,Brazil,2003-01-28 00:00:00,Defensive Midfield,Midfield,right,176.0,,Carlos Leite,https://img.a.transfermarkt.technology/portrait/header/default.jpg?lm=1,,,,https://www.transfermarkt.co.uk/lucas-mila/profil/spieler/980806,BRA1,Grêmio Foot-Ball Porto Alegrense,,,210,gremio-porto-alegre,Grêmio Foot-Ball Porto Alegrense,BRA1,,34,26.5,11,32.4,3,Arena do Grêmio,60540,€-6.38m,,2025,../data/raw/transfermarkt-scraper/2025/clubs.json.gz,https://www.transfermarkt.co.uk/gremio-porto-alegre/startseite/verein/210,lucas mila,False,,,,,,,,,,,,,,,,,,,,,
980823,,Kayque,Kayque,2024,330,kayque,Brazil,Itambé,Brazil,2004-04-20 00:00:00,Right-Back,Defender,right,178.0,,ROGON U23,https://img.a.transfermarkt.technology/portrait/header/default.jpg?lm=1,,,,https://www.transfermarkt.co.uk/kayque/profil/spieler/980823,BRA1,Clube Atlético Mineiro,,,330,clube-atletico-mineiro,Clube Atlético Mineiro,BRA1,,33,25.7,9,27.3,6,Arena MRV,44892,€-1.24m,,2025,../data/raw/transfermarkt-scraper/2025/clubs.json.gz,https://www.transfermarkt.co.uk/clube-atletico-mineiro/startseite/verein/330,kayque,False,,,,,,,,,,,,,,,,,,,,,
980825,,Matheus Belém,Matheus Belém,2025,585,matheus-belem,Brazil,São Paulo,Brazil,2003-03-13 00:00:00,Centre-Back,Defender,left,186.0,2026-12-31 00:00:00,,https://img.a.transfermarkt.technology/portrait/header/980825-1759448982.png?lm=1,,,,https://www.transfermarkt.co.uk/matheus-belem/profil/spieler/980825,BRA1,São Paulo Futebol Clube,800000.0,800000.0,585,fc-sao-paulo,São Paulo Futebol Clube,BRA1,,42,26.4,9,21.4,3,MorumBIS,72039,+€24.69m,,2025,../data/raw/transfermarkt-scraper/2025/clubs.json.gz,https://www.transfermarkt.co.uk/fc-sao-paulo/startseite/verein/585,matheus belem,False,,,,,,,,,,,,,,,,,,,,,
980837,,Felipe Negrucci,Felipe Negrucci,2025,585,felipe-negrucci,Brazil,Limeira,Brazil,2004-05-14 00:00:00,Defensive Midfield,Midfield,right,180.0,2029-12-31 00:00:00,VERO Sports,https://img.a.transfermarkt.technology/portrait/header/980837-1759449203.jpeg?lm=1,,,,https://www.transfermarkt.co.uk/felipe-negrucci/profil/spieler/980837,BRA1,São Paulo Futebol Clube,1000000.0,1000000.0,585,fc-sao-paulo,São Paulo Futebol Clube,BRA1,,42,26.4,9,21.4,3,MorumBIS,72039,+€24.69m,,2025,../data/raw/transfermarkt-scraper/2025/clubs.json.gz,https://www.transfermarkt.co.uk/fc-sao-paulo/startseite/verein/585,felipe negrucci,False,,,,,,,,,,,,,,,,,,,,,
980854,,Ythallo,Ythallo,2025,537,ythallo,Brazil,São Bernardo do Campo,Brazil,2004-07-22 00:00:00,Centre-Back,Defender,right,193.0,2027-12-31 00:00:00,Un1que Football,https://img.a.transfermarkt.technology/portrait/header/default.jpg?lm=1,,,,https://www.transfermarkt.co.uk/ythallo/profil/spieler/980854,BRA1,S. A. F. Botafogo,300000.0,300000.0,537,botafogo-rio-de-janeiro,S. A. F. Botafogo,BRA1,,34,26.2,13,38.2,5,Estádio Olímpico Nilton Santos,46931,+€40.04m,,2025,../data/raw/transfermarkt-scraper/2025/clubs.json.gz,https://www.transfermarkt.co.uk/botafogo-rio-de-janeiro/startseite/verein/537,ythallo,False,,,,,,,,,,,,,,,,,,,,,
982526,Valentín,Adamo,Valentín Adamo,2024,537,valentin-adamo,Uruguay,San Jacinto,Uruguay,2002-05-04 00:00:00,Centre-Forward,Attack,right,193.0,2027-06-30 00:00:00,CAA Stellar,https://img.a.transfermarkt.technology/portrait/header/982526-1742147183.png?lm=1,,,,https://www.transfermarkt.co.uk/valentin-adamo/profil/spieler/982526,BRA1,S. A. F. Botafogo,,,537,botafogo-rio-de-janeiro,S. A. F. Botafogo,BRA1,,34,26.2,13,38.2,5,Estádio Olímpico Nilton Santos,46931,+€40.04m,,2025,../data/raw/transfermarkt-scraper/2025/clubs.json.gz,https://www.transfermarkt.co.uk/botafogo-rio-de-janeiro/startseite/verein/537,valentin adamo,False,,,,,,,,,,,,,,,,,,,,,
982549,,Lucca,Lucca,2024,6600,lucca,Brazil,Fortaleza,Brazil,2003-04-02 00:00:00,Centre-Forward,Attack,right,180.0,2027-12-31 00:00:00,VTN IMAGE,https://img.a.transfermarkt.technology/portrait/header/982549-1671024498.jpg?lm=1,,,,https://www.transfermarkt.co.uk/lucca/profil/spieler/982549,BRA1,Sport Club Internacional,,,6600,sc-internacional-porto-alegre,Sport Club Internacional,BRA1,,32,26.7,9,28.1,3,Estádio Beira-Rio,50848,+€41.39m,,2025,../data/raw/transfermarkt-scraper/2025/clubs.json.gz,https://www.transfermarkt.co.uk/sc-internacional-porto-alegre/startseite/verein/6600,lucca,False,lucca holanda,Lucca Holanda,FW,Internacional,299.0,0.0,0.0,0.1,0.2,2.0,4.0,8.0,2.0,5.0,0.0,3.0,2.0,0.0,0.0,lucca holanda,True
982552,,Estêvão,Estêvão,2025,6600,estevao,Brazil,Amambai,Brazil,2002-02-03 00:00:00,Attacking Midfield,Midfield,left,176.0,,LINK SPORTS,https://img.a.transfermarkt.technology/portrait/header/982552-1680878273.jpg?lm=1,,,,https://www.transfermarkt.co.uk/estevao/profil/spieler/982552,BRA1,Sport Club Internacional,,,6600,sc-internacional-porto-alegre,Sport Club Internacional,BRA1,,32,26.7,9,28.1,3,Estádio Beira-Rio,50848,+€41.39m,,2025,../data/raw/transfermarkt-scraper/2025/clubs.json.gz,https://www.transfermarkt.co.uk/sc-internacional-porto-alegre/startseite/verein/6600,estevao,True,estevao,Estevão,RW,Palmeiras,2097.0,13.0,9.0,10.3,6.9,92.0,145.0,182.0,84.0,139.0,19.0,30.0,16.0,4.0,0.0,estevao,True
982617,,Hércules,Hércules,2025,2462,hercules,Brazil,Jaicós,Brazil,2000-10-20 00:00:00,Central Midfield,Midfield,right,178.0,2029-12-31 00:00:00,OTB Sports,https://img.a.transfermarkt.technology/portrait/header/982617-1684807166.jpg?lm=1,,,,https://www.transfermarkt.co.uk/hercules/profil/spieler/982617,BRA1,Fluminense Football Club,15000000.0,15000000.0,2462,fluminense-rio-de-janeiro,Fluminense Football Club,BRA1,,33,29.7,11,33.3,4,Estádio Jornalista Mário Filho,82238,€-6.76m,,2025,../data/raw/transfermarkt-scraper/2025/clubs.json.gz,https://www.transfermarkt.co.uk/fluminense-rio-de-janeiro/startseite/verein/2462,hercules,True,hercules,Hércules,CM,Fortaleza,2317.0,4.0,1.0,1.0,1.5,96.0,31.0,56.0,37.0,59.0,9.0,55.0,33.0,6.0,2.0,hercules,True
984416,Rodrigo,Castillo,Rodrigo Castillo,2025,2462,rodrigo-castillo,Argentina,Venado Tuerto,Argentina,1999-02-26 00:00:00,Centre-Forward,Attack,right,187.0,2030-12-31 00:00:00,,https://img.a.transfermarkt.technology/portrait/header/984416-1699913181.jpg?lm=1,,,,https://www.transfermarkt.co.uk/rodrigo-castillo/profil/spieler/984416,BRA1,Fluminense Football Club,6000000.0,6000000.0,2462,fluminense-rio-de-janeiro,Fluminense Football Club,BRA1,,33,29.7,11,33.3,4,Estádio Jornalista Mário Filho,82238,€-6.76m,,2025,../data/raw/transfermarkt-scraper/2025/clubs.json.gz,https://www.transfermarkt.co.uk/fluminense-rio-de-janeiro/startseite/verein/2462,rodrigo castillo,False,,,,,,,,,,,,,,,,,,,,,
984480,Mateo,Sanabria,Mateo Sanabria,2025,10010,mateo-sanabria,Argentina,Lomas de Zamora,Argentina,2004-03-31 00:00:00,Left Winger,Attack,right,178.0,2030-12-31 00:00:00,,https://img.a.transfermarkt.technology/portrait/header/984480-1721935871.png?lm=1,9.0,0.0,,https://www.transfermarkt.co.uk/mateo-sanabria/profil/spieler/984480,BRA1,Esporte Clube Bahia,2000000.0,2000000.0,10010,esporte-clube-bahia,Esporte Clube Bahia,BRA1,,32,26.6,9,28.1,3,Arena Fonte Nova,47364,+€8.14m,,2025,../data/raw/transfermarkt-scraper/2025/clubs.json.gz,https://www.transfermarkt.co.uk/esporte-clube-bahia/startseite/verein/10010,mateo sanabria,False,,,,,,,,,,,,,,,,,,,,,
987776,,Everton Moraes,Everton Moraes,2024,10010,everton-moraes,Brazil,Uberaba,Brazil,2002-05-12 00:00:00,Centre-Forward,Attack,right,184.0,2026-12-31 00:00:00,Talents Sports,https://img.a.transfermarkt.technology/portrait/header/987776-1750009418.png?lm=1,,,,https://www.transfermarkt.co.uk/everton-moraes/profil/spieler/987776,BRA1,Esporte Clube Bahia,,,10010,esporte-clube-bahia,Esporte Clube Bahia,BRA1,,32,26.6,9,28.1,3,Arena Fonte Nova,47364,+€8.14m,,2025,../data/raw/transfermarkt-scraper/2025/clubs.json.gz,https://www.transfermarkt.co.uk/esporte-clube-bahia/startseite/verein/10010,everton moraes,False,,,,,,,,,,,,,,,,,,,,,
989455,Alan,Saldivia,Alan Saldivia,2025,978,alan-saldivia,Uruguay,Rivera,Uruguay,2002-04-06 00:00:00,Centre-Back,Defender,right,180.0,2028-12-31 00:00:00,MVP Group,https://img.a.transfermarkt.technology/portrait/header/989455-1755629778.jpg?lm=1,0.0,0.0,,https://www.transfermarkt.co.uk/alan-saldivia/profil/spieler/989455,BRA1,Club de Regatas Vasco da Gama,1200000.0,2000000.0,978,vasco-da-gama-rio-de-janeiro,Club de Regatas Vasco da Gama,BRA1,,32,26.1,10,31.3,5,Estádio São Januário,24584,+€23.85m,,2025,../data/raw/transfermarkt-scraper/2025/clubs.json.gz,https://www.transfermarkt.co.uk/vasco-da-gama-rio-de-janeiro/startseite/verein/978,alan saldivia,False,,,,,,,,,,,,,,,,,,,,,
989925,Brahian,Palacios,Brahian Palacios,2024,330,brahian-palacios,Colombia,Medellín,Colombia,2002-11-24 00:00:00,Right Winger,Attack,left,182.0,2030-06-30 00:00:00,All Iron Sports,https://img.a.transfermarkt.technology/portrait/header/989925-1708532639.JPG?lm=1,6.0,1.0,,https://www.transfermarkt.co.uk/brahian-palacios/profil/spieler/989925,BRA1,Clube Atlético Mineiro,,,330,clube-atletico-mineiro,Clube Atlético Mineiro,BRA1,,33,25.7,9,27.3,6,Arena MRV,44892,€-1.24m,,2025,../data/raw/transfermarkt-scraper/2025/clubs.json.gz,https://www.transfermarkt.co.uk/clube-atletico-mineiro/startseite/verein/330,brahian palacios,True,brahian palacios,Brahian Palacios,FW,Atlético Mineiro,801.0,2.0,3.0,2.3000000000000003,1.1,23.0,40.0,53.0,17.0,29.0,7.0,13.0,12.0,3.0,0.0,brahian palacios,True
993566,,Hudson,Hudson,2024,10492,hudson,Brazil,São Paulo,Brazil,2001-01-14 00:00:00,Defensive Midfield,Midfield,right,181.0,2026-08-31 00:00:00,GSG Sports,https://img.a.transfermarkt.technology/portrait/header/993566-1663773885.jpg?lm=1,,,,https://www.transfermarkt.co.uk/hudson/profil/spieler/993566,BRA1,Esporte Clube Juventude,,,10492,esporte-clube-juventude,Esporte Clube Juventude,BRA1,,29,28.3,3,10.3,0,Estádio Alfredo Jaconi,23726,+€1.13m,Roger Machado,2024,../data/raw/transfermarkt-scraper/2024/clubs.json.gz,https://www.transfermarkt.co.uk/esporte-clube-juventude/startseite/verein/10492,hudson,False,,,,,,,,,,,,,,,,,,,,,
994029,,Bernardo,Bernardo,2024,10492,bernardo,Brazil,São Domingos do Sul,Brazil,2005-03-11 00:00:00,Centre-Back,Defender,right,187.0,,N29,https://img.a.transfermarkt.technology/portrait/header/994029-1664893795.jpg?lm=1,,,,https://www.transfermarkt.co.uk/bernardo/profil/spieler/994029,BRA1,Esporte Clube Juventude,,,10492,esporte-clube-juventude,Esporte Clube Juventude,BRA1,,29,28.3,3,10.3,0,Estádio Alfredo Jaconi,23726,+€1.13m,Roger Machado,2024,../data/raw/transfermarkt-scraper/2024/clubs.json.gz,https://www.transfermarkt.co.uk/esporte-clube-juventude/startseite/verein/10492,bernardo,False,,,,,,,,,,,,,,,,,,,,,
994229,,Gabriel Souza,Gabriel Souza,2024,10010,gabriel-souza,Brazil,Vila Velha,Brazil,2004-08-03 00:00:00,Goalkeeper,Goalkeeper,right,194.0,2027-10-31 00:00:00,,https://img.a.transfermarkt.technology/portrait/header/994229-1664824577.jpg?lm=1,2.0,0.0,,https://www.transfermarkt.co.uk/gabriel-souza/profil/spieler/994229,BRA1,Esporte Clube Bahia,200000.0,200000.0,10010,esporte-clube-bahia,Esporte Clube Bahia,BRA1,,32,26.6,9,28.1,3,Arena Fonte Nova,47364,+€8.14m,,2025,../data/raw/transfermarkt-scraper/2025/clubs.json.gz,https://www.transfermarkt.co.uk/esporte-clube-bahia/startseite/verein/10010,gabriel souza,True,,,,,,,,,,,,,,,,,,,,,
994622,,Cipriano,Cipriano,2024,10492,cipriano,Brazil,Itajaí,Brazil,2002-11-09 00:00:00,Centre-Back,Defender,left,197.0,2026-07-31 00:00:00,Prime Agencia,https://img.a.transfermarkt.technology/portrait/header/994622-1721902973.jpg?lm=1,,,,https://www.transfermarkt.co.uk/cipriano/profil/spieler/994622,BRA1,Esporte Clube Juventude,,,10492,esporte-clube-juventude,Esporte Clube Juventude,BRA1,,29,28.3,3,10.3,0,Estádio Alfredo Jaconi,23726,+€1.13m,Roger Machado,2024,../data/raw/transfermarkt-scraper/2024/clubs.json.gz,https://www.transfermarkt.co.uk/esporte-clube-juventude/startseite/verein/10492,cipriano,False,,,,,,,,,,,,,,,,,,,,,
996691,,Kawan,Kawan,2024,537,kawan,Brazil,Belém,Brazil,2003-04-10 00:00:00,Centre-Back,Defender,right,188.0,2026-12-31 00:00:00,ADM Esporte,https://img.a.transfermarkt.technology/portrait/header/996691-1747446491.jpg?lm=1,,,,https://www.transfermarkt.co.uk/kawan/profil/spieler/996691,BRA1,S. A. F. Botafogo,,,537,botafogo-rio-de-janeiro,S. A. F. Botafogo,BRA1,,34,26.2,13,38.2,5,Estádio Olímpico Nilton Santos,46931,+€40.04m,,2025,../data/raw/transfermarkt-scraper/2025/clubs.json.gz,https://www.transfermarkt.co.uk/botafogo-rio-de-janeiro/startseite/verein/537,kawan,False,,,,,,,,,,,,,,,,,,,,,
997714,,Alexsander,Alexsander,2025,330,alexsander,Brazil,Barra de Santa Rosa,Brazil,2003-10-08 00:00:00,Defensive Midfield,Midfield,left,178.0,2029-12-31 00:00:00,Bertolucci Sports,https://img.a.transfermarkt.technology/portrait/header/997714-1756950691.jpg?lm=1,8.0,1.0,,https://www.transfermarkt.co.uk/alexsander/profil/spieler/997714,BRA1,Clube Atlético Mineiro,5500000.0,8000000.0,330,clube-atletico-mineiro,Clube Atlético Mineiro,BRA1,,33,25.7,9,27.3,6,Arena MRV,44892,€-1.24m,,2025,../data/raw/transfermarkt-scraper/2025/clubs.json.gz,https://www.transfermarkt.co.uk/clube-atletico-mineiro/startseite/verein/330,alexsander,True,alexsander,Alexsander,DM,Fluminense,791.0,0.0,1.0,0.4,0.8,36.0,15.0,40.0,18.0,26.0,1.0,24.0,13.0,4.0,0.0,alexsander,True
997947,,Otávio Costa,Otávio Costa,2025,609,otavio-costa,Brazil,Perdigão,Brazil,2005-12-27 00:00:00,Goalkeeper,Goalkeeper,right,192.0,2028-12-31 00:00:00,Hebrom Fut.,https://img.a.transfermarkt.technology/portrait/header/997947-1745456431.jpeg?lm=1,3.0,0.0,,https://www.transfermarkt.co.uk/otavio-costa/profil/spieler/997947,BRA1,Cruzeiro Esporte Clube,500000.0,500000.0,609,ec-cruzeiro-belo-horizonte,Cruzeiro Esporte Clube,BRA1,,30,26.8,7,23.3,3,Estádio Governador Magalhães Pinto,61927,€-36.26m,,2025,../data/raw/transfermarkt-scraper/2025/clubs.json.gz,https://www.transfermarkt.co.uk/ec-cruzeiro-belo-horizonte/startseite/verein/609,otavio costa,False,,,,,,,,,,,,,,,,,,,,,
1004065,,Cristian Renato,Cristian Renato,2024,3876,cristian-renato,Brazil,Ponta Porã,Brazil,2000-02-18 00:00:00,Centre-Forward,Attack,right,189.0,,Caran Sports,https://img.a.transfermarkt.technology/portrait/header/1004065-1747764041.jpg?lm=1,,,,https://www.transfermarkt.co.uk/cristian-renato/profil/spieler/1004065,BRA1,Mirasol Futebol Clube,,,3876,mirassol-futebol-clube-sp-,Mirasol Futebol Clube,BRA1,,32,30.1,1,3.1,0,Estádio Municipal José María de Campos Maia,14534,+€1.67m,,2025,../data/raw/transfermarkt-scraper/2025/clubs.json.gz,https://www.transfermarkt.co.uk/mirassol-futebol-clube-sp-/startseite/verein/3876,cristian renato,False,,,,,,,,,,,,,,,,,,,,,
1004722,,César Rodrigues,César Rodrigues,2024,1023,cesar-rodrigues,Brazil,São Sebastião do Paraíso,Brazil,2006-01-07 00:00:00,Goalkeeper,Goalkeeper,right,192.0,,,https://img.a.transfermarkt.technology/portrait/header/1004722-1680449878.jpg?lm=1,5.0,0.0,,https://www.transfermarkt.co.uk/cesar-rodrigues/profil/spieler/1004722,BRA1,Sociedade Esportiva Palmeiras,,,1023,se-palmeiras-sao-paulo,Sociedade Esportiva Palmeiras,BRA1,,31,25.9,9,29.0,10,Nubank Parque,43713,+€31.54m,,2025,../data/raw/transfermarkt-scraper/2025/clubs.json.gz,https://www.transfermarkt.co.uk/se-palmeiras-sao-paulo/startseite/verein/1023,cesar rodrigues,False,,,,,,,,,,,,,,,,,,,,,
1004724,,Bernardo Valim,Bernardo Valim,2024,537,bernardo-valim,Brazil,Niterói,Brazil,2006-01-30 00:00:00,Attacking Midfield,Midfield,right,186.0,,Un1que Football,https://img.a.transfermarkt.technology/portrait/header/1004724-1682522866.jpg?lm=1,11.0,0.0,,https://www.transfermarkt.co.uk/bernardo-valim/profil/spieler/1004724,BRA1,S. A. F. Botafogo,,,537,botafogo-rio-de-janeiro,S. A. F. Botafogo,BRA1,,34,26.2,13,38.2,5,Estádio Olímpico Nilton Santos,46931,+€40.04m,,2025,../data/raw/transfermarkt-scraper/2025/clubs.json.gz,https://www.transfermarkt.co.uk/botafogo-rio-de-janeiro/startseite/verein/537,bernardo valim,False,,,,,,,,,,,,,,,,,,,,,
1004726,,Lucas Camilo,Lucas Camilo,2024,537,lucas-camilo,Brazil,São Gonçalo do Amarante,Brazil,2006-05-25 00:00:00,Defensive Midfield,Midfield,right,183.0,,Golden Team,https://img.a.transfermarkt.technology/portrait/header/default.jpg?lm=1,15.0,0.0,,https://www.transfermarkt.co.uk/lucas-camilo/profil/spieler/1004726,BRA1,S. A. F. Botafogo,,,537,botafogo-rio-de-janeiro,S. A. F. Botafogo,BRA1,,34,26.2,13,38.2,5,Estádio Olímpico Nilton Santos,46931,+€40.04m,,2025,../data/raw/transfermarkt-scraper/2025/clubs.json.gz,https://www.transfermarkt.co.uk/botafogo-rio-de-janeiro/startseite/verein/537,lucas camilo,False,,,,,,,,,,,,,,,,,,,,,
1004736,,Figueiredo,Figueiredo,2025,1023,figueiredo,Brazil,São Paulo,Brazil,2006-03-03 00:00:00,Central Midfield,Midfield,right,177.0,2026-09-30 00:00:00,,https://img.a.transfermarkt.technology/portrait/header/1004736-1680450706.jpg?lm=1,4.0,1.0,,https://www.transfermarkt.co.uk/figueiredo/profil/spieler/1004736,BRA1,Sociedade Esportiva Palmeiras,,,1023,se-palmeiras-sao-paulo,Sociedade Esportiva Palmeiras,BRA1,,31,25.9,9,29.0,10,Nubank Parque,43713,+€31.54m,,2025,../data/raw/transfermarkt-scraper/2025/clubs.json.gz,https://www.transfermarkt.co.uk/se-palmeiras-sao-paulo/startseite/verein/1023,figueiredo,False,,,,,,,,,,,,,,,,,,,,,
1004737,,Esquerdinha,Esquerdinha,2024,2462,esquerdinha,Brazil,São Gonçalo,Brazil,2006-02-28 00:00:00,Left-Back,Defender,left,183.0,,Roc Nation Sports,https://img.a.transfermarkt.technology/portrait/header/1004737-1733838574.jpg?lm=1,9.0,0.0,,https://www.transfermarkt.co.uk/esquerdinha/profil/spieler/1004737,BRA1,Fluminense Football Club,,,2462,fluminense-rio-de-janeiro,Fluminense Football Club,BRA1,,33,29.7,11,33.3,4,Estádio Jornalista Mário Filho,82238,€-6.76m,,2025,../data/raw/transfermarkt-scraper/2025/clubs.json.gz,https://www.transfermarkt.co.uk/fluminense-rio-de-janeiro/startseite/verein/2462,esquerdinha,True,esquerdinha,Esquerdinha,LB,Fluminense,128.0,0.0,0.0,0.1,0.3,6.0,8.0,8.0,4.0,7.0,1.0,0.0,2.0,0.0,0.0,esquerdinha,True
1004739,,Bahia,Bahia,2025,199,bahia,Brazil,Vitória da Conquista,Brazil,2006-01-02 00:00:00,Central Midfield,Midfield,right,178.0,2027-09-30 00:00:00,Un1que Football,https://img.a.transfermarkt.technology/portrait/header/1004739-1769005135.png?lm=1,10.0,1.0,,https://www.transfermarkt.co.uk/bahia/profil/spieler/1004739,BRA1,Sport Club Corinthians Paulista,,,199,corinthians-sao-paulo,Sport Club Corinthians Paulista,BRA1,,34,27.2,7,20.6,3,Neo Química Arena,49205,+€2.19m,,2025,../data/raw/transfermarkt-scraper/2025/clubs.json.gz,https://www.transfermarkt.co.uk/corinthians-sao-paulo/startseite/verein/199,bahia,False,,,,,,,,,,,,,,,,,,,,,
1005006,,Vitor Gabriel,Vitor Gabriel,2024,330,vitor-gabriel,Brazil,Belo Horizonte,Brazil,2006-03-11 00:00:00,Right-Back,Defender,right,176.0,2026-10-31 00:00:00,LINK SPORTS,https://img.a.transfermarkt.technology/portrait/header/1005006-1682391449.jpg?lm=1,12.0,0.0,,https://www.transfermarkt.co.uk/vitor-gabriel/profil/spieler/1005006,BRA1,Clube Atlético Mineiro,,,330,clube-atletico-mineiro,Clube Atlético Mineiro,BRA1,,33,25.7,9,27.3,6,Arena MRV,44892,€-1.24m,,2025,../data/raw/transfermarkt-scraper/2025/clubs.json.gz,https://www.transfermarkt.co.uk/clube-atletico-mineiro/startseite/verein/330,vitor gabriel,False,,,,,,,,,,,,,,,,,,,,,
1005007,,Da Mata,Da Mata,2024,614,da-mata,Brazil,Bauru,Brazil,2006-03-13 00:00:00,Centre-Back,Defender,right,185.0,,,https://img.a.transfermarkt.technology/portrait/header/1005007-1682390511.jpg?lm=1,17.0,4.0,,https://www.transfermarkt.co.uk/da-mata/profil/spieler/1005007,BRA1,Clube de Regatas do Flamengo,,,614,flamengo-rio-de-janeiro,Clube de Regatas do Flamengo,BRA1,,28,28.8,9,32.1,10,Estádio Jornalista Mário Filho,82238,€-13.92m,,2025,../data/raw/transfermarkt-scraper/2025/clubs.json.gz,https://www.transfermarkt.co.uk/flamengo-rio-de-janeiro/startseite/verein/614,da mata,False,,,,,,,,,,,,,,,,,,,,,
1005582,,Phillipe Gabriel,Phillipe Gabriel,2024,978,phillipe-gabriel,Brazil,São Gonçalo,Brazil,2006-02-23 00:00:00,Goalkeeper,Goalkeeper,right,196.0,,All In Sports,https://img.a.transfermarkt.technology/portrait/header/1005582-1682390327.jpg?lm=1,12.0,0.0,,https://www.transfermarkt.co.uk/phillipe-gabriel/profil/spieler/1005582,BRA1,Club de Regatas Vasco da Gama,,,978,vasco-da-gama-rio-de-janeiro,Club de Regatas Vasco da Gama,BRA1,,32,26.1,10,31.3,5,Estádio São Januário,24584,+€23.85m,,2025,../data/raw/transfermarkt-scraper/2025/clubs.json.gz,https://www.transfermarkt.co.uk/vasco-da-gama-rio-de-janeiro/startseite/verein/978,phillipe gabriel,False,,,,,,,,,,,,,,,,,,,,,
1005585,,Pepê Fermino,Pepê Fermino,2025,221,pepe-fermino,,,Brazil,2007-02-12 00:00:00,Attacking Midfield,Midfield,right,,2030-06-30 00:00:00,Talents Sports,https://img.a.transfermarkt.technology/portrait/header/default.jpg?lm=1,3.0,0.0,,https://www.transfermarkt.co.uk/pepe-fermino/profil/spieler/1005585,BRA1,Santos Futebol Clube,,,221,fc-santos,Santos Futebol Clube,BRA1,,37,26.7,9,24.3,4,Estádio Urbano Caldeira,16068,+€7.21m,,2025,../data/raw/transfermarkt-scraper/2025/clubs.json.gz,https://www.transfermarkt.co.uk/fc-santos/startseite/verein/221,pepe fermino,False,,,,,,,,,,,,,,,,,,,,,
1005640,,Arthur Sousa,Arthur Sousa,2024,8793,arthur-sousa,Brazil,Brasília,Brazil,2003-03-12 00:00:00,Centre-Forward,Attack,right,184.0,2026-12-31 00:00:00,Un1que Football,https://img.a.transfermarkt.technology/portrait/header/1005640-1720056763.jpg?lm=1,,,,https://www.transfermarkt.co.uk/arthur-sousa/profil/spieler/1005640,BRA1,Red Bull Bragantino,,,8793,red-bull-bragantino,Red Bull Bragantino,BRA1,,39,25.6,9,23.1,3,Estádio Municipal Cicero De Souza Marques,12000,+€10.50m,,2025,../data/raw/transfermarkt-scraper/2025/clubs.json.gz,https://www.transfermarkt.co.uk/red-bull-bragantino/startseite/verein/8793,arthur sousa,False,,,,,,,,,,,,,,,,,,,,,
1005642,,Ryan,Ryan,2024,199,ryan,Brazil,São Paulo,Brazil,2003-07-15 00:00:00,Defensive Midfield,Midfield,left,170.0,2026-12-31 00:00:00,Elenko Sports Ltda.,https://img.a.transfermarkt.technology/portrait/header/1005642-1720056608.jpg?lm=1,2.0,0.0,,https://www.transfermarkt.co.uk/ryan/profil/spieler/1005642,BRA1,Sport Club Corinthians Paulista,,,199,corinthians-sao-paulo,Sport Club Corinthians Paulista,BRA1,,34,27.2,7,20.6,3,Neo Química Arena,49205,+€2.19m,,2025,../data/raw/transfermarkt-scraper/2025/clubs.json.gz,https://www.transfermarkt.co.uk/corinthians-sao-paulo/startseite/verein/199,ryan,False,ryan gustavo,Ryan Gustavo,"LM,DM",Corinthians,526.0,0.0,0.0,0.1,0.30000000000000004,16.0,4.0,9.0,4.0,4.0,0.0,27.0,12.0,2.0,0.0,ryan gustavo,True
1005650,,Tchoca,Tchoca,2025,199,tchoca,Brazil,Sete Lagoas,Brazil,2003-12-31 00:00:00,Centre-Back,Defender,right,192.0,2030-12-31 00:00:00,OTB Sports,https://img.a.transfermarkt.technology/portrait/header/1005650-1720056483.jpg?lm=1,0.0,0.0,,https://www.transfermarkt.co.uk/tchoca/profil/spieler/1005650,BRA1,Sport Club Corinthians Paulista,4000000.0,4000000.0,199,corinthians-sao-paulo,Sport Club Corinthians Paulista,BRA1,,34,27.2,7,20.6,3,Neo Química Arena,49205,+€2.19m,,2025,../data/raw/transfermarkt-scraper/2025/clubs.json.gz,https://www.transfermarkt.co.uk/corinthians-sao-paulo/startseite/verein/199,tchoca,False,,,,,,,,,,,,,,,,,,,,,
1005653,,Kauê,Kauê,2025,199,kaue,Brazil,Santa Cruz do Rio Pardo,Brazil,2004-02-08 00:00:00,Goalkeeper,Goalkeeper,right,192.0,2029-12-31 00:00:00,BMS,https://img.a.transfermarkt.technology/portrait/header/1005653-1738231246.jpg?lm=1,0.0,0.0,,https://www.transfermarkt.co.uk/kaue/profil/spieler/1005653,BRA1,Sport Club Corinthians Paulista,300000.0,300000.0,199,corinthians-sao-paulo,Sport Club Corinthians Paulista,BRA1,,34,27.2,7,20.6,3,Neo Química Arena,49205,+€2.19m,,2025,../data/raw/transfermarkt-scraper/2025/clubs.json.gz,https://www.transfermarkt.co.uk/corinthians-sao-paulo/startseite/verein/199,kaue,True,,,,,,,,,,,,,,,,,,,,,
1005656,,Felipe Longo,Felipe Longo,2025,199,felipe-longo,Brazil,São Paulo,Brazil,2005-03-05 00:00:00,Goalkeeper,Goalkeeper,right,189.0,2029-03-30 00:00:00,,https://img.a.transfermarkt.technology/portrait/header/1005656-1758248276.png?lm=1,7.0,0.0,,https://www.transfermarkt.co.uk/felipe-longo/profil/spieler/1005656,BRA1,Sport Club Corinthians Paulista,500000.0,500000.0,199,corinthians-sao-paulo,Sport Club Corinthians Paulista,BRA1,,34,27.2,7,20.6,3,Neo Química Arena,49205,+€2.19m,,2025,../data/raw/transfermarkt-scraper/2025/clubs.json.gz,https://www.transfermarkt.co.uk/corinthians-sao-paulo/startseite/verein/199,felipe longo,False,,,,,,,,,,,,,,,,,,,,,
1009030,,Lorran,Lorran,2025,614,lorran,Brazil,Rio de Janeiro,Brazil,2006-07-04 00:00:00,Attacking Midfield,Midfield,left,180.0,2029-12-31 00:00:00,Roc Nation Sports,https://img.a.transfermarkt.technology/portrait/header/1009030-1757676794.jpg?lm=1,0.0,0.0,,https://www.transfermarkt.co.uk/lorran/profil/spieler/1009030,BRA1,Clube de Regatas do Flamengo,4500000.0,12000000.0,614,flamengo-rio-de-janeiro,Clube de Regatas do Flamengo,BRA1,,28,28.8,9,32.1,10,Estádio Jornalista Mário Filho,82238,€-13.92m,,2025,../data/raw/transfermarkt-scraper/2025/clubs.json.gz,https://www.transfermarkt.co.uk/flamengo-rio-de-janeiro/startseite/verein/614,lorran,True,lorran,Lorran,DM,Flamengo,706.0,1.0,1.0,2.0,0.9,40.0,32.0,43.0,23.0,36.0,5.0,17.0,6.0,0.0,0.0,lorran,True
1015973,,Caio Garcia,Caio Garcia,2024,614,caio-garcia,Brazil,Barra Bonita,Brazil,2004-04-03 00:00:00,Defensive Midfield,Midfield,right,175.0,2026-12-31 00:00:00,Nedana Football,https://img.a.transfermarkt.technology/portrait/header/1015973-1766782636.jpg?lm=1,,,,https://www.transfermarkt.co.uk/caio-garcia/profil/spieler/1015973,BRA1,Clube de Regatas do Flamengo,,,614,flamengo-rio-de-janeiro,Clube de Regatas do Flamengo,BRA1,,28,28.8,9,32.1,10,Estádio Jornalista Mário Filho,82238,€-13.92m,,2025,../data/raw/transfermarkt-scraper/2025/clubs.json.gz,https://www.transfermarkt.co.uk/flamengo-rio-de-janeiro/startseite/verein/614,caio garcia,False,,,,,,,,,,,,,,,,,,,,,
1017824,,Luiz Henrique,Luiz Henrique,2024,10492,luiz-henrique,Brazil,Aracaju,Brazil,2004-12-23 00:00:00,Attacking Midfield,Midfield,right,181.0,2026-12-31 00:00:00,Future Soccer,https://img.a.transfermarkt.technology/portrait/header/default.jpg?lm=1,,,,https://www.transfermarkt.co.uk/luiz-henrique/profil/spieler/1017824,BRA1,Esporte Clube Juventude,,,10492,esporte-clube-juventude,Esporte Clube Juventude,BRA1,,29,28.3,3,10.3,0,Estádio Alfredo Jaconi,23726,+€1.13m,Roger Machado,2024,../data/raw/transfermarkt-scraper/2024/clubs.json.gz,https://www.transfermarkt.co.uk/esporte-clube-juventude/startseite/verein/10492,luiz henrique,True,,,,,,,,,,,,,,,,,,,,,
1019701,,Pedrão,Pedrão,2025,609,pedrao,Brazil,Barra Mansa,Brazil,2004-01-06 00:00:00,Centre-Back,Defender,right,186.0,2026-12-31 00:00:00,VTN IMAGE,https://img.a.transfermarkt.technology/portrait/header/1019701-1758222131.jpg?lm=1,0.0,0.0,,https://www.transfermarkt.co.uk/pedrao/profil/spieler/1019701,BRA1,Cruzeiro Esporte Clube,,,609,ec-cruzeiro-belo-horizonte,Cruzeiro Esporte Clube,BRA1,,30,26.8,7,23.3,3,Estádio Governador Magalhães Pinto,61927,€-36.26m,,2025,../data/raw/transfermarkt-scraper/2025/clubs.json.gz,https://www.transfermarkt.co.uk/ec-cruzeiro-belo-horizonte/startseite/verein/609,pedrao,True,pedrao,Pedrão,CB,Atlético Goianiense,587.0,0.0,0.0,0.2,0.1,11.0,2.0,0.0,0.0,3.0,0.0,15.0,9.0,3.0,0.0,pedrao,True
1022342,,Léo Aragão,Léo Aragão,2025,609,leo-aragao,Brazil,Americana,Brazil,2002-04-19 00:00:00,Goalkeeper,Goalkeeper,right,192.0,2027-12-31 00:00:00,Madeira Sports,https://img.a.transfermarkt.technology/portrait/header/1022342-1682957668.jpg?lm=1,,,,https://www.transfermarkt.co.uk/leo-aragao/profil/spieler/1022342,BRA1,Cruzeiro Esporte Clube,,,609,ec-cruzeiro-belo-horizonte,Cruzeiro Esporte Clube,BRA1,,30,26.8,7,23.3,3,Estádio Governador Magalhães Pinto,61927,€-36.26m,,2025,../data/raw/transfermarkt-scraper/2025/clubs.json.gz,https://www.transfermarkt.co.uk/ec-cruzeiro-belo-horizonte/startseite/verein/609,leo aragao,False,,,,,,,,,,,,,,,,,,,,,
1022594,,Léo Jacó,Léo Jacó,2024,978,leo-jaco,,,Brazil,2005-04-06 00:00:00,Centre-Forward,Attack,left,,2029-12-31 00:00:00,MACAR SPORTS,https://img.a.transfermarkt.technology/portrait/header/default.jpg?lm=1,,,,https://www.transfermarkt.co.uk/leo-jaco/profil/spieler/1022594,BRA1,Club de Regatas Vasco da Gama,,,978,vasco-da-gama-rio-de-janeiro,Club de Regatas Vasco da Gama,BRA1,,32,26.1,10,31.3,5,Estádio São Januário,24584,+€23.85m,,2025,../data/raw/transfermarkt-scraper/2025/clubs.json.gz,https://www.transfermarkt.co.uk/vasco-da-gama-rio-de-janeiro/startseite/verein/978,leo jaco,False,,,,,,,,,,,,,,,,,,,,,
1024605,,André Henrique,André Henrique,2025,210,andre-henrique,Brazil,Guanambi,Brazil,2001-12-17 00:00:00,Centre-Forward,Attack,right,189.0,2028-12-31 00:00:00,Clamber Global,https://img.a.transfermarkt.technology/portrait/header/1024605-1711573149.jpg?lm=1,,,,https://www.transfermarkt.co.uk/andre-henrique/profil/spieler/1024605,BRA1,Grêmio Foot-Ball Porto Alegrense,3000000.0,3000000.0,210,gremio-porto-alegre,Grêmio Foot-Ball Porto Alegrense,BRA1,,34,26.5,11,32.4,3,Arena do Grêmio,60540,€-6.38m,,2025,../data/raw/transfermarkt-scraper/2025/clubs.json.gz,https://www.transfermarkt.co.uk/gremio-porto-alegre/startseite/verein/210,andre henrique,False,,,,,,,,,,,,,,,,,,,,,
1025717,,Weliton,Weliton,2024,537,weliton,Brazil,Soledade,Brazil,2005-04-13 00:00:00,Centre-Forward,Attack,right,187.0,2026-07-30 00:00:00,,https://img.a.transfermarkt.technology/portrait/header/1025717-1661911849.jpg?lm=1,,,,https://www.transfermarkt.co.uk/weliton/profil/spieler/1025717,BRA1,S. A. F. Botafogo,,,537,botafogo-rio-de-janeiro,S. A. F. Botafogo,BRA1,,34,26.2,13,38.2,5,Estádio Olímpico Nilton Santos,46931,+€40.04m,,2025,../data/raw/transfermarkt-scraper/2025/clubs.json.gz,https://www.transfermarkt.co.uk/botafogo-rio-de-janeiro/startseite/verein/537,weliton,False,,,,,,,,,,,,,,,,,,,,,
1027023,,Pedro Andrade,Pedro Andrade,2024,585,pedro-andrade,Brazil,Itapecirica da Serra,Brazil,2005-04-20 00:00:00,Centre-Back,Defender,left,184.0,2026-12-31 00:00:00,ROGON U23,https://img.a.transfermarkt.technology/portrait/header/1027023-1759491373.jpeg?lm=1,,,,https://www.transfermarkt.co.uk/pedro-andrade/profil/spieler/1027023,BRA1,São Paulo Futebol Clube,,,585,fc-sao-paulo,São Paulo Futebol Clube,BRA1,,42,26.4,9,21.4,3,MorumBIS,72039,+€24.69m,,2025,../data/raw/transfermarkt-scraper/2025/clubs.json.gz,https://www.transfermarkt.co.uk/fc-sao-paulo/startseite/verein/585,pedro andrade,False,,,,,,,,,,,,,,,,,,,,,
1027026,,Maik,Maik,2025,585,maik,Brazil,São Paulo,Brazil,2005-01-03 00:00:00,Right-Back,Defender,right,175.0,2028-05-31 00:00:00,,https://img.a.transfermarkt.technology/portrait/header/1027026-1759449102.jpeg?lm=1,,,,https://www.transfermarkt.co.uk/maik/profil/spieler/1027026,BRA1,São Paulo Futebol Clube,1500000.0,2000000.0,585,fc-sao-paulo,São Paulo Futebol Clube,BRA1,,42,26.4,9,21.4,3,MorumBIS,72039,+€24.69m,,2025,../data/raw/transfermarkt-scraper/2025/clubs.json.gz,https://www.transfermarkt.co.uk/fc-sao-paulo/startseite/verein/585,maik,False,,,,,,,,,,,,,,,,,,,,,
1027027,,Ryan Couto,Ryan Couto,2024,537,ryan-couto,,,Brazil,2005-03-03 00:00:00,Centre-Back,Defender,right,187.0,,UJ Football Talent,https://img.a.transfermarkt.technology/portrait/header/1027027-1713624279.jpeg?lm=1,,,,https://www.transfermarkt.co.uk/ryan-couto/profil/spieler/1027027,BRA1,S. A. F. Botafogo,,,537,botafogo-rio-de-janeiro,S. A. F. Botafogo,BRA1,,34,26.2,13,38.2,5,Estádio Olímpico Nilton Santos,46931,+€40.04m,,2025,../data/raw/transfermarkt-scraper/2025/clubs.json.gz,https://www.transfermarkt.co.uk/botafogo-rio-de-janeiro/startseite/verein/537,ryan couto,False,,,,,,,,,,,,,,,,,,,,,
1027788,,Enzo Vagner,Enzo Vagner,2024,8718,enzo-vagner,,,Brazil,2006-07-28 00:00:00,Centre-Forward,Attack,right,188.0,2027-12-31 00:00:00,,https://img.a.transfermarkt.technology/portrait/header/default.jpg?lm=1,,,,https://www.transfermarkt.co.uk/enzo-vagner/profil/spieler/1027788,BRA1,Sport Club do Recife,,,8718,sport-club-do-recife,Sport Club do Recife,BRA1,,29,27.1,1,3.4,0,Estádio Adelmar da Costa Carvalho,35000,+€2.95m,Mariano Soso,2024,../data/raw/transfermarkt-scraper/2024/clubs.json.gz,https://www.transfermarkt.co.uk/sport-club-do-recife/startseite/verein/8718,enzo vagner,False,,,,,,,,,,,,,,,,,,,,,
1029227,Breno,Bidon,Breno Bidon,2025,199,breno-bidon,Brazil,São Paulo,Brazil,2005-02-20 00:00:00,Central Midfield,Midfield,left,178.0,2029-12-31 00:00:00,Dodici Sports BR,https://img.a.transfermarkt.technology/portrait/header/1029227-1725327135.jpg?lm=1,11.0,1.0,,https://www.transfermarkt.co.uk/breno-bidon/profil/spieler/1029227,BRA1,Sport Club Corinthians Paulista,22000000.0,22000000.0,199,corinthians-sao-paulo,Sport Club Corinthians Paulista,BRA1,,34,27.2,7,20.6,3,Neo Química Arena,49205,+€2.19m,,2025,../data/raw/transfermarkt-scraper/2025/clubs.json.gz,https://www.transfermarkt.co.uk/corinthians-sao-paulo/startseite/verein/199,breno bidon,False,,,,,,,,,,,,,,,,,,,,,
1031409,,Zé Henrique,Zé Henrique,2024,10492,ze-henrique,Brazil,Paraguaçu Paulista,Brazil,2004-10-23 00:00:00,Goalkeeper,Goalkeeper,right,199.0,,LEGSOCCER,https://img.a.transfermarkt.technology/portrait/header/1031409-1670982750.jpeg?lm=1,,,,https://www.transfermarkt.co.uk/ze-henrique/profil/spieler/1031409,BRA1,Esporte Clube Juventude,,,10492,esporte-clube-juventude,Esporte Clube Juventude,BRA1,,29,28.3,3,10.3,0,Estádio Alfredo Jaconi,23726,+€1.13m,Roger Machado,2024,../data/raw/transfermarkt-scraper/2024/clubs.json.gz,https://www.transfermarkt.co.uk/esporte-clube-juventude/startseite/verein/10492,ze henrique,False,,,,,,,,,,,,,,,,,,,,,
1032891,,Kevyson,Kevyson,2024,221,kevyson,Brazil,Leopoldina,Brazil,2004-03-29 00:00:00,Left-Back,Defender,left,174.0,2026-12-31 00:00:00,ADM Esporte,https://img.a.transfermarkt.technology/portrait/header/1032891-1698358631.jpg?lm=1,,,,https://www.transfermarkt.co.uk/kevyson/profil/spieler/1032891,BRA1,Santos Futebol Clube,,,221,fc-santos,Santos Futebol Clube,BRA1,,37,26.7,9,24.3,4,Estádio Urbano Caldeira,16068,+€7.21m,,2025,../data/raw/transfermarkt-scraper/2025/clubs.json.gz,https://www.transfermarkt.co.uk/fc-santos/startseite/verein/221,kevyson,False,,,,,,,,,,,,,,,,,,,,,
1039533,Rubén,Lezcano,Rubén Lezcano,2024,2462,ruben-lezcano,Paraguay,"Repatriación, Caaguazú",Paraguay,2004-02-09 00:00:00,Attacking Midfield,Midfield,left,178.0,2026-12-31 00:00:00,Pedro Aldave Ortuzar,https://img.a.transfermarkt.technology/portrait/header/1039533-1732239770.png?lm=1,0.0,0.0,,https://www.transfermarkt.co.uk/ruben-lezcano/profil/spieler/1039533,BRA1,Fluminense Football Club,,,2462,fluminense-rio-de-janeiro,Fluminense Football Club,BRA1,,33,29.7,11,33.3,4,Estádio Jornalista Mário Filho,82238,€-6.76m,,2025,../data/raw/transfermarkt-scraper/2025/clubs.json.gz,https://www.transfermarkt.co.uk/fluminense-rio-de-janeiro/startseite/verein/2462,ruben lezcano,False,,,,,,,,,,,,,,,,,,,,,
1044131,,Roger Gabriel,Roger Gabriel,2025,10010,roger-gabriel,Brazil,Salvador,Brazil,2007-02-12 00:00:00,Attacking Midfield,Midfield,both,173.0,2027-01-31 00:00:00,Prime Agencia,https://img.a.transfermarkt.technology/portrait/header/1044131-1769176570.png?lm=1,,,,https://www.transfermarkt.co.uk/roger-gabriel/profil/spieler/1044131,BRA1,Esporte Clube Bahia,,,10010,esporte-clube-bahia,Esporte Clube Bahia,BRA1,,32,26.6,9,28.1,3,Arena Fonte Nova,47364,+€8.14m,,2025,../data/raw/transfermarkt-scraper/2025/clubs.json.gz,https://www.transfermarkt.co.uk/esporte-clube-bahia/startseite/verein/10010,roger gabriel,False,,,,,,,,,,,,,,,,,,,,,
1047465,,Emerson Galego,Emerson Galego,2024,10492,emerson-galego,Brazil,Casa Nova,Brazil,1999-08-10 00:00:00,Right Winger,Attack,right,180.0,2026-11-30 00:00:00,,https://img.a.transfermarkt.technology/portrait/header/1047465-1740225161.jpg?lm=1,,,,https://www.transfermarkt.co.uk/emerson-galego/profil/spieler/1047465,BRA1,Esporte Clube Juventude,,,10492,esporte-clube-juventude,Esporte Clube Juventude,BRA1,,29,28.3,3,10.3,0,Estádio Alfredo Jaconi,23726,+€1.13m,Roger Machado,2024,../data/raw/transfermarkt-scraper/2024/clubs.json.gz,https://www.transfermarkt.co.uk/esporte-clube-juventude/startseite/verein/10492,emerson galego,False,,,,,,,,,,,,,,,,,,,,,
1053934,,Rafinha,Rafinha,2024,10492,rafinha,Australia,Brisbane,Brazil,2002-11-18 00:00:00,Attacking Midfield,Midfield,right,173.0,,,https://img.a.transfermarkt.technology/portrait/header/1053934-1674749528.jpg?lm=1,,,,https://www.transfermarkt.co.uk/rafinha/profil/spieler/1053934,BRA1,Esporte Clube Juventude,,,10492,esporte-clube-juventude,Esporte Clube Juventude,BRA1,,29,28.3,3,10.3,0,Estádio Alfredo Jaconi,23726,+€1.13m,Roger Machado,2024,../data/raw/transfermarkt-scraper/2024/clubs.json.gz,https://www.transfermarkt.co.uk/esporte-clube-juventude/startseite/verein/10492,rafinha,True,,,,,,,,,,,,,,,,,,,,,
1063811,,Miguelito,Miguelito,2025,221,miguelito,Bolivia,Santa Cruz de la Sierra,Bolivia,2004-04-25 00:00:00,Attacking Midfield,Midfield,left,177.0,2029-05-31 00:00:00,Três em Um,https://img.a.transfermarkt.technology/portrait/header/1063811-1674435475.jpg?lm=1,34.0,9.0,,https://www.transfermarkt.co.uk/miguelito/profil/spieler/1063811,BRA1,Santos Futebol Clube,5000000.0,5000000.0,221,fc-santos,Santos Futebol Clube,BRA1,,37,26.7,9,24.3,4,Estádio Urbano Caldeira,16068,+€7.21m,,2025,../data/raw/transfermarkt-scraper/2025/clubs.json.gz,https://www.transfermarkt.co.uk/fc-santos/startseite/verein/221,miguelito,False,,,,,,,,,,,,,,,,,,,,,
1065802,,Wesley Santos,Wesley Santos,2025,3876,wesley-santos,,,Brazil,2004-06-06 00:00:00,Right-Back,Defender,right,170.0,,BLB SPORTS,https://img.a.transfermarkt.technology/portrait/header/default.jpg?lm=1,,,,https://www.transfermarkt.co.uk/wesley-santos/profil/spieler/1065802,BRA1,Mirasol Futebol Clube,,,3876,mirassol-futebol-clube-sp-,Mirasol Futebol Clube,BRA1,,32,30.1,1,3.1,0,Estádio Municipal José María de Campos Maia,14534,+€1.67m,,2025,../data/raw/transfermarkt-scraper/2025/clubs.json.gz,https://www.transfermarkt.co.uk/mirassol-futebol-clube-sp-/startseite/verein/3876,wesley santos,False,,,,,,,,,,,,,,,,,,,,,
1069871,,Zé Welinton,Zé Welinton,2024,614,ze-welinton,Brazil,Jardim,Brazil,2004-01-08 00:00:00,Left-Back,Defender,left,169.0,,,https://img.a.transfermarkt.technology/portrait/header/default.jpg?lm=1,,,,https://www.transfermarkt.co.uk/ze-welinton/profil/spieler/1069871,BRA1,Clube de Regatas do Flamengo,,,614,flamengo-rio-de-janeiro,Clube de Regatas do Flamengo,BRA1,,28,28.8,9,32.1,10,Estádio Jornalista Mário Filho,82238,€-13.92m,,2025,../data/raw/transfermarkt-scraper/2025/clubs.json.gz,https://www.transfermarkt.co.uk/flamengo-rio-de-janeiro/startseite/verein/614,ze welinton,False,,,,,,,,,,,,,,,,,,,,,
1072157,,Thalys,Thalys,2024,1023,thalys,Brazil,São Miguel dos Campos,Brazil,2005-02-22 00:00:00,Centre-Forward,Attack,left,184.0,2031-06-30 00:00:00,Bertolucci Sports,https://img.a.transfermarkt.technology/portrait/header/1072157-1680449274.jpg?lm=1,0.0,0.0,,https://www.transfermarkt.co.uk/thalys/profil/spieler/1072157,BRA1,Sociedade Esportiva Palmeiras,,,1023,se-palmeiras-sao-paulo,Sociedade Esportiva Palmeiras,BRA1,,31,25.9,9,29.0,10,Nubank Parque,43713,+€31.54m,,2025,../data/raw/transfermarkt-scraper/2025/clubs.json.gz,https://www.transfermarkt.co.uk/se-palmeiras-sao-paulo/startseite/verein/1023,thalys,False,,,,,,,,,,,,,,,,,,,,,
1074501,Cristhian,Loor,Cristhian Loor,2025,537,cristhian-loor,Ecuador,La Concordia,Ecuador,2006-03-09 00:00:00,Goalkeeper,Goalkeeper,right,187.0,2028-12-31 00:00:00,Benitez Sports,https://img.a.transfermarkt.technology/portrait/header/1074501-1739213776.png?lm=1,0.0,0.0,,https://www.transfermarkt.co.uk/cristhian-loor/profil/spieler/1074501,BRA1,S. A. F. Botafogo,350000.0,500000.0,537,botafogo-rio-de-janeiro,S. A. F. Botafogo,BRA1,,34,26.2,13,38.2,5,Estádio Olímpico Nilton Santos,46931,+€40.04m,,2025,../data/raw/transfermarkt-scraper/2025/clubs.json.gz,https://www.transfermarkt.co.uk/botafogo-rio-de-janeiro/startseite/verein/537,cristhian loor,False,,,,,,,,,,,,,,,,,,,,,
1074584,Keny,Arroyo,Keny Arroyo,2025,609,keny-arroyo,Ecuador,Guayaquil,Ecuador,2006-02-14 00:00:00,Right Winger,Attack,left,176.0,2029-12-31 00:00:00,LIAN Sports Group,https://img.a.transfermarkt.technology/portrait/header/1074584-1739177410.jpeg?lm=1,2.0,0.0,,https://www.transfermarkt.co.uk/keny-arroyo/profil/spieler/1074584,BRA1,Cruzeiro Esporte Clube,10000000.0,10000000.0,609,ec-cruzeiro-belo-horizonte,Cruzeiro Esporte Clube,BRA1,,30,26.8,7,23.3,3,Estádio Governador Magalhães Pinto,61927,€-36.26m,,2025,../data/raw/transfermarkt-scraper/2025/clubs.json.gz,https://www.transfermarkt.co.uk/ec-cruzeiro-belo-horizonte/startseite/verein/609,keny arroyo,False,,,,,,,,,,,,,,,,,,,,,
1077154,,Rafael Freitas,Rafael Freitas,2024,221,rafael-freitas,Brazil,Casa Branca,Brazil,2005-08-18 00:00:00,,Missing,,176.0,2027-05-15 00:00:00,,https://img.a.transfermarkt.technology/portrait/header/default.jpg?lm=1,,,,https://www.transfermarkt.co.uk/rafael-freitas/profil/spieler/1077154,BRA1,Santos Futebol Clube,,,221,fc-santos,Santos Futebol Clube,BRA1,,37,26.7,9,24.3,4,Estádio Urbano Caldeira,16068,+€7.21m,,2025,../data/raw/transfermarkt-scraper/2025/clubs.json.gz,https://www.transfermarkt.co.uk/fc-santos/startseite/verein/221,rafael freitas,False,,,,,,,,,,,,,,,,,,,,,
1082521,,Athyrson,Athyrson,2024,8793,athyrson,Brazil,Ibirapuã,Brazil,2004-01-06 00:00:00,Left Winger,Attack,right,182.0,2027-12-31 00:00:00,B2F,https://img.a.transfermarkt.technology/portrait/header/1082521-1671047351.jpg?lm=1,,,,https://www.transfermarkt.co.uk/athyrson/profil/spieler/1082521,BRA1,Red Bull Bragantino,,,8793,red-bull-bragantino,Red Bull Bragantino,BRA1,,39,25.6,9,23.1,3,Estádio Municipal Cicero De Souza Marques,12000,+€10.50m,,2025,../data/raw/transfermarkt-scraper/2025/clubs.json.gz,https://www.transfermarkt.co.uk/red-bull-bragantino/startseite/verein/8793,athyrson,False,,,,,,,,,,,,,,,,,,,,,
1082523,,Lucca Prior,Lucca Prior,2024,10870,lucca-prior,Brazil,Franca,Brazil,2004-02-12 00:00:00,Attacking Midfield,Midfield,left,173.0,2027-12-31 00:00:00,"Flashforward, S.L.",https://img.a.transfermarkt.technology/portrait/header/1082523-1671047016.jpg?lm=1,,,,https://www.transfermarkt.co.uk/lucca-prior/profil/spieler/1082523,BRA1,Fortaleza Esporte Clube,,,10870,fortaleza-esporte-clube,Fortaleza Esporte Clube,BRA1,,29,27.1,5,17.2,0,Estádio Governador Plácido Castelo,63904,+€6.25m,Juan Pablo Vojvoda,2024,../data/raw/transfermarkt-scraper/2024/clubs.json.gz,https://www.transfermarkt.co.uk/fortaleza-esporte-clube/startseite/verein/10870,lucca prior,False,,,,,,,,,,,,,,,,,,,,,
1082543,,Dyogo Alves,Dyogo Alves,2025,614,dyogo-alves,Brazil,Fortaleza,Brazil,2004-01-09 00:00:00,Goalkeeper,Goalkeeper,right,188.0,2026-12-31 00:00:00,LINK SPORTS,https://img.a.transfermarkt.technology/portrait/header/1082543-1725327039.jpg?lm=1,,,,https://www.transfermarkt.co.uk/dyogo-alves/profil/spieler/1082543,BRA1,Clube de Regatas do Flamengo,400000.0,400000.0,614,flamengo-rio-de-janeiro,Clube de Regatas do Flamengo,BRA1,,28,28.8,9,32.1,10,Estádio Jornalista Mário Filho,82238,€-13.92m,,2025,../data/raw/transfermarkt-scraper/2025/clubs.json.gz,https://www.transfermarkt.co.uk/flamengo-rio-de-janeiro/startseite/verein/614,dyogo alves,False,,,,,,,,,,,,,,,,,,,,,
1082593,,Vinicinho,Vinicinho,2025,8793,vinicinho,Brazil,Diadema,Brazil,2004-02-20 00:00:00,Left Winger,Attack,right,174.0,2029-03-31 00:00:00,Roc Nation Sports,https://img.a.transfermarkt.technology/portrait/header/1082593-1717523580.jpg?lm=1,,,,https://www.transfermarkt.co.uk/vinicinho/profil/spieler/1082593,BRA1,Red Bull Bragantino,3500000.0,3500000.0,8793,red-bull-bragantino,Red Bull Bragantino,BRA1,,39,25.6,9,23.1,3,Estádio Municipal Cicero De Souza Marques,12000,+€10.50m,,2025,../data/raw/transfermarkt-scraper/2025/clubs.json.gz,https://www.transfermarkt.co.uk/red-bull-bragantino/startseite/verein/8793,vinicinho,False,,,,,,,,,,,,,,,,,,,,,
1082602,,Wallace Yan,Wallace Yan,2025,614,wallace-yan,Brazil,Rio de Janeiro,Brazil,2005-02-08 00:00:00,Centre-Forward,Attack,right,182.0,2027-12-31 00:00:00,Guadagno Sports,https://img.a.transfermarkt.technology/portrait/header/1082602-1743043446.jpg?lm=1,,,,https://www.transfermarkt.co.uk/wallace-yan/profil/spieler/1082602,BRA1,Clube de Regatas do Flamengo,5000000.0,6000000.0,614,flamengo-rio-de-janeiro,Clube de Regatas do Flamengo,BRA1,,28,28.8,9,32.1,10,Estádio Jornalista Mário Filho,82238,€-13.92m,,2025,../data/raw/transfermarkt-scraper/2025/clubs.json.gz,https://www.transfermarkt.co.uk/flamengo-rio-de-janeiro/startseite/verein/614,wallace yan,False,wallace,Wallace,"LM,FW",Flamengo,16.0,0.0,0.0,0.0,0.0,0.0,0.0,1.0,0.0,0.0,0.0,0.0,0.0,0.0,0.0,wallace,True
1082603,,André Cardoso,André Cardoso,2024,8793,andre-cardoso,Brazil,Água Boa,Brazil,2003-05-17 00:00:00,Defensive Midfield,Midfield,right,188.0,,,https://img.a.transfermarkt.technology/portrait/header/1082603-1678908098.jpg?lm=1,,,,https://www.transfermarkt.co.uk/andre-cardoso/profil/spieler/1082603,BRA1,Red Bull Bragantino,,,8793,red-bull-bragantino,Red Bull Bragantino,BRA1,,39,25.6,9,23.1,3,Estádio Municipal Cicero De Souza Marques,12000,+€10.50m,,2025,../data/raw/transfermarkt-scraper/2025/clubs.json.gz,https://www.transfermarkt.co.uk/red-bull-bragantino/startseite/verein/8793,andre cardoso,False,,,,,,,,,,,,,,,,,,,,,
1082609,,Daniel Sales,Daniel Sales,2024,614,daniel-sales,Brazil,Jaciara,Brazil,2006-06-23 00:00:00,Right-Back,Defender,right,177.0,2028-12-31 00:00:00,,https://img.a.transfermarkt.technology/portrait/header/default.jpg?lm=1,,,,https://www.transfermarkt.co.uk/daniel-sales/profil/spieler/1082609,BRA1,Clube de Regatas do Flamengo,,,614,flamengo-rio-de-janeiro,Clube de Regatas do Flamengo,BRA1,,28,28.8,9,32.1,10,Estádio Jornalista Mário Filho,82238,€-13.92m,,2025,../data/raw/transfermarkt-scraper/2025/clubs.json.gz,https://www.transfermarkt.co.uk/flamengo-rio-de-janeiro/startseite/verein/614,daniel sales,True,daniel sales,Daniel Sales,RB,Flamengo,1.0,0.0,0.0,0.0,0.0,0.0,0.0,0.0,0.0,0.0,0.0,0.0,0.0,0.0,0.0,daniel sales,True
1082625,,Patrick,Patrick,2025,330,patrick,Brazil,Juiz de Fora,Brazil,2004-03-19 00:00:00,Defensive Midfield,Midfield,left,187.0,2028-12-31 00:00:00,Bertolucci Sports,https://img.a.transfermarkt.technology/portrait/header/1082625-1670980886.jpg?lm=1,,,,https://www.transfermarkt.co.uk/patrick/profil/spieler/1082625,BRA1,Clube Atlético Mineiro,1500000.0,1500000.0,330,clube-atletico-mineiro,Clube Atlético Mineiro,BRA1,,33,25.7,9,27.3,6,Arena MRV,44892,€-1.24m,,2025,../data/raw/transfermarkt-scraper/2025/clubs.json.gz,https://www.transfermarkt.co.uk/clube-atletico-mineiro/startseite/verein/330,patrick,False,,,,,,,,,,,,,,,,,,,,,
1082631,,Allan,Allan,2025,1023,allan,Brazil,Florianópolis,Brazil,2004-04-19 00:00:00,Right Winger,Attack,left,174.0,2029-12-31 00:00:00,Talents Sports,https://img.a.transfermarkt.technology/portrait/header/1082631-1670979249.jpg?lm=1,,,,https://www.transfermarkt.co.uk/allan/profil/spieler/1082631,BRA1,Sociedade Esportiva Palmeiras,20000000.0,20000000.0,1023,se-palmeiras-sao-paulo,Sociedade Esportiva Palmeiras,BRA1,,31,25.9,9,29.0,10,Nubank Parque,43713,+€31.54m,,2025,../data/raw/transfermarkt-scraper/2025/clubs.json.gz,https://www.transfermarkt.co.uk/se-palmeiras-sao-paulo/startseite/verein/1023,allan,True,,,,,,,,,,,,,,,,,,,,,
1082637,,Jota,Jota,2024,10010,jota,Brazil,Salvador,Brazil,2004-02-06 00:00:00,Central Midfield,Midfield,right,180.0,2029-03-31 00:00:00,,https://img.a.transfermarkt.technology/portrait/header/1082637-1670979051.jpg?lm=1,,,,https://www.transfermarkt.co.uk/jota/profil/spieler/1082637,BRA1,Esporte Clube Bahia,,,10010,esporte-clube-bahia,Esporte Clube Bahia,BRA1,,32,26.6,9,28.1,3,Arena Fonte Nova,47364,+€8.14m,,2025,../data/raw/transfermarkt-scraper/2025/clubs.json.gz,https://www.transfermarkt.co.uk/esporte-clube-bahia/startseite/verein/10010,jota,False,,,,,,,,,,,,,,,,,,,,,
1082700,,Kayke,Kayke,2025,199,kayke,Brazil,Guarulhos,Brazil,2004-04-28 00:00:00,Left Winger,Attack,right,176.0,2027-06-30 00:00:00,OTB Sports,https://img.a.transfermarkt.technology/portrait/header/1082700-1758160096.jpg?lm=1,,,,https://www.transfermarkt.co.uk/kayke/profil/spieler/1082700,BRA1,Sport Club Corinthians Paulista,1500000.0,1500000.0,199,corinthians-sao-paulo,Sport Club Corinthians Paulista,BRA1,,34,27.2,7,20.6,3,Neo Química Arena,49205,+€2.19m,,2025,../data/raw/transfermarkt-scraper/2025/clubs.json.gz,https://www.transfermarkt.co.uk/corinthians-sao-paulo/startseite/verein/199,kayke,True,kayke,Kayke,LW,Corinthians,15.0,0.0,0.0,0.0,0.0,2.0,1.0,2.0,1.0,2.0,0.0,0.0,0.0,0.0,0.0,kayke,True
1082701,,Gustavo Henrique,Gustavo Henrique,2024,8793,gustavo-henrique,Brazil,São José dos Pinhais,Brazil,2005-10-18 00:00:00,Centre-Back,Defender,left,198.0,2026-11-30 00:00:00,,https://img.a.transfermarkt.technology/portrait/header/default.jpg?lm=1,,,,https://www.transfermarkt.co.uk/gustavo-henrique/profil/spieler/1082701,BRA1,Red Bull Bragantino,,,8793,red-bull-bragantino,Red Bull Bragantino,BRA1,,39,25.6,9,23.1,3,Estádio Municipal Cicero De Souza Marques,12000,+€10.50m,,2025,../data/raw/transfermarkt-scraper/2025/clubs.json.gz,https://www.transfermarkt.co.uk/red-bull-bragantino/startseite/verein/8793,gustavo henrique,True,,,,,,,,,,,,,,,,,,,,,
1082818,,Lucca Drummond,Lucca Drummond,2024,6600,lucca-drummond,Brazil,Rio de Janeiro,Brazil,2004-01-12 00:00:00,Centre-Forward,Attack,right,189.0,,LINK SPORTS,https://img.a.transfermarkt.technology/portrait/header/default.jpg?lm=1,,,,https://www.transfermarkt.co.uk/lucca-drummond/profil/spieler/1082818,BRA1,Sport Club Internacional,,,6600,sc-internacional-porto-alegre,Sport Club Internacional,BRA1,,32,26.7,9,28.1,3,Estádio Beira-Rio,50848,+€41.39m,,2025,../data/raw/transfermarkt-scraper/2025/clubs.json.gz,https://www.transfermarkt.co.uk/sc-internacional-porto-alegre/startseite/verein/6600,lucca drummond,True,lucca drummond,Lucca Drummond,FW,Internacional,159.0,0.0,1.0,0.0,0.30000000000000004,1.0,3.0,0.0,0.0,3.0,1.0,2.0,0.0,0.0,0.0,lucca drummond,True
1082827,,Eric Santos,Eric Santos,2024,10010,eric-santos,,,Brazil,2004-03-28 00:00:00,Goalkeeper,Goalkeeper,,195.0,,,https://img.a.transfermarkt.technology/portrait/header/default.jpg?lm=1,,,,https://www.transfermarkt.co.uk/eric-santos/profil/spieler/1082827,BRA1,Esporte Clube Bahia,,,10010,esporte-clube-bahia,Esporte Clube Bahia,BRA1,,32,26.6,9,28.1,3,Arena Fonte Nova,47364,+€8.14m,,2025,../data/raw/transfermarkt-scraper/2025/clubs.json.gz,https://www.transfermarkt.co.uk/esporte-clube-bahia/startseite/verein/10010,eric santos,False,,,,,,,,,,,,,,,,,,,,,
1082831,,Rafael Soares,Rafael Soares,2024,10010,rafael-soares,Brazil,Salvador,Brazil,2004-12-27 00:00:00,Left-Back,Defender,left,178.0,2027-02-01 00:00:00,Talents Sports,https://img.a.transfermarkt.technology/portrait/header/1082831-1739972648.jpg?lm=1,,,,https://www.transfermarkt.co.uk/rafael-soares/profil/spieler/1082831,BRA1,Esporte Clube Bahia,,,10010,esporte-clube-bahia,Esporte Clube Bahia,BRA1,,32,26.6,9,28.1,3,Arena Fonte Nova,47364,+€8.14m,,2025,../data/raw/transfermarkt-scraper/2025/clubs.json.gz,https://www.transfermarkt.co.uk/esporte-clube-bahia/startseite/verein/10010,rafael soares,False,,,,,,,,,,,,,,,,,,,,,
1082840,,Kauã Davi,Kauã Davi,2024,10010,kaua-davi,,,Brazil,2004-01-17 00:00:00,Right-Back,Defender,right,185.0,2026-12-31 00:00:00,Antoniu's Assessoria,https://img.a.transfermarkt.technology/portrait/header/1082840-1758873800.jpg?lm=1,,,,https://www.transfermarkt.co.uk/kaua-davi/profil/spieler/1082840,BRA1,Esporte Clube Bahia,,,10010,esporte-clube-bahia,Esporte Clube Bahia,BRA1,,32,26.6,9,28.1,3,Arena Fonte Nova,47364,+€8.14m,,2025,../data/raw/transfermarkt-scraper/2025/clubs.json.gz,https://www.transfermarkt.co.uk/esporte-clube-bahia/startseite/verein/10010,kaua davi,False,,,,,,,,,,,,,,,,,,,,,
1082850,,Deivid Washington,Deivid Washington,2024,221,deivid-washington,Brazil,Itumbiara,Brazil,2005-06-05 00:00:00,Centre-Forward,Attack,right,187.0,2030-06-30 00:00:00,Bertolucci Sports,https://img.a.transfermarkt.technology/portrait/header/1082850-1682776110.jpg?lm=1,12.0,3.0,,https://www.transfermarkt.co.uk/deivid-washington/profil/spieler/1082850,BRA1,Santos Futebol Clube,9000000.0,9000000.0,221,fc-santos,Santos Futebol Clube,BRA1,,37,26.7,9,24.3,4,Estádio Urbano Caldeira,16068,+€7.21m,,2025,../data/raw/transfermarkt-scraper/2025/clubs.json.gz,https://www.transfermarkt.co.uk/fc-santos/startseite/verein/221,deivid washington,False,,,,,,,,,,,,,,,,,,,,,
1082852,,Hyan,Hyan,2024,221,hyan,Brazil,Brasília,Brazil,2004-03-24 00:00:00,Central Midfield,Midfield,right,184.0,2026-12-31 00:00:00,,https://img.a.transfermarkt.technology/portrait/header/1082852-1744746424.jpg?lm=1,,,,https://www.transfermarkt.co.uk/hyan/profil/spieler/1082852,BRA1,Santos Futebol Clube,,,221,fc-santos,Santos Futebol Clube,BRA1,,37,26.7,9,24.3,4,Estádio Urbano Caldeira,16068,+€7.21m,,2025,../data/raw/transfermarkt-scraper/2025/clubs.json.gz,https://www.transfermarkt.co.uk/fc-santos/startseite/verein/221,hyan,False,,,,,,,,,,,,,,,,,,,,,
1082969,,Wesley Costa,Wesley Costa,2024,210,wesley-costa,Brazil,Alvorada,Brazil,2004-02-04 00:00:00,Left-Back,Defender,left,181.0,,Global Sports BR,https://img.a.transfermarkt.technology/portrait/header/default.jpg?lm=1,,,,https://www.transfermarkt.co.uk/wesley-costa/profil/spieler/1082969,BRA1,Grêmio Foot-Ball Porto Alegrense,,,210,gremio-porto-alegre,Grêmio Foot-Ball Porto Alegrense,BRA1,,34,26.5,11,32.4,3,Arena do Grêmio,60540,€-6.38m,,2025,../data/raw/transfermarkt-scraper/2025/clubs.json.gz,https://www.transfermarkt.co.uk/gremio-porto-alegre/startseite/verein/210,wesley costa,False,,,,,,,,,,,,,,,,,,,,,
1083073,,Cadu,Cadu,2024,330,cadu,Brazil,Divinópolis,Brazil,2004-05-24 00:00:00,Centre-Forward,Attack,right,188.0,2026-12-31 00:00:00,L10,https://img.a.transfermarkt.technology/portrait/header/1083073-1682801227.jpg?lm=1,,,,https://www.transfermarkt.co.uk/cadu/profil/spieler/1083073,BRA1,Clube Atlético Mineiro,,,330,clube-atletico-mineiro,Clube Atlético Mineiro,BRA1,,33,25.7,9,27.3,6,Arena MRV,44892,€-1.24m,,2025,../data/raw/transfermarkt-scraper/2025/clubs.json.gz,https://www.transfermarkt.co.uk/clube-atletico-mineiro/startseite/verein/330,cadu,False,,,,,,,,,,,,,,,,,,,,,
1083089,,Gabriel Átila,Gabriel Átila,2024,330,gabriel-atila,Brazil,São Sebastião,Brazil,2003-01-22 00:00:00,Goalkeeper,Goalkeeper,right,193.0,,,https://img.a.transfermarkt.technology/portrait/header/1083089-1745582607.jpg?lm=1,,,,https://www.transfermarkt.co.uk/gabriel-atila/profil/spieler/1083089,BRA1,Clube Atlético Mineiro,,,330,clube-atletico-mineiro,Clube Atlético Mineiro,BRA1,,33,25.7,9,27.3,6,Arena MRV,44892,€-1.24m,,2025,../data/raw/transfermarkt-scraper/2025/clubs.json.gz,https://www.transfermarkt.co.uk/clube-atletico-mineiro/startseite/verein/330,gabriel atila,False,,,,,,,,,,,,,,,,,,,,,
1083099,,Lawan,Lawan,2024,2125,lawan,Brazil,Aracaju,Brazil,2005-05-25 00:00:00,Centre-Forward,Attack,right,180.0,,Five Stars,https://img.a.transfermarkt.technology/portrait/header/default.jpg?lm=1,,,,https://www.transfermarkt.co.uk/lawan/profil/spieler/1083099,BRA1,Esporte Clube Vitória,,,2125,esporte-clube-vitoria,Esporte Clube Vitória,BRA1,,39,28.3,7,17.9,0,Estádio Manoel Barradas,30793,+€1.36m,,2025,../data/raw/transfermarkt-scraper/2025/clubs.json.gz,https://www.transfermarkt.co.uk/esporte-clube-vitoria/startseite/verein/2125,lawan,True,lawan,Lawan,FW,Vitória,106.0,0.0,0.0,0.30000000000000004,0.4,1.0,0.0,4.0,1.0,1.0,0.0,0.0,0.0,1.0,0.0,lawan,True
1083207,,Jonathan Jesus,Jonathan Jesus,2025,609,jonathan-jesus,Brazil,São Vicente,Brazil,2004-05-27 00:00:00,Centre-Back,Defender,right,187.0,2029-06-30 00:00:00,LINK SPORTS,https://img.a.transfermarkt.technology/portrait/header/1083207-1758846776.jpg?lm=1,,,,https://www.transfermarkt.co.uk/jonathan-jesus/profil/spieler/1083207,BRA1,Cruzeiro Esporte Clube,8000000.0,8000000.0,609,ec-cruzeiro-belo-horizonte,Cruzeiro Esporte Clube,BRA1,,30,26.8,7,23.3,3,Estádio Governador Magalhães Pinto,61927,€-36.26m,,2025,../data/raw/transfermarkt-scraper/2025/clubs.json.gz,https://www.transfermarkt.co.uk/ec-cruzeiro-belo-horizonte/startseite/verein/609,jonathan jesus,False,,,,,,,,,,,,,,,,,,,,,
1083218,,Gabriel Silva,Gabriel Silva,2024,2029,gabriel-silva,,,Brazil,2004-04-18 00:00:00,Attacking Midfield,Midfield,right,,,,https://img.a.transfermarkt.technology/portrait/header/default.jpg?lm=1,,,,https://www.transfermarkt.co.uk/gabriel-silva/profil/spieler/1083218,BRA1,Ceará Sporting Club,,,2029,ceara-sporting-club,Ceará Sporting Club,BRA1,,29,28.0,2,6.9,0,Estádio Governador Plácido Castelo,63904,+€2.30m,Anderson Batatais,2024,../data/raw/transfermarkt-scraper/2024/clubs.json.gz,https://www.transfermarkt.co.uk/ceara-sporting-club/startseite/verein/2029,gabriel silva,False,,,,,,,,,,,,,,,,,,,,,
1083245,,Murilo Rhikman,Murilo Rhikman,2025,609,murilo-rhikman,Brazil,Brasília,Brazil,2006-03-13 00:00:00,Defensive Midfield,Midfield,right,184.0,2029-01-31 00:00:00,VTN IMAGE,https://img.a.transfermarkt.technology/portrait/header/1083245-1758248154.png?lm=1,3.0,0.0,,https://www.transfermarkt.co.uk/murilo-rhikman/profil/spieler/1083245,BRA1,Cruzeiro Esporte Clube,500000.0,500000.0,609,ec-cruzeiro-belo-horizonte,Cruzeiro Esporte Clube,BRA1,,30,26.8,7,23.3,3,Estádio Governador Magalhães Pinto,61927,€-36.26m,,2025,../data/raw/transfermarkt-scraper/2025/clubs.json.gz,https://www.transfermarkt.co.uk/ec-cruzeiro-belo-horizonte/startseite/verein/609,murilo rhikman,False,,,,,,,,,,,,,,,,,,,,,
1083247,Bruno,Alves,Bruno Alves,2025,609,bruno-alves,Brazil,Paranapuã,Brazil,2005-08-04 00:00:00,Centre-Back,Defender,both,186.0,2029-12-31 00:00:00,,https://img.a.transfermarkt.technology/portrait/header/1083247-1758974895.png?lm=1,3.0,0.0,,https://www.transfermarkt.co.uk/bruno-alves/profil/spieler/1083247,BRA1,Cruzeiro Esporte Clube,250000.0,250000.0,609,ec-cruzeiro-belo-horizonte,Cruzeiro Esporte Clube,BRA1,,30,26.8,7,23.3,3,Estádio Governador Magalhães Pinto,61927,€-36.26m,,2025,../data/raw/transfermarkt-scraper/2025/clubs.json.gz,https://www.transfermarkt.co.uk/ec-cruzeiro-belo-horizonte/startseite/verein/609,bruno alves,False,,,,,,,,,,,,,,,,,,,,,
1083600,,Nathan Fernandes,Nathan Fernandes,2025,537,nathan-fernandes,Brazil,Campos dos Goytacazes,Brazil,2005-02-16 00:00:00,Right Winger,Attack,right,176.0,2029-12-31 00:00:00,Golden Team,https://img.a.transfermarkt.technology/portrait/header/1083600-1708125134.jpg?lm=1,5.0,0.0,,https://www.transfermarkt.co.uk/nathan-fernandes/profil/spieler/1083600,BRA1,S. A. F. Botafogo,4000000.0,8000000.0,537,botafogo-rio-de-janeiro,S. A. F. Botafogo,BRA1,,34,26.2,13,38.2,5,Estádio Olímpico Nilton Santos,46931,+€40.04m,,2025,../data/raw/transfermarkt-scraper/2025/clubs.json.gz,https://www.transfermarkt.co.uk/botafogo-rio-de-janeiro/startseite/verein/537,nathan fernandes,True,nathan fernandes,Nathan Fernandes,RW,Grêmio,521.0,0.0,0.0,1.4,0.0,16.0,18.0,34.0,18.0,13.0,1.0,8.0,6.0,3.0,0.0,nathan fernandes,True
1083635,Davi,Schuindt,Davi Schuindt,2025,2462,davi-schuindt,Brazil,Cabo Frio,Brazil,2004-04-26 00:00:00,Centre-Back,Defender,right,186.0,2028-12-31 00:00:00,LIFEPRO,https://img.a.transfermarkt.technology/portrait/header/1083635-1761066421.jpg?lm=1,,,,https://www.transfermarkt.co.uk/davi-schuindt/profil/spieler/1083635,BRA1,Fluminense Football Club,250000.0,250000.0,2462,fluminense-rio-de-janeiro,Fluminense Football Club,BRA1,,33,29.7,11,33.3,4,Estádio Jornalista Mário Filho,82238,€-6.76m,,2025,../data/raw/transfermarkt-scraper/2025/clubs.json.gz,https://www.transfermarkt.co.uk/fluminense-rio-de-janeiro/startseite/verein/2462,davi schuindt,False,,,,,,,,,,,,,,,,,,,,,
1083668,Caio,Amaral,Caio Amaral,2024,2462,caio-amaral,,,Brazil,2003-09-22 00:00:00,Centre-Back,Defender,right,,2027-06-30 00:00:00,Roc Nation Sports,https://img.a.transfermarkt.technology/portrait/header/1083668-1760552323.jpg?lm=1,,,,https://www.transfermarkt.co.uk/caio-amaral/profil/spieler/1083668,BRA1,Fluminense Football Club,,,2462,fluminense-rio-de-janeiro,Fluminense Football Club,BRA1,,33,29.7,11,33.3,4,Estádio Jornalista Mário Filho,82238,€-6.76m,,2025,../data/raw/transfermarkt-scraper/2025/clubs.json.gz,https://www.transfermarkt.co.uk/fluminense-rio-de-janeiro/startseite/verein/2462,caio amaral,False,,,,,,,,,,,,,,,,,,,,,
1083669,,Rafael Monteiro,Rafael Monteiro,2024,2462,rafael-monteiro,Brazil,Manaus,Brazil,2004-02-14 00:00:00,Left-Back,Defender,left,173.0,2027-12-31 00:00:00,,https://img.a.transfermarkt.technology/portrait/header/1083669-1768991175.png?lm=1,,,,https://www.transfermarkt.co.uk/rafael-monteiro/profil/spieler/1083669,BRA1,Fluminense Football Club,,,2462,fluminense-rio-de-janeiro,Fluminense Football Club,BRA1,,33,29.7,11,33.3,4,Estádio Jornalista Mário Filho,82238,€-6.76m,,2025,../data/raw/transfermarkt-scraper/2025/clubs.json.gz,https://www.transfermarkt.co.uk/fluminense-rio-de-janeiro/startseite/verein/2462,rafael monteiro,False,,,,,,,,,,,,,,,,,,,,,
1083886,,Allan Vitor,Allan Vitor,2024,978,allan-vitor,Brazil,Rio de Janeiro,Brazil,2004-08-01 00:00:00,Goalkeeper,Goalkeeper,right,188.0,2027-03-19 00:00:00,RN Sports,https://img.a.transfermarkt.technology/portrait/header/default.jpg?lm=1,,,,https://www.transfermarkt.co.uk/allan-vitor/profil/spieler/1083886,BRA1,Club de Regatas Vasco da Gama,,,978,vasco-da-gama-rio-de-janeiro,Club de Regatas Vasco da Gama,BRA1,,32,26.1,10,31.3,5,Estádio São Januário,24584,+€23.85m,,2025,../data/raw/transfermarkt-scraper/2025/clubs.json.gz,https://www.transfermarkt.co.uk/vasco-da-gama-rio-de-janeiro/startseite/verein/978,allan vitor,False,,,,,,,,,,,,,,,,,,,,,
1083889,,Lyncon,Lyncon,2024,978,lyncon,Brazil,Itaboraí,Brazil,2005-05-07 00:00:00,Centre-Back,Defender,right,186.0,2026-11-30 00:00:00,Bertolucci Sports,https://img.a.transfermarkt.technology/portrait/header/1083889-1684597069.jpg?lm=1,0.0,0.0,,https://www.transfermarkt.co.uk/lyncon/profil/spieler/1083889,BRA1,Club de Regatas Vasco da Gama,,,978,vasco-da-gama-rio-de-janeiro,Club de Regatas Vasco da Gama,BRA1,,32,26.1,10,31.3,5,Estádio São Januário,24584,+€23.85m,,2025,../data/raw/transfermarkt-scraper/2025/clubs.json.gz,https://www.transfermarkt.co.uk/vasco-da-gama-rio-de-janeiro/startseite/verein/978,lyncon,True,lyncon,Lyncon,CB,Vasco da Gama,45.0,1.0,0.0,0.2,0.0,0.0,0.0,0.0,0.0,0.0,0.0,1.0,0.0,0.0,0.0,lyncon,True
1083960,,Cauã Paixão,Cauã Paixão,2024,978,caua-paixao,Brazil,Rio de Janeiro,Brazil,2004-05-27 00:00:00,Centre-Forward,Attack,right,181.0,2026-12-31 00:00:00,LIFEPRO,https://img.a.transfermarkt.technology/portrait/header/1083960-1720606492.png?lm=1,,,,https://www.transfermarkt.co.uk/caua-paixao/profil/spieler/1083960,BRA1,Club de Regatas Vasco da Gama,600000.0,600000.0,978,vasco-da-gama-rio-de-janeiro,Club de Regatas Vasco da Gama,BRA1,,32,26.1,10,31.3,5,Estádio São Januário,24584,+€23.85m,,2025,../data/raw/transfermarkt-scraper/2025/clubs.json.gz,https://www.transfermarkt.co.uk/vasco-da-gama-rio-de-janeiro/startseite/verein/978,caua paixao,False,,,,,,,,,,,,,,,,,,,,,
1083962,,GB,GB,2024,978,gbtm,Brazil,Rio de Janeiro,Brazil,2005-01-05 00:00:00,Centre-Forward,Attack,right,196.0,2026-12-31 00:00:00,Carlos Leite,https://img.a.transfermarkt.technology/portrait/header/1083962-1739260882.jpg?lm=1,,,,https://www.transfermarkt.co.uk/gbtm/profil/spieler/1083962,BRA1,Club de Regatas Vasco da Gama,,,978,vasco-da-gama-rio-de-janeiro,Club de Regatas Vasco da Gama,BRA1,,32,26.1,10,31.3,5,Estádio São Januário,24584,+€23.85m,,2025,../data/raw/transfermarkt-scraper/2025/clubs.json.gz,https://www.transfermarkt.co.uk/vasco-da-gama-rio-de-janeiro/startseite/verein/978,gb,False,,,,,,,,,,,,,,,,,,,,,
1083966,,Cauan Barros,Cauan Barros,2025,978,cauan-barros,Brazil,Petrolândia,Brazil,2004-05-06 00:00:00,Defensive Midfield,Midfield,right,183.0,2027-12-31 00:00:00,Trust Football ,https://img.a.transfermarkt.technology/portrait/header/1083966-1682524129.jpg?lm=1,,,,https://www.transfermarkt.co.uk/cauan-barros/profil/spieler/1083966,BRA1,Club de Regatas Vasco da Gama,5000000.0,5000000.0,978,vasco-da-gama-rio-de-janeiro,Club de Regatas Vasco da Gama,BRA1,,32,26.1,10,31.3,5,Estádio São Januário,24584,+€23.85m,,2025,../data/raw/transfermarkt-scraper/2025/clubs.json.gz,https://www.transfermarkt.co.uk/vasco-da-gama-rio-de-janeiro/startseite/verein/978,cauan barros,False,,,,,,,,,,,,,,,,,,,,,
1083969,Guilherme,Estrella,Guilherme Estrella,2024,978,guilherme-estrella,Brazil,Rio de Janeiro,Brazil,2005-01-06 00:00:00,Attacking Midfield,Midfield,right,176.0,2026-11-30 00:00:00,LINK SPORTS,https://img.a.transfermarkt.technology/portrait/header/1083969-1705781572.jpg?lm=1,,,,https://www.transfermarkt.co.uk/guilherme-estrella/profil/spieler/1083969,BRA1,Club de Regatas Vasco da Gama,,,978,vasco-da-gama-rio-de-janeiro,Club de Regatas Vasco da Gama,BRA1,,32,26.1,10,31.3,5,Estádio São Januário,24584,+€23.85m,,2025,../data/raw/transfermarkt-scraper/2025/clubs.json.gz,https://www.transfermarkt.co.uk/vasco-da-gama-rio-de-janeiro/startseite/verein/978,guilherme estrella,True,guilherme estrella,Guilherme Estrella,AM,Vasco da Gama,146.0,1.0,0.0,0.4,0.0,4.0,3.0,4.0,1.0,4.0,0.0,0.0,1.0,1.0,0.0,guilherme estrella,True
1083970,,JP,JP,2025,978,jptm,Brazil,Goiânia,Brazil,2005-04-19 00:00:00,Central Midfield,Midfield,both,182.0,2027-12-31 00:00:00,LINK SPORTS,https://img.a.transfermarkt.technology/portrait/header/1083970-1705781251.jpg?lm=1,,,,https://www.transfermarkt.co.uk/jptm/profil/spieler/1083970,BRA1,Club de Regatas Vasco da Gama,2000000.0,2000000.0,978,vasco-da-gama-rio-de-janeiro,Club de Regatas Vasco da Gama,BRA1,,32,26.1,10,31.3,5,Estádio São Januário,24584,+€23.85m,,2025,../data/raw/transfermarkt-scraper/2025/clubs.json.gz,https://www.transfermarkt.co.uk/vasco-da-gama-rio-de-janeiro/startseite/verein/978,jp,False,,,,,,,,,,,,,,,,,,,,,
1083971,,Lucas Eduardo,Lucas Eduardo,2025,978,lucas-eduardo,Brazil,Rio de Janeiro,Brazil,2004-01-13 00:00:00,Defensive Midfield,Midfield,right,173.0,2027-01-31 00:00:00,LIFEPRO,https://img.a.transfermarkt.technology/portrait/header/1083971-1705783136.jpg?lm=1,,,,https://www.transfermarkt.co.uk/lucas-eduardo/profil/spieler/1083971,BRA1,Club de Regatas Vasco da Gama,50000.0,50000.0,978,vasco-da-gama-rio-de-janeiro,Club de Regatas Vasco da Gama,BRA1,,32,26.1,10,31.3,5,Estádio São Januário,24584,+€23.85m,,2025,../data/raw/transfermarkt-scraper/2025/clubs.json.gz,https://www.transfermarkt.co.uk/vasco-da-gama-rio-de-janeiro/startseite/verein/978,lucas eduardo,False,,,,,,,,,,,,,,,,,,,,,
1084069,,Gustavo Reis,Gustavo Reis,2025,8793,gustavo-reis,Brazil,São Paulo,Brazil,2005-06-10 00:00:00,Goalkeeper,Goalkeeper,right,190.0,2028-05-31 00:00:00,Roc Nation Sports,https://img.a.transfermarkt.technology/portrait/header/1084069-1769434460.jpg?lm=1,,,,https://www.transfermarkt.co.uk/gustavo-reis/profil/spieler/1084069,BRA1,Red Bull Bragantino,,,8793,red-bull-bragantino,Red Bull Bragantino,BRA1,,39,25.6,9,23.1,3,Estádio Municipal Cicero De Souza Marques,12000,+€10.50m,,2025,../data/raw/transfermarkt-scraper/2025/clubs.json.gz,https://www.transfermarkt.co.uk/red-bull-bragantino/startseite/verein/8793,gustavo reis,False,,,,,,,,,,,,,,,,,,,,,
1084070,,Chumbinho,Chumbinho,2024,8793,chumbinho,Brazil,Rio de Janeiro,Brazil,2003-09-22 00:00:00,Defensive Midfield,Midfield,right,189.0,2026-11-30 00:00:00,Elenko Sports Ltda.,https://img.a.transfermarkt.technology/portrait/header/1084070-1768990561.png?lm=1,,,,https://www.transfermarkt.co.uk/chumbinho/profil/spieler/1084070,BRA1,Red Bull Bragantino,,,8793,red-bull-bragantino,Red Bull Bragantino,BRA1,,39,25.6,9,23.1,3,Estádio Municipal Cicero De Souza Marques,12000,+€10.50m,,2025,../data/raw/transfermarkt-scraper/2025/clubs.json.gz,https://www.transfermarkt.co.uk/red-bull-bragantino/startseite/verein/8793,chumbinho,True,chumbinho,Chumbinho,RM,Red Bull Bragantino,12.0,0.0,0.0,0.1,0.0,0.0,1.0,1.0,0.0,1.0,0.0,0.0,1.0,0.0,0.0,chumbinho,True
1084073,,Marcelinho Braz,Marcelinho Braz,2025,8793,marcelinho-braz,Brazil,Jaguariúna,Brazil,2004-08-16 00:00:00,Attacking Midfield,Midfield,left,178.0,2028-05-31 00:00:00,,https://img.a.transfermarkt.technology/portrait/header/1084073-1760494254.png?lm=1,,,,https://www.transfermarkt.co.uk/marcelinho-braz/profil/spieler/1084073,BRA1,Red Bull Bragantino,400000.0,400000.0,8793,red-bull-bragantino,Red Bull Bragantino,BRA1,,39,25.6,9,23.1,3,Estádio Municipal Cicero De Souza Marques,12000,+€10.50m,,2025,../data/raw/transfermarkt-scraper/2025/clubs.json.gz,https://www.transfermarkt.co.uk/red-bull-bragantino/startseite/verein/8793,marcelinho braz,False,,,,,,,,,,,,,,,,,,,,,
1084076,,Fernando Costa,Fernando Costa,2025,8793,fernando-costa,Brazil,São Paulo,Brazil,2004-02-01 00:00:00,Goalkeeper,Goalkeeper,right,191.0,2026-12-31 00:00:00,BLB SPORTS,https://img.a.transfermarkt.technology/portrait/header/1084076-1763219562.jpg?lm=1,,,,https://www.transfermarkt.co.uk/fernando-costa/profil/spieler/1084076,BRA1,Red Bull Bragantino,,,8793,red-bull-bragantino,Red Bull Bragantino,BRA1,,39,25.6,9,23.1,3,Estádio Municipal Cicero De Souza Marques,12000,+€10.50m,,2025,../data/raw/transfermarkt-scraper/2025/clubs.json.gz,https://www.transfermarkt.co.uk/red-bull-bragantino/startseite/verein/8793,fernando costa,False,,,,,,,,,,,,,,,,,,,,,
1084081,,Gustavo Neves,Gustavo Neves,2025,8793,gustavo-neves,Brazil,Goiânia,Brazil,2004-04-23 00:00:00,Central Midfield,Midfield,right,176.0,2029-12-31 00:00:00,DK,https://img.a.transfermarkt.technology/portrait/header/1084081-1713627870.jpg?lm=1,,,,https://www.transfermarkt.co.uk/gustavo-neves/profil/spieler/1084081,BRA1,Red Bull Bragantino,3500000.0,3500000.0,8793,red-bull-bragantino,Red Bull Bragantino,BRA1,,39,25.6,9,23.1,3,Estádio Municipal Cicero De Souza Marques,12000,+€10.50m,,2025,../data/raw/transfermarkt-scraper/2025/clubs.json.gz,https://www.transfermarkt.co.uk/red-bull-bragantino/startseite/verein/8793,gustavo neves,False,,,,,,,,,,,,,,,,,,,,,
1084603,Vinícius,Lago,Vinícius Lago,2024,8793,vinicius-lago,Brazil,Brasília,Brazil,2005-10-22 00:00:00,Right-Back,Defender,right,,2026-06-30 00:00:00,,https://img.a.transfermarkt.technology/portrait/header/default.jpg?lm=1,,,,https://www.transfermarkt.co.uk/vinicius-lago/profil/spieler/1084603,BRA1,Red Bull Bragantino,,,8793,red-bull-bragantino,Red Bull Bragantino,BRA1,,39,25.6,9,23.1,3,Estádio Municipal Cicero De Souza Marques,12000,+€10.50m,,2025,../data/raw/transfermarkt-scraper/2025/clubs.json.gz,https://www.transfermarkt.co.uk/red-bull-bragantino/startseite/verein/8793,vinicius lago,False,,,,,,,,,,,,,,,,,,,,,
1084626,Felipe,Cardoso,Felipe Cardoso,2024,2125,felipe-cardoso,Brazil,São Paulo,Brazil,2003-03-04 00:00:00,Left Winger,Attack,right,182.0,2026-11-30 00:00:00,DG Sports Management,https://img.a.transfermarkt.technology/portrait/header/1084626-1772736467.png?lm=1,,,,https://www.transfermarkt.co.uk/felipe-cardoso/profil/spieler/1084626,BRA1,Esporte Clube Vitória,,,2125,esporte-clube-vitoria,Esporte Clube Vitória,BRA1,,39,28.3,7,17.9,0,Estádio Manoel Barradas,30793,+€1.36m,,2025,../data/raw/transfermarkt-scraper/2025/clubs.json.gz,https://www.transfermarkt.co.uk/esporte-clube-vitoria/startseite/verein/2125,felipe cardoso,False,,,,,,,,,,,,,,,,,,,,,
1084816,,Zé Guilherme,Zé Guilherme,2025,10010,ze-guilherme,Brazil,Fortaleza,Brazil,2005-03-16 00:00:00,Left-Back,Defender,left,181.0,2029-12-31 00:00:00,ROGON U23,https://img.a.transfermarkt.technology/portrait/header/1084816-1754959084.jpg?lm=1,5.0,0.0,,https://www.transfermarkt.co.uk/ze-guilherme/profil/spieler/1084816,BRA1,Esporte Clube Bahia,400000.0,400000.0,10010,esporte-clube-bahia,Esporte Clube Bahia,BRA1,,32,26.6,9,28.1,3,Arena Fonte Nova,47364,+€8.14m,,2025,../data/raw/transfermarkt-scraper/2025/clubs.json.gz,https://www.transfermarkt.co.uk/esporte-clube-bahia/startseite/verein/10010,ze guilherme,True,ze guilherme,Zé Guilherme,LB,Grêmio,223.0,0.0,0.0,0.0,0.0,9.0,9.0,12.0,6.0,2.0,0.0,11.0,2.0,0.0,0.0,ze guilherme,True
1086260,Thiago,Henrique,Thiago Henrique,2024,2462,thiago-henrique,Brazil,Sete Lagoas (MG),Brazil,2004-04-27 00:00:00,Defensive Midfield,Midfield,right,179.0,2026-05-31 00:00:00,TINMO,https://img.a.transfermarkt.technology/portrait/header/default.jpg?lm=1,,,,https://www.transfermarkt.co.uk/thiago-henrique/profil/spieler/1086260,BRA1,Fluminense Football Club,,,2462,fluminense-rio-de-janeiro,Fluminense Football Club,BRA1,,33,29.7,11,33.3,4,Estádio Jornalista Mário Filho,82238,€-6.76m,,2025,../data/raw/transfermarkt-scraper/2025/clubs.json.gz,https://www.transfermarkt.co.uk/fluminense-rio-de-janeiro/startseite/verein/2462,thiago henrique,False,,,,,,,,,,,,,,,,,,,,,
1086534,,Dudu Cruz,Dudu Cruz,2024,330,dudu-cruz,,,Brazil,2005-04-12 00:00:00,Centre-Back,Defender,right,187.0,2026-06-30 00:00:00,wfi sports,https://img.a.transfermarkt.technology/portrait/header/1086534-1671048191.jpg?lm=1,,,,https://www.transfermarkt.co.uk/dudu-cruz/profil/spieler/1086534,BRA1,Clube Atlético Mineiro,,,330,clube-atletico-mineiro,Clube Atlético Mineiro,BRA1,,33,25.7,9,27.3,6,Arena MRV,44892,€-1.24m,,2025,../data/raw/transfermarkt-scraper/2025/clubs.json.gz,https://www.transfermarkt.co.uk/clube-atletico-mineiro/startseite/verein/330,dudu cruz,False,,,,,,,,,,,,,,,,,,,,,
1086632,,Abner,Abner,2024,10492,abner,Brazil,Rio de Janeiro,Brazil,2004-04-19 00:00:00,Centre-Back,Defender,right,189.0,2027-06-30 00:00:00,Fama Sports,https://img.a.transfermarkt.technology/portrait/header/1086632-1747445980.jpg?lm=1,,,,https://www.transfermarkt.co.uk/abner/profil/spieler/1086632,BRA1,Esporte Clube Juventude,,,10492,esporte-clube-juventude,Esporte Clube Juventude,BRA1,,29,28.3,3,10.3,0,Estádio Alfredo Jaconi,23726,+€1.13m,Roger Machado,2024,../data/raw/transfermarkt-scraper/2024/clubs.json.gz,https://www.transfermarkt.co.uk/esporte-clube-juventude/startseite/verein/10492,abner,True,abner,Abner,CM,Juventude,108.0,0.0,0.0,0.0,0.0,2.0,0.0,0.0,0.0,1.0,0.0,2.0,1.0,1.0,0.0,abner,True
1087334,Jordan,Barrera,Jordan Barrera,2025,537,jordan-barrera,Colombia,Soledad,Colombia,2006-04-11 00:00:00,Attacking Midfield,Midfield,right,180.0,2029-12-31 00:00:00,,https://img.a.transfermarkt.technology/portrait/header/1087334-1748210461.jpg?lm=1,17.0,3.0,,https://www.transfermarkt.co.uk/jordan-barrera/profil/spieler/1087334,BRA1,S. A. F. Botafogo,2500000.0,2500000.0,537,botafogo-rio-de-janeiro,S. A. F. Botafogo,BRA1,,34,26.2,13,38.2,5,Estádio Olímpico Nilton Santos,46931,+€40.04m,,2025,../data/raw/transfermarkt-scraper/2025/clubs.json.gz,https://www.transfermarkt.co.uk/botafogo-rio-de-janeiro/startseite/verein/537,jordan barrera,False,,,,,,,,,,,,,,,,,,,,,
1087844,,Felipe Vieira,Felipe Vieira,2024,614,felipe-vieira,Brazil,Brasília,Brazil,2005-02-09 00:00:00,Centre-Back,Defender,left,189.0,,,https://img.a.transfermarkt.technology/portrait/header/default.jpg?lm=1,,,,https://www.transfermarkt.co.uk/felipe-vieira/profil/spieler/1087844,BRA1,Clube de Regatas do Flamengo,,,614,flamengo-rio-de-janeiro,Clube de Regatas do Flamengo,BRA1,,28,28.8,9,32.1,10,Estádio Jornalista Mário Filho,82238,€-13.92m,,2025,../data/raw/transfermarkt-scraper/2025/clubs.json.gz,https://www.transfermarkt.co.uk/flamengo-rio-de-janeiro/startseite/verein/614,felipe vieira,True,felipe vieira,Felipe Vieira,CB,Fluminense,161.0,0.0,0.0,0.0,0.0,1.0,3.0,2.0,1.0,0.0,0.0,5.0,1.0,0.0,0.0,felipe vieira,True
1087854,,Daniel Rogério,Daniel Rogério,2024,614,daniel-rogerio,Brazil,Guapimirim,Brazil,2005-03-12 00:00:00,Defensive Midfield,Midfield,right,173.0,,,https://img.a.transfermarkt.technology/portrait/header/default.jpg?lm=1,,,,https://www.transfermarkt.co.uk/daniel-rogerio/profil/spieler/1087854,BRA1,Clube de Regatas do Flamengo,,,614,flamengo-rio-de-janeiro,Clube de Regatas do Flamengo,BRA1,,28,28.8,9,32.1,10,Estádio Jornalista Mário Filho,82238,€-13.92m,,2025,../data/raw/transfermarkt-scraper/2025/clubs.json.gz,https://www.transfermarkt.co.uk/flamengo-rio-de-janeiro/startseite/verein/614,daniel rogerio,False,,,,,,,,,,,,,,,,,,,,,
1088801,,Cadu,Cadu,2024,199,cadu,,,Brazil,2005-01-11 00:00:00,Goalkeeper,Goalkeeper,right,193.0,2026-10-30 00:00:00,,https://img.a.transfermarkt.technology/portrait/header/default.jpg?lm=1,,,,https://www.transfermarkt.co.uk/cadu/profil/spieler/1088801,BRA1,Sport Club Corinthians Paulista,,,199,corinthians-sao-paulo,Sport Club Corinthians Paulista,BRA1,,34,27.2,7,20.6,3,Neo Química Arena,49205,+€2.19m,,2025,../data/raw/transfermarkt-scraper/2025/clubs.json.gz,https://www.transfermarkt.co.uk/corinthians-sao-paulo/startseite/verein/199,cadu,False,,,,,,,,,,,,,,,,,,,,,
1088802,,Caipira,Caipira,2024,199,caipira,Brazil,Salesópolis,Brazil,2005-02-15 00:00:00,Right-Back,Defender,both,173.0,2026-09-30 00:00:00,,https://img.a.transfermarkt.technology/portrait/header/default.jpg?lm=1,,,,https://www.transfermarkt.co.uk/caipira/profil/spieler/1088802,BRA1,Sport Club Corinthians Paulista,,,199,corinthians-sao-paulo,Sport Club Corinthians Paulista,BRA1,,34,27.2,7,20.6,3,Neo Química Arena,49205,+€2.19m,,2025,../data/raw/transfermarkt-scraper/2025/clubs.json.gz,https://www.transfermarkt.co.uk/corinthians-sao-paulo/startseite/verein/199,caipira,False,,,,,,,,,,,,,,,,,,,,,
1088816,,Enzo Boer,Enzo Boer,2025,221,enzo-boer,Brazil,São Paulo,Brazil,2005-01-06 00:00:00,Right Winger,Attack,left,170.0,2026-12-31 00:00:00,,https://img.a.transfermarkt.technology/portrait/header/default.jpg?lm=1,,,,https://www.transfermarkt.co.uk/enzo-boer/profil/spieler/1088816,BRA1,Santos Futebol Clube,,,221,fc-santos,Santos Futebol Clube,BRA1,,37,26.7,9,24.3,4,Estádio Urbano Caldeira,16068,+€7.21m,,2025,../data/raw/transfermarkt-scraper/2025/clubs.json.gz,https://www.transfermarkt.co.uk/fc-santos/startseite/verein/221,enzo boer,False,,,,,,,,,,,,,,,,,,,,,
1089610,,Dohmann,Dohmann,2024,2462,dohmann,,,Brazil,2005-03-15 00:00:00,Defensive Midfield,Midfield,right,,2026-12-31 00:00:00,Promanager,https://img.a.transfermarkt.technology/portrait/header/default.jpg?lm=1,,,,https://www.transfermarkt.co.uk/dohmann/profil/spieler/1089610,BRA1,Fluminense Football Club,,,2462,fluminense-rio-de-janeiro,Fluminense Football Club,BRA1,,33,29.7,11,33.3,4,Estádio Jornalista Mário Filho,82238,€-6.76m,,2025,../data/raw/transfermarkt-scraper/2025/clubs.json.gz,https://www.transfermarkt.co.uk/fluminense-rio-de-janeiro/startseite/verein/2462,dohmann,False,,,,,,,,,,,,,,,,,,,,,
1089612,,Marcão,Marcão,2024,2462,marcao,Brazil,Betim,Brazil,2005-01-13 00:00:00,,Missing,,,,TINMO,https://img.a.transfermarkt.technology/portrait/header/default.jpg?lm=1,,,,https://www.transfermarkt.co.uk/marcao/profil/spieler/1089612,BRA1,Fluminense Football Club,,,2462,fluminense-rio-de-janeiro,Fluminense Football Club,BRA1,,33,29.7,11,33.3,4,Estádio Jornalista Mário Filho,82238,€-6.76m,,2025,../data/raw/transfermarkt-scraper/2025/clubs.json.gz,https://www.transfermarkt.co.uk/fluminense-rio-de-janeiro/startseite/verein/2462,marcao,False,,,,,,,,,,,,,,,,,,,,,
1089956,,Rodrigo Falcão,Rodrigo Falcão,2025,221,rodrigo-falcao,Brazil,Santos,Brazil,2005-03-23 00:00:00,Goalkeeper,Goalkeeper,right,191.0,2029-01-31 00:00:00,Casa Soccer M9,https://img.a.transfermarkt.technology/portrait/header/1089956-1773445794.png?lm=1,,,,https://www.transfermarkt.co.uk/rodrigo-falcao/profil/spieler/1089956,BRA1,Santos Futebol Clube,,,221,fc-santos,Santos Futebol Clube,BRA1,,37,26.7,9,24.3,4,Estádio Urbano Caldeira,16068,+€7.21m,,2025,../data/raw/transfermarkt-scraper/2025/clubs.json.gz,https://www.transfermarkt.co.uk/fc-santos/startseite/verein/221,rodrigo falcao,False,,,,,,,,,,,,,,,,,,,,,
1089958,,Gabriel Bontempo,Gabriel Bontempo,2025,221,gabriel-bontempo,Brazil,Uberaba,Brazil,2005-01-16 00:00:00,Central Midfield,Midfield,right,181.0,2030-12-31 00:00:00,ADM Esporte,https://img.a.transfermarkt.technology/portrait/header/1089958-1743040770.jpg?lm=1,0.0,0.0,,https://www.transfermarkt.co.uk/gabriel-bontempo/profil/spieler/1089958,BRA1,Santos Futebol Clube,9000000.0,9000000.0,221,fc-santos,Santos Futebol Clube,BRA1,,37,26.7,9,24.3,4,Estádio Urbano Caldeira,16068,+€7.21m,,2025,../data/raw/transfermarkt-scraper/2025/clubs.json.gz,https://www.transfermarkt.co.uk/fc-santos/startseite/verein/221,gabriel bontempo,False,,,,,,,,,,,,,,,,,,,,,
1090768,,Riquelmy,Riquelmy,2024,8718,riquelmy,Brazil,Ouricuri,Brazil,2005-05-02 00:00:00,Centre-Forward,Attack,right,,2026-06-30 00:00:00,,https://img.a.transfermarkt.technology/portrait/header/default.jpg?lm=1,,,,https://www.transfermarkt.co.uk/riquelmy/profil/spieler/1090768,BRA1,Sport Club do Recife,,,8718,sport-club-do-recife,Sport Club do Recife,BRA1,,29,27.1,1,3.4,0,Estádio Adelmar da Costa Carvalho,35000,+€2.95m,Mariano Soso,2024,../data/raw/transfermarkt-scraper/2024/clubs.json.gz,https://www.transfermarkt.co.uk/sport-club-do-recife/startseite/verein/8718,riquelmy,False,,,,,,,,,,,,,,,,,,,,,
1090818,,Sidnei,Sidnei,2024,3876,sidnei,Brazil,São José dos Pinhais,Brazil,2003-03-28 00:00:00,Goalkeeper,Goalkeeper,right,191.0,2026-11-30 00:00:00,,https://img.a.transfermarkt.technology/portrait/header/1090818-1674433141.jpg?lm=1,,,,https://www.transfermarkt.co.uk/sidnei/profil/spieler/1090818,BRA1,Mirasol Futebol Clube,,,3876,mirassol-futebol-clube-sp-,Mirasol Futebol Clube,BRA1,,32,30.1,1,3.1,0,Estádio Municipal José María de Campos Maia,14534,+€1.67m,,2025,../data/raw/transfermarkt-scraper/2025/clubs.json.gz,https://www.transfermarkt.co.uk/mirassol-futebol-clube-sp-/startseite/verein/3876,sidnei,False,,,,,,,,,,,,,,,,,,,,,
1090856,,Vitinho Mota,Vitinho Mota,2024,8793,vitinho-mota,Brazil,Marília,Brazil,2003-07-27 00:00:00,Right Winger,Attack,left,174.0,2026-12-31 00:00:00,Casa Soccer M9,https://img.a.transfermarkt.technology/portrait/header/1090856-1754146223.png?lm=1,,,,https://www.transfermarkt.co.uk/vitinho-mota/profil/spieler/1090856,BRA1,Red Bull Bragantino,,,8793,red-bull-bragantino,Red Bull Bragantino,BRA1,,39,25.6,9,23.1,3,Estádio Municipal Cicero De Souza Marques,12000,+€10.50m,,2025,../data/raw/transfermarkt-scraper/2025/clubs.json.gz,https://www.transfermarkt.co.uk/red-bull-bragantino/startseite/verein/8793,vitinho mota,False,,,,,,,,,,,,,,,,,,,,,
1091605,,Marcelo,Marcelo,2024,609,marcelo,Brazil,Anápolis,Brazil,2006-02-12 00:00:00,Goalkeeper,Goalkeeper,right,191.0,,GOL SUDAMERICA,https://img.a.transfermarkt.technology/portrait/header/1091605-1769129355.jpg?lm=1,0.0,0.0,,https://www.transfermarkt.co.uk/marcelo/profil/spieler/1091605,BRA1,Cruzeiro Esporte Clube,,,609,ec-cruzeiro-belo-horizonte,Cruzeiro Esporte Clube,BRA1,,30,26.8,7,23.3,3,Estádio Governador Magalhães Pinto,61927,€-36.26m,,2025,../data/raw/transfermarkt-scraper/2025/clubs.json.gz,https://www.transfermarkt.co.uk/ec-cruzeiro-belo-horizonte/startseite/verein/609,marcelo,True,marcelo,Marcelo,LB,Fluminense,1044.0,1.0,1.0,1.2000000000000002,1.6,82.0,18.0,18.0,10.0,24.0,1.0,24.0,15.0,3.0,0.0,marcelo,True
1091607,,Rhuan Gabriel,Rhuan Gabriel,2024,609,rhuan-gabriel,Brazil,Goiânia,Brazil,2006-02-06 00:00:00,Attacking Midfield,Midfield,right,176.0,2029-12-31 00:00:00,,https://img.a.transfermarkt.technology/portrait/header/1091607-1758974529.png?lm=1,2.0,0.0,,https://www.transfermarkt.co.uk/rhuan-gabriel/profil/spieler/1091607,BRA1,Cruzeiro Esporte Clube,,,609,ec-cruzeiro-belo-horizonte,Cruzeiro Esporte Clube,BRA1,,30,26.8,7,23.3,3,Estádio Governador Magalhães Pinto,61927,€-36.26m,,2025,../data/raw/transfermarkt-scraper/2025/clubs.json.gz,https://www.transfermarkt.co.uk/ec-cruzeiro-belo-horizonte/startseite/verein/609,rhuan gabriel,False,,,,,,,,,,,,,,,,,,,,,
1091609,,Ruan Índio,Ruan Índio,2024,609,ruan-indio,Brazil,Belo Horizonte,Brazil,2006-08-10 00:00:00,Centre-Forward,Attack,right,191.0,2029-12-31 00:00:00,Team of Future,https://img.a.transfermarkt.technology/portrait/header/1091609-1769430247.jpg?lm=1,,,,https://www.transfermarkt.co.uk/ruan-indio/profil/spieler/1091609,BRA1,Cruzeiro Esporte Clube,,,609,ec-cruzeiro-belo-horizonte,Cruzeiro Esporte Clube,BRA1,,30,26.8,7,23.3,3,Estádio Governador Magalhães Pinto,61927,€-36.26m,,2025,../data/raw/transfermarkt-scraper/2025/clubs.json.gz,https://www.transfermarkt.co.uk/ec-cruzeiro-belo-horizonte/startseite/verein/609,ruan indio,False,,,,,,,,,,,,,,,,,,,,,
1091893,,Zé Breno,Zé Breno,2025,2125,ze-breno,Brazil,Palhoça,Brazil,2004-06-06 00:00:00,Defensive Midfield,Midfield,right,176.0,2028-12-31 00:00:00,,https://img.a.transfermarkt.technology/portrait/header/1091893-1738334687.jpg?lm=1,,,,https://www.transfermarkt.co.uk/ze-breno/profil/spieler/1091893,BRA1,Esporte Clube Vitória,,,2125,esporte-clube-vitoria,Esporte Clube Vitória,BRA1,,39,28.3,7,17.9,0,Estádio Manoel Barradas,30793,+€1.36m,,2025,../data/raw/transfermarkt-scraper/2025/clubs.json.gz,https://www.transfermarkt.co.uk/esporte-clube-vitoria/startseite/verein/2125,ze breno,False,,,,,,,,,,,,,,,,,,,,,
1092590,,Vitor Neves,Vitor Neves,2024,8718,vitor-neves,,,Brazil,2005-01-08 00:00:00,Defensive Midfield,Midfield,right,,,Bruno Litterio,https://img.a.transfermarkt.technology/portrait/header/default.jpg?lm=1,,,,https://www.transfermarkt.co.uk/vitor-neves/profil/spieler/1092590,BRA1,Sport Club do Recife,,,8718,sport-club-do-recife,Sport Club do Recife,BRA1,,29,27.1,1,3.4,0,Estádio Adelmar da Costa Carvalho,35000,+€2.95m,Mariano Soso,2024,../data/raw/transfermarkt-scraper/2024/clubs.json.gz,https://www.transfermarkt.co.uk/sport-club-do-recife/startseite/verein/8718,vitor neves,False,,,,,,,,,,,,,,,,,,,,,
1092623,,Anthony,Anthony,2025,537,anthony,Brazil,Santa Bárbara,Brazil,2005-07-12 00:00:00,Centre-Back,Defender,left,192.0,2030-03-23 00:00:00,,https://img.a.transfermarkt.technology/portrait/header/1092623-1741364721.jpg?lm=1,0.0,0.0,,https://www.transfermarkt.co.uk/anthony/profil/spieler/1092623,BRA1,S. A. F. Botafogo,300000.0,300000.0,537,botafogo-rio-de-janeiro,S. A. F. Botafogo,BRA1,,34,26.2,13,38.2,5,Estádio Olímpico Nilton Santos,46931,+€40.04m,,2025,../data/raw/transfermarkt-scraper/2025/clubs.json.gz,https://www.transfermarkt.co.uk/botafogo-rio-de-janeiro/startseite/verein/537,anthony,False,,,,,,,,,,,,,,,,,,,,,
1092705,,Roger Ruan,Roger Ruan,2024,10010,roger-ruan,Brazil,Pindaré-Mirim,Brazil,2005-01-12 00:00:00,Right-Back,Defender,right,,,,https://img.a.transfermarkt.technology/portrait/header/1092705-1769167809.png?lm=1,,,,https://www.transfermarkt.co.uk/roger-ruan/profil/spieler/1092705,BRA1,Esporte Clube Bahia,,,10010,esporte-clube-bahia,Esporte Clube Bahia,BRA1,,32,26.6,9,28.1,3,Arena Fonte Nova,47364,+€8.14m,,2025,../data/raw/transfermarkt-scraper/2025/clubs.json.gz,https://www.transfermarkt.co.uk/esporte-clube-bahia/startseite/verein/10010,roger ruan,False,,,,,,,,,,,,,,,,,,,,,
1093267,,Yan,Yan,2024,6600,yantm,Brazil,Rio de Janeiro,Brazil,2005-11-04 00:00:00,Right-Back,Defender,right,178.0,,,https://img.a.transfermarkt.technology/portrait/header/1093267-1769160998.jpg?lm=1,,,,https://www.transfermarkt.co.uk/yantm/profil/spieler/1093267,BRA1,Sport Club Internacional,,,6600,sc-internacional-porto-alegre,Sport Club Internacional,BRA1,,32,26.7,9,28.1,3,Estádio Beira-Rio,50848,+€41.39m,,2025,../data/raw/transfermarkt-scraper/2025/clubs.json.gz,https://www.transfermarkt.co.uk/sc-internacional-porto-alegre/startseite/verein/6600,yan,False,,,,,,,,,,,,,,,,,,,,,
1093845,,Rhuan Lucas,Rhuan Lucas,2024,537,rhuan-lucas,Brazil,Niterói,Brazil,2004-09-14 00:00:00,Defensive Midfield,Midfield,right,174.0,,,https://img.a.transfermarkt.technology/portrait/header/default.jpg?lm=1,,,,https://www.transfermarkt.co.uk/rhuan-lucas/profil/spieler/1093845,BRA1,S. A. F. Botafogo,,,537,botafogo-rio-de-janeiro,S. A. F. Botafogo,BRA1,,34,26.2,13,38.2,5,Estádio Olímpico Nilton Santos,46931,+€40.04m,,2025,../data/raw/transfermarkt-scraper/2025/clubs.json.gz,https://www.transfermarkt.co.uk/botafogo-rio-de-janeiro/startseite/verein/537,rhuan lucas,False,,,,,,,,,,,,,,,,,,,,,
1093863,,Aranha,Aranha,2025,1023,aranha,Brazil,Paudalho,Brazil,2005-02-07 00:00:00,Goalkeeper,Goalkeeper,right,190.0,2029-06-30 00:00:00,,https://img.a.transfermarkt.technology/portrait/header/1093863-1680448579.jpg?lm=1,0.0,0.0,,https://www.transfermarkt.co.uk/aranha/profil/spieler/1093863,BRA1,Sociedade Esportiva Palmeiras,,,1023,se-palmeiras-sao-paulo,Sociedade Esportiva Palmeiras,BRA1,,31,25.9,9,29.0,10,Nubank Parque,43713,+€31.54m,,2025,../data/raw/transfermarkt-scraper/2025/clubs.json.gz,https://www.transfermarkt.co.uk/se-palmeiras-sao-paulo/startseite/verein/1023,aranha,False,,,,,,,,,,,,,,,,,,,,,
1093865,,David Kauã,David Kauã,2024,330,david-kaua,Brazil,Bandeirantes,Brazil,2005-03-12 00:00:00,Central Midfield,Midfield,left,182.0,2027-12-31 00:00:00,RBC Talent Group ,https://img.a.transfermarkt.technology/portrait/header/1093865-1680449473.jpg?lm=1,,,,https://www.transfermarkt.co.uk/david-kaua/profil/spieler/1093865,BRA1,Clube Atlético Mineiro,,,330,clube-atletico-mineiro,Clube Atlético Mineiro,BRA1,,33,25.7,9,27.3,6,Arena MRV,44892,€-1.24m,,2025,../data/raw/transfermarkt-scraper/2025/clubs.json.gz,https://www.transfermarkt.co.uk/clube-atletico-mineiro/startseite/verein/330,david kaua,False,,,,,,,,,,,,,,,,,,,,,
1093906,,Kauê Canela,Kauê Canela,2024,10870,kaue-canela,Brazil,Orlândia,Brazil,2004-02-20 00:00:00,Centre-Forward,Attack,right,180.0,,4ComM,https://img.a.transfermarkt.technology/portrait/header/1093906-1678907161.jpg?lm=1,,,,https://www.transfermarkt.co.uk/kaue-canela/profil/spieler/1093906,BRA1,Fortaleza Esporte Clube,,,10870,fortaleza-esporte-clube,Fortaleza Esporte Clube,BRA1,,29,27.1,5,17.2,0,Estádio Governador Plácido Castelo,63904,+€6.25m,Juan Pablo Vojvoda,2024,../data/raw/transfermarkt-scraper/2024/clubs.json.gz,https://www.transfermarkt.co.uk/fortaleza-esporte-clube/startseite/verein/10870,kaue canela,False,,,,,,,,,,,,,,,,,,,,,
1093922,,Luisão,Luisão,2024,221,luisao,Brazil,Taboão da Serra,Brazil,2003-09-09 00:00:00,Centre-Back,Defender,right,192.0,2026-12-31 00:00:00,Bertolucci Sports,https://img.a.transfermarkt.technology/portrait/header/1093922-1678906999.jpg?lm=1,,,,https://www.transfermarkt.co.uk/luisao/profil/spieler/1093922,BRA1,Santos Futebol Clube,,,221,fc-santos,Santos Futebol Clube,BRA1,,37,26.7,9,24.3,4,Estádio Urbano Caldeira,16068,+€7.21m,,2025,../data/raw/transfermarkt-scraper/2025/clubs.json.gz,https://www.transfermarkt.co.uk/fc-santos/startseite/verein/221,luisao,False,,,,,,,,,,,,,,,,,,,,,
1093951,,Renê,Renê,2025,2125,rene,Brazil,Fortaleza,Brazil,2003-10-07 00:00:00,Left Winger,Attack,right,183.0,2029-12-31 00:00:00,Vassallo Sports,https://img.a.transfermarkt.technology/portrait/header/1093951-1708539758.jpg?lm=1,,,,https://www.transfermarkt.co.uk/rene/profil/spieler/1093951,BRA1,Esporte Clube Vitória,1000000.0,1000000.0,2125,esporte-clube-vitoria,Esporte Clube Vitória,BRA1,,39,28.3,7,17.9,0,Estádio Manoel Barradas,30793,+€1.36m,,2025,../data/raw/transfermarkt-scraper/2025/clubs.json.gz,https://www.transfermarkt.co.uk/esporte-clube-vitoria/startseite/verein/2125,rene,True,,,,,,,,,,,,,,,,,,,,,
1094501,,Hugo Leonardo,Hugo Leonardo,2025,585,hugo-leonardo,,,Brazil,2004-01-19 00:00:00,Defensive Midfield,Midfield,left,175.0,2028-12-31 00:00:00,,https://img.a.transfermarkt.technology/portrait/header/1094501-1759492101.jpeg?lm=1,,,,https://www.transfermarkt.co.uk/hugo-leonardo/profil/spieler/1094501,BRA1,São Paulo Futebol Clube,,,585,fc-sao-paulo,São Paulo Futebol Clube,BRA1,,42,26.4,9,21.4,3,MorumBIS,72039,+€24.69m,,2025,../data/raw/transfermarkt-scraper/2025/clubs.json.gz,https://www.transfermarkt.co.uk/fc-sao-paulo/startseite/verein/585,hugo leonardo,False,,,,,,,,,,,,,,,,,,,,,
1094530,,Kauan,Kauan,2025,6600,kauan,Brazil,Jundiaí,Brazil,2003-04-27 00:00:00,Goalkeeper,Goalkeeper,right,192.0,2027-12-31 00:00:00,Victrix,https://img.a.transfermarkt.technology/portrait/header/1094530-1680880061.jpg?lm=1,,,,https://www.transfermarkt.co.uk/kauan/profil/spieler/1094530,BRA1,Sport Club Internacional,,,6600,sc-internacional-porto-alegre,Sport Club Internacional,BRA1,,32,26.7,9,28.1,3,Estádio Beira-Rio,50848,+€41.39m,,2025,../data/raw/transfermarkt-scraper/2025/clubs.json.gz,https://www.transfermarkt.co.uk/sc-internacional-porto-alegre/startseite/verein/6600,kauan,True,,,,,,,,,,,,,,,,,,,,,
1094537,,Isac,Isac,2024,2462,isac,,,Brazil,2005-05-10 00:00:00,Attacking Midfield,Midfield,left,,2026-12-31 00:00:00,Maracana.World,https://img.a.transfermarkt.technology/portrait/header/default.jpg?lm=1,,,,https://www.transfermarkt.co.uk/isac/profil/spieler/1094537,BRA1,Fluminense Football Club,,,2462,fluminense-rio-de-janeiro,Fluminense Football Club,BRA1,,33,29.7,11,33.3,4,Estádio Jornalista Mário Filho,82238,€-6.76m,,2025,../data/raw/transfermarkt-scraper/2025/clubs.json.gz,https://www.transfermarkt.co.uk/fluminense-rio-de-janeiro/startseite/verein/2462,isac,False,isaac,Isaac,LB,Fluminense,179.0,0.0,0.0,0.30000000000000004,0.0,5.0,10.0,15.0,8.0,4.0,0.0,3.0,3.0,0.0,0.0,isaac,True
1094863,,Deivid Andrade,Deivid Andrade,2024,2029,deivid-andrade,Brazil,São Domingos do Capim,Brazil,2005-06-01 00:00:00,Goalkeeper,Goalkeeper,right,196.0,2026-12-31 00:00:00,SSP Sport Strategy,https://img.a.transfermarkt.technology/portrait/header/default.jpg?lm=1,,,,https://www.transfermarkt.co.uk/deivid-andrade/profil/spieler/1094863,BRA1,Ceará Sporting Club,,,2029,ceara-sporting-club,Ceará Sporting Club,BRA1,,29,28.0,2,6.9,0,Estádio Governador Plácido Castelo,63904,+€2.30m,Anderson Batatais,2024,../data/raw/transfermarkt-scraper/2024/clubs.json.gz,https://www.transfermarkt.co.uk/ceara-sporting-club/startseite/verein/2029,deivid andrade,False,,,,,,,,,,,,,,,,,,,,,
1094958,,Fábio Soares,Fábio Soares,2024,2125,fabio-soares,,,Brazil,2004-12-03 00:00:00,Left Winger,Attack,right,178.0,2027-06-30 00:00:00,STARTUP SPORTS,https://img.a.transfermarkt.technology/portrait/header/default.jpg?lm=1,,,,https://www.transfermarkt.co.uk/fabio-soares/profil/spieler/1094958,BRA1,Esporte Clube Vitória,,,2125,esporte-clube-vitoria,Esporte Clube Vitória,BRA1,,39,28.3,7,17.9,0,Estádio Manoel Barradas,30793,+€1.36m,,2025,../data/raw/transfermarkt-scraper/2025/clubs.json.gz,https://www.transfermarkt.co.uk/esporte-clube-vitoria/startseite/verein/2125,fabio soares,True,fabio soares,Fábio Soares,RM,Vitória,90.0,0.0,0.0,0.0,0.0,1.0,1.0,5.0,1.0,2.0,1.0,4.0,3.0,0.0,0.0,fabio soares,True
1094959,,Samuel,Samuel,2024,10010,samuel,Brazil,Teixeira de Freitas,Brazil,2005-01-27 00:00:00,Centre-Forward,Attack,right,186.0,,Trust Football ,https://img.a.transfermarkt.technology/portrait/header/default.jpg?lm=1,,,,https://www.transfermarkt.co.uk/samuel/profil/spieler/1094959,BRA1,Esporte Clube Bahia,,,10010,esporte-clube-bahia,Esporte Clube Bahia,BRA1,,32,26.6,9,28.1,3,Arena Fonte Nova,47364,+€8.14m,,2025,../data/raw/transfermarkt-scraper/2025/clubs.json.gz,https://www.transfermarkt.co.uk/esporte-clube-bahia/startseite/verein/10010,samuel,False,,,,,,,,,,,,,,,,,,,,,
1094961,,Paulo Roberto,Paulo Roberto,2024,2125,paulo-roberto,,,Brazil,2005-11-13 00:00:00,Right-Back,Defender,right,,2026-12-30 00:00:00,,https://img.a.transfermarkt.technology/portrait/header/default.jpg?lm=1,,,,https://www.transfermarkt.co.uk/paulo-roberto/profil/spieler/1094961,BRA1,Esporte Clube Vitória,,,2125,esporte-clube-vitoria,Esporte Clube Vitória,BRA1,,39,28.3,7,17.9,0,Estádio Manoel Barradas,30793,+€1.36m,,2025,../data/raw/transfermarkt-scraper/2025/clubs.json.gz,https://www.transfermarkt.co.uk/esporte-clube-vitoria/startseite/verein/2125,paulo roberto,False,,,,,,,,,,,,,,,,,,,,,
1094962,,Ainoã,Ainoã,2024,614,ainoa,,,Brazil,2005-02-01 00:00:00,Left-Back,Defender,left,186.0,,,https://img.a.transfermarkt.technology/portrait/header/1094962-1698516175.jpg?lm=1,,,,https://www.transfermarkt.co.uk/ainoa/profil/spieler/1094962,BRA1,Clube de Regatas do Flamengo,,,614,flamengo-rio-de-janeiro,Clube de Regatas do Flamengo,BRA1,,28,28.8,9,32.1,10,Estádio Jornalista Mário Filho,82238,€-13.92m,,2025,../data/raw/transfermarkt-scraper/2025/clubs.json.gz,https://www.transfermarkt.co.uk/flamengo-rio-de-janeiro/startseite/verein/614,ainoa,False,,,,,,,,,,,,,,,,,,,,,
1095552,,Gustavo Prado,Gustavo Prado,2024,6600,gustavo-prado,Brazil,Rio de Janeiro,Brazil,2005-06-06 00:00:00,Right Winger,Attack,right,179.0,2026-12-31 00:00:00,LINK SPORTS,https://img.a.transfermarkt.technology/portrait/header/1095552-1680879273.jpg?lm=1,11.0,1.0,,https://www.transfermarkt.co.uk/gustavo-prado/profil/spieler/1095552,BRA1,Sport Club Internacional,,,6600,sc-internacional-porto-alegre,Sport Club Internacional,BRA1,,32,26.7,9,28.1,3,Estádio Beira-Rio,50848,+€41.39m,,2025,../data/raw/transfermarkt-scraper/2025/clubs.json.gz,https://www.transfermarkt.co.uk/sc-internacional-porto-alegre/startseite/verein/6600,gustavo prado,True,gustavo prado,Gustavo Prado,RM,Internacional,664.0,1.0,0.0,1.3,1.5,29.0,21.0,29.0,12.0,34.0,4.0,32.0,14.0,1.0,0.0,gustavo prado,True
1096080,,Gabriel Rocha,Gabriel Rocha,2024,2029,gabriel-rocha,,,Brazil,2006-01-23 00:00:00,Centre-Back,Defender,left,,,,https://img.a.transfermarkt.technology/portrait/header/default.jpg?lm=1,,,,https://www.transfermarkt.co.uk/gabriel-rocha/profil/spieler/1096080,BRA1,Ceará Sporting Club,,,2029,ceara-sporting-club,Ceará Sporting Club,BRA1,,29,28.0,2,6.9,0,Estádio Governador Plácido Castelo,63904,+€2.30m,Anderson Batatais,2024,../data/raw/transfermarkt-scraper/2024/clubs.json.gz,https://www.transfermarkt.co.uk/ceara-sporting-club/startseite/verein/2029,gabriel rocha,False,,,,,,,,,,,,,,,,,,,,,
1096223,Pedro,Ataíde,Pedro Ataíde,2024,330,pedro-ataide,Brazil,Aparecida de Goiânia,Brazil,2005-06-28 00:00:00,Centre-Forward,Attack,left,180.0,2029-05-31 00:00:00,REC Sports,https://img.a.transfermarkt.technology/portrait/header/default.jpg?lm=1,,,,https://www.transfermarkt.co.uk/pedro-ataide/profil/spieler/1096223,BRA1,Clube Atlético Mineiro,,,330,clube-atletico-mineiro,Clube Atlético Mineiro,BRA1,,33,25.7,9,27.3,6,Arena MRV,44892,€-1.24m,,2025,../data/raw/transfermarkt-scraper/2025/clubs.json.gz,https://www.transfermarkt.co.uk/clube-atletico-mineiro/startseite/verein/330,pedro ataide,False,,,,,,,,,,,,,,,,,,,,,
1096272,,Clébio,Clébio,2024,10492,clebio,Brazil,Uberaba,Brazil,2004-03-01 00:00:00,Centre-Back,Defender,right,186.0,,LEFT Sports,https://img.a.transfermarkt.technology/portrait/header/default.jpg?lm=1,,,,https://www.transfermarkt.co.uk/clebio/profil/spieler/1096272,BRA1,Esporte Clube Juventude,,,10492,esporte-clube-juventude,Esporte Clube Juventude,BRA1,,29,28.3,3,10.3,0,Estádio Alfredo Jaconi,23726,+€1.13m,Roger Machado,2024,../data/raw/transfermarkt-scraper/2024/clubs.json.gz,https://www.transfermarkt.co.uk/esporte-clube-juventude/startseite/verein/10492,clebio,False,,,,,,,,,,,,,,,,,,,,,
1096275,,Davi Góes,Davi Góes,2024,10492,davi-goes,Brazil,Ipatinga,Brazil,2005-06-22 00:00:00,Defensive Midfield,Midfield,left,185.0,2026-12-31 00:00:00,Un1que Football,https://img.a.transfermarkt.technology/portrait/header/1096275-1747446234.jpg?lm=1,0.0,0.0,,https://www.transfermarkt.co.uk/davi-goes/profil/spieler/1096275,BRA1,Esporte Clube Juventude,,,10492,esporte-clube-juventude,Esporte Clube Juventude,BRA1,,29,28.3,3,10.3,0,Estádio Alfredo Jaconi,23726,+€1.13m,Roger Machado,2024,../data/raw/transfermarkt-scraper/2024/clubs.json.gz,https://www.transfermarkt.co.uk/esporte-clube-juventude/startseite/verein/10492,davi goes,True,davi goes,Davi Goes,CM,Juventude,66.0,0.0,0.0,0.0,0.0,3.0,0.0,0.0,0.0,0.0,0.0,3.0,0.0,2.0,0.0,davi goes,True
1096506,,Isac,Isac,2025,585,isac,Brazil,Brejo Santo,Brazil,2006-04-02 00:00:00,Centre-Back,Defender,right,186.0,2027-12-31 00:00:00,,https://img.a.transfermarkt.technology/portrait/header/1096506-1768820785.png?lm=1,1.0,0.0,,https://www.transfermarkt.co.uk/isac/profil/spieler/1096506,BRA1,São Paulo Futebol Clube,,,585,fc-sao-paulo,São Paulo Futebol Clube,BRA1,,42,26.4,9,21.4,3,MorumBIS,72039,+€24.69m,,2025,../data/raw/transfermarkt-scraper/2025/clubs.json.gz,https://www.transfermarkt.co.uk/fc-sao-paulo/startseite/verein/585,isac,False,isaac,Isaac,LB,Fluminense,179.0,0.0,0.0,0.30000000000000004,0.0,5.0,10.0,15.0,8.0,4.0,0.0,3.0,3.0,0.0,0.0,isaac,True
1096605,,Kauan Toledo,Kauan Toledo,2024,537,kauan-toledo,Brazil,Sorocaba,Brazil,2006-04-15 00:00:00,Right Winger,Attack,right,177.0,2028-12-31 00:00:00,Casa Soccer M9,https://img.a.transfermarkt.technology/portrait/header/1096605-1739970694.jpg?lm=1,,,,https://www.transfermarkt.co.uk/kauan-toledo/profil/spieler/1096605,BRA1,S. A. F. Botafogo,,,537,botafogo-rio-de-janeiro,S. A. F. Botafogo,BRA1,,34,26.2,13,38.2,5,Estádio Olímpico Nilton Santos,46931,+€40.04m,,2025,../data/raw/transfermarkt-scraper/2025/clubs.json.gz,https://www.transfermarkt.co.uk/botafogo-rio-de-janeiro/startseite/verein/537,kauan toledo,False,,,,,,,,,,,,,,,,,,,,,
1096840,,Luiz Eduardo,Luiz Eduardo,2024,199,luiz-eduardo,Brazil,São Paulo,Brazil,2007-06-26 00:00:00,Attacking Midfield,Midfield,left,,,,https://img.a.transfermarkt.technology/portrait/header/default.jpg?lm=1,,,,https://www.transfermarkt.co.uk/luiz-eduardo/profil/spieler/1096840,BRA1,Sport Club Corinthians Paulista,,,199,corinthians-sao-paulo,Sport Club Corinthians Paulista,BRA1,,34,27.2,7,20.6,3,Neo Química Arena,49205,+€2.19m,,2025,../data/raw/transfermarkt-scraper/2025/clubs.json.gz,https://www.transfermarkt.co.uk/corinthians-sao-paulo/startseite/verein/199,luiz eduardo,False,,,,,,,,,,,,,,,,,,,,,
1097081,,Maxsuell Alegria,Maxsuell Alegria,2024,978,maxsuell-alegria,Brazil,Goiânia,Brazil,2004-01-09 00:00:00,Left Winger,Attack,right,169.0,2029-06-30 00:00:00,Elenko Sports Ltda.,https://img.a.transfermarkt.technology/portrait/header/1097081-1761317911.jpg?lm=1,,,,https://www.transfermarkt.co.uk/maxsuell-alegria/profil/spieler/1097081,BRA1,Club de Regatas Vasco da Gama,,,978,vasco-da-gama-rio-de-janeiro,Club de Regatas Vasco da Gama,BRA1,,32,26.1,10,31.3,5,Estádio São Januário,24584,+€23.85m,,2025,../data/raw/transfermarkt-scraper/2025/clubs.json.gz,https://www.transfermarkt.co.uk/vasco-da-gama-rio-de-janeiro/startseite/verein/978,maxsuell alegria,False,max alegria,Max Alegria,LW,Vasco da Gama,79.0,0.0,0.0,0.0,0.0,2.0,3.0,4.0,1.0,5.0,0.0,0.0,1.0,0.0,0.0,max alegria,True
1097187,,Bruninho,Bruninho,2024,10870,bruninho,Brazil,Barra de Guabiraba,Brazil,2005-06-11 00:00:00,Central Midfield,Midfield,right,177.0,,Advance Sports,https://img.a.transfermarkt.technology/portrait/header/default.jpg?lm=1,,,,https://www.transfermarkt.co.uk/bruninho/profil/spieler/1097187,BRA1,Fortaleza Esporte Clube,,,10870,fortaleza-esporte-clube,Fortaleza Esporte Clube,BRA1,,29,27.1,5,17.2,0,Estádio Governador Plácido Castelo,63904,+€6.25m,Juan Pablo Vojvoda,2024,../data/raw/transfermarkt-scraper/2024/clubs.json.gz,https://www.transfermarkt.co.uk/fortaleza-esporte-clube/startseite/verein/10870,bruninho,True,,,,,,,,,,,,,,,,,,,,,
1097224,,Janderson,Janderson,2025,609,janderson,Brazil,Altos,Brazil,2005-08-31 00:00:00,Centre-Back,Defender,right,190.0,2029-02-01 00:00:00,VTN IMAGE,https://img.a.transfermarkt.technology/portrait/header/1097224-1769129291.png?lm=1,,,,https://www.transfermarkt.co.uk/janderson/profil/spieler/1097224,BRA1,Cruzeiro Esporte Clube,,,609,ec-cruzeiro-belo-horizonte,Cruzeiro Esporte Clube,BRA1,,30,26.8,7,23.3,3,Estádio Governador Magalhães Pinto,61927,€-36.26m,,2025,../data/raw/transfermarkt-scraper/2025/clubs.json.gz,https://www.transfermarkt.co.uk/ec-cruzeiro-belo-horizonte/startseite/verein/609,janderson,True,janderson,Janderson,LW,Vitória,1937.0,4.0,0.0,3.3000000000000003,1.6,53.0,61.0,82.0,31.0,64.0,4.0,31.0,18.0,8.0,0.0,janderson,True
1097844,,Wesley Juan,Wesley Juan,2024,614,wesley-juan,,,Brazil,2005-01-02 00:00:00,Centre-Back,Defender,left,188.0,,ORO Soccer Agency,https://img.a.transfermarkt.technology/portrait/header/default.jpg?lm=1,,,,https://www.transfermarkt.co.uk/wesley-juan/profil/spieler/1097844,BRA1,Clube de Regatas do Flamengo,,,614,flamengo-rio-de-janeiro,Clube de Regatas do Flamengo,BRA1,,28,28.8,9,32.1,10,Estádio Jornalista Mário Filho,82238,€-13.92m,,2025,../data/raw/transfermarkt-scraper/2025/clubs.json.gz,https://www.transfermarkt.co.uk/flamengo-rio-de-janeiro/startseite/verein/614,wesley juan,False,,,,,,,,,,,,,,,,,,,,,
1098726,,Zé Phelipe,Zé Phelipe,2024,330,ze-phelipe,Brazil,Rio de Janeiro,Brazil,2005-06-14 00:00:00,Defensive Midfield,Midfield,both,180.0,,JC SOCCER,https://img.a.transfermarkt.technology/portrait/header/default.jpg?lm=1,,,,https://www.transfermarkt.co.uk/ze-phelipe/profil/spieler/1098726,BRA1,Clube Atlético Mineiro,,,330,clube-atletico-mineiro,Clube Atlético Mineiro,BRA1,,33,25.7,9,27.3,6,Arena MRV,44892,€-1.24m,,2025,../data/raw/transfermarkt-scraper/2025/clubs.json.gz,https://www.transfermarkt.co.uk/clube-atletico-mineiro/startseite/verein/330,ze phelipe,False,,,,,,,,,,,,,,,,,,,,,
1100070,,Eric,Eric,2024,2029,eric,Brazil,Baixa Grande,Brazil,2000-08-07 00:00:00,Left-Back,Defender,left,180.0,2026-11-30 00:00:00,Talents Sports,https://img.a.transfermarkt.technology/portrait/header/1100070-1725068945.jpg?lm=1,,,,https://www.transfermarkt.co.uk/eric/profil/spieler/1100070,BRA1,Ceará Sporting Club,,,2029,ceara-sporting-club,Ceará Sporting Club,BRA1,,29,28.0,2,6.9,0,Estádio Governador Plácido Castelo,63904,+€2.30m,Anderson Batatais,2024,../data/raw/transfermarkt-scraper/2024/clubs.json.gz,https://www.transfermarkt.co.uk/ceara-sporting-club/startseite/verein/2029,eric,False,,,,,,,,,,,,,,,,,,,,,
1100475,,Gabriel Pfeifer,Gabriel Pfeifer,2024,330,gabriel-pfeifer,,,Brazil,2005-04-12 00:00:00,Central Midfield,Midfield,right,175.0,2027-03-31 00:00:00,LIFEPRO,https://img.a.transfermarkt.technology/portrait/header/default.jpg?lm=1,,,,https://www.transfermarkt.co.uk/gabriel-pfeifer/profil/spieler/1100475,BRA1,Clube Atlético Mineiro,,,330,clube-atletico-mineiro,Clube Atlético Mineiro,BRA1,,33,25.7,9,27.3,6,Arena MRV,44892,€-1.24m,,2025,../data/raw/transfermarkt-scraper/2025/clubs.json.gz,https://www.transfermarkt.co.uk/clube-atletico-mineiro/startseite/verein/330,gabriel pfeifer,False,,,,,,,,,,,,,,,,,,,,,
1101123,,Netinho,Netinho,2024,8718,netinho,Brazil,João Pessoa,Brazil,2005-03-06 00:00:00,Right-Back,Defender,right,,,,https://img.a.transfermarkt.technology/portrait/header/default.jpg?lm=1,,,,https://www.transfermarkt.co.uk/netinho/profil/spieler/1101123,BRA1,Sport Club do Recife,,,8718,sport-club-do-recife,Sport Club do Recife,BRA1,,29,27.1,1,3.4,0,Estádio Adelmar da Costa Carvalho,35000,+€2.95m,Mariano Soso,2024,../data/raw/transfermarkt-scraper/2024/clubs.json.gz,https://www.transfermarkt.co.uk/sport-club-do-recife/startseite/verein/8718,netinho,False,,,,,,,,,,,,,,,,,,,,,
1101124,,Gustavinho,Gustavinho,2025,221,gustavinho,Brazil,Limeira,Brazil,2005-04-07 00:00:00,Defensive Midfield,Midfield,right,,2028-12-31 00:00:00,RJ Assessoria,https://img.a.transfermarkt.technology/portrait/header/1101124-1774463085.jpg?lm=1,,,,https://www.transfermarkt.co.uk/gustavinho/profil/spieler/1101124,BRA1,Santos Futebol Clube,500000.0,500000.0,221,fc-santos,Santos Futebol Clube,BRA1,,37,26.7,9,24.3,4,Estádio Urbano Caldeira,16068,+€7.21m,,2025,../data/raw/transfermarkt-scraper/2025/clubs.json.gz,https://www.transfermarkt.co.uk/fc-santos/startseite/verein/221,gustavinho,True,gustavinho,Gustavinho,LM,Red Bull Bragantino,954.0,1.0,3.0,0.7000000000000001,1.4000000000000001,45.0,9.0,33.0,17.0,38.0,4.0,24.0,14.0,1.0,0.0,gustavinho,True
1101134,,Fabricio Dias,Fabricio Dias,2024,10870,fabricio-dias,Brazil,Pinhais,Brazil,2004-08-26 00:00:00,Defensive Midfield,Midfield,right,176.0,2026-11-30 00:00:00,Proplay Partners,https://img.a.transfermarkt.technology/portrait/header/default.jpg?lm=1,,,,https://www.transfermarkt.co.uk/fabricio-dias/profil/spieler/1101134,BRA1,Fortaleza Esporte Clube,,,10870,fortaleza-esporte-clube,Fortaleza Esporte Clube,BRA1,,29,27.1,5,17.2,0,Estádio Governador Plácido Castelo,63904,+€6.25m,Juan Pablo Vojvoda,2024,../data/raw/transfermarkt-scraper/2024/clubs.json.gz,https://www.transfermarkt.co.uk/fortaleza-esporte-clube/startseite/verein/10870,fabricio dias,False,,,,,,,,,,,,,,,,,,,,,
1101447,Iván,Román,Iván Román,2025,330,ivan-roman,Chile,Santiago de Chile,Chile,2006-07-12 00:00:00,Centre-Back,Defender,right,183.0,2029-12-31 00:00:00,Next Level Sports,https://img.a.transfermarkt.technology/portrait/header/1101447-1715820525.jpg?lm=1,5.0,0.0,,https://www.transfermarkt.co.uk/ivan-roman/profil/spieler/1101447,BRA1,Clube Atlético Mineiro,1500000.0,1500000.0,330,clube-atletico-mineiro,Clube Atlético Mineiro,BRA1,,33,25.7,9,27.3,6,Arena MRV,44892,€-1.24m,,2025,../data/raw/transfermarkt-scraper/2025/clubs.json.gz,https://www.transfermarkt.co.uk/clube-atletico-mineiro/startseite/verein/330,ivan roman,False,,,,,,,,,,,,,,,,,,,,,
1109027,,Victor,Victor,2025,10010,victor,Brazil,Xique-Xique,Brazil,2006-05-03 00:00:00,Goalkeeper,Goalkeeper,right,197.0,,,https://img.a.transfermarkt.technology/portrait/header/1109027-1769163453.png?lm=1,,,,https://www.transfermarkt.co.uk/victor/profil/spieler/1109027,BRA1,Esporte Clube Bahia,,,10010,esporte-clube-bahia,Esporte Clube Bahia,BRA1,,32,26.6,9,28.1,3,Arena Fonte Nova,47364,+€8.14m,,2025,../data/raw/transfermarkt-scraper/2025/clubs.json.gz,https://www.transfermarkt.co.uk/esporte-clube-bahia/startseite/verein/10010,victor,False,,,,,,,,,,,,,,,,,,,,,
1109028,,Juninho,Juninho,2024,10010,juninho,Brazil,Arapiraca,Brazil,2005-12-17 00:00:00,Left Winger,Attack,right,,2027-11-30 00:00:00,,https://img.a.transfermarkt.technology/portrait/header/1109028-1769163585.png?lm=1,,,,https://www.transfermarkt.co.uk/juninho/profil/spieler/1109028,BRA1,Esporte Clube Bahia,,,10010,esporte-clube-bahia,Esporte Clube Bahia,BRA1,,32,26.6,9,28.1,3,Arena Fonte Nova,47364,+€8.14m,,2025,../data/raw/transfermarkt-scraper/2025/clubs.json.gz,https://www.transfermarkt.co.uk/esporte-clube-bahia/startseite/verein/10010,juninho,False,,,,,,,,,,,,,,,,,,,,,
1109029,,Sidney Duarte,Sidney Duarte,2024,10010,sidney-duarte,Brazil,Salvador,Brazil,2006-03-12 00:00:00,Defensive Midfield,Midfield,right,168.0,2028-12-31 00:00:00,Antoniu's Assessoria,https://img.a.transfermarkt.technology/portrait/header/1109029-1769168043.png?lm=1,5.0,0.0,,https://www.transfermarkt.co.uk/sidney-duarte/profil/spieler/1109029,BRA1,Esporte Clube Bahia,,,10010,esporte-clube-bahia,Esporte Clube Bahia,BRA1,,32,26.6,9,28.1,3,Arena Fonte Nova,47364,+€8.14m,,2025,../data/raw/transfermarkt-scraper/2025/clubs.json.gz,https://www.transfermarkt.co.uk/esporte-clube-bahia/startseite/verein/10010,sidney duarte,False,,,,,,,,,,,,,,,,,,,,,
1112486,Jhoan,Hernández,Jhoan Hernández,2025,537,jhoan-hernandez,Colombia,Lloró,Colombia,2006-02-20 00:00:00,Left-Back,Defender,left,178.0,2026-12-31 00:00:00,,https://img.a.transfermarkt.technology/portrait/header/1112486-1712101124.JPG?lm=1,2.0,0.0,,https://www.transfermarkt.co.uk/jhoan-hernandez/profil/spieler/1112486,BRA1,S. A. F. Botafogo,150000.0,550000.0,537,botafogo-rio-de-janeiro,S. A. F. Botafogo,BRA1,,34,26.2,13,38.2,5,Estádio Olímpico Nilton Santos,46931,+€40.04m,,2025,../data/raw/transfermarkt-scraper/2025/clubs.json.gz,https://www.transfermarkt.co.uk/botafogo-rio-de-janeiro/startseite/verein/537,jhoan hernandez,False,,,,,,,,,,,,,,,,,,,,,
1114595,,João Andrade,João Andrade,2024,10010,joao-andrade,,,Brazil,2006-06-15 00:00:00,Centre-Forward,Attack,left,181.0,,Antoniu's Assessoria,https://img.a.transfermarkt.technology/portrait/header/1114595-1769167004.png?lm=1,,,,https://www.transfermarkt.co.uk/joao-andrade/profil/spieler/1114595,BRA1,Esporte Clube Bahia,,,10010,esporte-clube-bahia,Esporte Clube Bahia,BRA1,,32,26.6,9,28.1,3,Arena Fonte Nova,47364,+€8.14m,,2025,../data/raw/transfermarkt-scraper/2025/clubs.json.gz,https://www.transfermarkt.co.uk/esporte-clube-bahia/startseite/verein/10010,joao andrade,False,,,,,,,,,,,,,,,,,,,,,
1115717,,Gerald Anjos,Gerald Anjos,2024,10010,gerald-anjos,Brazil,Salvador,Brazil,2007-11-01 00:00:00,Centre-Back,Defender,left,,,Talents Sports,https://img.a.transfermarkt.technology/portrait/header/1115717-1769167553.png?lm=1,,,,https://www.transfermarkt.co.uk/gerald-anjos/profil/spieler/1115717,BRA1,Esporte Clube Bahia,,,10010,esporte-clube-bahia,Esporte Clube Bahia,BRA1,,32,26.6,9,28.1,3,Arena Fonte Nova,47364,+€8.14m,,2025,../data/raw/transfermarkt-scraper/2025/clubs.json.gz,https://www.transfermarkt.co.uk/esporte-clube-bahia/startseite/verein/10010,gerald anjos,False,,,,,,,,,,,,,,,,,,,,,
1115722,,Arthur Gabriel,Arthur Gabriel,2025,1023,arthur-gabriel,Brazil,São Paulo,Brazil,2005-09-04 00:00:00,Left-Back,Defender,left,177.0,2029-12-31 00:00:00,OTB Sports,https://img.a.transfermarkt.technology/portrait/header/1115722-1680448889.jpeg?lm=1,0.0,0.0,,https://www.transfermarkt.co.uk/arthur-gabriel/profil/spieler/1115722,BRA1,Sociedade Esportiva Palmeiras,3000000.0,3000000.0,1023,se-palmeiras-sao-paulo,Sociedade Esportiva Palmeiras,BRA1,,31,25.9,9,29.0,10,Nubank Parque,43713,+€31.54m,,2025,../data/raw/transfermarkt-scraper/2025/clubs.json.gz,https://www.transfermarkt.co.uk/se-palmeiras-sao-paulo/startseite/verein/1023,arthur gabriel,False,,,,,,,,,,,,,,,,,,,,,
1116366,,Paulo Vitor,Paulo Vitor,2024,330,paulo-vitor,Brazil,Junqueirópolis,Brazil,2004-08-26 00:00:00,Defensive Midfield,Midfield,right,184.0,2026-12-31 00:00:00,,https://img.a.transfermarkt.technology/portrait/header/1116366-1682801509.jpg?lm=1,,,,https://www.transfermarkt.co.uk/paulo-vitor/profil/spieler/1116366,BRA1,Clube Atlético Mineiro,,,330,clube-atletico-mineiro,Clube Atlético Mineiro,BRA1,,33,25.7,9,27.3,6,Arena MRV,44892,€-1.24m,,2025,../data/raw/transfermarkt-scraper/2025/clubs.json.gz,https://www.transfermarkt.co.uk/clube-atletico-mineiro/startseite/verein/330,paulo vitor,True,paulo vitor,Paulo Vitor,CM,Atlético Mineiro,529.0,0.0,0.0,0.0,0.1,20.0,7.0,2.0,1.0,11.0,0.0,22.0,9.0,4.0,0.0,paulo vitor,True
1116367,,Zé Neto,Zé Neto,2024,2029,ze-neto,Brazil,João Pessoa,Brazil,2005-10-30 00:00:00,Right Winger,Attack,both,,2026-07-20 00:00:00,,https://img.a.transfermarkt.technology/portrait/header/default.jpg?lm=1,,,,https://www.transfermarkt.co.uk/ze-neto/profil/spieler/1116367,BRA1,Ceará Sporting Club,,,2029,ceara-sporting-club,Ceará Sporting Club,BRA1,,29,28.0,2,6.9,0,Estádio Governador Plácido Castelo,63904,+€2.30m,Anderson Batatais,2024,../data/raw/transfermarkt-scraper/2024/clubs.json.gz,https://www.transfermarkt.co.uk/ceara-sporting-club/startseite/verein/2029,ze neto,False,,,,,,,,,,,,,,,,,,,,,
1116543,,Marlinho,Marlinho,2024,6600,marlinho,,,Brazil,2005-06-19 00:00:00,Right Winger,Attack,left,177.0,,,https://img.a.transfermarkt.technology/portrait/header/default.jpg?lm=1,,,,https://www.transfermarkt.co.uk/marlinho/profil/spieler/1116543,BRA1,Sport Club Internacional,,,6600,sc-internacional-porto-alegre,Sport Club Internacional,BRA1,,32,26.7,9,28.1,3,Estádio Beira-Rio,50848,+€41.39m,,2025,../data/raw/transfermarkt-scraper/2025/clubs.json.gz,https://www.transfermarkt.co.uk/sc-internacional-porto-alegre/startseite/verein/6600,marlinho,False,,,,,,,,,,,,,,,,,,,,,
1116605,,Larson,Larson,2025,1023,larson,Brazil,Pelotas,Brazil,2005-07-10 00:00:00,Central Midfield,Midfield,right,183.0,2030-12-31 00:00:00,LL SPORTS,https://img.a.transfermarkt.technology/portrait/header/1116605-1768961167.jpg?lm=1,0.0,0.0,,https://www.transfermarkt.co.uk/larson/profil/spieler/1116605,BRA1,Sociedade Esportiva Palmeiras,400000.0,400000.0,1023,se-palmeiras-sao-paulo,Sociedade Esportiva Palmeiras,BRA1,,31,25.9,9,29.0,10,Nubank Parque,43713,+€31.54m,,2025,../data/raw/transfermarkt-scraper/2025/clubs.json.gz,https://www.transfermarkt.co.uk/se-palmeiras-sao-paulo/startseite/verein/1023,larson,False,,,,,,,,,,,,,,,,,,,,,
1116612,,Diego Esser,Diego Esser,2025,6600,diego-esser,Brazil,Rio do Campo,Brazil,2005-04-13 00:00:00,Goalkeeper,Goalkeeper,left,194.0,2026-12-31 00:00:00,Roc Nation Sports,https://img.a.transfermarkt.technology/portrait/header/1116612-1680880210.jpg?lm=1,,,,https://www.transfermarkt.co.uk/diego-esser/profil/spieler/1116612,BRA1,Sport Club Internacional,,,6600,sc-internacional-porto-alegre,Sport Club Internacional,BRA1,,32,26.7,9,28.1,3,Estádio Beira-Rio,50848,+€41.39m,,2025,../data/raw/transfermarkt-scraper/2025/clubs.json.gz,https://www.transfermarkt.co.uk/sc-internacional-porto-alegre/startseite/verein/6600,diego esser,False,,,,,,,,,,,,,,,,,,,,,
1116614,,Gustavo,Gustavo,2024,6600,gustavo,Brazil,Joinville,Brazil,2006-08-28 00:00:00,Central Midfield,Midfield,right,176.0,2027-01-31 00:00:00,Talents Sports,https://img.a.transfermarkt.technology/portrait/header/1116614-1769161558.jpg?lm=1,,,,https://www.transfermarkt.co.uk/gustavo/profil/spieler/1116614,BRA1,Sport Club Internacional,,,6600,sc-internacional-porto-alegre,Sport Club Internacional,BRA1,,32,26.7,9,28.1,3,Estádio Beira-Rio,50848,+€41.39m,,2025,../data/raw/transfermarkt-scraper/2025/clubs.json.gz,https://www.transfermarkt.co.uk/sc-internacional-porto-alegre/startseite/verein/6600,gustavo,True,,,,,,,,,,,,,,,,,,,,,
1116620,,Rhyan,Rhyan,2024,537,rhyan,,,Brazil,2006-01-03 00:00:00,Goalkeeper,Goalkeeper,right,188.0,,,https://img.a.transfermarkt.technology/portrait/header/default.jpg?lm=1,,,,https://www.transfermarkt.co.uk/rhyan/profil/spieler/1116620,BRA1,S. A. F. Botafogo,,,537,botafogo-rio-de-janeiro,S. A. F. Botafogo,BRA1,,34,26.2,13,38.2,5,Estádio Olímpico Nilton Santos,46931,+€40.04m,,2025,../data/raw/transfermarkt-scraper/2025/clubs.json.gz,https://www.transfermarkt.co.uk/botafogo-rio-de-janeiro/startseite/verein/537,rhyan,False,,,,,,,,,,,,,,,,,,,,,
1116636,,João Loiola,João Loiola,2025,2462,joao-loiola,Brazil,Serra,Brazil,2005-04-14 00:00:00,Centre-Back,Defender,right,,2028-12-31 00:00:00,TINMO,https://img.a.transfermarkt.technology/portrait/header/default.jpg?lm=1,,,,https://www.transfermarkt.co.uk/joao-loiola/profil/spieler/1116636,BRA1,Fluminense Football Club,,,2462,fluminense-rio-de-janeiro,Fluminense Football Club,BRA1,,33,29.7,11,33.3,4,Estádio Jornalista Mário Filho,82238,€-6.76m,,2025,../data/raw/transfermarkt-scraper/2025/clubs.json.gz,https://www.transfermarkt.co.uk/fluminense-rio-de-janeiro/startseite/verein/2462,joao loiola,False,,,,,,,,,,,,,,,,,,,,,
1116637,,Fabinho,Fabinho,2024,2462,fabinho,,,Brazil,2006-01-24 00:00:00,Defensive Midfield,Midfield,,,2027-08-31 00:00:00,,https://img.a.transfermarkt.technology/portrait/header/default.jpg?lm=1,,,,https://www.transfermarkt.co.uk/fabinho/profil/spieler/1116637,BRA1,Fluminense Football Club,,,2462,fluminense-rio-de-janeiro,Fluminense Football Club,BRA1,,33,29.7,11,33.3,4,Estádio Jornalista Mário Filho,82238,€-6.76m,,2025,../data/raw/transfermarkt-scraper/2025/clubs.json.gz,https://www.transfermarkt.co.uk/fluminense-rio-de-janeiro/startseite/verein/2462,fabinho,True,,,,,,,,,,,,,,,,,,,,,
1116834,,Samuel,Samuel,2025,330,samuel,Brazil,Fortaleza,Brazil,2006-02-09 00:00:00,Centre-Back,Defender,left,187.0,,,https://img.a.transfermarkt.technology/portrait/header/1116834-1711176032.jpeg?lm=1,,,,https://www.transfermarkt.co.uk/samuel/profil/spieler/1116834,BRA1,Clube Atlético Mineiro,,,330,clube-atletico-mineiro,Clube Atlético Mineiro,BRA1,,33,25.7,9,27.3,6,Arena MRV,44892,€-1.24m,,2025,../data/raw/transfermarkt-scraper/2025/clubs.json.gz,https://www.transfermarkt.co.uk/clube-atletico-mineiro/startseite/verein/330,samuel,False,,,,,,,,,,,,,,,,,,,,,
1117807,,João Alencar,João Alencar,2025,221,joao-alencar,Brazil,Belo Horizonte,Brazil,2007-06-25 00:00:00,Centre-Back,Defender,right,187.0,2030-06-30 00:00:00,Energy Sports,https://img.a.transfermarkt.technology/portrait/header/default.jpg?lm=1,,,,https://www.transfermarkt.co.uk/joao-alencar/profil/spieler/1117807,BRA1,Santos Futebol Clube,,,221,fc-santos,Santos Futebol Clube,BRA1,,37,26.7,9,24.3,4,Estádio Urbano Caldeira,16068,+€7.21m,,2025,../data/raw/transfermarkt-scraper/2025/clubs.json.gz,https://www.transfermarkt.co.uk/fc-santos/startseite/verein/221,joao alencar,False,,,,,,,,,,,,,,,,,,,,,
1119008,Julio,Fidelis,Julio Fidelis,2025,2462,julio-fidelis,Brazil,Macaé,Brazil,2006-11-06 00:00:00,Right-Back,Defender,right,179.0,2031-04-30 00:00:00,LINK SPORTS,https://img.a.transfermarkt.technology/portrait/header/default.jpg?lm=1,,,,https://www.transfermarkt.co.uk/julio-fidelis/profil/spieler/1119008,BRA1,Fluminense Football Club,300000.0,300000.0,2462,fluminense-rio-de-janeiro,Fluminense Football Club,BRA1,,33,29.7,11,33.3,4,Estádio Jornalista Mário Filho,82238,€-6.76m,,2025,../data/raw/transfermarkt-scraper/2025/clubs.json.gz,https://www.transfermarkt.co.uk/fluminense-rio-de-janeiro/startseite/verein/2462,julio fidelis,False,,,,,,,,,,,,,,,,,,,,,
1124214,,Kauê Leonardo,Kauê Leonardo,2024,537,kaue-leonardo,Brazil,Niterói,Brazil,2005-04-11 00:00:00,Right-Back,Defender,right,170.0,2026-11-30 00:00:00,Talents Sports,https://img.a.transfermarkt.technology/portrait/header/default.jpg?lm=1,,,,https://www.transfermarkt.co.uk/kaue-leonardo/profil/spieler/1124214,BRA1,S. A. F. Botafogo,,,537,botafogo-rio-de-janeiro,S. A. F. Botafogo,BRA1,,34,26.2,13,38.2,5,Estádio Olímpico Nilton Santos,46931,+€40.04m,,2025,../data/raw/transfermarkt-scraper/2025/clubs.json.gz,https://www.transfermarkt.co.uk/botafogo-rio-de-janeiro/startseite/verein/537,kaue leonardo,False,,,,,,,,,,,,,,,,,,,,,
1124296,Matheus,Reis,Matheus Reis,2025,2462,matheus-reis,Mexico,Mexico City,Mexico,2007-04-02 00:00:00,Left Winger,Attack,right,180.0,2030-12-31 00:00:00,Energy Sports,https://img.a.transfermarkt.technology/portrait/header/1124296-1682390083.jpg?lm=1,0.0,0.0,,https://www.transfermarkt.co.uk/matheus-reis/profil/spieler/1124296,BRA1,Fluminense Football Club,,,2462,fluminense-rio-de-janeiro,Fluminense Football Club,BRA1,,33,29.7,11,33.3,4,Estádio Jornalista Mário Filho,82238,€-6.76m,,2025,../data/raw/transfermarkt-scraper/2025/clubs.json.gz,https://www.transfermarkt.co.uk/fluminense-rio-de-janeiro/startseite/verein/2462,matheus reis,False,,,,,,,,,,,,,,,,,,,,,
1124298,,Riquelme Fillipi,Riquelme Fillipi,2025,1023,riquelme-fillipi,Brazil,Santo André,Brazil,2006-09-15 00:00:00,Left Winger,Attack,right,176.0,2029-12-31 00:00:00,,https://img.a.transfermarkt.technology/portrait/header/1124298-1680450000.jpg?lm=1,0.0,0.0,,https://www.transfermarkt.co.uk/riquelme-fillipi/profil/spieler/1124298,BRA1,Sociedade Esportiva Palmeiras,1000000.0,1000000.0,1023,se-palmeiras-sao-paulo,Sociedade Esportiva Palmeiras,BRA1,,31,25.9,9,29.0,10,Nubank Parque,43713,+€31.54m,,2025,../data/raw/transfermarkt-scraper/2025/clubs.json.gz,https://www.transfermarkt.co.uk/se-palmeiras-sao-paulo/startseite/verein/1023,riquelme fillipi,False,,,,,,,,,,,,,,,,,,,,,
1124552,,Kauan Guilherme,Kauan Guilherme,2024,330,kauan-guilherme,Brazil,Montes Claros,Brazil,2005-01-05 00:00:00,Defensive Midfield,Midfield,left,,2026-11-30 00:00:00,MadeinFootball,https://img.a.transfermarkt.technology/portrait/header/default.jpg?lm=1,,,,https://www.transfermarkt.co.uk/kauan-guilherme/profil/spieler/1124552,BRA1,Clube Atlético Mineiro,,,330,clube-atletico-mineiro,Clube Atlético Mineiro,BRA1,,33,25.7,9,27.3,6,Arena MRV,44892,€-1.24m,,2025,../data/raw/transfermarkt-scraper/2025/clubs.json.gz,https://www.transfermarkt.co.uk/clube-atletico-mineiro/startseite/verein/330,kauan guilherme,False,,,,,,,,,,,,,,,,,,,,,
1124553,,Robert,Robert,2025,330,robert,Brazil,São Bernardo do Campo,Brazil,2005-02-03 00:00:00,Goalkeeper,Goalkeeper,right,191.0,2029-12-31 00:00:00,Casa Soccer M9,https://img.a.transfermarkt.technology/portrait/header/1124553-1745582504.jpg?lm=1,4.0,0.0,,https://www.transfermarkt.co.uk/robert/profil/spieler/1124553,BRA1,Clube Atlético Mineiro,,,330,clube-atletico-mineiro,Clube Atlético Mineiro,BRA1,,33,25.7,9,27.3,6,Arena MRV,44892,€-1.24m,,2025,../data/raw/transfermarkt-scraper/2025/clubs.json.gz,https://www.transfermarkt.co.uk/clube-atletico-mineiro/startseite/verein/330,robert,True,robert,Robert,CB,Cruzeiro,396.0,0.0,1.0,0.2,0.30000000000000004,7.0,17.0,23.0,9.0,9.0,0.0,3.0,4.0,1.0,0.0,robert,True
1124886,Gustavo,Cintra,Gustavo Cintra,2024,2462,gustavo-cintra,Brazil,São José do Rio Preto,Brazil,2005-10-16 00:00:00,Centre-Back,Defender,both,188.0,,Vergette Sports,https://img.a.transfermarkt.technology/portrait/header/default.jpg?lm=1,,,,https://www.transfermarkt.co.uk/gustavo-cintra/profil/spieler/1124886,BRA1,Fluminense Football Club,,,2462,fluminense-rio-de-janeiro,Fluminense Football Club,BRA1,,33,29.7,11,33.3,4,Estádio Jornalista Mário Filho,82238,€-6.76m,,2025,../data/raw/transfermarkt-scraper/2025/clubs.json.gz,https://www.transfermarkt.co.uk/fluminense-rio-de-janeiro/startseite/verein/2462,gustavo cintra,False,,,,,,,,,,,,,,,,,,,,,
1124887,,Marlon,Marlon,2024,2462,marlon,,,Brazil,2005-03-17 00:00:00,Right Winger,Attack,left,,,,https://img.a.transfermarkt.technology/portrait/header/default.jpg?lm=1,,,,https://www.transfermarkt.co.uk/marlon/profil/spieler/1124887,BRA1,Fluminense Football Club,,,2462,fluminense-rio-de-janeiro,Fluminense Football Club,BRA1,,33,29.7,11,33.3,4,Estádio Jornalista Mário Filho,82238,€-6.76m,,2025,../data/raw/transfermarkt-scraper/2025/clubs.json.gz,https://www.transfermarkt.co.uk/fluminense-rio-de-janeiro/startseite/verein/2462,marlon,True,,,,,,,,,,,,,,,,,,,,,
1127043,,Gabriel Justino,Gabriel Justino,2024,537,gabriel-justino,Brazil,Rio de Janeiro,Brazil,2006-04-16 00:00:00,Centre-Back,Defender,right,184.0,2028-11-30 00:00:00,,https://img.a.transfermarkt.technology/portrait/header/default.jpg?lm=1,,,,https://www.transfermarkt.co.uk/gabriel-justino/profil/spieler/1127043,BRA1,S. A. F. Botafogo,,,537,botafogo-rio-de-janeiro,S. A. F. Botafogo,BRA1,,34,26.2,13,38.2,5,Estádio Olímpico Nilton Santos,46931,+€40.04m,,2025,../data/raw/transfermarkt-scraper/2025/clubs.json.gz,https://www.transfermarkt.co.uk/botafogo-rio-de-janeiro/startseite/verein/537,gabriel justino,False,,,,,,,,,,,,,,,,,,,,,
1127846,,Julio César,Julio César,2024,330,julio-cesar,Brazil,Pernambuco,Brazil,2004-04-23 00:00:00,Left-Back,Defender,left,184.0,2028-05-31 00:00:00,,https://img.a.transfermarkt.technology/portrait/header/default.jpg?lm=1,,,,https://www.transfermarkt.co.uk/julio-cesar/profil/spieler/1127846,BRA1,Clube Atlético Mineiro,,,330,clube-atletico-mineiro,Clube Atlético Mineiro,BRA1,,33,25.7,9,27.3,6,Arena MRV,44892,€-1.24m,,2025,../data/raw/transfermarkt-scraper/2025/clubs.json.gz,https://www.transfermarkt.co.uk/clube-atletico-mineiro/startseite/verein/330,julio cesar,False,,,,,,,,,,,,,,,,,,,,,
1128780,,Gabriel Bahia,Gabriel Bahia,2024,537,gabriel-bahia,Brazil,Juazeiro,Brazil,1998-11-24 00:00:00,Centre-Back,Defender,right,188.0,2026-12-31 00:00:00,FOR PLAYER,https://img.a.transfermarkt.technology/portrait/header/1128780-1768992147.jpg?lm=1,,,,https://www.transfermarkt.co.uk/gabriel-bahia/profil/spieler/1128780,BRA1,S. A. F. Botafogo,,,537,botafogo-rio-de-janeiro,S. A. F. Botafogo,BRA1,,34,26.2,13,38.2,5,Estádio Olímpico Nilton Santos,46931,+€40.04m,,2025,../data/raw/transfermarkt-scraper/2025/clubs.json.gz,https://www.transfermarkt.co.uk/botafogo-rio-de-janeiro/startseite/verein/537,gabriel bahia,False,,,,,,,,,,,,,,,,,,,,,
1130054,,Patrick,Patrick,2024,8718,patrick,Brazil,Belo Horizonte,Brazil,2005-02-27 00:00:00,Centre-Back,Defender,both,187.0,2027-01-31 00:00:00,,https://img.a.transfermarkt.technology/portrait/header/default.jpg?lm=1,,,,https://www.transfermarkt.co.uk/patrick/profil/spieler/1130054,BRA1,Sport Club do Recife,,,8718,sport-club-do-recife,Sport Club do Recife,BRA1,,29,27.1,1,3.4,0,Estádio Adelmar da Costa Carvalho,35000,+€2.95m,Mariano Soso,2024,../data/raw/transfermarkt-scraper/2024/clubs.json.gz,https://www.transfermarkt.co.uk/sport-club-do-recife/startseite/verein/8718,patrick,False,,,,,,,,,,,,,,,,,,,,,
1130056,,Luiz Henrique,Luiz Henrique,2024,8718,luiz-henrique,Brazil,Olinda,Brazil,2005-02-08 00:00:00,Central Midfield,Midfield,right,175.0,,Proplay Partners,https://img.a.transfermarkt.technology/portrait/header/default.jpg?lm=1,,,,https://www.transfermarkt.co.uk/luiz-henrique/profil/spieler/1130056,BRA1,Sport Club do Recife,,,8718,sport-club-do-recife,Sport Club do Recife,BRA1,,29,27.1,1,3.4,0,Estádio Adelmar da Costa Carvalho,35000,+€2.95m,Mariano Soso,2024,../data/raw/transfermarkt-scraper/2024/clubs.json.gz,https://www.transfermarkt.co.uk/sport-club-do-recife/startseite/verein/8718,luiz henrique,True,,,,,,,,,,,,,,,,,,,,,
1130185,,Yuri Leles,Yuri Leles,2024,8793,yuri-leles,Brazil,Poços de Caldas,Brazil,2007-04-17 00:00:00,Centre-Forward,Attack,right,,2029-12-31 00:00:00,Un1que Football,https://img.a.transfermarkt.technology/portrait/header/default.jpg?lm=1,0.0,0.0,,https://www.transfermarkt.co.uk/yuri-leles/profil/spieler/1130185,BRA1,Red Bull Bragantino,,,8793,red-bull-bragantino,Red Bull Bragantino,BRA1,,39,25.6,9,23.1,3,Estádio Municipal Cicero De Souza Marques,12000,+€10.50m,,2025,../data/raw/transfermarkt-scraper/2025/clubs.json.gz,https://www.transfermarkt.co.uk/red-bull-bragantino/startseite/verein/8793,yuri leles,False,,,,,,,,,,,,,,,,,,,,,
1139255,,Enzo,Enzo,2024,210,enzo,Brazil,Santos,Brazil,2002-07-18 00:00:00,Left-Back,Defender,left,180.0,,,https://img.a.transfermarkt.technology/portrait/header/default.jpg?lm=1,,,,https://www.transfermarkt.co.uk/enzo/profil/spieler/1139255,BRA1,Grêmio Foot-Ball Porto Alegrense,,,210,gremio-porto-alegre,Grêmio Foot-Ball Porto Alegrense,BRA1,,34,26.5,11,32.4,3,Arena do Grêmio,60540,€-6.38m,,2025,../data/raw/transfermarkt-scraper/2025/clubs.json.gz,https://www.transfermarkt.co.uk/gremio-porto-alegre/startseite/verein/210,enzo,False,,,,,,,,,,,,,,,,,,,,,
1141364,,Jemmes,Jemmes,2025,2462,jemmes,Brazil,Rosário Oeste,Brazil,2000-04-09 00:00:00,Centre-Back,Defender,right,187.0,2030-12-31 00:00:00,SPORT AGENCY LTDA,https://img.a.transfermarkt.technology/portrait/header/1141364-1722294114.png?lm=1,,,,https://www.transfermarkt.co.uk/jemmes/profil/spieler/1141364,BRA1,Fluminense Football Club,3000000.0,3000000.0,2462,fluminense-rio-de-janeiro,Fluminense Football Club,BRA1,,33,29.7,11,33.3,4,Estádio Jornalista Mário Filho,82238,€-6.76m,,2025,../data/raw/transfermarkt-scraper/2025/clubs.json.gz,https://www.transfermarkt.co.uk/fluminense-rio-de-janeiro/startseite/verein/2462,jemmes,False,,,,,,,,,,,,,,,,,,,,,
1152154,Tomás,Pérez,Tomás Pérez,2025,330,tomas-perez,Argentina,Rosario,Argentina,2005-08-26 00:00:00,Defensive Midfield,Midfield,right,182.0,2026-12-31 00:00:00,THE·TEAM,https://img.a.transfermarkt.technology/portrait/header/1152154-1736258801.jpg?lm=1,8.0,1.0,,https://www.transfermarkt.co.uk/tomas-perez/profil/spieler/1152154,BRA1,Clube Atlético Mineiro,3000000.0,3000000.0,330,clube-atletico-mineiro,Clube Atlético Mineiro,BRA1,,33,25.7,9,27.3,6,Arena MRV,44892,€-1.24m,,2025,../data/raw/transfermarkt-scraper/2025/clubs.json.gz,https://www.transfermarkt.co.uk/clube-atletico-mineiro/startseite/verein/330,tomas perez,False,,,,,,,,,,,,,,,,,,,,,
1152256,,Leonan Santos,Leonan Santos,2024,3876,leonan-santos,,,Brazil,2000-08-05 00:00:00,Centre-Back,Defender,left,189.0,2026-11-30 00:00:00,,https://img.a.transfermarkt.technology/portrait/header/default.jpg?lm=1,,,,https://www.transfermarkt.co.uk/leonan-santos/profil/spieler/1152256,BRA1,Mirasol Futebol Clube,,,3876,mirassol-futebol-clube-sp-,Mirasol Futebol Clube,BRA1,,32,30.1,1,3.1,0,Estádio Municipal José María de Campos Maia,14534,+€1.67m,,2025,../data/raw/transfermarkt-scraper/2025/clubs.json.gz,https://www.transfermarkt.co.uk/mirassol-futebol-clube-sp-/startseite/verein/3876,leonan santos,False,,,,,,,,,,,,,,,,,,,,,
1156563,,Igor Serrote,Igor Serrote,2024,210,igor-serrote,Brazil,Balneário Camboriú,Brazil,2005-03-01 00:00:00,Right-Back,Defender,right,180.0,,AGN Football,https://img.a.transfermarkt.technology/portrait/header/1156563-1739799273.jpg?lm=1,10.0,0.0,,https://www.transfermarkt.co.uk/igor-serrote/profil/spieler/1156563,BRA1,Grêmio Foot-Ball Porto Alegrense,,,210,gremio-porto-alegre,Grêmio Foot-Ball Porto Alegrense,BRA1,,34,26.5,11,32.4,3,Arena do Grêmio,60540,€-6.38m,,2025,../data/raw/transfermarkt-scraper/2025/clubs.json.gz,https://www.transfermarkt.co.uk/gremio-porto-alegre/startseite/verein/210,igor serrote,False,,,,,,,,,,,,,,,,,,,,,
1158001,,Luighi,Luighi,2025,1023,luighi,Brazil,São Paulo,Brazil,2006-04-30 00:00:00,Centre-Forward,Attack,right,182.0,2029-12-31 00:00:00,CAA Base Ltd,https://img.a.transfermarkt.technology/portrait/header/1158001-1697290914.jpg?lm=1,3.0,1.0,,https://www.transfermarkt.co.uk/luighi/profil/spieler/1158001,BRA1,Sociedade Esportiva Palmeiras,4000000.0,5000000.0,1023,se-palmeiras-sao-paulo,Sociedade Esportiva Palmeiras,BRA1,,31,25.9,9,29.0,10,Nubank Parque,43713,+€31.54m,,2025,../data/raw/transfermarkt-scraper/2025/clubs.json.gz,https://www.transfermarkt.co.uk/se-palmeiras-sao-paulo/startseite/verein/1023,luighi,True,luighi,Luighi,FW,Palmeiras,21.0,1.0,0.0,1.2,0.0,0.0,1.0,0.0,0.0,0.0,0.0,0.0,1.0,0.0,0.0,luighi,True
1159259,,Euder,Euder,2024,978,euder,Brazil,Recife,Brazil,2005-03-18 00:00:00,Defensive Midfield,Midfield,left,,,RF SPORTS,https://img.a.transfermarkt.technology/portrait/header/default.jpg?lm=1,,,,https://www.transfermarkt.co.uk/euder/profil/spieler/1159259,BRA1,Club de Regatas Vasco da Gama,,,978,vasco-da-gama-rio-de-janeiro,Club de Regatas Vasco da Gama,BRA1,,32,26.1,10,31.3,5,Estádio São Januário,24584,+€23.85m,,2025,../data/raw/transfermarkt-scraper/2025/clubs.json.gz,https://www.transfermarkt.co.uk/vasco-da-gama-rio-de-janeiro/startseite/verein/978,euder,False,,,,,,,,,,,,,,,,,,,,,
1174214,Sergio,Palacios,Sergio Palacios,2024,8793,sergio-palacios,Colombia,Santiago de Cali,Colombia,2005-02-14 00:00:00,Centre-Back,Defender,right,195.0,2026-07-27 00:00:00,,https://img.a.transfermarkt.technology/portrait/header/1174214-1722214467.JPG?lm=1,2.0,0.0,,https://www.transfermarkt.co.uk/sergio-palacios/profil/spieler/1174214,BRA1,Red Bull Bragantino,,,8793,red-bull-bragantino,Red Bull Bragantino,BRA1,,39,25.6,9,23.1,3,Estádio Municipal Cicero De Souza Marques,12000,+€10.50m,,2025,../data/raw/transfermarkt-scraper/2025/clubs.json.gz,https://www.transfermarkt.co.uk/red-bull-bragantino/startseite/verein/8793,sergio palacios,True,sergio palacios,Sergio Palacios,"RB,CB",Red Bull Bragantino,30.0,0.0,0.0,0.0,0.0,0.0,0.0,0.0,0.0,0.0,0.0,0.0,0.0,1.0,0.0,sergio palacios,True
1180021,,Erick Belé,Erick Belé,2025,1023,erick-bele,Brazil,Flores da Cunha,Brazil,2007-01-21 00:00:00,Attacking Midfield,Midfield,left,184.0,2028-12-31 00:00:00,Unione,https://img.a.transfermarkt.technology/portrait/header/1180021-1697290801.jpg?lm=1,5.0,2.0,,https://www.transfermarkt.co.uk/erick-bele/profil/spieler/1180021,BRA1,Sociedade Esportiva Palmeiras,1000000.0,1000000.0,1023,se-palmeiras-sao-paulo,Sociedade Esportiva Palmeiras,BRA1,,31,25.9,9,29.0,10,Nubank Parque,43713,+€31.54m,,2025,../data/raw/transfermarkt-scraper/2025/clubs.json.gz,https://www.transfermarkt.co.uk/se-palmeiras-sao-paulo/startseite/verein/1023,erick bele,False,,,,,,,,,,,,,,,,,,,,,
1182665,Néiser,Villarreal,Néiser Villarreal,2025,609,neiser-villarreal,Colombia,Tumaco,Colombia,2005-04-24 00:00:00,Centre-Forward,Attack,right,186.0,2030-12-31 00:00:00,,https://img.a.transfermarkt.technology/portrait/header/1182665-1737992293.jpeg?lm=1,22.0,15.0,,https://www.transfermarkt.co.uk/neiser-villarreal/profil/spieler/1182665,BRA1,Cruzeiro Esporte Clube,4000000.0,4000000.0,609,ec-cruzeiro-belo-horizonte,Cruzeiro Esporte Clube,BRA1,,30,26.8,7,23.3,3,Estádio Governador Magalhães Pinto,61927,€-36.26m,,2025,../data/raw/transfermarkt-scraper/2025/clubs.json.gz,https://www.transfermarkt.co.uk/ec-cruzeiro-belo-horizonte/startseite/verein/609,neiser villarreal,False,,,,,,,,,,,,,,,,,,,,,
1193865,,Pedro Cobra,Pedro Cobra,2025,330,pedro-cobra,Brazil,Goiânia,Brazil,2006-05-15 00:00:00,Goalkeeper,Goalkeeper,right,193.0,2030-12-31 00:00:00,Bertolucci Sports,https://img.a.transfermarkt.technology/portrait/header/1193865-1758810525.jpg?lm=1,0.0,0.0,,https://www.transfermarkt.co.uk/pedro-cobra/profil/spieler/1193865,BRA1,Clube Atlético Mineiro,600000.0,600000.0,330,clube-atletico-mineiro,Clube Atlético Mineiro,BRA1,,33,25.7,9,27.3,6,Arena MRV,44892,€-1.24m,,2025,../data/raw/transfermarkt-scraper/2025/clubs.json.gz,https://www.transfermarkt.co.uk/clube-atletico-mineiro/startseite/verein/330,pedro cobra,False,,,,,,,,,,,,,,,,,,,,,
1193868,,João Souza,João Souza,2025,614,joao-souza,Brazil,São Paulo,Brazil,2007-01-01 00:00:00,Centre-Back,Defender,right,187.0,2029-12-31 00:00:00,Talents Sports,https://img.a.transfermarkt.technology/portrait/header/1193868-1751370812.jpg?lm=1,0.0,0.0,,https://www.transfermarkt.co.uk/joao-souza/profil/spieler/1193868,BRA1,Clube de Regatas do Flamengo,800000.0,800000.0,614,flamengo-rio-de-janeiro,Clube de Regatas do Flamengo,BRA1,,28,28.8,9,32.1,10,Estádio Jornalista Mário Filho,82238,€-13.92m,,2025,../data/raw/transfermarkt-scraper/2025/clubs.json.gz,https://www.transfermarkt.co.uk/flamengo-rio-de-janeiro/startseite/verein/614,joao souza,False,,,,,,,,,,,,,,,,,,,,,
1202380,,João Pedro,João Pedro,2025,585,joao-pedro,Brazil,São Paulo,Brazil,2006-04-10 00:00:00,Goalkeeper,Goalkeeper,right,191.0,2028-06-30 00:00:00,Dodici Sports BR,https://img.a.transfermarkt.technology/portrait/header/1202380-1754008303.png?lm=1,,,,https://www.transfermarkt.co.uk/joao-pedro/profil/spieler/1202380,BRA1,São Paulo Futebol Clube,,,585,fc-sao-paulo,São Paulo Futebol Clube,BRA1,,42,26.4,9,21.4,3,MorumBIS,72039,+€24.69m,,2025,../data/raw/transfermarkt-scraper/2025/clubs.json.gz,https://www.transfermarkt.co.uk/fc-sao-paulo/startseite/verein/585,joao pedro,True,,,,,,,,,,,,,,,,,,,,,
1202381,,Felipe Preis,Felipe Preis,2025,585,felipe-preis,Brazil,Itapiranga,Brazil,2005-11-19 00:00:00,Goalkeeper,Goalkeeper,right,187.0,2026-12-31 00:00:00,,https://img.a.transfermarkt.technology/portrait/header/1202381-1759491298.jpeg?lm=1,,,,https://www.transfermarkt.co.uk/felipe-preis/profil/spieler/1202381,BRA1,São Paulo Futebol Clube,,,585,fc-sao-paulo,São Paulo Futebol Clube,BRA1,,42,26.4,9,21.4,3,MorumBIS,72039,+€24.69m,,2025,../data/raw/transfermarkt-scraper/2025/clubs.json.gz,https://www.transfermarkt.co.uk/fc-sao-paulo/startseite/verein/585,felipe preis,False,,,,,,,,,,,,,,,,,,,,,
1202387,,Ryan Francisco,Ryan Francisco,2025,585,ryan-francisco,Brazil,São Paulo,Brazil,2006-11-21 00:00:00,Centre-Forward,Attack,left,175.0,2029-12-31 00:00:00,Roc Nation Sports,https://img.a.transfermarkt.technology/portrait/header/1202387-1741354023.jpg?lm=1,1.0,0.0,,https://www.transfermarkt.co.uk/ryan-francisco/profil/spieler/1202387,BRA1,São Paulo Futebol Clube,4500000.0,6000000.0,585,fc-sao-paulo,São Paulo Futebol Clube,BRA1,,42,26.4,9,21.4,3,MorumBIS,72039,+€24.69m,,2025,../data/raw/transfermarkt-scraper/2025/clubs.json.gz,https://www.transfermarkt.co.uk/fc-sao-paulo/startseite/verein/585,ryan francisco,True,ryan francisco,Ryan Francisco,FW,São Paulo,1.0,0.0,0.0,0.0,0.0,0.0,0.0,0.0,0.0,0.0,0.0,0.0,0.0,0.0,0.0,ryan francisco,True
1206621,,Jorge Meurer,Jorge Meurer,2024,210,jorge-meurer,Brazil,Santa Cruz do Sul,Brazil,2001-04-03 00:00:00,Goalkeeper,Goalkeeper,right,195.0,2027-12-31 00:00:00,Clamber Global,https://img.a.transfermarkt.technology/portrait/header/1206621-1768992938.jpg?lm=1,,,,https://www.transfermarkt.co.uk/jorge-meurer/profil/spieler/1206621,BRA1,Grêmio Foot-Ball Porto Alegrense,,,210,gremio-porto-alegre,Grêmio Foot-Ball Porto Alegrense,BRA1,,34,26.5,11,32.4,3,Arena do Grêmio,60540,€-6.38m,,2025,../data/raw/transfermarkt-scraper/2025/clubs.json.gz,https://www.transfermarkt.co.uk/gremio-porto-alegre/startseite/verein/210,jorge meurer,False,,,,,,,,,,,,,,,,,,,,,
1215842,,Wendell Sacramento,Wendell Sacramento,2024,2125,wendell-sacramento,Brazil,Salvador,Brazil,2005-08-31 00:00:00,Left Winger,Attack,left,176.0,,UJ Football Talent,https://img.a.transfermarkt.technology/portrait/header/1215842-1708640026.jpg?lm=1,,,,https://www.transfermarkt.co.uk/wendell-sacramento/profil/spieler/1215842,BRA1,Esporte Clube Vitória,,,2125,esporte-clube-vitoria,Esporte Clube Vitória,BRA1,,39,28.3,7,17.9,0,Estádio Manoel Barradas,30793,+€1.36m,,2025,../data/raw/transfermarkt-scraper/2025/clubs.json.gz,https://www.transfermarkt.co.uk/esporte-clube-vitoria/startseite/verein/2125,wendell sacramento,False,,,,,,,,,,,,,,,,,,,,,
1218994,Stanley,Boateng,Stanley Boateng,2024,8793,stanley-boateng,Ghana,Accra,Ghana,2005-03-22 00:00:00,Centre-Back,Defender,right,,2026-12-31 00:00:00,,https://img.a.transfermarkt.technology/portrait/header/1218994-1768993018.jpg?lm=1,,,,https://www.transfermarkt.co.uk/stanley-boateng/profil/spieler/1218994,BRA1,Red Bull Bragantino,,,8793,red-bull-bragantino,Red Bull Bragantino,BRA1,,39,25.6,9,23.1,3,Estádio Municipal Cicero De Souza Marques,12000,+€10.50m,,2025,../data/raw/transfermarkt-scraper/2025/clubs.json.gz,https://www.transfermarkt.co.uk/red-bull-bragantino/startseite/verein/8793,stanley boateng,False,,,,,,,,,,,,,,,,,,,,,
1219008,,Vini Uchella,Vini Uchella,2024,2029,vini-uchella,Brazil,Guarulhos,Brazil,2006-01-22 00:00:00,Centre-Back,Defender,right,,,,https://img.a.transfermarkt.technology/portrait/header/default.jpg?lm=1,,,,https://www.transfermarkt.co.uk/vini-uchella/profil/spieler/1219008,BRA1,Ceará Sporting Club,,,2029,ceara-sporting-club,Ceará Sporting Club,BRA1,,29,28.0,2,6.9,0,Estádio Governador Plácido Castelo,63904,+€2.30m,Anderson Batatais,2024,../data/raw/transfermarkt-scraper/2024/clubs.json.gz,https://www.transfermarkt.co.uk/ceara-sporting-club/startseite/verein/2029,vini uchella,False,,,,,,,,,,,,,,,,,,,,,
1219240,,Cristiano Junior,Cristiano Junior,2024,537,cristiano-junior,Brazil,Rio de Janeiro,Brazil,2005-04-02 00:00:00,Goalkeeper,Goalkeeper,right,193.0,2029-03-02 00:00:00,,https://img.a.transfermarkt.technology/portrait/header/1219240-1739970920.jpg?lm=1,,,,https://www.transfermarkt.co.uk/cristiano-junior/profil/spieler/1219240,BRA1,S. A. F. Botafogo,,,537,botafogo-rio-de-janeiro,S. A. F. Botafogo,BRA1,,34,26.2,13,38.2,5,Estádio Olímpico Nilton Santos,46931,+€40.04m,,2025,../data/raw/transfermarkt-scraper/2025/clubs.json.gz,https://www.transfermarkt.co.uk/botafogo-rio-de-janeiro/startseite/verein/537,cristiano junior,False,,,,,,,,,,,,,,,,,,,,,
1219653,,Nathan Borges,Nathan Borges,2024,210,nathan-borges,,,Brazil,2006-06-07 00:00:00,Centre-Back,Defender,right,,2026-12-31 00:00:00,,https://img.a.transfermarkt.technology/portrait/header/1219653-1769134343.png?lm=1,,,,https://www.transfermarkt.co.uk/nathan-borges/profil/spieler/1219653,BRA1,Grêmio Foot-Ball Porto Alegrense,,,210,gremio-porto-alegre,Grêmio Foot-Ball Porto Alegrense,BRA1,,34,26.5,11,32.4,3,Arena do Grêmio,60540,€-6.38m,,2025,../data/raw/transfermarkt-scraper/2025/clubs.json.gz,https://www.transfermarkt.co.uk/gremio-porto-alegre/startseite/verein/210,nathan borges,False,,,,,,,,,,,,,,,,,,,,,
1219749,,Riquelme,Riquelme,2025,2462,riquelme,Brazil,Araçatuba,Brazil,2007-03-13 00:00:00,Right Winger,Attack,left,175.0,2030-08-31 00:00:00,LINK SPORTS,https://img.a.transfermarkt.technology/portrait/header/1219749-1743026888.jpg?lm=1,,,,https://www.transfermarkt.co.uk/riquelme/profil/spieler/1219749,BRA1,Fluminense Football Club,6000000.0,6000000.0,2462,fluminense-rio-de-janeiro,Fluminense Football Club,BRA1,,33,29.7,11,33.3,4,Estádio Jornalista Mário Filho,82238,€-6.76m,,2025,../data/raw/transfermarkt-scraper/2025/clubs.json.gz,https://www.transfermarkt.co.uk/fluminense-rio-de-janeiro/startseite/verein/2462,riquelme,True,,,,,,,,,,,,,,,,,,,,,
1219750,,Kelwin,Kelwin,2024,2462,kelwin,Brazil,Teixeira de Freitas,Brazil,2006-03-24 00:00:00,Centre-Forward,Attack,right,183.0,,,https://img.a.transfermarkt.technology/portrait/header/default.jpg?lm=1,,,,https://www.transfermarkt.co.uk/kelwin/profil/spieler/1219750,BRA1,Fluminense Football Club,,,2462,fluminense-rio-de-janeiro,Fluminense Football Club,BRA1,,33,29.7,11,33.3,4,Estádio Jornalista Mário Filho,82238,€-6.76m,,2025,../data/raw/transfermarkt-scraper/2025/clubs.json.gz,https://www.transfermarkt.co.uk/fluminense-rio-de-janeiro/startseite/verein/2462,kelwin,False,,,,,,,,,,,,,,,,,,,,,
1219751,,Léo Jance,Léo Jance,2024,2462,leo-jance,Brazil,São José do Rio Preto,Brazil,2005-03-23 00:00:00,Left-Back,Defender,left,175.0,2026-12-31 00:00:00,AS Football,https://img.a.transfermarkt.technology/portrait/header/default.jpg?lm=1,,,,https://www.transfermarkt.co.uk/leo-jance/profil/spieler/1219751,BRA1,Fluminense Football Club,,,2462,fluminense-rio-de-janeiro,Fluminense Football Club,BRA1,,33,29.7,11,33.3,4,Estádio Jornalista Mário Filho,82238,€-6.76m,,2025,../data/raw/transfermarkt-scraper/2025/clubs.json.gz,https://www.transfermarkt.co.uk/fluminense-rio-de-janeiro/startseite/verein/2462,leo jance,False,,,,,,,,,,,,,,,,,,,,,
1219753,,Davi Melo,Davi Melo,2024,2462,davi-melo,Spain,Santander,Brazil,2005-11-20 00:00:00,Defensive Midfield,Midfield,right,,,,https://img.a.transfermarkt.technology/portrait/header/default.jpg?lm=1,,,,https://www.transfermarkt.co.uk/davi-melo/profil/spieler/1219753,BRA1,Fluminense Football Club,,,2462,fluminense-rio-de-janeiro,Fluminense Football Club,BRA1,,33,29.7,11,33.3,4,Estádio Jornalista Mário Filho,82238,€-6.76m,,2025,../data/raw/transfermarkt-scraper/2025/clubs.json.gz,https://www.transfermarkt.co.uk/fluminense-rio-de-janeiro/startseite/verein/2462,davi melo,False,,,,,,,,,,,,,,,,,,,,,
1219848,,Igor Felisberto,Igor Felisberto,2025,585,igor-felisberto,Brazil,Içara,Brazil,2007-03-07 00:00:00,Right-Back,Defender,right,175.0,2029-03-31 00:00:00,Ventitré,https://img.a.transfermarkt.technology/portrait/header/1219848-1759453736.jpeg?lm=1,4.0,0.0,,https://www.transfermarkt.co.uk/igor-felisberto/profil/spieler/1219848,BRA1,São Paulo Futebol Clube,,,585,fc-sao-paulo,São Paulo Futebol Clube,BRA1,,42,26.4,9,21.4,3,MorumBIS,72039,+€24.69m,,2025,../data/raw/transfermarkt-scraper/2025/clubs.json.gz,https://www.transfermarkt.co.uk/fc-sao-paulo/startseite/verein/585,igor felisberto,False,,,,,,,,,,,,,,,,,,,,,
1219852,,Guilherme Reis,Guilherme Reis,2024,585,guilherme-reis,,,Brazil,2006-02-10 00:00:00,Left-Back,Defender,left,174.0,2029-07-31 00:00:00,,https://img.a.transfermarkt.technology/portrait/header/1219852-1759454429.jpeg?lm=1,,,,https://www.transfermarkt.co.uk/guilherme-reis/profil/spieler/1219852,BRA1,São Paulo Futebol Clube,,,585,fc-sao-paulo,São Paulo Futebol Clube,BRA1,,42,26.4,9,21.4,3,MorumBIS,72039,+€24.69m,,2025,../data/raw/transfermarkt-scraper/2025/clubs.json.gz,https://www.transfermarkt.co.uk/fc-sao-paulo/startseite/verein/585,guilherme reis,False,,,,,,,,,,,,,,,,,,,,,
1220008,,Allex,Allex,2025,6600,allex,Brazil,São Paulo,Brazil,2006-05-04 00:00:00,Attacking Midfield,Midfield,left,164.0,2027-12-31 00:00:00,AGN Football,https://img.a.transfermarkt.technology/portrait/header/1220008-1769161714.jpg?lm=1,,,,https://www.transfermarkt.co.uk/allex/profil/spieler/1220008,BRA1,Sport Club Internacional,1000000.0,1000000.0,6600,sc-internacional-porto-alegre,Sport Club Internacional,BRA1,,32,26.7,9,28.1,3,Estádio Beira-Rio,50848,+€41.39m,,2025,../data/raw/transfermarkt-scraper/2025/clubs.json.gz,https://www.transfermarkt.co.uk/sc-internacional-porto-alegre/startseite/verein/6600,allex,False,,,,,,,,,,,,,,,,,,,,,
1220010,,Yago Noal,Yago Noal,2025,6600,yago-noal,Brazil,Porto Alegre,Brazil,2007-02-05 00:00:00,Attacking Midfield,Midfield,right,171.0,2028-12-31 00:00:00,AGN Football,https://img.a.transfermarkt.technology/portrait/header/1220010-1769161336.jpg?lm=1,,,,https://www.transfermarkt.co.uk/yago-noal/profil/spieler/1220010,BRA1,Sport Club Internacional,500000.0,500000.0,6600,sc-internacional-porto-alegre,Sport Club Internacional,BRA1,,32,26.7,9,28.1,3,Estádio Beira-Rio,50848,+€41.39m,,2025,../data/raw/transfermarkt-scraper/2025/clubs.json.gz,https://www.transfermarkt.co.uk/sc-internacional-porto-alegre/startseite/verein/6600,yago noal,False,,,,,,,,,,,,,,,,,,,,,
1220141,,Mateus Xavier,Mateus Xavier,2025,221,mateus-xavier,Brazil,Ibicaraí,Brazil,2007-06-29 00:00:00,Left Winger,Attack,left,,2028-12-31 00:00:00,,https://img.a.transfermarkt.technology/portrait/header/1220141-1744746525.jpg?lm=1,,,,https://www.transfermarkt.co.uk/mateus-xavier/profil/spieler/1220141,BRA1,Santos Futebol Clube,400000.0,400000.0,221,fc-santos,Santos Futebol Clube,BRA1,,37,26.7,9,24.3,4,Estádio Urbano Caldeira,16068,+€7.21m,,2025,../data/raw/transfermarkt-scraper/2025/clubs.json.gz,https://www.transfermarkt.co.uk/fc-santos/startseite/verein/221,mateus xavier,False,,,,,,,,,,,,,,,,,,,,,
1220179,,João Rafael,João Rafael,2024,330,joao-rafael,,,Brazil,2005-04-08 00:00:00,Left Winger,Attack,right,180.0,2026-06-30 00:00:00,Velop4 Sports,https://img.a.transfermarkt.technology/portrait/header/default.jpg?lm=1,,,,https://www.transfermarkt.co.uk/joao-rafael/profil/spieler/1220179,BRA1,Clube Atlético Mineiro,,,330,clube-atletico-mineiro,Clube Atlético Mineiro,BRA1,,33,25.7,9,27.3,6,Arena MRV,44892,€-1.24m,,2025,../data/raw/transfermarkt-scraper/2025/clubs.json.gz,https://www.transfermarkt.co.uk/clube-atletico-mineiro/startseite/verein/330,joao rafael,False,,,,,,,,,,,,,,,,,,,,,
1220180,,Mateus Iseppe,Mateus Iseppe,2025,330,mateus-iseppe,Brazil,Pirassununga,Brazil,2006-05-02 00:00:00,Attacking Midfield,Midfield,right,178.0,2028-12-31 00:00:00,LUCK SPORTS,https://img.a.transfermarkt.technology/portrait/header/1220180-1769005745.jpg?lm=1,,,,https://www.transfermarkt.co.uk/mateus-iseppe/profil/spieler/1220180,BRA1,Clube Atlético Mineiro,400000.0,400000.0,330,clube-atletico-mineiro,Clube Atlético Mineiro,BRA1,,33,25.7,9,27.3,6,Arena MRV,44892,€-1.24m,,2025,../data/raw/transfermarkt-scraper/2025/clubs.json.gz,https://www.transfermarkt.co.uk/clube-atletico-mineiro/startseite/verein/330,mateus iseppe,False,,,,,,,,,,,,,,,,,,,,,
1220181,,Maykon Jesus,Maykon Jesus,2024,2125,maykon-jesus,Brazil,Maceió,Brazil,2005-12-07 00:00:00,Left-Back,Defender,left,181.0,,Dut's Mkt,https://img.a.transfermarkt.technology/portrait/header/1220181-1738782775.jpg?lm=1,,,,https://www.transfermarkt.co.uk/maykon-jesus/profil/spieler/1220181,BRA1,Esporte Clube Vitória,,,2125,esporte-clube-vitoria,Esporte Clube Vitória,BRA1,,39,28.3,7,17.9,0,Estádio Manoel Barradas,30793,+€1.36m,,2025,../data/raw/transfermarkt-scraper/2025/clubs.json.gz,https://www.transfermarkt.co.uk/esporte-clube-vitoria/startseite/verein/2125,maykon jesus,False,,,,,,,,,,,,,,,,,,,,,
1220182,,Lucas Louback,Lucas Louback,2024,330,lucas-louback,,,Brazil,2006-04-13 00:00:00,Centre-Forward,Attack,right,,,,https://img.a.transfermarkt.technology/portrait/header/default.jpg?lm=1,,,,https://www.transfermarkt.co.uk/lucas-louback/profil/spieler/1220182,BRA1,Clube Atlético Mineiro,,,330,clube-atletico-mineiro,Clube Atlético Mineiro,BRA1,,33,25.7,9,27.3,6,Arena MRV,44892,€-1.24m,,2025,../data/raw/transfermarkt-scraper/2025/clubs.json.gz,https://www.transfermarkt.co.uk/clube-atletico-mineiro/startseite/verein/330,lucas louback,False,,,,,,,,,,,,,,,,,,,,,
1220277,,Lucyan,Lucyan,2024,614,lucyan,,,Brazil,2006-06-15 00:00:00,Right-Back,Defender,right,178.0,2028-06-30 00:00:00,,https://img.a.transfermarkt.technology/portrait/header/1220277-1768820867.jpeg?lm=1,,,,https://www.transfermarkt.co.uk/lucyan/profil/spieler/1220277,BRA1,Clube de Regatas do Flamengo,,,614,flamengo-rio-de-janeiro,Clube de Regatas do Flamengo,BRA1,,28,28.8,9,32.1,10,Estádio Jornalista Mário Filho,82238,€-13.92m,,2025,../data/raw/transfermarkt-scraper/2025/clubs.json.gz,https://www.transfermarkt.co.uk/flamengo-rio-de-janeiro/startseite/verein/614,lucyan,False,,,,,,,,,,,,,,,,,,,,,
1220392,,Daniel Costa,Daniel Costa,2024,10010,daniel-costa,,,Brazil,2005-06-06 00:00:00,Centre-Back,Defender,right,,,,https://img.a.transfermarkt.technology/portrait/header/1220392-1769167440.png?lm=1,,,,https://www.transfermarkt.co.uk/daniel-costa/profil/spieler/1220392,BRA1,Esporte Clube Bahia,,,10010,esporte-clube-bahia,Esporte Clube Bahia,BRA1,,32,26.6,9,28.1,3,Arena Fonte Nova,47364,+€8.14m,,2025,../data/raw/transfermarkt-scraper/2025/clubs.json.gz,https://www.transfermarkt.co.uk/esporte-clube-bahia/startseite/verein/10010,daniel costa,False,,,,,,,,,,,,,,,,,,,,,
1220446,,Felipe Teresa,Felipe Teresa,2024,614,felipe-teresa,Brazil,Guaraqueçaba,Brazil,2006-01-02 00:00:00,Right Winger,Attack,left,182.0,2027-09-30 00:00:00,,https://img.a.transfermarkt.technology/portrait/header/1220446-1768934829.jpg?lm=1,,,,https://www.transfermarkt.co.uk/felipe-teresa/profil/spieler/1220446,BRA1,Clube de Regatas do Flamengo,,,614,flamengo-rio-de-janeiro,Clube de Regatas do Flamengo,BRA1,,28,28.8,9,32.1,10,Estádio Jornalista Mário Filho,82238,€-13.92m,,2025,../data/raw/transfermarkt-scraper/2025/clubs.json.gz,https://www.transfermarkt.co.uk/flamengo-rio-de-janeiro/startseite/verein/614,felipe teresa,True,felipe teresa,Felipe Teresa,"LM,FW",Flamengo,5.0,1.0,0.0,0.3,0.0,0.0,0.0,0.0,0.0,0.0,0.0,0.0,0.0,0.0,0.0,felipe teresa,True
1220464,Lukas,Zuccarello,Lukas Zuccarello,2025,978,lukas-zuccarello,Brazil,São Paulo,Brazil,2006-12-02 00:00:00,Attacking Midfield,Midfield,right,175.0,2028-12-31 00:00:00,Brazil Soccer,https://img.a.transfermarkt.technology/portrait/header/1220464-1776910456.png?lm=1,,,,https://www.transfermarkt.co.uk/lukas-zuccarello/profil/spieler/1220464,BRA1,Club de Regatas Vasco da Gama,400000.0,400000.0,978,vasco-da-gama-rio-de-janeiro,Club de Regatas Vasco da Gama,BRA1,,32,26.1,10,31.3,5,Estádio São Januário,24584,+€23.85m,,2025,../data/raw/transfermarkt-scraper/2025/clubs.json.gz,https://www.transfermarkt.co.uk/vasco-da-gama-rio-de-janeiro/startseite/verein/978,lukas zuccarello,False,,,,,,,,,,,,,,,,,,,,,
1220465,,Igor Toledo,Igor Toledo,2025,330,igor-toledo,Brazil,Rio de Janeiro,Brazil,2006-02-03 00:00:00,Defensive Midfield,Midfield,right,183.0,2027-08-31 00:00:00,Roc Nation Sports,https://img.a.transfermarkt.technology/portrait/header/1220465-1768822039.jpg?lm=1,,,,https://www.transfermarkt.co.uk/igor-toledo/profil/spieler/1220465,BRA1,Clube Atlético Mineiro,,,330,clube-atletico-mineiro,Clube Atlético Mineiro,BRA1,,33,25.7,9,27.3,6,Arena MRV,44892,€-1.24m,,2025,../data/raw/transfermarkt-scraper/2025/clubs.json.gz,https://www.transfermarkt.co.uk/clube-atletico-mineiro/startseite/verein/330,igor toledo,False,,,,,,,,,,,,,,,,,,,,,
1220467,,Breno Vereza,Breno Vereza,2024,978,breno-vereza,,,Brazil,2007-09-03 00:00:00,Right-Back,Defender,both,,,Team of Future,https://img.a.transfermarkt.technology/portrait/header/default.jpg?lm=1,,,,https://www.transfermarkt.co.uk/breno-vereza/profil/spieler/1220467,BRA1,Club de Regatas Vasco da Gama,,,978,vasco-da-gama-rio-de-janeiro,Club de Regatas Vasco da Gama,BRA1,,32,26.1,10,31.3,5,Estádio São Januário,24584,+€23.85m,,2025,../data/raw/transfermarkt-scraper/2025/clubs.json.gz,https://www.transfermarkt.co.uk/vasco-da-gama-rio-de-janeiro/startseite/verein/978,breno vereza,False,,,,,,,,,,,,,,,,,,,,,
1220468,,Luiz Gustavo,Luiz Gustavo,2025,10010,luiz-gustavo,Brazil,Foz do Iguaçu,Brazil,2006-04-12 00:00:00,Centre-Back,Defender,left,188.0,2030-12-31 00:00:00,PGB SPORTS,https://img.a.transfermarkt.technology/portrait/header/1220468-1768996016.jpg?lm=1,0.0,0.0,,https://www.transfermarkt.co.uk/luiz-gustavo/profil/spieler/1220468,BRA1,Esporte Clube Bahia,600000.0,600000.0,10010,esporte-clube-bahia,Esporte Clube Bahia,BRA1,,32,26.6,9,28.1,3,Arena Fonte Nova,47364,+€8.14m,,2025,../data/raw/transfermarkt-scraper/2025/clubs.json.gz,https://www.transfermarkt.co.uk/esporte-clube-bahia/startseite/verein/10010,luiz gustavo,True,luiz gustavo,Luiz Gustavo,CM,São Paulo,2188.0,2.0,1.0,1.2000000000000002,0.7000000000000001,124.0,30.0,27.0,11.0,32.0,2.0,42.0,22.0,3.0,0.0,luiz gustavo,True
1220612,,Wendel Passos,Wendel Passos,2024,10010,wendel-passos,,,Brazil,2006-02-28 00:00:00,Defensive Midfield,Midfield,both,174.0,,,https://img.a.transfermarkt.technology/portrait/header/1220612-1769176721.png?lm=1,,,,https://www.transfermarkt.co.uk/wendel-passos/profil/spieler/1220612,BRA1,Esporte Clube Bahia,,,10010,esporte-clube-bahia,Esporte Clube Bahia,BRA1,,32,26.6,9,28.1,3,Arena Fonte Nova,47364,+€8.14m,,2025,../data/raw/transfermarkt-scraper/2025/clubs.json.gz,https://www.transfermarkt.co.uk/esporte-clube-bahia/startseite/verein/10010,wendel passos,False,,,,,,,,,,,,,,,,,,,,,
1220613,,Pedrinho,Pedrinho,2024,10010,pedrinho,Brazil,Aracaju,Brazil,2006-01-19 00:00:00,Attacking Midfield,Midfield,right,,,,https://img.a.transfermarkt.technology/portrait/header/1220613-1769176507.png?lm=1,,,,https://www.transfermarkt.co.uk/pedrinho/profil/spieler/1220613,BRA1,Esporte Clube Bahia,,,10010,esporte-clube-bahia,Esporte Clube Bahia,BRA1,,32,26.6,9,28.1,3,Arena Fonte Nova,47364,+€8.14m,,2025,../data/raw/transfermarkt-scraper/2025/clubs.json.gz,https://www.transfermarkt.co.uk/esporte-clube-bahia/startseite/verein/10010,pedrinho,True,pedrinho,Pedrinho,CM,Atlético Mineiro,207.0,0.0,0.0,0.0,0.4,21.0,5.0,4.0,3.0,12.0,2.0,6.0,2.0,1.0,0.0,pedrinho,True
1220614,,Ruan Pablo,Ruan Pablo,2025,10010,ruan-pablo,Brazil,Salvador,Brazil,2008-07-23 00:00:00,Left Winger,Attack,both,183.0,2030-12-31 00:00:00,Cacau Assessoria,https://img.a.transfermarkt.technology/portrait/header/1220614-1761654623.png?lm=1,14.0,5.0,,https://www.transfermarkt.co.uk/ruan-pablo/profil/spieler/1220614,BRA1,Esporte Clube Bahia,8000000.0,8000000.0,10010,esporte-clube-bahia,Esporte Clube Bahia,BRA1,,32,26.6,9,28.1,3,Arena Fonte Nova,47364,+€8.14m,,2025,../data/raw/transfermarkt-scraper/2025/clubs.json.gz,https://www.transfermarkt.co.uk/esporte-clube-bahia/startseite/verein/10010,ruan pablo,True,ruan pablo,Ruan Pablo,LM,Bahia,6.0,0.0,0.0,0.0,0.0,0.0,1.0,1.0,0.0,0.0,0.0,0.0,0.0,0.0,0.0,ruan pablo,True
1220615,,Waliffer,Waliffer,2024,10010,waliffer,,,Brazil,2006-01-08 00:00:00,Left Winger,Attack,right,,2027-12-31 00:00:00,Antoniu's Assessoria,https://img.a.transfermarkt.technology/portrait/header/1220615-1740912334.png?lm=1,,,,https://www.transfermarkt.co.uk/waliffer/profil/spieler/1220615,BRA1,Esporte Clube Bahia,,,10010,esporte-clube-bahia,Esporte Clube Bahia,BRA1,,32,26.6,9,28.1,3,Arena Fonte Nova,47364,+€8.14m,,2025,../data/raw/transfermarkt-scraper/2025/clubs.json.gz,https://www.transfermarkt.co.uk/esporte-clube-bahia/startseite/verein/10010,waliffer,False,,,,,,,,,,,,,,,,,,,,,
1220787,,Douglas Telles,Douglas Telles,2024,614,douglas-telles,Brazil,Rio de Janeiro,Brazil,2007-06-01 00:00:00,Right Winger,Attack,left,177.0,2028-12-31 00:00:00,Brazil Football,https://img.a.transfermarkt.technology/portrait/header/default.jpg?lm=1,0.0,0.0,,https://www.transfermarkt.co.uk/douglas-telles/profil/spieler/1220787,BRA1,Clube de Regatas do Flamengo,,,614,flamengo-rio-de-janeiro,Clube de Regatas do Flamengo,BRA1,,28,28.8,9,32.1,10,Estádio Jornalista Mário Filho,82238,€-13.92m,,2025,../data/raw/transfermarkt-scraper/2025/clubs.json.gz,https://www.transfermarkt.co.uk/flamengo-rio-de-janeiro/startseite/verein/614,douglas telles,False,,,,,,,,,,,,,,,,,,,,,
1221317,,Riquelme,Riquelme,2025,210,riquelme,Brazil,São Paulo,Brazil,2006-08-13 00:00:00,Attacking Midfield,Midfield,right,181.0,2027-12-31 00:00:00,,https://img.a.transfermarkt.technology/portrait/header/default.jpg?lm=1,,,,https://www.transfermarkt.co.uk/riquelme/profil/spieler/1221317,BRA1,Grêmio Foot-Ball Porto Alegrense,2000000.0,2000000.0,210,gremio-porto-alegre,Grêmio Foot-Ball Porto Alegrense,BRA1,,34,26.5,11,32.4,3,Arena do Grêmio,60540,€-6.38m,,2025,../data/raw/transfermarkt-scraper/2025/clubs.json.gz,https://www.transfermarkt.co.uk/gremio-porto-alegre/startseite/verein/210,riquelme,True,,,,,,,,,,,,,,,,,,,,,
1221390,,Rafael Coutinho,Rafael Coutinho,2024,1023,rafael-coutinho,Brazil,Itabuna,Brazil,2006-03-24 00:00:00,Central Midfield,Midfield,right,178.0,2027-12-31 00:00:00,Antoniu's Assessoria,https://img.a.transfermarkt.technology/portrait/header/1221390-1706121788.jpg?lm=1,3.0,1.0,,https://www.transfermarkt.co.uk/rafael-coutinho/profil/spieler/1221390,BRA1,Sociedade Esportiva Palmeiras,,,1023,se-palmeiras-sao-paulo,Sociedade Esportiva Palmeiras,BRA1,,31,25.9,9,29.0,10,Nubank Parque,43713,+€31.54m,,2025,../data/raw/transfermarkt-scraper/2025/clubs.json.gz,https://www.transfermarkt.co.uk/se-palmeiras-sao-paulo/startseite/verein/1023,rafael coutinho,False,,,,,,,,,,,,,,,,,,,,,
1221660,,Walace Falcão,Walace Falcão,2025,978,walace-falcao,Brazil,Belford Roxo,Brazil,2005-03-07 00:00:00,Centre-Back,Defender,left,188.0,2027-12-31 00:00:00,SL Sports Brasil,https://img.a.transfermarkt.technology/portrait/header/default.jpg?lm=1,,,,https://www.transfermarkt.co.uk/walace-falcao/profil/spieler/1221660,BRA1,Club de Regatas Vasco da Gama,,,978,vasco-da-gama-rio-de-janeiro,Club de Regatas Vasco da Gama,BRA1,,32,26.1,10,31.3,5,Estádio São Januário,24584,+€23.85m,,2025,../data/raw/transfermarkt-scraper/2025/clubs.json.gz,https://www.transfermarkt.co.uk/vasco-da-gama-rio-de-janeiro/startseite/verein/978,walace falcao,False,,,,,,,,,,,,,,,,,,,,,
1221747,,Luis Osorio,Luis Osorio,2025,585,luis-osorio,Brazil,Uberaba,Brazil,2006-09-06 00:00:00,Centre-Back,Defender,left,191.0,2030-02-28 00:00:00,,https://img.a.transfermarkt.technology/portrait/header/1221747-1759454472.jpeg?lm=1,,,,https://www.transfermarkt.co.uk/luis-osorio/profil/spieler/1221747,BRA1,São Paulo Futebol Clube,,,585,fc-sao-paulo,São Paulo Futebol Clube,BRA1,,42,26.4,9,21.4,3,MorumBIS,72039,+€24.69m,,2025,../data/raw/transfermarkt-scraper/2025/clubs.json.gz,https://www.transfermarkt.co.uk/fc-sao-paulo/startseite/verein/585,luis osorio,False,,,,,,,,,,,,,,,,,,,,,
1221818,,André,André,2025,199,andre,Brazil,São Paulo,Brazil,2006-06-20 00:00:00,Central Midfield,Midfield,right,183.0,2029-12-31 00:00:00,,https://img.a.transfermarkt.technology/portrait/header/1221818-1760492908.jpg?lm=1,,,,https://www.transfermarkt.co.uk/andre/profil/spieler/1221818,BRA1,Sport Club Corinthians Paulista,16000000.0,16000000.0,199,corinthians-sao-paulo,Sport Club Corinthians Paulista,BRA1,,34,27.2,7,20.6,3,Neo Química Arena,49205,+€2.19m,,2025,../data/raw/transfermarkt-scraper/2025/clubs.json.gz,https://www.transfermarkt.co.uk/corinthians-sao-paulo/startseite/verein/199,andre,True,andre,André,"DM,CB",Fluminense,1072.0,0.0,1.0,0.1,0.0,64.0,9.0,28.0,11.0,25.0,2.0,24.0,16.0,5.0,0.0,andre,True
1222227,,Luiz Sá,Luiz Sá,2024,1023,luiz-sa,Brazil,Santo André,Brazil,2007-03-01 00:00:00,Goalkeeper,Goalkeeper,right,185.0,2027-03-31 00:00:00,,https://img.a.transfermarkt.technology/portrait/header/1222227-1769507273.jpg?lm=1,,,,https://www.transfermarkt.co.uk/luiz-sa/profil/spieler/1222227,BRA1,Sociedade Esportiva Palmeiras,,,1023,se-palmeiras-sao-paulo,Sociedade Esportiva Palmeiras,BRA1,,31,25.9,9,29.0,10,Nubank Parque,43713,+€31.54m,,2025,../data/raw/transfermarkt-scraper/2025/clubs.json.gz,https://www.transfermarkt.co.uk/se-palmeiras-sao-paulo/startseite/verein/1023,luiz sa,False,,,,,,,,,,,,,,,,,,,,,
1222308,,Davi Gomes,Davi Gomes,2025,8793,davi-gomes,Brazil,Rio de Janeiro,Brazil,2005-06-06 00:00:00,Left Winger,Attack,right,174.0,2030-03-31 00:00:00,JC SOCCER,https://img.a.transfermarkt.technology/portrait/header/1222308-1769434793.png?lm=1,,,,https://www.transfermarkt.co.uk/davi-gomes/profil/spieler/1222308,BRA1,Red Bull Bragantino,400000.0,400000.0,8793,red-bull-bragantino,Red Bull Bragantino,BRA1,,39,25.6,9,23.1,3,Estádio Municipal Cicero De Souza Marques,12000,+€10.50m,,2025,../data/raw/transfermarkt-scraper/2025/clubs.json.gz,https://www.transfermarkt.co.uk/red-bull-bragantino/startseite/verein/8793,davi gomes,False,,,,,,,,,,,,,,,,,,,,,
1222572,,Lucas Daniel,Lucas Daniel,2024,330,lucas-daniel,,,Brazil,2005-07-26 00:00:00,Centre-Forward,Attack,right,185.0,2026-06-30 00:00:00,YES SPORTS,https://img.a.transfermarkt.technology/portrait/header/default.jpg?lm=1,,,,https://www.transfermarkt.co.uk/lucas-daniel/profil/spieler/1222572,BRA1,Clube Atlético Mineiro,,,330,clube-atletico-mineiro,Clube Atlético Mineiro,BRA1,,33,25.7,9,27.3,6,Arena MRV,44892,€-1.24m,,2025,../data/raw/transfermarkt-scraper/2025/clubs.json.gz,https://www.transfermarkt.co.uk/clube-atletico-mineiro/startseite/verein/330,lucas daniel,False,,,,,,,,,,,,,,,,,,,,,
1222581,,Kauã Branco,Kauã Branco,2024,537,kaua-branco,Brazil,Mairi,Brazil,2006-05-04 00:00:00,Centre-Back,Defender,right,189.0,,,https://img.a.transfermarkt.technology/portrait/header/1222581-1725595957.jpeg?lm=1,,,,https://www.transfermarkt.co.uk/kaua-branco/profil/spieler/1222581,BRA1,S. A. F. Botafogo,,,537,botafogo-rio-de-janeiro,S. A. F. Botafogo,BRA1,,34,26.2,13,38.2,5,Estádio Olímpico Nilton Santos,46931,+€40.04m,,2025,../data/raw/transfermarkt-scraper/2025/clubs.json.gz,https://www.transfermarkt.co.uk/botafogo-rio-de-janeiro/startseite/verein/537,kaua branco,False,,,,,,,,,,,,,,,,,,,,,
1222625,,Kauan Lindes,Kauan Lindes,2024,537,kauan-lindes,Brazil,Conchal,Brazil,2003-11-28 00:00:00,Attacking Midfield,Midfield,right,180.0,2026-11-30 00:00:00,Conquista Sports,https://img.a.transfermarkt.technology/portrait/header/1222625-1739971195.jpg?lm=1,,,,https://www.transfermarkt.co.uk/kauan-lindes/profil/spieler/1222625,BRA1,S. A. F. Botafogo,,,537,botafogo-rio-de-janeiro,S. A. F. Botafogo,BRA1,,34,26.2,13,38.2,5,Estádio Olímpico Nilton Santos,46931,+€40.04m,,2025,../data/raw/transfermarkt-scraper/2025/clubs.json.gz,https://www.transfermarkt.co.uk/botafogo-rio-de-janeiro/startseite/verein/537,kauan lindes,False,,,,,,,,,,,,,,,,,,,,,
1222630,Michael,Quarcoo,Michael Quarcoo,2024,10870,michael-quarcoo,Ghana,Agona Swedru,Ghana,2004-10-26 00:00:00,Left Winger,Attack,right,178.0,2026-12-30 00:00:00,LEFT Sports,https://img.a.transfermarkt.technology/portrait/header/default.jpg?lm=1,,,,https://www.transfermarkt.co.uk/michael-quarcoo/profil/spieler/1222630,BRA1,Fortaleza Esporte Clube,,,10870,fortaleza-esporte-clube,Fortaleza Esporte Clube,BRA1,,29,27.1,5,17.2,0,Estádio Governador Plácido Castelo,63904,+€6.25m,Juan Pablo Vojvoda,2024,../data/raw/transfermarkt-scraper/2024/clubs.json.gz,https://www.transfermarkt.co.uk/fortaleza-esporte-clube/startseite/verein/10870,michael quarcoo,False,,,,,,,,,,,,,,,,,,,,,
1222735,,Fabiano,Fabiano,2024,614,fabiano,Brazil,São Paulo,Brazil,2005-06-11 00:00:00,Defensive Midfield,Midfield,right,183.0,2027-12-31 00:00:00,Talents Sports,https://img.a.transfermarkt.technology/portrait/header/1222735-1768990652.png?lm=1,,,,https://www.transfermarkt.co.uk/fabiano/profil/spieler/1222735,BRA1,Clube de Regatas do Flamengo,,,614,flamengo-rio-de-janeiro,Clube de Regatas do Flamengo,BRA1,,28,28.8,9,32.1,10,Estádio Jornalista Mário Filho,82238,€-13.92m,,2025,../data/raw/transfermarkt-scraper/2025/clubs.json.gz,https://www.transfermarkt.co.uk/flamengo-rio-de-janeiro/startseite/verein/614,fabiano,True,,,,,,,,,,,,,,,,,,,,,
1222762,,Lucas Lohan,Lucas Lohan,2024,2125,lucas-lohan,,,Brazil,2006-07-10 00:00:00,Defensive Midfield,Midfield,left,177.0,,,https://img.a.transfermarkt.technology/portrait/header/1222762-1772736991.png?lm=1,,,,https://www.transfermarkt.co.uk/lucas-lohan/profil/spieler/1222762,BRA1,Esporte Clube Vitória,,,2125,esporte-clube-vitoria,Esporte Clube Vitória,BRA1,,39,28.3,7,17.9,0,Estádio Manoel Barradas,30793,+€1.36m,,2025,../data/raw/transfermarkt-scraper/2025/clubs.json.gz,https://www.transfermarkt.co.uk/esporte-clube-vitoria/startseite/verein/2125,lucas lohan,False,,,,,,,,,,,,,,,,,,,,,
1223221,,Igão,Igão,2024,585,igao,Brazil,São Paulo,Brazil,2007-08-19 00:00:00,Centre-Back,Defender,right,187.0,2029-12-31 00:00:00,Talents Sports,https://img.a.transfermarkt.technology/portrait/header/1223221-1759454033.jpeg?lm=1,,,,https://www.transfermarkt.co.uk/igao/profil/spieler/1223221,BRA1,São Paulo Futebol Clube,,,585,fc-sao-paulo,São Paulo Futebol Clube,BRA1,,42,26.4,9,21.4,3,MorumBIS,72039,+€24.69m,,2025,../data/raw/transfermarkt-scraper/2025/clubs.json.gz,https://www.transfermarkt.co.uk/fc-sao-paulo/startseite/verein/585,igao,False,,,,,,,,,,,,,,,,,,,,,
1223634,,Davi,Davi,2024,8718,davi,Brazil,Marabá,Brazil,2005-03-23 00:00:00,Goalkeeper,Goalkeeper,right,192.0,2026-09-30 00:00:00,,https://img.a.transfermarkt.technology/portrait/header/default.jpg?lm=1,,,,https://www.transfermarkt.co.uk/davi/profil/spieler/1223634,BRA1,Sport Club do Recife,,,8718,sport-club-do-recife,Sport Club do Recife,BRA1,,29,27.1,1,3.4,0,Estádio Adelmar da Costa Carvalho,35000,+€2.95m,Mariano Soso,2024,../data/raw/transfermarkt-scraper/2024/clubs.json.gz,https://www.transfermarkt.co.uk/sport-club-do-recife/startseite/verein/8718,davi,False,,,,,,,,,,,,,,,,,,,,,
1223636,,Kayan,Kayan,2024,8718,kayan,,,Brazil,2005-05-03 00:00:00,Right Winger,Attack,right,173.0,,TargetPro Management,https://img.a.transfermarkt.technology/portrait/header/1223636-1769609665.jpeg?lm=1,,,,https://www.transfermarkt.co.uk/kayan/profil/spieler/1223636,BRA1,Sport Club do Recife,,,8718,sport-club-do-recife,Sport Club do Recife,BRA1,,29,27.1,1,3.4,0,Estádio Adelmar da Costa Carvalho,35000,+€2.95m,Mariano Soso,2024,../data/raw/transfermarkt-scraper/2024/clubs.json.gz,https://www.transfermarkt.co.uk/sport-club-do-recife/startseite/verein/8718,kayan,False,,,,,,,,,,,,,,,,,,,,,
1223679,,Cláudio,Cláudio,2024,8718,claudio,Brazil,Rio de Janeiro,Brazil,2005-04-24 00:00:00,Attacking Midfield,Midfield,right,164.0,,,https://img.a.transfermarkt.technology/portrait/header/default.jpg?lm=1,,,,https://www.transfermarkt.co.uk/claudio/profil/spieler/1223679,BRA1,Sport Club do Recife,,,8718,sport-club-do-recife,Sport Club do Recife,BRA1,,29,27.1,1,3.4,0,Estádio Adelmar da Costa Carvalho,35000,+€2.95m,Mariano Soso,2024,../data/raw/transfermarkt-scraper/2024/clubs.json.gz,https://www.transfermarkt.co.uk/sport-club-do-recife/startseite/verein/8718,claudio,False,,,,,,,,,,,,,,,,,,,,,
1223680,,Breno Santos,Breno Santos,2024,8718,breno-santos,,,Brazil,2005-04-29 00:00:00,,Missing,right,,2027-12-31 00:00:00,,https://img.a.transfermarkt.technology/portrait/header/default.jpg?lm=1,,,,https://www.transfermarkt.co.uk/breno-santos/profil/spieler/1223680,BRA1,Sport Club do Recife,,,8718,sport-club-do-recife,Sport Club do Recife,BRA1,,29,27.1,1,3.4,0,Estádio Adelmar da Costa Carvalho,35000,+€2.95m,Mariano Soso,2024,../data/raw/transfermarkt-scraper/2024/clubs.json.gz,https://www.transfermarkt.co.uk/sport-club-do-recife/startseite/verein/8718,breno santos,False,,,,,,,,,,,,,,,,,,,,,
1223685,,João Alves,João Alves,2024,614,joao-alves,Brazil,Santa Cruz do Capibaribe,Brazil,2005-03-29 00:00:00,Central Midfield,Midfield,right,177.0,,,https://img.a.transfermarkt.technology/portrait/header/default.jpg?lm=1,,,,https://www.transfermarkt.co.uk/joao-alves/profil/spieler/1223685,BRA1,Clube de Regatas do Flamengo,,,614,flamengo-rio-de-janeiro,Clube de Regatas do Flamengo,BRA1,,28,28.8,9,32.1,10,Estádio Jornalista Mário Filho,82238,€-13.92m,,2025,../data/raw/transfermarkt-scraper/2025/clubs.json.gz,https://www.transfermarkt.co.uk/flamengo-rio-de-janeiro/startseite/verein/614,joao alves,False,,,,,,,,,,,,,,,,,,,,,
1223728,,Cauê Nascimento,Cauê Nascimento,2025,8793,caue-nascimento,Brazil,São Paulo,Brazil,2006-12-13 00:00:00,Left-Back,Defender,left,,2029-02-27 00:00:00,,https://img.a.transfermarkt.technology/portrait/header/1223728-1769434525.png?lm=1,,,,https://www.transfermarkt.co.uk/caue-nascimento/profil/spieler/1223728,BRA1,Red Bull Bragantino,500000.0,500000.0,8793,red-bull-bragantino,Red Bull Bragantino,BRA1,,39,25.6,9,23.1,3,Estádio Municipal Cicero De Souza Marques,12000,+€10.50m,,2025,../data/raw/transfermarkt-scraper/2025/clubs.json.gz,https://www.transfermarkt.co.uk/red-bull-bragantino/startseite/verein/8793,caue nascimento,False,,,,,,,,,,,,,,,,,,,,,
1223828,,Luis Miguel,Luis Miguel,2024,2125,luis-miguel,,,Brazil,2005-02-04 00:00:00,Left Winger,Attack,right,171.0,2026-10-31 00:00:00,Antoniu's Assessoria,https://img.a.transfermarkt.technology/portrait/header/default.jpg?lm=1,,,,https://www.transfermarkt.co.uk/luis-miguel/profil/spieler/1223828,BRA1,Esporte Clube Vitória,,,2125,esporte-clube-vitoria,Esporte Clube Vitória,BRA1,,39,28.3,7,17.9,0,Estádio Manoel Barradas,30793,+€1.36m,,2025,../data/raw/transfermarkt-scraper/2025/clubs.json.gz,https://www.transfermarkt.co.uk/esporte-clube-vitoria/startseite/verein/2125,luis miguel,True,luis miguel,Luis Miguel,"RM,LW",Vitória,15.0,0.0,0.0,0.0,0.0,1.0,1.0,0.0,0.0,1.0,0.0,0.0,0.0,0.0,0.0,luis miguel,True
1223829,,Edenilson,Edenilson,2024,2125,edenilson,,,Brazil,2005-06-17 00:00:00,Centre-Back,Defender,right,182.0,2028-12-31 00:00:00,,https://img.a.transfermarkt.technology/portrait/header/1223829-1772736356.png?lm=1,,,,https://www.transfermarkt.co.uk/edenilson/profil/spieler/1223829,BRA1,Esporte Clube Vitória,,,2125,esporte-clube-vitoria,Esporte Clube Vitória,BRA1,,39,28.3,7,17.9,0,Estádio Manoel Barradas,30793,+€1.36m,,2025,../data/raw/transfermarkt-scraper/2025/clubs.json.gz,https://www.transfermarkt.co.uk/esporte-clube-vitoria/startseite/verein/2125,edenilson,True,,,,,,,,,,,,,,,,,,,,,
1223831,,Andrei,Andrei,2024,2125,andrei,,,Brazil,2005-04-30 00:00:00,Centre-Back,Defender,left,201.0,,,https://img.a.transfermarkt.technology/portrait/header/default.jpg?lm=1,,,,https://www.transfermarkt.co.uk/andrei/profil/spieler/1223831,BRA1,Esporte Clube Vitória,,,2125,esporte-clube-vitoria,Esporte Clube Vitória,BRA1,,39,28.3,7,17.9,0,Estádio Manoel Barradas,30793,+€1.36m,,2025,../data/raw/transfermarkt-scraper/2025/clubs.json.gz,https://www.transfermarkt.co.uk/esporte-clube-vitoria/startseite/verein/2125,andrei,False,,,,,,,,,,,,,,,,,,,,,
1223832,,Davi Barbosa,Davi Barbosa,2024,2125,davi-barbosa,,,Brazil,2006-03-02 00:00:00,Goalkeeper,Goalkeeper,right,,,,https://img.a.transfermarkt.technology/portrait/header/1223832-1772737114.png?lm=1,,,,https://www.transfermarkt.co.uk/davi-barbosa/profil/spieler/1223832,BRA1,Esporte Clube Vitória,,,2125,esporte-clube-vitoria,Esporte Clube Vitória,BRA1,,39,28.3,7,17.9,0,Estádio Manoel Barradas,30793,+€1.36m,,2025,../data/raw/transfermarkt-scraper/2025/clubs.json.gz,https://www.transfermarkt.co.uk/esporte-clube-vitoria/startseite/verein/2125,davi barbosa,False,,,,,,,,,,,,,,,,,,,,,
1224014,,Marlon Santos,Marlon Santos,2024,10492,marlon-santos,Brazil,Viçosa,Brazil,2005-01-11 00:00:00,Centre-Forward,Attack,right,175.0,2028-06-30 00:00:00,ML3 Football,https://img.a.transfermarkt.technology/portrait/header/default.jpg?lm=1,,,,https://www.transfermarkt.co.uk/marlon-santos/profil/spieler/1224014,BRA1,Esporte Clube Juventude,,,10492,esporte-clube-juventude,Esporte Clube Juventude,BRA1,,29,28.3,3,10.3,0,Estádio Alfredo Jaconi,23726,+€1.13m,Roger Machado,2024,../data/raw/transfermarkt-scraper/2024/clubs.json.gz,https://www.transfermarkt.co.uk/esporte-clube-juventude/startseite/verein/10492,marlon santos,False,,,,,,,,,,,,,,,,,,,,,
1224500,,Dodô,Dodô,2024,10010,dodo,Brazil,Rio de Janeiro,Brazil,2006-07-01 00:00:00,Centre-Back,Defender,left,,,GL Management,https://img.a.transfermarkt.technology/portrait/header/1224500-1769167493.png?lm=1,,,,https://www.transfermarkt.co.uk/dodo/profil/spieler/1224500,BRA1,Esporte Clube Bahia,,,10010,esporte-clube-bahia,Esporte Clube Bahia,BRA1,,32,26.6,9,28.1,3,Arena Fonte Nova,47364,+€8.14m,,2025,../data/raw/transfermarkt-scraper/2025/clubs.json.gz,https://www.transfermarkt.co.uk/esporte-clube-bahia/startseite/verein/10010,dodo,False,,,,,,,,,,,,,,,,,,,,,
1225115,,Felype,Felype,2024,8718,felype,Brazil,Ouricuri,Brazil,2005-12-01 00:00:00,Centre-Back,Defender,left,,2026-09-30 00:00:00,Casa Soccer M9,https://img.a.transfermarkt.technology/portrait/header/default.jpg?lm=1,,,,https://www.transfermarkt.co.uk/felype/profil/spieler/1225115,BRA1,Sport Club do Recife,,,8718,sport-club-do-recife,Sport Club do Recife,BRA1,,29,27.1,1,3.4,0,Estádio Adelmar da Costa Carvalho,35000,+€2.95m,Mariano Soso,2024,../data/raw/transfermarkt-scraper/2024/clubs.json.gz,https://www.transfermarkt.co.uk/sport-club-do-recife/startseite/verein/8718,felype,False,,,,,,,,,,,,,,,,,,,,,
1225121,,Pedro Cruz,Pedro Cruz,2024,10010,pedro-cruz,,,Brazil,2004-03-05 00:00:00,Goalkeeper,Goalkeeper,right,188.0,2026-12-31 00:00:00,TINMO,https://img.a.transfermarkt.technology/portrait/header/default.jpg?lm=1,,,,https://www.transfermarkt.co.uk/pedro-cruz/profil/spieler/1225121,BRA1,Esporte Clube Bahia,,,10010,esporte-clube-bahia,Esporte Clube Bahia,BRA1,,32,26.6,9,28.1,3,Arena Fonte Nova,47364,+€8.14m,,2025,../data/raw/transfermarkt-scraper/2025/clubs.json.gz,https://www.transfermarkt.co.uk/esporte-clube-bahia/startseite/verein/10010,pedro cruz,False,,,,,,,,,,,,,,,,,,,,,
1225472,,Dieguinho,Dieguinho,2024,8718,dieguinho,Brazil,Salvador,Brazil,2004-07-09 00:00:00,Centre-Forward,Attack,,,2027-06-30 00:00:00,,https://img.a.transfermarkt.technology/portrait/header/default.jpg?lm=1,,,,https://www.transfermarkt.co.uk/dieguinho/profil/spieler/1225472,BRA1,Sport Club do Recife,,,8718,sport-club-do-recife,Sport Club do Recife,BRA1,,29,27.1,1,3.4,0,Estádio Adelmar da Costa Carvalho,35000,+€2.95m,Mariano Soso,2024,../data/raw/transfermarkt-scraper/2024/clubs.json.gz,https://www.transfermarkt.co.uk/sport-club-do-recife/startseite/verein/8718,dieguinho,False,,,,,,,,,,,,,,,,,,,,,
1225755,Diego,Tarzia,Diego Tarzia,2025,2125,diego-tarzia,Argentina,Buenos Aires,Argentina,2003-04-26 00:00:00,Left Winger,Attack,left,174.0,2026-12-31 00:00:00,,https://img.a.transfermarkt.technology/portrait/header/1225755-1720466155.png?lm=1,,,,https://www.transfermarkt.co.uk/diego-tarzia/profil/spieler/1225755,BRA1,Esporte Clube Vitória,2000000.0,2500000.0,2125,esporte-clube-vitoria,Esporte Clube Vitória,BRA1,,39,28.3,7,17.9,0,Estádio Manoel Barradas,30793,+€1.36m,,2025,../data/raw/transfermarkt-scraper/2025/clubs.json.gz,https://www.transfermarkt.co.uk/esporte-clube-vitoria/startseite/verein/2125,diego tarzia,False,,,,,,,,,,,,,,,,,,,,,
1226334,,Rafael Pinna,Rafael Pinna,2024,10492,rafael-pinna,Brazil,Campinas,Brazil,2007-09-04 00:00:00,Centre-Forward,Attack,,183.0,2029-02-25 00:00:00,Energy Sports,https://img.a.transfermarkt.technology/portrait/header/1226334-1769186675.png?lm=1,,,,https://www.transfermarkt.co.uk/rafael-pinna/profil/spieler/1226334,BRA1,Esporte Clube Juventude,,,10492,esporte-clube-juventude,Esporte Clube Juventude,BRA1,,29,28.3,3,10.3,0,Estádio Alfredo Jaconi,23726,+€1.13m,Roger Machado,2024,../data/raw/transfermarkt-scraper/2024/clubs.json.gz,https://www.transfermarkt.co.uk/esporte-clube-juventude/startseite/verein/10492,rafael pinna,False,,,,,,,,,,,,,,,,,,,,,
1226703,,Guilherme Gomes,Guilherme Gomes,2024,614,guilherme-gomes,Brazil,Mandaguari,Brazil,2006-02-02 00:00:00,Attacking Midfield,Midfield,right,180.0,2028-12-31 00:00:00,LIFEPRO,https://img.a.transfermarkt.technology/portrait/header/1226703-1732237247.jpg?lm=1,,,,https://www.transfermarkt.co.uk/guilherme-gomes/profil/spieler/1226703,BRA1,Clube de Regatas do Flamengo,,,614,flamengo-rio-de-janeiro,Clube de Regatas do Flamengo,BRA1,,28,28.8,9,32.1,10,Estádio Jornalista Mário Filho,82238,€-13.92m,,2025,../data/raw/transfermarkt-scraper/2025/clubs.json.gz,https://www.transfermarkt.co.uk/flamengo-rio-de-janeiro/startseite/verein/614,guilherme gomes,False,,,,,,,,,,,,,,,,,,,,,
1228194,Álvaro,Montoro,Álvaro Montoro,2025,537,alvaro-montoro,Argentina,Concepción,Argentina,2007-04-17 00:00:00,Left Winger,Attack,right,170.0,2029-12-31 00:00:00,,https://img.a.transfermarkt.technology/portrait/header/1228194-1720648057.jpg?lm=1,5.0,0.0,,https://www.transfermarkt.co.uk/alvaro-montoro/profil/spieler/1228194,BRA1,S. A. F. Botafogo,10000000.0,10000000.0,537,botafogo-rio-de-janeiro,S. A. F. Botafogo,BRA1,,34,26.2,13,38.2,5,Estádio Olímpico Nilton Santos,46931,+€40.04m,,2025,../data/raw/transfermarkt-scraper/2025/clubs.json.gz,https://www.transfermarkt.co.uk/botafogo-rio-de-janeiro/startseite/verein/537,alvaro montoro,False,,,,,,,,,,,,,,,,,,,,,
1228661,,Gabriel Mec,Gabriel Mec,2025,210,gabriel-mec,Brazil,Campo dos Goytacazes,Brazil,2008-04-11 00:00:00,Attacking Midfield,Midfield,both,173.0,2027-06-30 00:00:00,Hub Agent Sports,https://img.a.transfermarkt.technology/portrait/header/1228661-1757072570.png?lm=1,1.0,0.0,,https://www.transfermarkt.co.uk/gabriel-mec/profil/spieler/1228661,BRA1,Grêmio Foot-Ball Porto Alegrense,16000000.0,16000000.0,210,gremio-porto-alegre,Grêmio Foot-Ball Porto Alegrense,BRA1,,34,26.5,11,32.4,3,Arena do Grêmio,60540,€-6.38m,,2025,../data/raw/transfermarkt-scraper/2025/clubs.json.gz,https://www.transfermarkt.co.uk/gremio-porto-alegre/startseite/verein/210,gabriel mec,False,,,,,,,,,,,,,,,,,,,,,
1229317,,Kauan Lima,Kauan Lima,2024,1023,kauan-lima,Brazil,Feira de Santana,Brazil,2007-02-14 00:00:00,Goalkeeper,Goalkeeper,right,192.0,2028-12-31 00:00:00,Madeira Sports,https://img.a.transfermarkt.technology/portrait/header/1229317-1768936910.jpg?lm=1,0.0,0.0,,https://www.transfermarkt.co.uk/kauan-lima/profil/spieler/1229317,BRA1,Sociedade Esportiva Palmeiras,,,1023,se-palmeiras-sao-paulo,Sociedade Esportiva Palmeiras,BRA1,,31,25.9,9,29.0,10,Nubank Parque,43713,+€31.54m,,2025,../data/raw/transfermarkt-scraper/2025/clubs.json.gz,https://www.transfermarkt.co.uk/se-palmeiras-sao-paulo/startseite/verein/1023,kauan lima,False,,,,,,,,,,,,,,,,,,,,,
1232718,,Bruno,Bruno,2024,614,bruno,,,Brazil,2007-04-05 00:00:00,Central Midfield,Midfield,right,179.0,2028-03-05 00:00:00,,https://img.a.transfermarkt.technology/portrait/header/default.jpg?lm=1,,,,https://www.transfermarkt.co.uk/bruno/profil/spieler/1232718,BRA1,Clube de Regatas do Flamengo,,,614,flamengo-rio-de-janeiro,Clube de Regatas do Flamengo,BRA1,,28,28.8,9,32.1,10,Estádio Jornalista Mário Filho,82238,€-13.92m,,2025,../data/raw/transfermarkt-scraper/2025/clubs.json.gz,https://www.transfermarkt.co.uk/flamengo-rio-de-janeiro/startseite/verein/614,bruno,False,,,,,,,,,,,,,,,,,,,,,
1241022,Román,Gómez,Román Gómez,2025,10010,roman-gomez,Argentina,Quilmes,Argentina,2004-07-14 00:00:00,Right-Back,Defender,right,181.0,2030-12-31 00:00:00,,https://img.a.transfermarkt.technology/portrait/header/1241022-1739826938.jpg?lm=1,,,,https://www.transfermarkt.co.uk/roman-gomez/profil/spieler/1241022,BRA1,Esporte Clube Bahia,1500000.0,1500000.0,10010,esporte-clube-bahia,Esporte Clube Bahia,BRA1,,32,26.6,9,28.1,3,Arena Fonte Nova,47364,+€8.14m,,2025,../data/raw/transfermarkt-scraper/2025/clubs.json.gz,https://www.transfermarkt.co.uk/esporte-clube-bahia/startseite/verein/10010,roman gomez,False,,,,,,,,,,,,,,,,,,,,,
1253807,Luis,Benedetti,Luis Benedetti,2025,1023,luis-benedetti,Brazil,Bauru,Brazil,2006-06-07 00:00:00,Centre-Back,Defender,left,197.0,2029-12-31 00:00:00,Bertolucci Sports,https://img.a.transfermarkt.technology/portrait/header/1253807-1764259289.jpg?lm=1,0.0,0.0,,https://www.transfermarkt.co.uk/luis-benedetti/profil/spieler/1253807,BRA1,Sociedade Esportiva Palmeiras,4000000.0,4000000.0,1023,se-palmeiras-sao-paulo,Sociedade Esportiva Palmeiras,BRA1,,31,25.9,9,29.0,10,Nubank Parque,43713,+€31.54m,,2025,../data/raw/transfermarkt-scraper/2025/clubs.json.gz,https://www.transfermarkt.co.uk/se-palmeiras-sao-paulo/startseite/verein/1023,luis benedetti,False,,,,,,,,,,,,,,,,,,,,,
1253812,,Nicolas Pontes,Nicolas Pontes,2024,609,nicolas-pontes,Brazil,Curitiba,Brazil,2006-01-14 00:00:00,Right-Back,Defender,right,,2028-12-31 00:00:00,,https://img.a.transfermarkt.technology/portrait/header/1253812-1769129234.png?lm=1,,,,https://www.transfermarkt.co.uk/nicolas-pontes/profil/spieler/1253812,BRA1,Cruzeiro Esporte Clube,,,609,ec-cruzeiro-belo-horizonte,Cruzeiro Esporte Clube,BRA1,,30,26.8,7,23.3,3,Estádio Governador Magalhães Pinto,61927,€-36.26m,,2025,../data/raw/transfermarkt-scraper/2025/clubs.json.gz,https://www.transfermarkt.co.uk/ec-cruzeiro-belo-horizonte/startseite/verein/609,nicolas pontes,False,,,,,,,,,,,,,,,,,,,,,
1253814,,Kaique Kenji,Kaique Kenji,2025,609,kaique-kenji,Brazil,São Paulo,Brazil,2006-01-29 00:00:00,Left Winger,Attack,right,178.0,2028-12-31 00:00:00,Talents Sports,https://img.a.transfermarkt.technology/portrait/header/1253814-1758849295.png?lm=1,0.0,0.0,,https://www.transfermarkt.co.uk/kaique-kenji/profil/spieler/1253814,BRA1,Cruzeiro Esporte Clube,3000000.0,3000000.0,609,ec-cruzeiro-belo-horizonte,Cruzeiro Esporte Clube,BRA1,,30,26.8,7,23.3,3,Estádio Governador Magalhães Pinto,61927,€-36.26m,,2025,../data/raw/transfermarkt-scraper/2025/clubs.json.gz,https://www.transfermarkt.co.uk/ec-cruzeiro-belo-horizonte/startseite/verein/609,kaique kenji,False,kaique kenji takamura correa,Kaique Kenji Takamura Correa,LW,Cruzeiro,47.0,0.0,0.0,0.0,0.1,2.0,2.0,2.0,0.0,1.0,0.0,0.0,0.0,0.0,0.0,kaique kenji takamura correa,True
1253844,,Vinicius Lira,Vinicius Lira,2025,221,vinicius-lira,,,Brazil,2007-10-12 00:00:00,Left-Back,Defender,left,187.0,2027-03-31 00:00:00,Bertolucci Sports,https://img.a.transfermarkt.technology/portrait/header/1253844-1744746249.jpg?lm=1,0.0,0.0,,https://www.transfermarkt.co.uk/vinicius-lira/profil/spieler/1253844,BRA1,Santos Futebol Clube,4000000.0,4000000.0,221,fc-santos,Santos Futebol Clube,BRA1,,37,26.7,9,24.3,4,Estádio Urbano Caldeira,16068,+€7.21m,,2025,../data/raw/transfermarkt-scraper/2025/clubs.json.gz,https://www.transfermarkt.co.uk/fc-santos/startseite/verein/221,vinicius lira,False,,,,,,,,,,,,,,,,,,,,,
1253924,,Pedro Kauã,Pedro Kauã,2024,6600,pedro-kaua,Brazil,Porto Alegre,Brazil,2006-03-29 00:00:00,Centre-Back,Defender,right,193.0,,WFS,https://img.a.transfermarkt.technology/portrait/header/1253924-1769160535.jpg?lm=1,0.0,0.0,,https://www.transfermarkt.co.uk/pedro-kaua/profil/spieler/1253924,BRA1,Sport Club Internacional,,,6600,sc-internacional-porto-alegre,Sport Club Internacional,BRA1,,32,26.7,9,28.1,3,Estádio Beira-Rio,50848,+€41.39m,,2025,../data/raw/transfermarkt-scraper/2025/clubs.json.gz,https://www.transfermarkt.co.uk/sc-internacional-porto-alegre/startseite/verein/6600,pedro kaua,False,,,,,,,,,,,,,,,,,,,,,
1253926,,Bernardo Zortea,Bernardo Zortea,2024,210,bernardo-zortea,Brazil,Pinhalzinho,Brazil,2007-03-21 00:00:00,Defensive Midfield,Midfield,right,184.0,2026-06-30 00:00:00,Global Soccer Brasil,https://img.a.transfermarkt.technology/portrait/header/1253926-1769134503.png?lm=1,,,,https://www.transfermarkt.co.uk/bernardo-zortea/profil/spieler/1253926,BRA1,Grêmio Foot-Ball Porto Alegrense,,,210,gremio-porto-alegre,Grêmio Foot-Ball Porto Alegrense,BRA1,,34,26.5,11,32.4,3,Arena do Grêmio,60540,€-6.38m,,2025,../data/raw/transfermarkt-scraper/2025/clubs.json.gz,https://www.transfermarkt.co.uk/gremio-porto-alegre/startseite/verein/210,bernardo zortea,False,,,,,,,,,,,,,,,,,,,,,
1253927,,Pedro Gabriel,Pedro Gabriel,2025,210,pedro-gabriel,Brazil,Fortaleza,Brazil,2007-06-06 00:00:00,Left-Back,Defender,left,,2028-12-31 00:00:00,PabloBueno360,https://img.a.transfermarkt.technology/portrait/header/1253927-1769132300.png?lm=1,1.0,0.0,,https://www.transfermarkt.co.uk/pedro-gabriel/profil/spieler/1253927,BRA1,Grêmio Foot-Ball Porto Alegrense,2000000.0,2000000.0,210,gremio-porto-alegre,Grêmio Foot-Ball Porto Alegrense,BRA1,,34,26.5,11,32.4,3,Arena do Grêmio,60540,€-6.38m,,2025,../data/raw/transfermarkt-scraper/2025/clubs.json.gz,https://www.transfermarkt.co.uk/gremio-porto-alegre/startseite/verein/210,pedro gabriel,False,,,,,,,,,,,,,,,,,,,,,
1253931,,Lucyo,Lucyo,2024,537,lucyo,,,Brazil,2006-03-15 00:00:00,Left-Back,Defender,left,182.0,,,https://img.a.transfermarkt.technology/portrait/header/default.jpg?lm=1,,,,https://www.transfermarkt.co.uk/lucyo/profil/spieler/1253931,BRA1,S. A. F. Botafogo,,,537,botafogo-rio-de-janeiro,S. A. F. Botafogo,BRA1,,34,26.2,13,38.2,5,Estádio Olímpico Nilton Santos,46931,+€40.04m,,2025,../data/raw/transfermarkt-scraper/2025/clubs.json.gz,https://www.transfermarkt.co.uk/botafogo-rio-de-janeiro/startseite/verein/537,lucyo,False,,,,,,,,,,,,,,,,,,,,,
1253988,,Fernando Vera,Fernando Vera,2024,199,fernando-vera,,,Paraguay,2005-03-05 00:00:00,Centre-Back,Defender,right,192.0,2028-06-30 00:00:00,DSA Soccer,https://img.a.transfermarkt.technology/portrait/header/default.jpg?lm=1,,,,https://www.transfermarkt.co.uk/fernando-vera/profil/spieler/1253988,BRA1,Sport Club Corinthians Paulista,,,199,corinthians-sao-paulo,Sport Club Corinthians Paulista,BRA1,,34,27.2,7,20.6,3,Neo Química Arena,49205,+€2.19m,,2025,../data/raw/transfermarkt-scraper/2025/clubs.json.gz,https://www.transfermarkt.co.uk/corinthians-sao-paulo/startseite/verein/199,fernando vera,False,,,,,,,,,,,,,,,,,,,,,
1254082,,Fredi Gomes,Fredi Gomes,2025,10010,fredi-gomes,Brazil,Novo Hamburgo,Brazil,2006-05-23 00:00:00,Centre-Back,Defender,left,178.0,2027-12-31 00:00:00,,https://img.a.transfermarkt.technology/portrait/header/1254082-1769167388.png?lm=1,,,,https://www.transfermarkt.co.uk/fredi-gomes/profil/spieler/1254082,BRA1,Esporte Clube Bahia,,,10010,esporte-clube-bahia,Esporte Clube Bahia,BRA1,,32,26.6,9,28.1,3,Arena Fonte Nova,47364,+€8.14m,,2025,../data/raw/transfermarkt-scraper/2025/clubs.json.gz,https://www.transfermarkt.co.uk/esporte-clube-bahia/startseite/verein/10010,fredi gomes,False,,,,,,,,,,,,,,,,,,,,,
1255012,,David Martins,David Martins,2024,10010,david-martins,Brazil,Rio de Janeiro,Brazil,2007-09-15 00:00:00,Attacking Midfield,Midfield,left,,,Bertolucci Sports,https://img.a.transfermarkt.technology/portrait/header/1255012-1769176422.png?lm=1,,,,https://www.transfermarkt.co.uk/david-martins/profil/spieler/1255012,BRA1,Esporte Clube Bahia,,,10010,esporte-clube-bahia,Esporte Clube Bahia,BRA1,,32,26.6,9,28.1,3,Arena Fonte Nova,47364,+€8.14m,,2025,../data/raw/transfermarkt-scraper/2025/clubs.json.gz,https://www.transfermarkt.co.uk/esporte-clube-bahia/startseite/verein/10010,david martins,False,,,,,,,,,,,,,,,,,,,,,
1255323,,Cristovam,Cristovam,2024,10870,cristovam,,,Brazil,2006-02-08 00:00:00,Centre-Back,Defender,right,188.0,,Trust Football ,https://img.a.transfermarkt.technology/portrait/header/default.jpg?lm=1,,,,https://www.transfermarkt.co.uk/cristovam/profil/spieler/1255323,BRA1,Fortaleza Esporte Clube,,,10870,fortaleza-esporte-clube,Fortaleza Esporte Clube,BRA1,,29,27.1,5,17.2,0,Estádio Governador Plácido Castelo,63904,+€6.25m,Juan Pablo Vojvoda,2024,../data/raw/transfermarkt-scraper/2024/clubs.json.gz,https://www.transfermarkt.co.uk/fortaleza-esporte-clube/startseite/verein/10870,cristovam,False,,,,,,,,,,,,,,,,,,,,,
1256755,,João Ananias,João Ananias,2025,221,joao-ananias,Brazil,São Mateus,Brazil,2007-02-12 00:00:00,Centre-Back,Defender,left,188.0,2030-06-30 00:00:00,Energy Sports,https://img.a.transfermarkt.technology/portrait/header/1256755-1773445527.png?lm=1,3.0,0.0,,https://www.transfermarkt.co.uk/joao-ananias/profil/spieler/1256755,BRA1,Santos Futebol Clube,500000.0,500000.0,221,fc-santos,Santos Futebol Clube,BRA1,,37,26.7,9,24.3,4,Estádio Urbano Caldeira,16068,+€7.21m,,2025,../data/raw/transfermarkt-scraper/2025/clubs.json.gz,https://www.transfermarkt.co.uk/fc-santos/startseite/verein/221,joao ananias,False,,,,,,,,,,,,,,,,,,,,,
1257132,,Dieguinho,Dieguinho,2025,199,dieguinho,Brazil,São Paulo,Brazil,2007-09-16 00:00:00,Right Winger,Attack,left,170.0,2029-12-31 00:00:00,Bertolucci Sports,https://img.a.transfermarkt.technology/portrait/header/1257132-1769005054.png?lm=1,,,,https://www.transfermarkt.co.uk/dieguinho/profil/spieler/1257132,BRA1,Sport Club Corinthians Paulista,4000000.0,4000000.0,199,corinthians-sao-paulo,Sport Club Corinthians Paulista,BRA1,,34,27.2,7,20.6,3,Neo Química Arena,49205,+€2.19m,,2025,../data/raw/transfermarkt-scraper/2025/clubs.json.gz,https://www.transfermarkt.co.uk/corinthians-sao-paulo/startseite/verein/199,dieguinho,False,,,,,,,,,,,,,,,,,,,,,
1257133,,Gui Negão,Gui Negão,2025,199,gui-negao,Brazil,São Paulo,Brazil,2007-02-06 00:00:00,Centre-Forward,Attack,right,185.0,2030-06-30 00:00:00,,https://img.a.transfermarkt.technology/portrait/header/1257133-1769005239.png?lm=1,0.0,0.0,,https://www.transfermarkt.co.uk/gui-negao/profil/spieler/1257133,BRA1,Sport Club Corinthians Paulista,7000000.0,8000000.0,199,corinthians-sao-paulo,Sport Club Corinthians Paulista,BRA1,,34,27.2,7,20.6,3,Neo Química Arena,49205,+€2.19m,,2025,../data/raw/transfermarkt-scraper/2025/clubs.json.gz,https://www.transfermarkt.co.uk/corinthians-sao-paulo/startseite/verein/199,gui negao,False,,,,,,,,,,,,,,,,,,,,,
1257350,,Jeferson,Jeferson,2024,210,jeferson,Brazil,Salvador,Brazil,2007-01-16 00:00:00,,Missing,right,,,,https://img.a.transfermarkt.technology/portrait/header/1257350-1769134007.png?lm=1,,,,https://www.transfermarkt.co.uk/jeferson/profil/spieler/1257350,BRA1,Grêmio Foot-Ball Porto Alegrense,,,210,gremio-porto-alegre,Grêmio Foot-Ball Porto Alegrense,BRA1,,34,26.5,11,32.4,3,Arena do Grêmio,60540,€-6.38m,,2025,../data/raw/transfermarkt-scraper/2025/clubs.json.gz,https://www.transfermarkt.co.uk/gremio-porto-alegre/startseite/verein/210,jeferson,False,,,,,,,,,,,,,,,,,,,,,
1257351,,Smiley,Smiley,2024,210,smiley,Brazil,Brasília,Brazil,2007-05-08 00:00:00,,Missing,right,,,,https://img.a.transfermarkt.technology/portrait/header/1257351-1769131929.png?lm=1,,,,https://www.transfermarkt.co.uk/smiley/profil/spieler/1257351,BRA1,Grêmio Foot-Ball Porto Alegrense,,,210,gremio-porto-alegre,Grêmio Foot-Ball Porto Alegrense,BRA1,,34,26.5,11,32.4,3,Arena do Grêmio,60540,€-6.38m,,2025,../data/raw/transfermarkt-scraper/2025/clubs.json.gz,https://www.transfermarkt.co.uk/gremio-porto-alegre/startseite/verein/210,smiley,False,,,,,,,,,,,,,,,,,,,,,
1259705,,Bernardo Jacob,Bernardo Jacob,2024,6600,bernardo-jacob,Brazil,Franca,Brazil,2006-02-28 00:00:00,Defensive Midfield,Midfield,right,175.0,,Prattes Group,https://img.a.transfermarkt.technology/portrait/header/1259705-1769161907.jpg?lm=1,,,,https://www.transfermarkt.co.uk/bernardo-jacob/profil/spieler/1259705,BRA1,Sport Club Internacional,,,6600,sc-internacional-porto-alegre,Sport Club Internacional,BRA1,,32,26.7,9,28.1,3,Estádio Beira-Rio,50848,+€41.39m,,2025,../data/raw/transfermarkt-scraper/2025/clubs.json.gz,https://www.transfermarkt.co.uk/sc-internacional-porto-alegre/startseite/verein/6600,bernardo jacob,False,,,,,,,,,,,,,,,,,,,,,
1260202,,Roger,Roger,2025,210,roger,Brazil,Santa Maria,Brazil,2008-04-29 00:00:00,Right Winger,Attack,left,,2028-12-31 00:00:00,Hub Agent Sports,https://img.a.transfermarkt.technology/portrait/header/1260202-1769132777.png?lm=1,,,,https://www.transfermarkt.co.uk/roger/profil/spieler/1260202,BRA1,Grêmio Foot-Ball Porto Alegrense,400000.0,400000.0,210,gremio-porto-alegre,Grêmio Foot-Ball Porto Alegrense,BRA1,,34,26.5,11,32.4,3,Arena do Grêmio,60540,€-6.38m,,2025,../data/raw/transfermarkt-scraper/2025/clubs.json.gz,https://www.transfermarkt.co.uk/gremio-porto-alegre/startseite/verein/210,roger,False,,,,,,,,,,,,,,,,,,,,,
1260203,,Guilherme Sousa,Guilherme Sousa,2024,614,guilherme-sousa,Brazil,Vespasiano,Brazil,2006-02-23 00:00:00,Centre-Forward,Attack,left,186.0,2027-07-31 00:00:00,,https://img.a.transfermarkt.technology/portrait/header/default.jpg?lm=1,,,,https://www.transfermarkt.co.uk/guilherme-sousa/profil/spieler/1260203,BRA1,Clube de Regatas do Flamengo,,,614,flamengo-rio-de-janeiro,Clube de Regatas do Flamengo,BRA1,,28,28.8,9,32.1,10,Estádio Jornalista Mário Filho,82238,€-13.92m,,2025,../data/raw/transfermarkt-scraper/2025/clubs.json.gz,https://www.transfermarkt.co.uk/flamengo-rio-de-janeiro/startseite/verein/614,guilherme sousa,False,,,,,,,,,,,,,,,,,,,,,
1261179,,Wanderson,Wanderson,2024,2125,wanderson,Brazil,Salvador,Brazil,2005-07-27 00:00:00,Defensive Midfield,Midfield,right,172.0,,,https://img.a.transfermarkt.technology/portrait/header/default.jpg?lm=1,,,,https://www.transfermarkt.co.uk/wanderson/profil/spieler/1261179,BRA1,Esporte Clube Vitória,,,2125,esporte-clube-vitoria,Esporte Clube Vitória,BRA1,,39,28.3,7,17.9,0,Estádio Manoel Barradas,30793,+€1.36m,,2025,../data/raw/transfermarkt-scraper/2025/clubs.json.gz,https://www.transfermarkt.co.uk/esporte-clube-vitoria/startseite/verein/2125,wanderson,True,,,,,,,,,,,,,,,,,,,,,
1261183,,Luis Eduardo,Luis Eduardo,2024,2125,luis-eduardo,Brazil,Camaçari,Brazil,2005-09-22 00:00:00,Goalkeeper,Goalkeeper,right,189.0,,,https://img.a.transfermarkt.technology/portrait/header/default.jpg?lm=1,,,,https://www.transfermarkt.co.uk/luis-eduardo/profil/spieler/1261183,BRA1,Esporte Clube Vitória,,,2125,esporte-clube-vitoria,Esporte Clube Vitória,BRA1,,39,28.3,7,17.9,0,Estádio Manoel Barradas,30793,+€1.36m,,2025,../data/raw/transfermarkt-scraper/2025/clubs.json.gz,https://www.transfermarkt.co.uk/esporte-clube-vitoria/startseite/verein/2125,luis eduardo,False,,,,,,,,,,,,,,,,,,,,,
1261577,,Denilson,Denilson,2024,330,denilson,,,Brazil,2006-05-01 00:00:00,,Missing,right,,,,https://img.a.transfermarkt.technology/portrait/header/default.jpg?lm=1,,,,https://www.transfermarkt.co.uk/denilson/profil/spieler/1261577,BRA1,Clube Atlético Mineiro,,,330,clube-atletico-mineiro,Clube Atlético Mineiro,BRA1,,33,25.7,9,27.3,6,Arena MRV,44892,€-1.24m,,2025,../data/raw/transfermarkt-scraper/2025/clubs.json.gz,https://www.transfermarkt.co.uk/clube-atletico-mineiro/startseite/verein/330,denilson,True,,,,,,,,,,,,,,,,,,,,,
1261644,,Ryan Felipe,Ryan Felipe,2024,330,ryan-felipe,,,Brazil,2006-07-28 00:00:00,Right Winger,Attack,right,178.0,,RBC Talent Group ,https://img.a.transfermarkt.technology/portrait/header/default.jpg?lm=1,,,,https://www.transfermarkt.co.uk/ryan-felipe/profil/spieler/1261644,BRA1,Clube Atlético Mineiro,,,330,clube-atletico-mineiro,Clube Atlético Mineiro,BRA1,,33,25.7,9,27.3,6,Arena MRV,44892,€-1.24m,,2025,../data/raw/transfermarkt-scraper/2025/clubs.json.gz,https://www.transfermarkt.co.uk/clube-atletico-mineiro/startseite/verein/330,ryan felipe,False,,,,,,,,,,,,,,,,,,,,,
1263464,,Kaique Pereira,Kaique Pereira,2024,537,kaique-pereira,,,Brazil,2007-03-02 00:00:00,Left-Back,Defender,left,,2026-12-31 00:00:00,,https://img.a.transfermarkt.technology/portrait/header/default.jpg?lm=1,,,,https://www.transfermarkt.co.uk/kaique-pereira/profil/spieler/1263464,BRA1,S. A. F. Botafogo,,,537,botafogo-rio-de-janeiro,S. A. F. Botafogo,BRA1,,34,26.2,13,38.2,5,Estádio Olímpico Nilton Santos,46931,+€40.04m,,2025,../data/raw/transfermarkt-scraper/2025/clubs.json.gz,https://www.transfermarkt.co.uk/botafogo-rio-de-janeiro/startseite/verein/537,kaique pereira,False,,,,,,,,,,,,,,,,,,,,,
1265346,,Gustavo Ulguim,Gustavo Ulguim,2024,10010,gustavo-ulguim,Brazil,Porto Alegre,Brazil,2006-06-22 00:00:00,Left Winger,Attack,right,,,Prattes Group,https://img.a.transfermarkt.technology/portrait/header/1265346-1772290500.png?lm=1,,,,https://www.transfermarkt.co.uk/gustavo-ulguim/profil/spieler/1265346,BRA1,Esporte Clube Bahia,,,10010,esporte-clube-bahia,Esporte Clube Bahia,BRA1,,32,26.6,9,28.1,3,Arena Fonte Nova,47364,+€8.14m,,2025,../data/raw/transfermarkt-scraper/2025/clubs.json.gz,https://www.transfermarkt.co.uk/esporte-clube-bahia/startseite/verein/10010,gustavo ulguim,False,,,,,,,,,,,,,,,,,,,,,
1268048,,Luis Pacheco,Luis Pacheco,2025,1023,luis-pacheco,Brazil,Lajeado,Brazil,2008-02-02 00:00:00,Defensive Midfield,Midfield,right,180.0,2029-12-31 00:00:00,GlobalSportsLtda,https://img.a.transfermarkt.technology/portrait/header/1268048-1761612108.png?lm=1,1.0,0.0,,https://www.transfermarkt.co.uk/luis-pacheco/profil/spieler/1268048,BRA1,Sociedade Esportiva Palmeiras,500000.0,500000.0,1023,se-palmeiras-sao-paulo,Sociedade Esportiva Palmeiras,BRA1,,31,25.9,9,29.0,10,Nubank Parque,43713,+€31.54m,,2025,../data/raw/transfermarkt-scraper/2025/clubs.json.gz,https://www.transfermarkt.co.uk/se-palmeiras-sao-paulo/startseite/verein/1023,luis pacheco,False,,,,,,,,,,,,,,,,,,,,,
1269378,,Lucca,Lucca,2025,585,lucca,Brazil,São Paulo,Brazil,2007-06-14 00:00:00,Left Winger,Attack,right,172.0,2028-04-30 00:00:00,Dodici Sports BR,https://img.a.transfermarkt.technology/portrait/header/1269378-1748533346.jpg?lm=1,2.0,0.0,,https://www.transfermarkt.co.uk/lucca/profil/spieler/1269378,BRA1,São Paulo Futebol Clube,3000000.0,3000000.0,585,fc-sao-paulo,São Paulo Futebol Clube,BRA1,,42,26.4,9,21.4,3,MorumBIS,72039,+€24.69m,,2025,../data/raw/transfermarkt-scraper/2025/clubs.json.gz,https://www.transfermarkt.co.uk/fc-sao-paulo/startseite/verein/585,lucca,False,lucca holanda,Lucca Holanda,FW,Internacional,299.0,0.0,0.0,0.1,0.2,2.0,4.0,8.0,2.0,5.0,0.0,3.0,2.0,0.0,0.0,lucca holanda,True
1275068,Kauã,Prates,Kauã Prates,2025,609,kaua-prates,Brazil,Montanha,Brazil,2008-08-12 00:00:00,Left-Back,Defender,left,184.0,2027-12-31 00:00:00,Trust Football ,https://img.a.transfermarkt.technology/portrait/header/1275068-1758849185.png?lm=1,2.0,0.0,,https://www.transfermarkt.co.uk/kaua-prates/profil/spieler/1275068,BRA1,Cruzeiro Esporte Clube,10000000.0,10000000.0,609,ec-cruzeiro-belo-horizonte,Cruzeiro Esporte Clube,BRA1,,30,26.8,7,23.3,3,Estádio Governador Magalhães Pinto,61927,€-36.26m,,2025,../data/raw/transfermarkt-scraper/2025/clubs.json.gz,https://www.transfermarkt.co.uk/ec-cruzeiro-belo-horizonte/startseite/verein/609,kaua prates,False,,,,,,,,,,,,,,,,,,,,,
1275117,,Kaio,Kaio,2024,2462,kaio,,,Brazil,2007-02-19 00:00:00,Right-Back,Defender,right,,,,https://img.a.transfermarkt.technology/portrait/header/default.jpg?lm=1,,,,https://www.transfermarkt.co.uk/kaio/profil/spieler/1275117,BRA1,Fluminense Football Club,,,2462,fluminense-rio-de-janeiro,Fluminense Football Club,BRA1,,33,29.7,11,33.3,4,Estádio Jornalista Mário Filho,82238,€-6.76m,,2025,../data/raw/transfermarkt-scraper/2025/clubs.json.gz,https://www.transfermarkt.co.uk/fluminense-rio-de-janeiro/startseite/verein/2462,kaio,False,,,,,,,,,,,,,,,,,,,,,
1275143,,Rafael Vargas,Rafael Vargas,2024,614,rafael-vargas,,,Brazil,2005-10-10 00:00:00,Attacking Midfield,Midfield,right,175.0,,,https://img.a.transfermarkt.technology/portrait/header/default.jpg?lm=1,,,,https://www.transfermarkt.co.uk/rafael-vargas/profil/spieler/1275143,BRA1,Clube de Regatas do Flamengo,,,614,flamengo-rio-de-janeiro,Clube de Regatas do Flamengo,BRA1,,28,28.8,9,32.1,10,Estádio Jornalista Mário Filho,82238,€-13.92m,,2025,../data/raw/transfermarkt-scraper/2025/clubs.json.gz,https://www.transfermarkt.co.uk/flamengo-rio-de-janeiro/startseite/verein/614,rafael vargas,False,,,,,,,,,,,,,,,,,,,,,
1275582,,Pedro Oliveira,Pedro Oliveira,2024,330,pedro-oliveira,,,Brazil,2006-04-20 00:00:00,Left-Back,Defender,left,,,,https://img.a.transfermarkt.technology/portrait/header/default.jpg?lm=1,,,,https://www.transfermarkt.co.uk/pedro-oliveira/profil/spieler/1275582,BRA1,Clube Atlético Mineiro,,,330,clube-atletico-mineiro,Clube Atlético Mineiro,BRA1,,33,25.7,9,27.3,6,Arena MRV,44892,€-1.24m,,2025,../data/raw/transfermarkt-scraper/2025/clubs.json.gz,https://www.transfermarkt.co.uk/clube-atletico-mineiro/startseite/verein/330,pedro oliveira,False,,,,,,,,,,,,,,,,,,,,,
1277007,,Gusttavo Sousa,Gusttavo Sousa,2024,614,gusttavo-sousa,Brazil,Riachão,Brazil,2006-01-10 00:00:00,Right-Back,Defender,right,175.0,,GL Management,https://img.a.transfermarkt.technology/portrait/header/default.jpg?lm=1,,,,https://www.transfermarkt.co.uk/gusttavo-sousa/profil/spieler/1277007,BRA1,Clube de Regatas do Flamengo,,,614,flamengo-rio-de-janeiro,Clube de Regatas do Flamengo,BRA1,,28,28.8,9,32.1,10,Estádio Jornalista Mário Filho,82238,€-13.92m,,2025,../data/raw/transfermarkt-scraper/2025/clubs.json.gz,https://www.transfermarkt.co.uk/flamengo-rio-de-janeiro/startseite/verein/614,gusttavo sousa,False,,,,,,,,,,,,,,,,,,,,,
1279322,,Lucas Emanoel,Lucas Emanoel,2024,10870,lucas-emanoel,Brazil,Rio de Janeiro,Brazil,2006-07-14 00:00:00,Attacking Midfield,Midfield,left,,,,https://img.a.transfermarkt.technology/portrait/header/default.jpg?lm=1,,,,https://www.transfermarkt.co.uk/lucas-emanoel/profil/spieler/1279322,BRA1,Fortaleza Esporte Clube,,,10870,fortaleza-esporte-clube,Fortaleza Esporte Clube,BRA1,,29,27.1,5,17.2,0,Estádio Governador Plácido Castelo,63904,+€6.25m,Juan Pablo Vojvoda,2024,../data/raw/transfermarkt-scraper/2024/clubs.json.gz,https://www.transfermarkt.co.uk/fortaleza-esporte-clube/startseite/verein/10870,lucas emanoel,False,,,,,,,,,,,,,,,,,,,,,
1279908,,Wallace Davi,Wallace Davi,2025,537,wallace-davi,Brazil,Guapimirim,Brazil,2007-05-10 00:00:00,Defensive Midfield,Midfield,right,185.0,2029-12-31 00:00:00,Promanager,https://img.a.transfermarkt.technology/portrait/header/1279908-1766773174.png?lm=1,,,,https://www.transfermarkt.co.uk/wallace-davi/profil/spieler/1279908,BRA1,S. A. F. Botafogo,1000000.0,1000000.0,537,botafogo-rio-de-janeiro,S. A. F. Botafogo,BRA1,,34,26.2,13,38.2,5,Estádio Olímpico Nilton Santos,46931,+€40.04m,,2025,../data/raw/transfermarkt-scraper/2025/clubs.json.gz,https://www.transfermarkt.co.uk/botafogo-rio-de-janeiro/startseite/verein/537,wallace davi,False,,,,,,,,,,,,,,,,,,,,,
1279930,,Bruno Lopes,Bruno Lopes,2024,978,bruno-lopes,Brazil,Tupã,Brazil,2007-07-25 00:00:00,Centre-Forward,Attack,right,182.0,2029-01-31 00:00:00,LINK SPORTS,https://img.a.transfermarkt.technology/portrait/header/default.jpg?lm=1,,,,https://www.transfermarkt.co.uk/bruno-lopes/profil/spieler/1279930,BRA1,Club de Regatas Vasco da Gama,,,978,vasco-da-gama-rio-de-janeiro,Club de Regatas Vasco da Gama,BRA1,,32,26.1,10,31.3,5,Estádio São Januário,24584,+€23.85m,,2025,../data/raw/transfermarkt-scraper/2025/clubs.json.gz,https://www.transfermarkt.co.uk/vasco-da-gama-rio-de-janeiro/startseite/verein/978,bruno lopes,True,bruno lopes,Bruno Lopes,RW,Vasco da Gama,11.0,0.0,0.0,0.0,0.0,0.0,0.0,2.0,1.0,0.0,0.0,1.0,0.0,1.0,0.0,bruno lopes,True
1284051,,Cauã Zappelini,Cauã Zappelini,2024,537,caua-zappelini,Brazil,Tubarão,Brazil,2007-03-26 00:00:00,Attacking Midfield,Midfield,both,,,,https://img.a.transfermarkt.technology/portrait/header/default.jpg?lm=1,,,,https://www.transfermarkt.co.uk/caua-zappelini/profil/spieler/1284051,BRA1,S. A. F. Botafogo,,,537,botafogo-rio-de-janeiro,S. A. F. Botafogo,BRA1,,34,26.2,13,38.2,5,Estádio Olímpico Nilton Santos,46931,+€40.04m,,2025,../data/raw/transfermarkt-scraper/2025/clubs.json.gz,https://www.transfermarkt.co.uk/botafogo-rio-de-janeiro/startseite/verein/537,caua zappelini,False,,,,,,,,,,,,,,,,,,,,,
1284052,,Marquinhos,Marquinhos,2024,537,marquinhos,Brazil,Rio de Janeiro,Brazil,2007-02-15 00:00:00,Defensive Midfield,Midfield,right,185.0,,,https://img.a.transfermarkt.technology/portrait/header/default.jpg?lm=1,,,,https://www.transfermarkt.co.uk/marquinhos/profil/spieler/1284052,BRA1,S. A. F. Botafogo,,,537,botafogo-rio-de-janeiro,S. A. F. Botafogo,BRA1,,34,26.2,13,38.2,5,Estádio Olímpico Nilton Santos,46931,+€40.04m,,2025,../data/raw/transfermarkt-scraper/2025/clubs.json.gz,https://www.transfermarkt.co.uk/botafogo-rio-de-janeiro/startseite/verein/537,marquinhos,True,,,,,,,,,,,,,,,,,,,,,
1285798,,Tiaguinho,Tiaguinho,2025,210,tiaguinho,Brazil,Joinville,Brazil,2008-02-02 00:00:00,Central Midfield,Midfield,both,176.0,2027-07-13 00:00:00,,https://img.a.transfermarkt.technology/portrait/header/1285798-1762440562.jpg?lm=1,1.0,0.0,,https://www.transfermarkt.co.uk/tiaguinho/profil/spieler/1285798,BRA1,Grêmio Foot-Ball Porto Alegrense,500000.0,500000.0,210,gremio-porto-alegre,Grêmio Foot-Ball Porto Alegrense,BRA1,,34,26.5,11,32.4,3,Arena do Grêmio,60540,€-6.38m,,2025,../data/raw/transfermarkt-scraper/2025/clubs.json.gz,https://www.transfermarkt.co.uk/gremio-porto-alegre/startseite/verein/210,tiaguinho,False,,,,,,,,,,,,,,,,,,,,,
1297910,,Rayan Lelis,Rayan Lelis,2024,609,rayan-lelis,Brazil,Goiânia,Brazil,2007-01-19 00:00:00,Right Winger,Attack,right,,2030-12-31 00:00:00,MW Sports,https://img.a.transfermarkt.technology/portrait/header/1297910-1769128820.png?lm=1,,,,https://www.transfermarkt.co.uk/rayan-lelis/profil/spieler/1297910,BRA1,Cruzeiro Esporte Clube,,,609,ec-cruzeiro-belo-horizonte,Cruzeiro Esporte Clube,BRA1,,30,26.8,7,23.3,3,Estádio Governador Magalhães Pinto,61927,€-36.26m,,2025,../data/raw/transfermarkt-scraper/2025/clubs.json.gz,https://www.transfermarkt.co.uk/ec-cruzeiro-belo-horizonte/startseite/verein/609,rayan lelis,False,,,,,,,,,,,,,,,,,,,,,
1307874,,Micael,Micael,2024,8718,micael,,,Brazil,2006-02-10 00:00:00,,Missing,both,,,CAD,https://img.a.transfermarkt.technology/portrait/header/default.jpg?lm=1,,,,https://www.transfermarkt.co.uk/micael/profil/spieler/1307874,BRA1,Sport Club do Recife,,,8718,sport-club-do-recife,Sport Club do Recife,BRA1,,29,27.1,1,3.4,0,Estádio Adelmar da Costa Carvalho,35000,+€2.95m,Mariano Soso,2024,../data/raw/transfermarkt-scraper/2024/clubs.json.gz,https://www.transfermarkt.co.uk/sport-club-do-recife/startseite/verein/8718,micael,False,,,,,,,,,,,,,,,,,,,,,
1311456,,Ryan Augusto,Ryan Augusto,2025,8793,ryan-augusto,,,Brazil,2007-09-04 00:00:00,Right-Back,Defender,right,179.0,,ROGON U23,https://img.a.transfermarkt.technology/portrait/header/default.jpg?lm=1,2.0,0.0,,https://www.transfermarkt.co.uk/ryan-augusto/profil/spieler/1311456,BRA1,Red Bull Bragantino,1000000.0,1000000.0,8793,red-bull-bragantino,Red Bull Bragantino,BRA1,,39,25.6,9,23.1,3,Estádio Municipal Cicero De Souza Marques,12000,+€10.50m,,2025,../data/raw/transfermarkt-scraper/2025/clubs.json.gz,https://www.transfermarkt.co.uk/red-bull-bragantino/startseite/verein/8793,ryan augusto,False,,,,,,,,,,,,,,,,,,,,,
1311458,,Eduardo,Eduardo,2024,10870,eduardo,Brazil,Curitiba,Brazil,2006-01-07 00:00:00,Goalkeeper,Goalkeeper,right,,,JF AGENCIAMENTO,https://img.a.transfermarkt.technology/portrait/header/default.jpg?lm=1,,,,https://www.transfermarkt.co.uk/eduardo/profil/spieler/1311458,BRA1,Fortaleza Esporte Clube,,,10870,fortaleza-esporte-clube,Fortaleza Esporte Clube,BRA1,,29,27.1,5,17.2,0,Estádio Governador Plácido Castelo,63904,+€6.25m,Juan Pablo Vojvoda,2024,../data/raw/transfermarkt-scraper/2024/clubs.json.gz,https://www.transfermarkt.co.uk/fortaleza-esporte-clube/startseite/verein/10870,eduardo,False,,,,,,,,,,,,,,,,,,,,,
1312046,,Benjamin,Benjamin,2025,6600,benjamin,Ghana,Senya Beraku,Ghana,2006-05-29 00:00:00,Defensive Midfield,Midfield,right,168.0,2028-01-31 00:00:00,,https://img.a.transfermarkt.technology/portrait/header/1312046-1769161958.jpg?lm=1,,,,https://www.transfermarkt.co.uk/benjamin/profil/spieler/1312046,BRA1,Sport Club Internacional,,,6600,sc-internacional-porto-alegre,Sport Club Internacional,BRA1,,32,26.7,9,28.1,3,Estádio Beira-Rio,50848,+€41.39m,,2025,../data/raw/transfermarkt-scraper/2025/clubs.json.gz,https://www.transfermarkt.co.uk/sc-internacional-porto-alegre/startseite/verein/6600,benjamin,False,,,,,,,,,,,,,,,,,,,,,
1321884,,Joshua,Joshua,2024,614,joshua,Brazil,Rio de Janeiro,Brazil,2007-05-26 00:00:00,Attacking Midfield,Midfield,right,180.0,2029-12-31 00:00:00,Talents Sports,https://img.a.transfermarkt.technology/portrait/header/default.jpg?lm=1,,,,https://www.transfermarkt.co.uk/joshua/profil/spieler/1321884,BRA1,Clube de Regatas do Flamengo,,,614,flamengo-rio-de-janeiro,Clube de Regatas do Flamengo,BRA1,,28,28.8,9,32.1,10,Estádio Jornalista Mário Filho,82238,€-13.92m,,2025,../data/raw/transfermarkt-scraper/2025/clubs.json.gz,https://www.transfermarkt.co.uk/flamengo-rio-de-janeiro/startseite/verein/614,joshua,False,,,,,,,,,,,,,,,,,,,,,
1328021,,Dell,Dell,2025,10010,dell,Brazil,Estância,Brazil,2008-06-09 00:00:00,Centre-Forward,Attack,right,174.0,2028-12-31 00:00:00,Bertolucci Sports,https://img.a.transfermarkt.technology/portrait/header/1328021-1761655044.png?lm=1,14.0,7.0,,https://www.transfermarkt.co.uk/dell/profil/spieler/1328021,BRA1,Esporte Clube Bahia,4000000.0,4000000.0,10010,esporte-clube-bahia,Esporte Clube Bahia,BRA1,,32,26.6,9,28.1,3,Arena Fonte Nova,47364,+€8.14m,,2025,../data/raw/transfermarkt-scraper/2025/clubs.json.gz,https://www.transfermarkt.co.uk/esporte-clube-bahia/startseite/verein/10010,dell,False,,,,,,,,,,,,,,,,,,,,,
1339551,,Índio,Índio,2025,330,indio,Brazil,São Paulo,Brazil,2008-04-03 00:00:00,Central Midfield,Midfield,both,180.0,,,https://img.a.transfermarkt.technology/portrait/header/1339551-1759166458.jpeg?lm=1,1.0,0.0,,https://www.transfermarkt.co.uk/indio/profil/spieler/1339551,BRA1,Clube Atlético Mineiro,,,330,clube-atletico-mineiro,Clube Atlético Mineiro,BRA1,,33,25.7,9,27.3,6,Arena MRV,44892,€-1.24m,,2025,../data/raw/transfermarkt-scraper/2025/clubs.json.gz,https://www.transfermarkt.co.uk/clube-atletico-mineiro/startseite/verein/330,indio,False,,,,,,,,,,,,,,,,,,,,,
1339559,,Wesley Natã,Wesley Natã,2024,2462,wesley-nata,Brazil,Rio de Janeiro,Brazil,2008-04-18 00:00:00,Left Winger,Attack,right,173.0,2028-05-31 00:00:00,LIFEPRO,https://img.a.transfermarkt.technology/portrait/header/default.jpg?lm=1,5.0,0.0,,https://www.transfermarkt.co.uk/wesley-nata/profil/spieler/1339559,BRA1,Fluminense Football Club,,,2462,fluminense-rio-de-janeiro,Fluminense Football Club,BRA1,,33,29.7,11,33.3,4,Estádio Jornalista Mário Filho,82238,€-6.76m,,2025,../data/raw/transfermarkt-scraper/2025/clubs.json.gz,https://www.transfermarkt.co.uk/fluminense-rio-de-janeiro/startseite/verein/2462,wesley nata,False,,,,,,,,,,,,,,,,,,,,,
1344099,,João Marcelo,João Marcelo,2024,330,joao-marcelo,Brazil,Planura,Brazil,2005-04-15 00:00:00,Centre-Forward,Attack,right,182.0,,GG Esportes,https://img.a.transfermarkt.technology/portrait/header/1344099-1739442252.jpg?lm=1,,,,https://www.transfermarkt.co.uk/joao-marcelo/profil/spieler/1344099,BRA1,Clube Atlético Mineiro,,,330,clube-atletico-mineiro,Clube Atlético Mineiro,BRA1,,33,25.7,9,27.3,6,Arena MRV,44892,€-1.24m,,2025,../data/raw/transfermarkt-scraper/2025/clubs.json.gz,https://www.transfermarkt.co.uk/clube-atletico-mineiro/startseite/verein/330,joao marcelo,True,,,,,,,,,,,,,,,,,,,,,
1355257,,Bruno André,Bruno André,2024,978,bruno-andre,,,Brazil,2007-01-02 00:00:00,Centre-Back,Defender,right,,,,https://img.a.transfermarkt.technology/portrait/header/default.jpg?lm=1,,,,https://www.transfermarkt.co.uk/bruno-andre/profil/spieler/1355257,BRA1,Club de Regatas Vasco da Gama,,,978,vasco-da-gama-rio-de-janeiro,Club de Regatas Vasco da Gama,BRA1,,32,26.1,10,31.3,5,Estádio São Januário,24584,+€23.85m,,2025,../data/raw/transfermarkt-scraper/2025/clubs.json.gz,https://www.transfermarkt.co.uk/vasco-da-gama-rio-de-janeiro/startseite/verein/978,bruno andre,False,,,,,,,,,,,,,,,,,,,,,
1355258,,Riquelme Avellar,Riquelme Avellar,2024,978,riquelme-avellar,Brazil,Rio de Janeiro,Brazil,2006-03-08 00:00:00,Left-Back,Defender,left,,,,https://img.a.transfermarkt.technology/portrait/header/default.jpg?lm=1,,,,https://www.transfermarkt.co.uk/riquelme-avellar/profil/spieler/1355258,BRA1,Club de Regatas Vasco da Gama,,,978,vasco-da-gama-rio-de-janeiro,Club de Regatas Vasco da Gama,BRA1,,32,26.1,10,31.3,5,Estádio São Januário,24584,+€23.85m,,2025,../data/raw/transfermarkt-scraper/2025/clubs.json.gz,https://www.transfermarkt.co.uk/vasco-da-gama-rio-de-janeiro/startseite/verein/978,riquelme avellar,False,,,,,,,,,,,,,,,,,,,,,
1355262,,JV Fonseca,JV Fonseca,2025,978,jv-fonseca,,,Brazil,2005-05-29 00:00:00,Right-Back,Defender,right,170.0,2028-12-31 00:00:00,,https://img.a.transfermarkt.technology/portrait/header/default.jpg?lm=1,,,,https://www.transfermarkt.co.uk/jv-fonseca/profil/spieler/1355262,BRA1,Club de Regatas Vasco da Gama,,,978,vasco-da-gama-rio-de-janeiro,Club de Regatas Vasco da Gama,BRA1,,32,26.1,10,31.3,5,Estádio São Januário,24584,+€23.85m,,2025,../data/raw/transfermarkt-scraper/2025/clubs.json.gz,https://www.transfermarkt.co.uk/vasco-da-gama-rio-de-janeiro/startseite/verein/978,jv fonseca,False,,,,,,,,,,,,,,,,,,,,,
1355263,,Pedro Augusto,Pedro Augusto,2024,978,pedro-augusto,,,Brazil,2008-02-29 00:00:00,,Missing,right,,,Brasil 4 You,https://img.a.transfermarkt.technology/portrait/header/1355263-1764292733.jpg?lm=1,,,,https://www.transfermarkt.co.uk/pedro-augusto/profil/spieler/1355263,BRA1,Club de Regatas Vasco da Gama,,,978,vasco-da-gama-rio-de-janeiro,Club de Regatas Vasco da Gama,BRA1,,32,26.1,10,31.3,5,Estádio São Januário,24584,+€23.85m,,2025,../data/raw/transfermarkt-scraper/2025/clubs.json.gz,https://www.transfermarkt.co.uk/vasco-da-gama-rio-de-janeiro/startseite/verein/978,pedro augusto,False,,,,,,,,,,,,,,,,,,,,,
1355268,,Luis Eduardo,Luis Eduardo,2025,210,luis-eduardo,Brazil,Corrente,Brazil,2008-01-16 00:00:00,Centre-Back,Defender,right,188.0,2028-05-31 00:00:00,Bertolucci Sports,https://img.a.transfermarkt.technology/portrait/header/1355268-1761655624.png?lm=1,13.0,3.0,,https://www.transfermarkt.co.uk/luis-eduardo/profil/spieler/1355268,BRA1,Grêmio Foot-Ball Porto Alegrense,,,210,gremio-porto-alegre,Grêmio Foot-Ball Porto Alegrense,BRA1,,34,26.5,11,32.4,3,Arena do Grêmio,60540,€-6.38m,,2025,../data/raw/transfermarkt-scraper/2025/clubs.json.gz,https://www.transfermarkt.co.uk/gremio-porto-alegre/startseite/verein/210,luis eduardo,False,,,,,,,,,,,,,,,,,,,,,
1355275,,Pedro Bezerra,Pedro Bezerra,2024,585,pedro-bezerra,,,Brazil,2007-01-15 00:00:00,Defensive Midfield,Midfield,right,175.0,2029-12-31 00:00:00,,https://img.a.transfermarkt.technology/portrait/header/1355275-1759491568.jpeg?lm=1,,,,https://www.transfermarkt.co.uk/pedro-bezerra/profil/spieler/1355275,BRA1,São Paulo Futebol Clube,,,585,fc-sao-paulo,São Paulo Futebol Clube,BRA1,,42,26.4,9,21.4,3,MorumBIS,72039,+€24.69m,,2025,../data/raw/transfermarkt-scraper/2025/clubs.json.gz,https://www.transfermarkt.co.uk/fc-sao-paulo/startseite/verein/585,pedro bezerra,False,,,,,,,,,,,,,,,,,,,,,
1355277,,Tetê,Tetê,2025,585,tete,Brazil,São Paulo,Brazil,2007-04-14 00:00:00,Left Winger,Attack,both,172.0,2029-09-30 00:00:00,VERO Sports,https://img.a.transfermarkt.technology/portrait/header/1355277-1759453433.jpeg?lm=1,2.0,0.0,,https://www.transfermarkt.co.uk/tete/profil/spieler/1355277,BRA1,São Paulo Futebol Clube,1000000.0,1000000.0,585,fc-sao-paulo,São Paulo Futebol Clube,BRA1,,42,26.4,9,21.4,3,MorumBIS,72039,+€24.69m,,2025,../data/raw/transfermarkt-scraper/2025/clubs.json.gz,https://www.transfermarkt.co.uk/fc-sao-paulo/startseite/verein/585,tete,False,,,,,,,,,,,,,,,,,,,,,
1355333,,Dedezinho,Dedezinho,2024,8718,dedezinho,,,Brazil,2006-03-09 00:00:00,Central Midfield,Midfield,right,178.0,2027-12-31 00:00:00,CRM,https://img.a.transfermarkt.technology/portrait/header/default.jpg?lm=1,,,,https://www.transfermarkt.co.uk/dedezinho/profil/spieler/1355333,BRA1,Sport Club do Recife,,,8718,sport-club-do-recife,Sport Club do Recife,BRA1,,29,27.1,1,3.4,0,Estádio Adelmar da Costa Carvalho,35000,+€2.95m,Mariano Soso,2024,../data/raw/transfermarkt-scraper/2024/clubs.json.gz,https://www.transfermarkt.co.uk/sport-club-do-recife/startseite/verein/8718,dedezinho,False,,,,,,,,,,,,,,,,,,,,,
1355364,,Vagno,Vagno,2024,2462,vagno,Brazil,Cuiabá,Brazil,2007-09-26 00:00:00,Left-Back,Defender,left,,,,https://img.a.transfermarkt.technology/portrait/header/default.jpg?lm=1,,,,https://www.transfermarkt.co.uk/vagno/profil/spieler/1355364,BRA1,Fluminense Football Club,,,2462,fluminense-rio-de-janeiro,Fluminense Football Club,BRA1,,33,29.7,11,33.3,4,Estádio Jornalista Mário Filho,82238,€-6.76m,,2025,../data/raw/transfermarkt-scraper/2025/clubs.json.gz,https://www.transfermarkt.co.uk/fluminense-rio-de-janeiro/startseite/verein/2462,vagno,False,,,,,,,,,,,,,,,,,,,,,
1355365,,Keven Samuel,Keven Samuel,2024,2462,keven-samuel,Brazil,Queimados,Brazil,2007-01-26 00:00:00,Centre-Forward,Attack,right,179.0,,OTB Sports,https://img.a.transfermarkt.technology/portrait/header/default.jpg?lm=1,,,,https://www.transfermarkt.co.uk/keven-samuel/profil/spieler/1355365,BRA1,Fluminense Football Club,,,2462,fluminense-rio-de-janeiro,Fluminense Football Club,BRA1,,33,29.7,11,33.3,4,Estádio Jornalista Mário Filho,82238,€-6.76m,,2025,../data/raw/transfermarkt-scraper/2025/clubs.json.gz,https://www.transfermarkt.co.uk/fluminense-rio-de-janeiro/startseite/verein/2462,keven samuel,False,,,,,,,,,,,,,,,,,,,,,
1355385,,Robinho Junior,Robinho Junior,2025,221,robinho-junior,Brazil,Santos,Brazil,2007-12-17 00:00:00,Right Winger,Attack,both,170.0,2027-04-30 00:00:00,,https://img.a.transfermarkt.technology/portrait/header/1355385-1754438319.jpg?lm=1,,,,https://www.transfermarkt.co.uk/robinho-junior/profil/spieler/1355385,BRA1,Santos Futebol Clube,5000000.0,5000000.0,221,fc-santos,Santos Futebol Clube,BRA1,,37,26.7,9,24.3,4,Estádio Urbano Caldeira,16068,+€7.21m,,2025,../data/raw/transfermarkt-scraper/2025/clubs.json.gz,https://www.transfermarkt.co.uk/fc-santos/startseite/verein/221,robinho junior,False,,,,,,,,,,,,,,,,,,,,,
1355412,,Bruninho,Bruninho,2024,2029,bruninho,,,Brazil,2007-07-23 00:00:00,,Missing,right,,,,https://img.a.transfermarkt.technology/portrait/header/default.jpg?lm=1,,,,https://www.transfermarkt.co.uk/bruninho/profil/spieler/1355412,BRA1,Ceará Sporting Club,,,2029,ceara-sporting-club,Ceará Sporting Club,BRA1,,29,28.0,2,6.9,0,Estádio Governador Plácido Castelo,63904,+€2.30m,Anderson Batatais,2024,../data/raw/transfermarkt-scraper/2024/clubs.json.gz,https://www.transfermarkt.co.uk/ceara-sporting-club/startseite/verein/2029,bruninho,True,,,,,,,,,,,,,,,,,,,,,
1355429,,Raykkonen,Raykkonen,2025,6600,raykkonen,Brazil,Mãe do Rio,Brazil,2008-07-13 00:00:00,Centre-Forward,Attack,right,187.0,2029-02-01 00:00:00,Pantera Sport,https://img.a.transfermarkt.technology/portrait/header/1355429-1756950929.jpg?lm=1,,,,https://www.transfermarkt.co.uk/raykkonen/profil/spieler/1355429,BRA1,Sport Club Internacional,1000000.0,1000000.0,6600,sc-internacional-porto-alegre,Sport Club Internacional,BRA1,,32,26.7,9,28.1,3,Estádio Beira-Rio,50848,+€41.39m,,2025,../data/raw/transfermarkt-scraper/2025/clubs.json.gz,https://www.transfermarkt.co.uk/sc-internacional-porto-alegre/startseite/verein/6600,raykkonen,False,,,,,,,,,,,,,,,,,,,,,
1355484,,Kauã Pascini,Kauã Pascini,2025,330,kaua-pascini,Brazil,Vitória,Brazil,2008-03-05 00:00:00,Left-Back,Defender,left,172.0,2030-12-31 00:00:00,,https://img.a.transfermarkt.technology/portrait/header/1355484-1768236106.jpg?lm=1,1.0,0.0,,https://www.transfermarkt.co.uk/kaua-pascini/profil/spieler/1355484,BRA1,Clube Atlético Mineiro,500000.0,500000.0,330,clube-atletico-mineiro,Clube Atlético Mineiro,BRA1,,33,25.7,9,27.3,6,Arena MRV,44892,€-1.24m,,2025,../data/raw/transfermarkt-scraper/2025/clubs.json.gz,https://www.transfermarkt.co.uk/clube-atletico-mineiro/startseite/verein/330,kaua pascini,False,,,,,,,,,,,,,,,,,,,,,
1355486,,Vitão,Vitão,2025,330,vitao,Brazil,Belo Horizonte,Brazil,2008-03-04 00:00:00,Centre-Back,Defender,right,194.0,2028-12-31 00:00:00,L10,https://img.a.transfermarkt.technology/portrait/header/1355486-1759166330.jpeg?lm=1,1.0,0.0,,https://www.transfermarkt.co.uk/vitao/profil/spieler/1355486,BRA1,Clube Atlético Mineiro,,,330,clube-atletico-mineiro,Clube Atlético Mineiro,BRA1,,33,25.7,9,27.3,6,Arena MRV,44892,€-1.24m,,2025,../data/raw/transfermarkt-scraper/2025/clubs.json.gz,https://www.transfermarkt.co.uk/clube-atletico-mineiro/startseite/verein/330,vitao,True,,,,,,,,,,,,,,,,,,,,,
1355776,,Saymon,Saymon,2024,10010,saymon,,,Brazil,2007-03-07 00:00:00,Defensive Midfield,Midfield,left,,,Brazil Football,https://img.a.transfermarkt.technology/portrait/header/1355776-1769176617.png?lm=1,,,,https://www.transfermarkt.co.uk/saymon/profil/spieler/1355776,BRA1,Esporte Clube Bahia,,,10010,esporte-clube-bahia,Esporte Clube Bahia,BRA1,,32,26.6,9,28.1,3,Arena Fonte Nova,47364,+€8.14m,,2025,../data/raw/transfermarkt-scraper/2025/clubs.json.gz,https://www.transfermarkt.co.uk/esporte-clube-bahia/startseite/verein/10010,saymon,False,,,,,,,,,,,,,,,,,,,,,
1355787,,Guilherme Soares,Guilherme Soares,2024,10010,guilherme-soares,,,Brazil,2007-03-04 00:00:00,Central Midfield,Midfield,both,,2028-02-15 00:00:00,Pantera Sport,https://img.a.transfermarkt.technology/portrait/header/1355787-1769167313.png?lm=1,,,,https://www.transfermarkt.co.uk/guilherme-soares/profil/spieler/1355787,BRA1,Esporte Clube Bahia,,,10010,esporte-clube-bahia,Esporte Clube Bahia,BRA1,,32,26.6,9,28.1,3,Arena Fonte Nova,47364,+€8.14m,,2025,../data/raw/transfermarkt-scraper/2025/clubs.json.gz,https://www.transfermarkt.co.uk/esporte-clube-bahia/startseite/verein/10010,guilherme soares,False,,,,,,,,,,,,,,,,,,,,,
1355789,,Daniel Lima,Daniel Lima,2024,10010,daniel-lima,,,Brazil,2007-08-15 00:00:00,Left-Back,Defender,left,,,MR Sports Agency,https://img.a.transfermarkt.technology/portrait/header/1355789-1769167924.png?lm=1,,,,https://www.transfermarkt.co.uk/daniel-lima/profil/spieler/1355789,BRA1,Esporte Clube Bahia,,,10010,esporte-clube-bahia,Esporte Clube Bahia,BRA1,,32,26.6,9,28.1,3,Arena Fonte Nova,47364,+€8.14m,,2025,../data/raw/transfermarkt-scraper/2025/clubs.json.gz,https://www.transfermarkt.co.uk/esporte-clube-bahia/startseite/verein/10010,daniel lima,False,,,,,,,,,,,,,,,,,,,,,
1355835,,Pedro Fachinetti,Pedro Fachinetti,2024,614,pedro-fachinetti,,,Brazil,2007-12-07 00:00:00,Centre-Back,Defender,right,192.0,,Cala Sports,https://img.a.transfermarkt.technology/portrait/header/default.jpg?lm=1,,,,https://www.transfermarkt.co.uk/pedro-fachinetti/profil/spieler/1355835,BRA1,Clube de Regatas do Flamengo,,,614,flamengo-rio-de-janeiro,Clube de Regatas do Flamengo,BRA1,,28,28.8,9,32.1,10,Estádio Jornalista Mário Filho,82238,€-13.92m,,2025,../data/raw/transfermarkt-scraper/2025/clubs.json.gz,https://www.transfermarkt.co.uk/flamengo-rio-de-janeiro/startseite/verein/614,pedro fachinetti,False,,,,,,,,,,,,,,,,,,,,,
1355836,,Lucas Vieira,Lucas Vieira,2024,614,lucas-vieira,Brazil,Fortaleza,Brazil,2007-03-08 00:00:00,Defensive Midfield,Midfield,right,178.0,,Carlos Leite,https://img.a.transfermarkt.technology/portrait/header/default.jpg?lm=1,,,,https://www.transfermarkt.co.uk/lucas-vieira/profil/spieler/1355836,BRA1,Clube de Regatas do Flamengo,,,614,flamengo-rio-de-janeiro,Clube de Regatas do Flamengo,BRA1,,28,28.8,9,32.1,10,Estádio Jornalista Mário Filho,82238,€-13.92m,,2025,../data/raw/transfermarkt-scraper/2025/clubs.json.gz,https://www.transfermarkt.co.uk/flamengo-rio-de-janeiro/startseite/verein/614,lucas vieira,False,,,,,,,,,,,,,,,,,,,,,
1355838,,João Camargo,João Camargo,2024,614,joao-camargo,,,Brazil,2007-04-12 00:00:00,Centre-Forward,Attack,both,186.0,,Madeira Sports,https://img.a.transfermarkt.technology/portrait/header/default.jpg?lm=1,,,,https://www.transfermarkt.co.uk/joao-camargo/profil/spieler/1355838,BRA1,Clube de Regatas do Flamengo,,,614,flamengo-rio-de-janeiro,Clube de Regatas do Flamengo,BRA1,,28,28.8,9,32.1,10,Estádio Jornalista Mário Filho,82238,€-13.92m,,2025,../data/raw/transfermarkt-scraper/2025/clubs.json.gz,https://www.transfermarkt.co.uk/flamengo-rio-de-janeiro/startseite/verein/614,joao camargo,False,,,,,,,,,,,,,,,,,,,,,
1355839,,Wanderson Jr,Wanderson Jr,2024,614,wanderson-jr,,,Brazil,2007-10-17 00:00:00,Right-Back,Defender,right,,2028-12-31 00:00:00,,https://img.a.transfermarkt.technology/portrait/header/default.jpg?lm=1,,,,https://www.transfermarkt.co.uk/wanderson-jr/profil/spieler/1355839,BRA1,Clube de Regatas do Flamengo,,,614,flamengo-rio-de-janeiro,Clube de Regatas do Flamengo,BRA1,,28,28.8,9,32.1,10,Estádio Jornalista Mário Filho,82238,€-13.92m,,2025,../data/raw/transfermarkt-scraper/2025/clubs.json.gz,https://www.transfermarkt.co.uk/flamengo-rio-de-janeiro/startseite/verein/614,wanderson jr,False,,,,,,,,,,,,,,,,,,,,,
1360805,,Ramires,Ramires,2024,3876,ramires,Brazil,Juína,Brazil,2006-03-21 00:00:00,Left-Back,Defender,left,,,,https://img.a.transfermarkt.technology/portrait/header/default.jpg?lm=1,,,,https://www.transfermarkt.co.uk/ramires/profil/spieler/1360805,BRA1,Mirasol Futebol Clube,,,3876,mirassol-futebol-clube-sp-,Mirasol Futebol Clube,BRA1,,32,30.1,1,3.1,0,Estádio Municipal José María de Campos Maia,14534,+€1.67m,,2025,../data/raw/transfermarkt-scraper/2025/clubs.json.gz,https://www.transfermarkt.co.uk/mirassol-futebol-clube-sp-/startseite/verein/3876,ramires,False,,,,,,,,,,,,,,,,,,,,,
1360833,,Caio Valle,Caio Valle,2024,537,caio-valle,Brazil,São Gonçalo,Brazil,2007-10-11 00:00:00,Attacking Midfield,Midfield,left,,,7 Braga Sports,https://img.a.transfermarkt.technology/portrait/header/default.jpg?lm=1,,,,https://www.transfermarkt.co.uk/caio-valle/profil/spieler/1360833,BRA1,S. A. F. Botafogo,,,537,botafogo-rio-de-janeiro,S. A. F. Botafogo,BRA1,,34,26.2,13,38.2,5,Estádio Olímpico Nilton Santos,46931,+€40.04m,,2025,../data/raw/transfermarkt-scraper/2025/clubs.json.gz,https://www.transfermarkt.co.uk/botafogo-rio-de-janeiro/startseite/verein/537,caio valle,False,,,,,,,,,,,,,,,,,,,,,
1362167,,Kauan,Kauan,2024,2125,kauan,,,Brazil,2007-03-15 00:00:00,Centre-Back,Defender,right,189.0,,Proplay Partners,https://img.a.transfermarkt.technology/portrait/header/default.jpg?lm=1,,,,https://www.transfermarkt.co.uk/kauan/profil/spieler/1362167,BRA1,Esporte Clube Vitória,,,2125,esporte-clube-vitoria,Esporte Clube Vitória,BRA1,,39,28.3,7,17.9,0,Estádio Manoel Barradas,30793,+€1.36m,,2025,../data/raw/transfermarkt-scraper/2025/clubs.json.gz,https://www.transfermarkt.co.uk/esporte-clube-vitoria/startseite/verein/2125,kauan,True,,,,,,,,,,,,,,,,,,,,,
1362170,,Gean,Gean,2024,2125,gean,,,Brazil,2007-06-11 00:00:00,Right-Back,Defender,right,176.0,,,https://img.a.transfermarkt.technology/portrait/header/default.jpg?lm=1,,,,https://www.transfermarkt.co.uk/gean/profil/spieler/1362170,BRA1,Esporte Clube Vitória,,,2125,esporte-clube-vitoria,Esporte Clube Vitória,BRA1,,39,28.3,7,17.9,0,Estádio Manoel Barradas,30793,+€1.36m,,2025,../data/raw/transfermarkt-scraper/2025/clubs.json.gz,https://www.transfermarkt.co.uk/esporte-clube-vitoria/startseite/verein/2125,gean,False,,,,,,,,,,,,,,,,,,,,,
1362175,,Emanoel,Emanoel,2024,2125,emanoel,Brazil,Natal,Brazil,2007-12-27 00:00:00,,Missing,left,185.0,,,https://img.a.transfermarkt.technology/portrait/header/default.jpg?lm=1,,,,https://www.transfermarkt.co.uk/emanoel/profil/spieler/1362175,BRA1,Esporte Clube Vitória,,,2125,esporte-clube-vitoria,Esporte Clube Vitória,BRA1,,39,28.3,7,17.9,0,Estádio Manoel Barradas,30793,+€1.36m,,2025,../data/raw/transfermarkt-scraper/2025/clubs.json.gz,https://www.transfermarkt.co.uk/esporte-clube-vitoria/startseite/verein/2125,emanoel,False,,,,,,,,,,,,,,,,,,,,,
1362460,,João Victor,João Victor,2024,6600,joao-victor,Brazil,Rio de Janeiro,Brazil,2007-07-27 00:00:00,,Missing,right,178.0,,Pantera Sport,https://img.a.transfermarkt.technology/portrait/header/1362460-1769162264.jpg?lm=1,,,,https://www.transfermarkt.co.uk/joao-victor/profil/spieler/1362460,BRA1,Sport Club Internacional,,,6600,sc-internacional-porto-alegre,Sport Club Internacional,BRA1,,32,26.7,9,28.1,3,Estádio Beira-Rio,50848,+€41.39m,,2025,../data/raw/transfermarkt-scraper/2025/clubs.json.gz,https://www.transfermarkt.co.uk/sc-internacional-porto-alegre/startseite/verein/6600,joao victor,True,,,,,,,,,,,,,,,,,,,,,
1362701,,Pedro Ferreira,Pedro Ferreira,2025,585,pedro-ferreira,Brazil,Diadema,Brazil,2007-04-24 00:00:00,Attacking Midfield,Midfield,right,175.0,2029-04-30 00:00:00,Energy Sports,https://img.a.transfermarkt.technology/portrait/header/1362701-1759491658.jpeg?lm=1,2.0,0.0,,https://www.transfermarkt.co.uk/pedro-ferreira/profil/spieler/1362701,BRA1,São Paulo Futebol Clube,,,585,fc-sao-paulo,São Paulo Futebol Clube,BRA1,,42,26.4,9,21.4,3,MorumBIS,72039,+€24.69m,,2025,../data/raw/transfermarkt-scraper/2025/clubs.json.gz,https://www.transfermarkt.co.uk/fc-sao-paulo/startseite/verein/585,pedro ferreira,False,ferreira,Ferreira,LM,São Paulo,1230.0,5.0,1.0,3.1,1.6,57.0,76.0,94.0,50.0,69.0,2.0,26.0,11.0,4.0,0.0,ferreira,True
1362881,,Pedro Esli,Pedro Esli,2024,2029,pedro-esli,,,Brazil,2007-05-03 00:00:00,Attacking Midfield,Midfield,right,180.0,,Trust Football ,https://img.a.transfermarkt.technology/portrait/header/default.jpg?lm=1,,,,https://www.transfermarkt.co.uk/pedro-esli/profil/spieler/1362881,BRA1,Ceará Sporting Club,,,2029,ceara-sporting-club,Ceará Sporting Club,BRA1,,29,28.0,2,6.9,0,Estádio Governador Plácido Castelo,63904,+€2.30m,Anderson Batatais,2024,../data/raw/transfermarkt-scraper/2024/clubs.json.gz,https://www.transfermarkt.co.uk/ceara-sporting-club/startseite/verein/2029,pedro esli,False,,,,,,,,,,,,,,,,,,,,,
1363174,,Cauã Berrío,Cauã Berrío,2024,8718,caua-berrio,,,Brazil,2007-03-31 00:00:00,Right-Back,Defender,right,,,,https://img.a.transfermarkt.technology/portrait/header/1363174-1770464093.png?lm=1,,,,https://www.transfermarkt.co.uk/caua-berrio/profil/spieler/1363174,BRA1,Sport Club do Recife,,,8718,sport-club-do-recife,Sport Club do Recife,BRA1,,29,27.1,1,3.4,0,Estádio Adelmar da Costa Carvalho,35000,+€2.95m,Mariano Soso,2024,../data/raw/transfermarkt-scraper/2024/clubs.json.gz,https://www.transfermarkt.co.uk/sport-club-do-recife/startseite/verein/8718,caua berrio,False,,,,,,,,,,,,,,,,,,,,,
1363404,,Johnny Góes,Johnny Góes,2024,614,johnny-goes,,,Brazil,2007-03-27 00:00:00,Centre-Back,Defender,left,187.0,,,https://img.a.transfermarkt.technology/portrait/header/default.jpg?lm=1,,,,https://www.transfermarkt.co.uk/johnny-goes/profil/spieler/1363404,BRA1,Clube de Regatas do Flamengo,,,614,flamengo-rio-de-janeiro,Clube de Regatas do Flamengo,BRA1,,28,28.8,9,32.1,10,Estádio Jornalista Mário Filho,82238,€-13.92m,,2025,../data/raw/transfermarkt-scraper/2025/clubs.json.gz,https://www.transfermarkt.co.uk/flamengo-rio-de-janeiro/startseite/verein/614,johnny goes,False,,,,,,,,,,,,,,,,,,,,,
1363516,,Gabriel Abdias,Gabriel Abdias,2024,537,gabriel-abdias,Brazil,Rio de Janeiro,Brazil,2006-06-19 00:00:00,Left-Back,Defender,left,177.0,,Guadagno Sports,https://img.a.transfermarkt.technology/portrait/header/default.jpg?lm=1,,,,https://www.transfermarkt.co.uk/gabriel-abdias/profil/spieler/1363516,BRA1,S. A. F. Botafogo,,,537,botafogo-rio-de-janeiro,S. A. F. Botafogo,BRA1,,34,26.2,13,38.2,5,Estádio Olímpico Nilton Santos,46931,+€40.04m,,2025,../data/raw/transfermarkt-scraper/2025/clubs.json.gz,https://www.transfermarkt.co.uk/botafogo-rio-de-janeiro/startseite/verein/537,gabriel abdias,False,,,,,,,,,,,,,,,,,,,,,
1364573,,Huguinho,Huguinho,2025,537,huguinho,Brazil,Rio de Janeiro,Brazil,2007-06-04 00:00:00,Defensive Midfield,Midfield,right,170.0,2030-03-31 00:00:00,ML9 Sports,https://img.a.transfermarkt.technology/portrait/header/1364573-1780362024.jpg?lm=1,0.0,0.0,,https://www.transfermarkt.co.uk/huguinho/profil/spieler/1364573,BRA1,S. A. F. Botafogo,300000.0,300000.0,537,botafogo-rio-de-janeiro,S. A. F. Botafogo,BRA1,,34,26.2,13,38.2,5,Estádio Olímpico Nilton Santos,46931,+€40.04m,,2025,../data/raw/transfermarkt-scraper/2025/clubs.json.gz,https://www.transfermarkt.co.uk/botafogo-rio-de-janeiro/startseite/verein/537,huguinho,False,,,,,,,,,,,,,,,,,,,,,
1364574,,Alison,Alison,2024,978,alison,Brazil,Vitória,Brazil,2007-01-26 00:00:00,Left-Back,Defender,left,177.0,,,https://img.a.transfermarkt.technology/portrait/header/default.jpg?lm=1,,,,https://www.transfermarkt.co.uk/alison/profil/spieler/1364574,BRA1,Club de Regatas Vasco da Gama,,,978,vasco-da-gama-rio-de-janeiro,Club de Regatas Vasco da Gama,BRA1,,32,26.1,10,31.3,5,Estádio São Januário,24584,+€23.85m,,2025,../data/raw/transfermarkt-scraper/2025/clubs.json.gz,https://www.transfermarkt.co.uk/vasco-da-gama-rio-de-janeiro/startseite/verein/978,alison,False,,,,,,,,,,,,,,,,,,,,,
1364575,,Léo Araújo,Léo Araújo,2024,978,leo-araujo,,,Brazil,2007-01-31 00:00:00,Right-Back,Defender,right,,2028-06-30 00:00:00,,https://img.a.transfermarkt.technology/portrait/header/default.jpg?lm=1,,,,https://www.transfermarkt.co.uk/leo-araujo/profil/spieler/1364575,BRA1,Club de Regatas Vasco da Gama,,,978,vasco-da-gama-rio-de-janeiro,Club de Regatas Vasco da Gama,BRA1,,32,26.1,10,31.3,5,Estádio São Januário,24584,+€23.85m,,2025,../data/raw/transfermarkt-scraper/2025/clubs.json.gz,https://www.transfermarkt.co.uk/vasco-da-gama-rio-de-janeiro/startseite/verein/978,leo araujo,False,,,,,,,,,,,,,,,,,,,,,
1364576,,Diego Ahmed,Diego Ahmed,2024,978,diego-ahmed,Brazil,Rio de Janeiro,Brazil,2007-05-30 00:00:00,Defensive Midfield,Midfield,right,,2026-06-05 00:00:00,CAA Base Ltd,https://img.a.transfermarkt.technology/portrait/header/default.jpg?lm=1,,,,https://www.transfermarkt.co.uk/diego-ahmed/profil/spieler/1364576,BRA1,Club de Regatas Vasco da Gama,,,978,vasco-da-gama-rio-de-janeiro,Club de Regatas Vasco da Gama,BRA1,,32,26.1,10,31.3,5,Estádio São Januário,24584,+€23.85m,,2025,../data/raw/transfermarkt-scraper/2025/clubs.json.gz,https://www.transfermarkt.co.uk/vasco-da-gama-rio-de-janeiro/startseite/verein/978,diego ahmed,False,,,,,,,,,,,,,,,,,,,,,
1364577,,Andrey Fernandes,Andrey Fernandes,2024,978,andrey-fernandes,Brazil,Recife,Brazil,2008-02-05 00:00:00,Centre-Forward,Attack,both,176.0,,Talents Sports,https://img.a.transfermarkt.technology/portrait/header/default.jpg?lm=1,6.0,4.0,,https://www.transfermarkt.co.uk/andrey-fernandes/profil/spieler/1364577,BRA1,Club de Regatas Vasco da Gama,,,978,vasco-da-gama-rio-de-janeiro,Club de Regatas Vasco da Gama,BRA1,,32,26.1,10,31.3,5,Estádio São Januário,24584,+€23.85m,,2025,../data/raw/transfermarkt-scraper/2025/clubs.json.gz,https://www.transfermarkt.co.uk/vasco-da-gama-rio-de-janeiro/startseite/verein/978,andrey fernandes,False,,,,,,,,,,,,,,,,,,,,,
1364578,,Gabriel Soares,Gabriel Soares,2024,978,gabriel-soares,,,Brazil,2008-06-19 00:00:00,,Missing,right,,,,https://img.a.transfermarkt.technology/portrait/header/default.jpg?lm=1,,,,https://www.transfermarkt.co.uk/gabriel-soares/profil/spieler/1364578,BRA1,Club de Regatas Vasco da Gama,,,978,vasco-da-gama-rio-de-janeiro,Club de Regatas Vasco da Gama,BRA1,,32,26.1,10,31.3,5,Estádio São Januário,24584,+€23.85m,,2025,../data/raw/transfermarkt-scraper/2025/clubs.json.gz,https://www.transfermarkt.co.uk/vasco-da-gama-rio-de-janeiro/startseite/verein/978,gabriel soares,False,,,,,,,,,,,,,,,,,,,,,
1364722,,Guilherme Santos,Guilherme Santos,2024,614,guilherme-santos,,,Brazil,2007-01-19 00:00:00,Right-Back,Defender,right,174.0,2028-12-31 00:00:00,,https://img.a.transfermarkt.technology/portrait/header/default.jpg?lm=1,,,,https://www.transfermarkt.co.uk/guilherme-santos/profil/spieler/1364722,BRA1,Clube de Regatas do Flamengo,,,614,flamengo-rio-de-janeiro,Clube de Regatas do Flamengo,BRA1,,28,28.8,9,32.1,10,Estádio Jornalista Mário Filho,82238,€-13.92m,,2025,../data/raw/transfermarkt-scraper/2025/clubs.json.gz,https://www.transfermarkt.co.uk/flamengo-rio-de-janeiro/startseite/verein/614,guilherme santos,False,,,,,,,,,,,,,,,,,,,,,
1364790,,Marcos Cabrobó,Marcos Cabrobó,2024,2125,marcos-cabrobo,Brazil,Cabrobó,Brazil,2007-01-29 00:00:00,Left Winger,Attack,right,177.0,2027-12-31 00:00:00,,https://img.a.transfermarkt.technology/portrait/header/default.jpg?lm=1,,,,https://www.transfermarkt.co.uk/marcos-cabrobo/profil/spieler/1364790,BRA1,Esporte Clube Vitória,,,2125,esporte-clube-vitoria,Esporte Clube Vitória,BRA1,,39,28.3,7,17.9,0,Estádio Manoel Barradas,30793,+€1.36m,,2025,../data/raw/transfermarkt-scraper/2025/clubs.json.gz,https://www.transfermarkt.co.uk/esporte-clube-vitoria/startseite/verein/2125,marcos cabrobo,False,,,,,,,,,,,,,,,,,,,,,
1364984,,Rodrigo Gomes,Rodrigo Gomes,2024,2462,rodrigo-gomes,Brazil,Cataguases,Brazil,2006-02-07 00:00:00,Centre-Back,Defender,right,,,,https://img.a.transfermarkt.technology/portrait/header/default.jpg?lm=1,,,,https://www.transfermarkt.co.uk/rodrigo-gomes/profil/spieler/1364984,BRA1,Fluminense Football Club,,,2462,fluminense-rio-de-janeiro,Fluminense Football Club,BRA1,,33,29.7,11,33.3,4,Estádio Jornalista Mário Filho,82238,€-6.76m,,2025,../data/raw/transfermarkt-scraper/2025/clubs.json.gz,https://www.transfermarkt.co.uk/fluminense-rio-de-janeiro/startseite/verein/2462,rodrigo gomes,False,,,,,,,,,,,,,,,,,,,,,
1364986,,Oliver Martins,Oliver Martins,2024,2462,oliver-martins,Brazil,Porto Alegre,Brazil,2007-05-11 00:00:00,,Missing,left,,,,https://img.a.transfermarkt.technology/portrait/header/default.jpg?lm=1,,,,https://www.transfermarkt.co.uk/oliver-martins/profil/spieler/1364986,BRA1,Fluminense Football Club,,,2462,fluminense-rio-de-janeiro,Fluminense Football Club,BRA1,,33,29.7,11,33.3,4,Estádio Jornalista Mário Filho,82238,€-6.76m,,2025,../data/raw/transfermarkt-scraper/2025/clubs.json.gz,https://www.transfermarkt.co.uk/fluminense-rio-de-janeiro/startseite/verein/2462,oliver martins,False,,,,,,,,,,,,,,,,,,,,,
1364987,,Breno,Breno,2024,2462,breno,,,Brazil,2007-03-24 00:00:00,Centre-Back,Defender,both,,,,https://img.a.transfermarkt.technology/portrait/header/default.jpg?lm=1,,,,https://www.transfermarkt.co.uk/breno/profil/spieler/1364987,BRA1,Fluminense Football Club,,,2462,fluminense-rio-de-janeiro,Fluminense Football Club,BRA1,,33,29.7,11,33.3,4,Estádio Jornalista Mário Filho,82238,€-6.76m,,2025,../data/raw/transfermarkt-scraper/2025/clubs.json.gz,https://www.transfermarkt.co.uk/fluminense-rio-de-janeiro/startseite/verein/2462,breno,True,breno,Breno,AM,Corinthians,2969.0,3.0,2.0,4.0,1.8,130.0,86.0,72.0,39.0,94.0,8.0,46.0,37.0,6.0,0.0,breno,True
1364988,,Lucas Felipe,Lucas Felipe,2024,2462,lucas-felipe,,,Brazil,2003-03-31 00:00:00,,Missing,right,,,,https://img.a.transfermarkt.technology/portrait/header/default.jpg?lm=1,,,,https://www.transfermarkt.co.uk/lucas-felipe/profil/spieler/1364988,BRA1,Fluminense Football Club,,,2462,fluminense-rio-de-janeiro,Fluminense Football Club,BRA1,,33,29.7,11,33.3,4,Estádio Jornalista Mário Filho,82238,€-6.76m,,2025,../data/raw/transfermarkt-scraper/2025/clubs.json.gz,https://www.transfermarkt.co.uk/fluminense-rio-de-janeiro/startseite/verein/2462,lucas felipe,False,,,,,,,,,,,,,,,,,,,,,
1365061,,Cauã Soares,Cauã Soares,2025,330,caua-soares,Brazil,Montes Claros,Brazil,2008-06-30 00:00:00,Second Striker,Attack,right,183.0,2027-12-31 00:00:00,,https://img.a.transfermarkt.technology/portrait/header/1365061-1769005493.jpg?lm=1,,,,https://www.transfermarkt.co.uk/caua-soares/profil/spieler/1365061,BRA1,Clube Atlético Mineiro,500000.0,500000.0,330,clube-atletico-mineiro,Clube Atlético Mineiro,BRA1,,33,25.7,9,27.3,6,Arena MRV,44892,€-1.24m,,2025,../data/raw/transfermarkt-scraper/2025/clubs.json.gz,https://www.transfermarkt.co.uk/clube-atletico-mineiro/startseite/verein/330,caua soares,False,,,,,,,,,,,,,,,,,,,,,
1365180,,Emerson Buiu,Emerson Buiu,2024,2125,emerson-buiu,,,Brazil,2006-02-08 00:00:00,Right-Back,Defender,right,,,,https://img.a.transfermarkt.technology/portrait/header/default.jpg?lm=1,,,,https://www.transfermarkt.co.uk/emerson-buiu/profil/spieler/1365180,BRA1,Esporte Clube Vitória,,,2125,esporte-clube-vitoria,Esporte Clube Vitória,BRA1,,39,28.3,7,17.9,0,Estádio Manoel Barradas,30793,+€1.36m,,2025,../data/raw/transfermarkt-scraper/2025/clubs.json.gz,https://www.transfermarkt.co.uk/esporte-clube-vitoria/startseite/verein/2125,emerson buiu,False,,,,,,,,,,,,,,,,,,,,,
1365425,,Caio Wesley,Caio Wesley,2024,10870,caio-wesley,Brazil,Russas,Brazil,2007-05-12 00:00:00,Centre-Forward,Attack,right,181.0,,,https://img.a.transfermarkt.technology/portrait/header/default.jpg?lm=1,,,,https://www.transfermarkt.co.uk/caio-wesley/profil/spieler/1365425,BRA1,Fortaleza Esporte Clube,,,10870,fortaleza-esporte-clube,Fortaleza Esporte Clube,BRA1,,29,27.1,5,17.2,0,Estádio Governador Plácido Castelo,63904,+€6.25m,Juan Pablo Vojvoda,2024,../data/raw/transfermarkt-scraper/2024/clubs.json.gz,https://www.transfermarkt.co.uk/fortaleza-esporte-clube/startseite/verein/10870,caio wesley,False,,,,,,,,,,,,,,,,,,,,,
1365895,,Jefinho,Jefinho,2024,8718,jefinho,Brazil,Montanhas,Brazil,2006-08-15 00:00:00,Attacking Midfield,Midfield,left,,,,https://img.a.transfermarkt.technology/portrait/header/default.jpg?lm=1,,,,https://www.transfermarkt.co.uk/jefinho/profil/spieler/1365895,BRA1,Sport Club do Recife,,,8718,sport-club-do-recife,Sport Club do Recife,BRA1,,29,27.1,1,3.4,0,Estádio Adelmar da Costa Carvalho,35000,+€2.95m,Mariano Soso,2024,../data/raw/transfermarkt-scraper/2024/clubs.json.gz,https://www.transfermarkt.co.uk/sport-club-do-recife/startseite/verein/8718,jefinho,False,,,,,,,,,,,,,,,,,,,,,
1365896,,Adriel,Adriel,2024,8718,adriel,,,Brazil,2006-07-12 00:00:00,Defensive Midfield,Midfield,right,,2027-12-31 00:00:00,,https://img.a.transfermarkt.technology/portrait/header/default.jpg?lm=1,,,,https://www.transfermarkt.co.uk/adriel/profil/spieler/1365896,BRA1,Sport Club do Recife,,,8718,sport-club-do-recife,Sport Club do Recife,BRA1,,29,27.1,1,3.4,0,Estádio Adelmar da Costa Carvalho,35000,+€2.95m,Mariano Soso,2024,../data/raw/transfermarkt-scraper/2024/clubs.json.gz,https://www.transfermarkt.co.uk/sport-club-do-recife/startseite/verein/8718,adriel,True,adriel,Adriel,GK,Bahia,334.0,0.0,0.0,0.0,0.0,1.0,0.0,1.0,1.0,0.0,0.0,1.0,0.0,0.0,0.0,adriel,True
1365897,,Zé Lucas,Zé Lucas,2024,8718,ze-lucas,Brazil,Vitória de Santo Antão,Brazil,2008-03-23 00:00:00,Defensive Midfield,Midfield,right,174.0,2028-04-30 00:00:00,CAD,https://img.a.transfermarkt.technology/portrait/header/1365897-1750839059.jpg?lm=1,1.0,0.0,,https://www.transfermarkt.co.uk/ze-lucas/profil/spieler/1365897,BRA1,Sport Club do Recife,,,8718,sport-club-do-recife,Sport Club do Recife,BRA1,,29,27.1,1,3.4,0,Estádio Adelmar da Costa Carvalho,35000,+€2.95m,Mariano Soso,2024,../data/raw/transfermarkt-scraper/2024/clubs.json.gz,https://www.transfermarkt.co.uk/sport-club-do-recife/startseite/verein/8718,ze lucas,False,,,,,,,,,,,,,,,,,,,,,
1365898,,Rafinha,Rafinha,2024,8718,rafinha,,,Brazil,2006-04-17 00:00:00,Centre-Back,Defender,left,180.0,,,https://img.a.transfermarkt.technology/portrait/header/default.jpg?lm=1,,,,https://www.transfermarkt.co.uk/rafinha/profil/spieler/1365898,BRA1,Sport Club do Recife,,,8718,sport-club-do-recife,Sport Club do Recife,BRA1,,29,27.1,1,3.4,0,Estádio Adelmar da Costa Carvalho,35000,+€2.95m,Mariano Soso,2024,../data/raw/transfermarkt-scraper/2024/clubs.json.gz,https://www.transfermarkt.co.uk/sport-club-do-recife/startseite/verein/8718,rafinha,True,,,,,,,,,,,,,,,,,,,,,
1365899,,Ramon,Ramon,2024,8718,ramon,,,Brazil,2007-07-03 00:00:00,,Missing,right,,,,https://img.a.transfermarkt.technology/portrait/header/default.jpg?lm=1,,,,https://www.transfermarkt.co.uk/ramon/profil/spieler/1365899,BRA1,Sport Club do Recife,,,8718,sport-club-do-recife,Sport Club do Recife,BRA1,,29,27.1,1,3.4,0,Estádio Adelmar da Costa Carvalho,35000,+€2.95m,Mariano Soso,2024,../data/raw/transfermarkt-scraper/2024/clubs.json.gz,https://www.transfermarkt.co.uk/sport-club-do-recife/startseite/verein/8718,ramon,True,,,,,,,,,,,,,,,,,,,,,
1365900,,Felipinho,Felipinho,2024,8718,felipinho,Brazil,Santos,Brazil,2006-11-06 00:00:00,Right Winger,Attack,both,182.0,,,https://img.a.transfermarkt.technology/portrait/header/default.jpg?lm=1,,,,https://www.transfermarkt.co.uk/felipinho/profil/spieler/1365900,BRA1,Sport Club do Recife,,,8718,sport-club-do-recife,Sport Club do Recife,BRA1,,29,27.1,1,3.4,0,Estádio Adelmar da Costa Carvalho,35000,+€2.95m,Mariano Soso,2024,../data/raw/transfermarkt-scraper/2024/clubs.json.gz,https://www.transfermarkt.co.uk/sport-club-do-recife/startseite/verein/8718,felipinho,False,,,,,,,,,,,,,,,,,,,,,
1365901,,Luizinho,Luizinho,2024,8718,luizinho,,,Brazil,2006-06-01 00:00:00,Defensive Midfield,Midfield,right,,,,https://img.a.transfermarkt.technology/portrait/header/default.jpg?lm=1,,,,https://www.transfermarkt.co.uk/luizinho/profil/spieler/1365901,BRA1,Sport Club do Recife,,,8718,sport-club-do-recife,Sport Club do Recife,BRA1,,29,27.1,1,3.4,0,Estádio Adelmar da Costa Carvalho,35000,+€2.95m,Mariano Soso,2024,../data/raw/transfermarkt-scraper/2024/clubs.json.gz,https://www.transfermarkt.co.uk/sport-club-do-recife/startseite/verein/8718,luizinho,False,,,,,,,,,,,,,,,,,,,,,
1365902,,Gabriel Henrique,Gabriel Henrique,2024,8718,gabriel-henrique,,,Brazil,2006-03-25 00:00:00,Left-Back,Defender,left,,,,https://img.a.transfermarkt.technology/portrait/header/default.jpg?lm=1,,,,https://www.transfermarkt.co.uk/gabriel-henrique/profil/spieler/1365902,BRA1,Sport Club do Recife,,,8718,sport-club-do-recife,Sport Club do Recife,BRA1,,29,27.1,1,3.4,0,Estádio Adelmar da Costa Carvalho,35000,+€2.95m,Mariano Soso,2024,../data/raw/transfermarkt-scraper/2024/clubs.json.gz,https://www.transfermarkt.co.uk/sport-club-do-recife/startseite/verein/8718,gabriel henrique,False,,,,,,,,,,,,,,,,,,,,,
1365903,,Kauã,Kauã,2024,8718,kaua,,,Brazil,2007-05-30 00:00:00,Goalkeeper,Goalkeeper,,,,,https://img.a.transfermarkt.technology/portrait/header/default.jpg?lm=1,,,,https://www.transfermarkt.co.uk/kaua/profil/spieler/1365903,BRA1,Sport Club do Recife,,,8718,sport-club-do-recife,Sport Club do Recife,BRA1,,29,27.1,1,3.4,0,Estádio Adelmar da Costa Carvalho,35000,+€2.95m,Mariano Soso,2024,../data/raw/transfermarkt-scraper/2024/clubs.json.gz,https://www.transfermarkt.co.uk/sport-club-do-recife/startseite/verein/8718,kaua,False,,,,,,,,,,,,,,,,,,,,,
1365904,,Marco Polo,Marco Polo,2024,8718,marco-polo,,,Brazil,2008-12-08 00:00:00,Attacking Midfield,Midfield,right,,,,https://img.a.transfermarkt.technology/portrait/header/default.jpg?lm=1,,,,https://www.transfermarkt.co.uk/marco-polo/profil/spieler/1365904,BRA1,Sport Club do Recife,,,8718,sport-club-do-recife,Sport Club do Recife,BRA1,,29,27.1,1,3.4,0,Estádio Adelmar da Costa Carvalho,35000,+€2.95m,Mariano Soso,2024,../data/raw/transfermarkt-scraper/2024/clubs.json.gz,https://www.transfermarkt.co.uk/sport-club-do-recife/startseite/verein/8718,marco polo,False,,,,,,,,,,,,,,,,,,,,,
1366040,,Riquelme,Riquelme,2024,8718,riquelme,Brazil,Luziápolis,Brazil,2007-01-03 00:00:00,Centre-Back,Defender,both,190.0,,,https://img.a.transfermarkt.technology/portrait/header/default.jpg?lm=1,,,,https://www.transfermarkt.co.uk/riquelme/profil/spieler/1366040,BRA1,Sport Club do Recife,,,8718,sport-club-do-recife,Sport Club do Recife,BRA1,,29,27.1,1,3.4,0,Estádio Adelmar da Costa Carvalho,35000,+€2.95m,Mariano Soso,2024,../data/raw/transfermarkt-scraper/2024/clubs.json.gz,https://www.transfermarkt.co.uk/sport-club-do-recife/startseite/verein/8718,riquelme,True,,,,,,,,,,,,,,,,,,,,,
1367322,,Eric Soares,Eric Soares,2024,330,eric-soares,,,Brazil,2006-01-08 00:00:00,Central Midfield,Midfield,right,,,,https://img.a.transfermarkt.technology/portrait/header/default.jpg?lm=1,,,,https://www.transfermarkt.co.uk/eric-soares/profil/spieler/1367322,BRA1,Clube Atlético Mineiro,,,330,clube-atletico-mineiro,Clube Atlético Mineiro,BRA1,,33,25.7,9,27.3,6,Arena MRV,44892,€-1.24m,,2025,../data/raw/transfermarkt-scraper/2025/clubs.json.gz,https://www.transfermarkt.co.uk/clube-atletico-mineiro/startseite/verein/330,eric soares,False,,,,,,,,,,,,,,,,,,,,,
1367442,,Pedro Rangel,Pedro Rangel,2024,8718,pedro-rangel,,,Brazil,2006-02-09 00:00:00,,Missing,right,,2026-09-05 00:00:00,,https://img.a.transfermarkt.technology/portrait/header/default.jpg?lm=1,,,,https://www.transfermarkt.co.uk/pedro-rangel/profil/spieler/1367442,BRA1,Sport Club do Recife,,,8718,sport-club-do-recife,Sport Club do Recife,BRA1,,29,27.1,1,3.4,0,Estádio Adelmar da Costa Carvalho,35000,+€2.95m,Mariano Soso,2024,../data/raw/transfermarkt-scraper/2024/clubs.json.gz,https://www.transfermarkt.co.uk/sport-club-do-recife/startseite/verein/8718,pedro rangel,True,pedro rangel,Pedro Rangel,GK,Atlético Goianiense,540.0,0.0,0.0,0.0,0.0,0.0,0.0,1.0,1.0,0.0,0.0,0.0,0.0,1.0,0.0,pedro rangel,True
1368351,,Guilherme Gama,Guilherme Gama,2024,199,guilherme-gama,,,Brazil,2008-06-01 00:00:00,Centre-Back,Defender,left,,2028-12-31 00:00:00,ROGON,https://img.a.transfermarkt.technology/portrait/header/default.jpg?lm=1,,,,https://www.transfermarkt.co.uk/guilherme-gama/profil/spieler/1368351,BRA1,Sport Club Corinthians Paulista,,,199,corinthians-sao-paulo,Sport Club Corinthians Paulista,BRA1,,34,27.2,7,20.6,3,Neo Química Arena,49205,+€2.19m,,2025,../data/raw/transfermarkt-scraper/2025/clubs.json.gz,https://www.transfermarkt.co.uk/corinthians-sao-paulo/startseite/verein/199,guilherme gama,False,,,,,,,,,,,,,,,,,,,,,
1370310,,João Vitor,João Vitor,2024,199,joao-vitor,,,Brazil,2007-01-03 00:00:00,Right-Back,Defender,right,178.0,2027-11-01 00:00:00,,https://img.a.transfermarkt.technology/portrait/header/1370310-1768830184.jpg?lm=1,,,,https://www.transfermarkt.co.uk/joao-vitor/profil/spieler/1370310,BRA1,Sport Club Corinthians Paulista,,,199,corinthians-sao-paulo,Sport Club Corinthians Paulista,BRA1,,34,27.2,7,20.6,3,Neo Química Arena,49205,+€2.19m,,2025,../data/raw/transfermarkt-scraper/2025/clubs.json.gz,https://www.transfermarkt.co.uk/corinthians-sao-paulo/startseite/verein/199,joao vitor,False,,,,,,,,,,,,,,,,,,,,,
1370606,,Léo Nannetti,Léo Nannetti,2024,614,leo-nannetti,,,Brazil,2007-08-21 00:00:00,Goalkeeper,Goalkeeper,left,196.0,2029-12-31 00:00:00,,https://img.a.transfermarkt.technology/portrait/header/default.jpg?lm=1,0.0,0.0,,https://www.transfermarkt.co.uk/leo-nannetti/profil/spieler/1370606,BRA1,Clube de Regatas do Flamengo,,,614,flamengo-rio-de-janeiro,Clube de Regatas do Flamengo,BRA1,,28,28.8,9,32.1,10,Estádio Jornalista Mário Filho,82238,€-13.92m,,2025,../data/raw/transfermarkt-scraper/2025/clubs.json.gz,https://www.transfermarkt.co.uk/flamengo-rio-de-janeiro/startseite/verein/614,leo nannetti,False,,,,,,,,,,,,,,,,,,,,,
1371501,,Luís Gustavo,Luís Gustavo,2025,330,luis-gustavo,Brazil,Ipatinga,Brazil,2006-03-24 00:00:00,Right-Back,Defender,right,174.0,2029-12-31 00:00:00,,https://img.a.transfermarkt.technology/portrait/header/1371501-1769005927.jpg?lm=1,,,,https://www.transfermarkt.co.uk/luis-gustavo/profil/spieler/1371501,BRA1,Clube Atlético Mineiro,,,330,clube-atletico-mineiro,Clube Atlético Mineiro,BRA1,,33,25.7,9,27.3,6,Arena MRV,44892,€-1.24m,,2025,../data/raw/transfermarkt-scraper/2025/clubs.json.gz,https://www.transfermarkt.co.uk/clube-atletico-mineiro/startseite/verein/330,luis gustavo,False,,,,,,,,,,,,,,,,,,,,,
1376049,,Luiz Felipe,Luiz Felipe,2024,614,luiz-felipe,,,Brazil,2008-02-08 00:00:00,Defensive Midfield,Midfield,right,183.0,,Brazil Soccer,https://img.a.transfermarkt.technology/portrait/header/default.jpg?lm=1,,,,https://www.transfermarkt.co.uk/luiz-felipe/profil/spieler/1376049,BRA1,Clube de Regatas do Flamengo,,,614,flamengo-rio-de-janeiro,Clube de Regatas do Flamengo,BRA1,,28,28.8,9,32.1,10,Estádio Jornalista Mário Filho,82238,€-13.92m,,2025,../data/raw/transfermarkt-scraper/2025/clubs.json.gz,https://www.transfermarkt.co.uk/flamengo-rio-de-janeiro/startseite/verein/614,luiz felipe,True,luiz felipe,Luiz Felipe,LM,Atlético Goianiense,1090.0,1.0,0.0,0.8999999999999999,0.0,20.0,2.0,2.0,1.0,7.0,2.0,19.0,17.0,5.0,1.0,luiz felipe,True
1380266,,Heittor,Heittor,2024,1023,heittor,Brazil,Recife,Brazil,2007-09-18 00:00:00,Centre-Forward,Attack,right,170.0,2029-06-30 00:00:00,,https://img.a.transfermarkt.technology/portrait/header/1380266-1768935095.jpg?lm=1,0.0,0.0,,https://www.transfermarkt.co.uk/heittor/profil/spieler/1380266,BRA1,Sociedade Esportiva Palmeiras,,,1023,se-palmeiras-sao-paulo,Sociedade Esportiva Palmeiras,BRA1,,31,25.9,9,29.0,10,Nubank Parque,43713,+€31.54m,,2025,../data/raw/transfermarkt-scraper/2025/clubs.json.gz,https://www.transfermarkt.co.uk/se-palmeiras-sao-paulo/startseite/verein/1023,heittor,False,,,,,,,,,,,,,,,,,,,,,
1383406,,Gabriel Veneno,Gabriel Veneno,2024,330,gabriel-veneno,Brazil,Ilhéus,Brazil,2009-07-16 00:00:00,Right Winger,Attack,left,169.0,,,https://img.a.transfermarkt.technology/portrait/header/default.jpg?lm=1,0.0,0.0,,https://www.transfermarkt.co.uk/gabriel-veneno/profil/spieler/1383406,BRA1,Clube Atlético Mineiro,,,330,clube-atletico-mineiro,Clube Atlético Mineiro,BRA1,,33,25.7,9,27.3,6,Arena MRV,44892,€-1.24m,,2025,../data/raw/transfermarkt-scraper/2025/clubs.json.gz,https://www.transfermarkt.co.uk/clube-atletico-mineiro/startseite/verein/330,gabriel veneno,False,,,,,,,,,,,,,,,,,,,,,
1383716,,Djhordney,Djhordney,2025,585,djhordney,Brazil,Campo Grande,Brazil,2007-06-17 00:00:00,Central Midfield,Midfield,right,174.0,2030-01-31 00:00:00,,https://img.a.transfermarkt.technology/portrait/header/1383716-1768821019.jpeg?lm=1,3.0,0.0,,https://www.transfermarkt.co.uk/djhordney/profil/spieler/1383716,BRA1,São Paulo Futebol Clube,500000.0,500000.0,585,fc-sao-paulo,São Paulo Futebol Clube,BRA1,,42,26.4,9,21.4,3,MorumBIS,72039,+€24.69m,,2025,../data/raw/transfermarkt-scraper/2025/clubs.json.gz,https://www.transfermarkt.co.uk/fc-sao-paulo/startseite/verein/585,djhordney,False,,,,,,,,,,,,,,,,,,,,,
1387007,,Nicolas,Nicolas,2025,585,nicolas,Brazil,Indaiatuba,Brazil,2007-04-08 00:00:00,Left-Back,Defender,left,176.0,2029-12-31 00:00:00,Bertolucci Sports,https://img.a.transfermarkt.technology/portrait/header/1387007-1760442599.jpeg?lm=1,,,,https://www.transfermarkt.co.uk/nicolas/profil/spieler/1387007,BRA1,São Paulo Futebol Clube,,,585,fc-sao-paulo,São Paulo Futebol Clube,BRA1,,42,26.4,9,21.4,3,MorumBIS,72039,+€24.69m,,2025,../data/raw/transfermarkt-scraper/2025/clubs.json.gz,https://www.transfermarkt.co.uk/fc-sao-paulo/startseite/verein/585,nicolas,False,,,,,,,,,,,,,,,,,,,,,
1388409,,Kauã Moraes,Kauã Moraes,2025,609,kaua-moraes,Brazil,São Paulo,Brazil,2006-09-29 00:00:00,Right-Back,Defender,right,174.0,2030-08-31 00:00:00,Roc Nation Sports,https://img.a.transfermarkt.technology/portrait/header/1388409-1747961353.jpg?lm=1,,,,https://www.transfermarkt.co.uk/kaua-moraes/profil/spieler/1388409,BRA1,Cruzeiro Esporte Clube,2000000.0,2000000.0,609,ec-cruzeiro-belo-horizonte,Cruzeiro Esporte Clube,BRA1,,30,26.8,7,23.3,3,Estádio Governador Magalhães Pinto,61927,€-36.26m,,2025,../data/raw/transfermarkt-scraper/2025/clubs.json.gz,https://www.transfermarkt.co.uk/ec-cruzeiro-belo-horizonte/startseite/verein/609,kaua moraes,False,,,,,,,,,,,,,,,,,,,,,
1393375,,Yago Melo,Yago Melo,2024,614,yago-melo,Brazil,Guarujá,Brazil,2007-02-06 00:00:00,Centre-Back,Defender,right,,2029-02-12 00:00:00,,https://img.a.transfermarkt.technology/portrait/header/default.jpg?lm=1,,,,https://www.transfermarkt.co.uk/yago-melo/profil/spieler/1393375,BRA1,Clube de Regatas do Flamengo,,,614,flamengo-rio-de-janeiro,Clube de Regatas do Flamengo,BRA1,,28,28.8,9,32.1,10,Estádio Jornalista Mário Filho,82238,€-13.92m,,2025,../data/raw/transfermarkt-scraper/2025/clubs.json.gz,https://www.transfermarkt.co.uk/flamengo-rio-de-janeiro/startseite/verein/614,yago melo,False,,,,,,,,,,,,,,,,,,,,,
1408362,,Gustavo Santana,Gustavo Santana,2024,10010,gustavo-santana,,,Brazil,2008-03-02 00:00:00,Left-Back,Defender,both,,,,https://img.a.transfermarkt.technology/portrait/header/default.jpg?lm=1,,,,https://www.transfermarkt.co.uk/gustavo-santana/profil/spieler/1408362,BRA1,Esporte Clube Bahia,,,10010,esporte-clube-bahia,Esporte Clube Bahia,BRA1,,32,26.6,9,28.1,3,Arena Fonte Nova,47364,+€8.14m,,2025,../data/raw/transfermarkt-scraper/2025/clubs.json.gz,https://www.transfermarkt.co.uk/esporte-clube-bahia/startseite/verein/10010,gustavo santana,False,,,,,,,,,,,,,,,,,,,,,
1410674,Mamady,Cissé,Mamady Cissé,2025,330,mamady-cisse,Guinea,Conakry,Guinea,2007-07-01 00:00:00,Central Midfield,Midfield,right,184.0,2030-12-31 00:00:00,Diamond Sports,https://img.a.transfermarkt.technology/portrait/header/1410674-1769005827.jpg?lm=1,2.0,0.0,,https://www.transfermarkt.co.uk/mamady-cisse/profil/spieler/1410674,BRA1,Clube Atlético Mineiro,1000000.0,1000000.0,330,clube-atletico-mineiro,Clube Atlético Mineiro,BRA1,,33,25.7,9,27.3,6,Arena MRV,44892,€-1.24m,,2025,../data/raw/transfermarkt-scraper/2025/clubs.json.gz,https://www.transfermarkt.co.uk/clube-atletico-mineiro/startseite/verein/330,mamady cisse,False,,,,,,,,,,,,,,,,,,,,,
1412424,,Vitor Lamounier,Vitor Lamounier,2024,609,vitor-lamounier,Brazil,Betim,Brazil,2007-10-18 00:00:00,Goalkeeper,Goalkeeper,right,192.0,2030-10-31 00:00:00,,https://img.a.transfermarkt.technology/portrait/header/1412424-1769129732.jpg?lm=1,0.0,0.0,,https://www.transfermarkt.co.uk/vitor-lamounier/profil/spieler/1412424,BRA1,Cruzeiro Esporte Clube,,,609,ec-cruzeiro-belo-horizonte,Cruzeiro Esporte Clube,BRA1,,30,26.8,7,23.3,3,Estádio Governador Magalhães Pinto,61927,€-36.26m,,2025,../data/raw/transfermarkt-scraper/2025/clubs.json.gz,https://www.transfermarkt.co.uk/ec-cruzeiro-belo-horizonte/startseite/verein/609,vitor lamounier,False,,,,,,,,,,,,,,,,,,,,,
1416506,,Cléber Lucas,Cléber Lucas,2024,537,cleber-lucas,,,Brazil,2007-02-22 00:00:00,Goalkeeper,Goalkeeper,right,192.0,,,https://img.a.transfermarkt.technology/portrait/header/default.jpg?lm=1,,,,https://www.transfermarkt.co.uk/cleber-lucas/profil/spieler/1416506,BRA1,S. A. F. Botafogo,,,537,botafogo-rio-de-janeiro,S. A. F. Botafogo,BRA1,,34,26.2,13,38.2,5,Estádio Olímpico Nilton Santos,46931,+€40.04m,,2025,../data/raw/transfermarkt-scraper/2025/clubs.json.gz,https://www.transfermarkt.co.uk/botafogo-rio-de-janeiro/startseite/verein/537,cleber lucas,False,,,,,,,,,,,,,,,,,,,,,
1420525,,Lyan Araujo,Lyan Araujo,2024,10010,lyan-araujo,,,Brazil,2009-02-17 00:00:00,,Missing,right,,,,https://img.a.transfermarkt.technology/portrait/header/1420525-1769167131.png?lm=1,0.0,0.0,,https://www.transfermarkt.co.uk/lyan-araujo/profil/spieler/1420525,BRA1,Esporte Clube Bahia,,,10010,esporte-clube-bahia,Esporte Clube Bahia,BRA1,,32,26.6,9,28.1,3,Arena Fonte Nova,47364,+€8.14m,,2025,../data/raw/transfermarkt-scraper/2025/clubs.json.gz,https://www.transfermarkt.co.uk/esporte-clube-bahia/startseite/verein/10010,lyan araujo,False,,,,,,,,,,,,,,,,,,,,,
1423021,,Kauê Furquim,Kauê Furquim,2024,199,kaue-furquim,Brazil,Guarulhos,Brazil,2009-02-27 00:00:00,Right Winger,Attack,left,173.0,,Promanager,https://img.a.transfermarkt.technology/portrait/header/1423021-1769167065.png?lm=1,0.0,0.0,,https://www.transfermarkt.co.uk/kaue-furquim/profil/spieler/1423021,BRA1,Sport Club Corinthians Paulista,,,199,corinthians-sao-paulo,Sport Club Corinthians Paulista,BRA1,,34,27.2,7,20.6,3,Neo Química Arena,49205,+€2.19m,,2025,../data/raw/transfermarkt-scraper/2025/clubs.json.gz,https://www.transfermarkt.co.uk/corinthians-sao-paulo/startseite/verein/199,kaue furquim,False,,,,,,,,,,,,,,,,,,,,,
1423022,,Diego Minete,Diego Minete,2024,978,diego-minete,Brazil,Venda Nova do Imigrante,Brazil,2009-01-27 00:00:00,Centre-Forward,Attack,left,183.0,2026-03-31 00:00:00,GPS,https://img.a.transfermarkt.technology/portrait/header/default.jpg?lm=1,,,,https://www.transfermarkt.co.uk/diego-minete/profil/spieler/1423022,BRA1,Club de Regatas Vasco da Gama,,,978,vasco-da-gama-rio-de-janeiro,Club de Regatas Vasco da Gama,BRA1,,32,26.1,10,31.3,5,Estádio São Januário,24584,+€23.85m,,2025,../data/raw/transfermarkt-scraper/2025/clubs.json.gz,https://www.transfermarkt.co.uk/vasco-da-gama-rio-de-janeiro/startseite/verein/978,diego minete,False,,,,,,,,,,,,,,,,,,,,,
1426996,,Mosquito,Mosquito,2024,330,mosquito,,,Brazil,2008-04-25 00:00:00,,Missing,left,,,,https://img.a.transfermarkt.technology/portrait/header/default.jpg?lm=1,,,,https://www.transfermarkt.co.uk/mosquito/profil/spieler/1426996,BRA1,Clube Atlético Mineiro,,,330,clube-atletico-mineiro,Clube Atlético Mineiro,BRA1,,33,25.7,9,27.3,6,Arena MRV,44892,€-1.24m,,2025,../data/raw/transfermarkt-scraper/2025/clubs.json.gz,https://www.transfermarkt.co.uk/clube-atletico-mineiro/startseite/verein/330,mosquito,False,,,,,,,,,,,,,,,,,,,,,
1427404,,Kauan Vitor,Kauan Vitor,2024,2125,kauan-vitor,Brazil,Recife,Brazil,2006-06-15 00:00:00,Left-Back,Defender,left,171.0,2026-12-31 00:00:00,Five Stars,https://img.a.transfermarkt.technology/portrait/header/default.jpg?lm=1,,,,https://www.transfermarkt.co.uk/kauan-vitor/profil/spieler/1427404,BRA1,Esporte Clube Vitória,,,2125,esporte-clube-vitoria,Esporte Clube Vitória,BRA1,,39,28.3,7,17.9,0,Estádio Manoel Barradas,30793,+€1.36m,,2025,../data/raw/transfermarkt-scraper/2025/clubs.json.gz,https://www.transfermarkt.co.uk/esporte-clube-vitoria/startseite/verein/2125,kauan vitor,False,,,,,,,,,,,,,,,,,,,,,
1446971,,Gabriel Menegon,Gabriel Menegon,2025,210,gabriel-menegon,Brazil,Sapiranga,Brazil,2008-10-14 00:00:00,Goalkeeper,Goalkeeper,right,196.0,2028-09-30 00:00:00,,https://img.a.transfermarkt.technology/portrait/header/default.jpg?lm=1,1.0,0.0,,https://www.transfermarkt.co.uk/gabriel-menegon/profil/spieler/1446971,BRA1,Grêmio Foot-Ball Porto Alegrense,,,210,gremio-porto-alegre,Grêmio Foot-Ball Porto Alegrense,BRA1,,34,26.5,11,32.4,3,Arena do Grêmio,60540,€-6.38m,,2025,../data/raw/transfermarkt-scraper/2025/clubs.json.gz,https://www.transfermarkt.co.uk/gremio-porto-alegre/startseite/verein/210,gabriel menegon,False,,,,,,,,,,,,,,,,,,,,,
1459871,,Victor Hugo,Victor Hugo,2024,8718,victor-hugo,Brazil,Cachoeiro de Itapemirim,Brazil,2008-12-12 00:00:00,Left-Back,Defender,left,,2027-01-31 00:00:00,,https://img.a.transfermarkt.technology/portrait/header/default.jpg?lm=1,,,,https://www.transfermarkt.co.uk/victor-hugo/profil/spieler/1459871,BRA1,Sport Club do Recife,,,8718,sport-club-do-recife,Sport Club do Recife,BRA1,,29,27.1,1,3.4,0,Estádio Adelmar da Costa Carvalho,35000,+€2.95m,Mariano Soso,2024,../data/raw/transfermarkt-scraper/2024/clubs.json.gz,https://www.transfermarkt.co.uk/sport-club-do-recife/startseite/verein/8718,victor hugo,True,,,,,,,,,,,,,,,,,,,,,
1464878,Kadir,Barría,Kadir Barría,2025,537,kadir-barria,Panama,Ciudad de Panamá,Panama,2007-07-18 00:00:00,Centre-Forward,Attack,right,183.0,2029-12-31 00:00:00,AIS Football,https://img.a.transfermarkt.technology/portrait/header/1464878-1780574770.jpg?lm=1,5.0,2.0,,https://www.transfermarkt.co.uk/kadir-barria/profil/spieler/1464878,BRA1,S. A. F. Botafogo,2000000.0,2000000.0,537,botafogo-rio-de-janeiro,S. A. F. Botafogo,BRA1,,34,26.2,13,38.2,5,Estádio Olímpico Nilton Santos,46931,+€40.04m,,2025,../data/raw/transfermarkt-scraper/2025/clubs.json.gz,https://www.transfermarkt.co.uk/botafogo-rio-de-janeiro/startseite/verein/537,kadir barria,False,,,,,,,,,,,,,,,,,,,,,
1470544,,João Scatolin,João Scatolin,2024,10492,joao-scatolin,Brazil,Barão,Brazil,2008-05-18 00:00:00,,Missing,both,,,AIS Football,https://img.a.transfermarkt.technology/portrait/header/1470544-1769187444.png?lm=1,,,,https://www.transfermarkt.co.uk/joao-scatolin/profil/spieler/1470544,BRA1,Esporte Clube Juventude,,,10492,esporte-clube-juventude,Esporte Clube Juventude,BRA1,,29,28.3,3,10.3,0,Estádio Alfredo Jaconi,23726,+€1.13m,Roger Machado,2024,../data/raw/transfermarkt-scraper/2024/clubs.json.gz,https://www.transfermarkt.co.uk/esporte-clube-juventude/startseite/verein/10492,joao scatolin,False,,,,,,,,,,,,,,,,,,,,,
1471677,,Alisson,Alisson,2024,6600,alisson,Brazil,Porto Alegre,Brazil,2008-07-31 00:00:00,Left-Back,Defender,left,173.0,2030-12-31 00:00:00,AGN Football,https://img.a.transfermarkt.technology/portrait/header/1471677-1772291067.png?lm=1,,,,https://www.transfermarkt.co.uk/alisson/profil/spieler/1471677,BRA1,Sport Club Internacional,,,6600,sc-internacional-porto-alegre,Sport Club Internacional,BRA1,,32,26.7,9,28.1,3,Estádio Beira-Rio,50848,+€41.39m,,2025,../data/raw/transfermarkt-scraper/2025/clubs.json.gz,https://www.transfermarkt.co.uk/sc-internacional-porto-alegre/startseite/verein/6600,alisson,True,,,,,,,,,,,,,,,,,,,,,
1488557,,Gabriel Werneck,Gabriel Werneck,2024,614,gabriel-werneck,Brazil,Juiz de Fora,Brazil,2009-02-14 00:00:00,Goalkeeper,Goalkeeper,right,185.0,,Talents Sports,https://img.a.transfermarkt.technology/portrait/header/default.jpg?lm=1,,,,https://www.transfermarkt.co.uk/gabriel-werneck/profil/spieler/1488557,BRA1,Clube de Regatas do Flamengo,,,614,flamengo-rio-de-janeiro,Clube de Regatas do Flamengo,BRA1,,28,28.8,9,32.1,10,Estádio Jornalista Mário Filho,82238,€-13.92m,,2025,../data/raw/transfermarkt-scraper/2025/clubs.json.gz,https://www.transfermarkt.co.uk/flamengo-rio-de-janeiro/startseite/verein/614,gabriel werneck,False,,,,,,,,,,,,,,,,,,,,,
1488788,,Gui Amorim,Gui Amorim,2024,199,gui-amorim,,,Brazil,2008-01-15 00:00:00,Attacking Midfield,Midfield,right,178.0,2027-07-31 00:00:00,Promanager,https://img.a.transfermarkt.technology/portrait/header/1488788-1772735974.png?lm=1,,,,https://www.transfermarkt.co.uk/gui-amorim/profil/spieler/1488788,BRA1,Sport Club Corinthians Paulista,,,199,corinthians-sao-paulo,Sport Club Corinthians Paulista,BRA1,,34,27.2,7,20.6,3,Neo Química Arena,49205,+€2.19m,,2025,../data/raw/transfermarkt-scraper/2025/clubs.json.gz,https://www.transfermarkt.co.uk/corinthians-sao-paulo/startseite/verein/199,gui amorim,False,,,,,,,,,,,,,,,,,,,,,
1519143,,Anderson Pato,Anderson Pato,2025,2125,anderson-pato,Brazil,Salvador,Brazil,2002-09-28 00:00:00,Left Winger,Attack,right,178.0,2027-12-31 00:00:00,Unisoccer,https://img.a.transfermarkt.technology/portrait/header/default.jpg?lm=1,,,,https://www.transfermarkt.co.uk/anderson-pato/profil/spieler/1519143,BRA1,Esporte Clube Vitória,250000.0,250000.0,2125,esporte-clube-vitoria,Esporte Clube Vitória,BRA1,,39,28.3,7,17.9,0,Estádio Manoel Barradas,30793,+€1.36m,,2025,../data/raw/transfermarkt-scraper/2025/clubs.json.gz,https://www.transfermarkt.co.uk/esporte-clube-vitoria/startseite/verein/2125,anderson pato,False,,,,,,,,,,,,,,,,,,,,,
