player_id,first_name,last_name,player_name,current_club_id,country_of_birth,city_of_birth,country_of_citizenship,date_of_birth,sub_position,position,foot,height_in_cm,contract_expiration_date,international_caps,international_goals,current_national_team_id,current_club_domestic_competition_id,current_club_name,market_value_in_eur,highest_market_value_in_eur,stats_player_name,stats_position,stats_club,minutes_played,goals,assists,xG,xAG,progressive_passes,progressive_carries,dribbles_attempted,dribbles_successful,shot_creating_actions,goal_creating_actions,tackles,blocks,yellow_cards_stats,red_cards_stats,position_group,goals_per90,assists_per90,xG_per90,xAG_per90,progressive_passes_per90,progressive_carries_per90,dribbles_successful_per90,shot_creating_actions_per90,goal_creating_actions_per90,tackles_per90,blocks_per90,goals_percentile,assists_percentile,xG_percentile,xAG_percentile,progressive_passes_percentile,progressive_carries_percentile,dribbles_successful_percentile,shot_creating_actions_percentile,goal_creating_actions_percentile,tackles_percentile,blocks_percentile,goals_per90_percentile,assists_per90_percentile,xG_per90_percentile,xAG_per90_percentile,progressive_passes_per90_percentile,progressive_carries_per90_percentile,dribbles_successful_per90_percentile,shot_creating_actions_per90_percentile,goal_creating_actions_per90_percentile,tackles_per90_percentile,blocks_per90_percentile,performance_score,age,market_value_in_eur_percentile,age_percentile,moneyball_score
29091,,Nenê,Nenê,10492,Brazil,Jundiaí,Brazil,1981-07-19,Attacking Midfield,Midfield,left,181.0,,4.0,1.0,,BRA1,Esporte Clube Juventude,200000.0,14000000.0,Nenê,LM,Juventude,1506.0,3.0,4.0,1.6,4.3,73.0,23.0,26.0,12.0,75.0,4.0,10.0,8.0,5.0,1.0,Attacking Midfielder,0.17928286852589642,0.2390438247011952,0.09561752988047809,0.25697211155378485,4.362549800796812,1.3745019920318726,0.7171314741035857,4.48207171314741,0.2390438247011952,0.5976095617529881,0.4780876494023904,0.42857142857142855,0.5476190476190477,0.23809523809523808,0.6428571428571429,0.3333333333333333,0.3333333333333333,0.2619047619047619,0.47619047619047616,0.21428571428571427,0.11904761904761904,0.16666666666666666,0.47619047619047616,0.6666666666666666,0.23809523809523808,0.8571428571428571,0.38095238095238093,0.2857142857142857,0.3333333333333333,0.5238095238095238,0.3333333333333333,0.09523809523809523,0.19047619047619047,0.5396825396825397,43,0.058823529411764705,1.0,0.5591036414565826
29241,Thiago,Silva,Thiago Silva,2462,Brazil,Rio de Janeiro,Brazil,1984-09-22,Centre-Back,Defender,right,181.0,2026-12-31 00:00:00,113.0,7.0,,BRA1,Fluminense Football Club,500000.0,40000000.0,Thiago Silva,CB,Fluminense,1260.0,0.0,0.0,0.5,0.7000000000000001,34.0,2.0,0.0,0.0,13.0,0.0,13.0,10.0,2.0,0.0,Centre-Back,0.0,0.0,0.03571428571428571,0.05,2.428571428571429,0.14285714285714285,0.0,0.9285714285714286,0.0,0.9285714285714286,0.7142857142857142,0.2625,0.35,0.35,0.75,0.175,0.1625,0.0625,0.4375,0.1625,0.1,0.1125,0.2625,0.35,0.425,0.8,0.35,0.125,0.0625,0.65,0.1625,0.1,0.15,0.2,40,0.22727272727272727,1.0,0.3131818181818182
37647,Dimitri,Payet,Dimitri Payet,978,Réunion,Saint-Pierre,France,1987-03-29,Attacking Midfield,Midfield,right,175.0,,38.0,8.0,,BRA1,Club de Regatas Vasco da Gama,1800000.0,30000000.0,Dimitri Payet,AM,Vasco da Gama,1220.0,3.0,3.0,1.7000000000000002,2.5,101.0,24.0,29.0,17.0,61.0,9.0,12.0,2.0,2.0,0.0,Attacking Midfielder,0.2213114754098361,0.2213114754098361,0.1254098360655738,0.18442622950819673,7.450819672131147,1.7704918032786887,1.2540983606557377,4.5,0.6639344262295083,0.8852459016393444,0.14754098360655737,0.42857142857142855,0.40476190476190477,0.2857142857142857,0.40476190476190477,0.5714285714285714,0.38095238095238093,0.47619047619047616,0.38095238095238093,0.5238095238095238,0.19047619047619047,0.047619047619047616,0.5238095238095238,0.6190476190476191,0.38095238095238093,0.5714285714285714,0.9047619047619048,0.5238095238095238,0.6190476190476191,0.5714285714285714,0.8571428571428571,0.23809523809523808,0.047619047619047616,0.5978835978835979,37,0.5294117647058824,0.9523809523809523,0.4835200746965453
45319,Gabriel,Mercado,Gabriel Mercado,6600,Argentina,Puerto Madryn,Argentina,1987-03-18,Centre-Back,Defender,right,180.0,2026-12-31 00:00:00,24.0,4.0,,BRA1,Sport Club Internacional,100000.0,6000000.0,Gabriel Mercado,CB,Internacional,1186.0,1.0,0.0,0.3,0.6,32.0,2.0,3.0,1.0,9.0,2.0,17.0,7.0,6.0,0.0,Centre-Back,0.07588532883642496,0.0,0.022765598650927484,0.04553119730185497,2.4283305227655987,0.15177065767284992,0.07588532883642496,0.6829679595278246,0.15177065767284992,1.2900505902192243,0.5311973018549747,0.675,0.35,0.2375,0.6875,0.15,0.1625,0.1875,0.225,0.6875,0.175,0.0625,0.775,0.35,0.25,0.775,0.325,0.175,0.225,0.375,0.875,0.375,0.05,0.24500000000000002,37,0.030303030303030304,0.9625,0.39504924242424244
46741,,David Luiz,David Luiz,10870,Brazil,Diadema,Brazil,1987-04-22,Centre-Back,Defender,right,189.0,2027-05-31 00:00:00,57.0,3.0,,BRA1,Fortaleza Esporte Clube,500000.0,30000000.0,David Luiz,CB,Flamengo,1756.0,3.0,0.0,1.9,0.4,104.0,32.0,10.0,4.0,31.0,1.0,11.0,19.0,5.0,0.0,Centre-Back,0.15375854214123008,0.0,0.09738041002277903,0.02050113895216401,5.330296127562643,1.6400911161731206,0.20501138952164008,1.5888382687927107,0.05125284738041002,0.5637813211845102,0.9738041002277904,0.925,0.35,0.875,0.5875,0.825,0.95,0.5625,0.8625,0.425,0.05,0.35,0.95,0.35,0.875,0.625,0.95,0.95,0.5,0.925,0.4,0.025,0.325,0.5366666666666667,37,0.22727272727272727,0.9625,0.5208068181818182
47592,,Fagner,Fagner,609,Brazil,São Paulo,Brazil,1989-06-11,Right-Back,Defender,right,168.0,2026-12-31 00:00:00,10.0,0.0,,BRA1,Cruzeiro Esporte Clube,200000.0,7000000.0,Fagner,RB,Corinthians,913.0,0.0,1.0,0.1,2.2,39.0,14.0,6.0,4.0,32.0,5.0,23.0,8.0,4.0,1.0,Full-Back,0.0,0.09857612267250822,0.009857612267250822,0.2168674698795181,3.8444687842278205,1.380065717415115,0.39430449069003287,3.154435925520263,0.4928806133625411,2.267250821467689,0.7886089813800657,0.15714285714285714,0.42857142857142855,0.08571428571428572,0.6428571428571429,0.14285714285714285,0.1,0.07142857142857142,0.37142857142857144,0.6428571428571429,0.15714285714285714,0.05714285714285714,0.15714285714285714,0.6571428571428571,0.11428571428571428,1.0,0.42857142857142855,0.2,0.22857142857142856,0.8571428571428571,0.9714285714285714,0.6,0.22857142857142856,0.48228571428571426,35,0.08064516129032258,0.9285714285714286,0.5299244239631336
52769,,Willian,Willian,210,Brazil,Ribeirão Pires,Brazil,1988-08-09,Left Winger,Attack,right,175.0,2026-12-31 00:00:00,70.0,9.0,,BRA1,Grêmio Foot-Ball Porto Alegrense,400000.0,50000000.0,Willian,CM,Vitória,2649.0,5.0,1.0,4.0,1.3,102.0,11.0,20.0,4.0,67.0,9.0,51.0,35.0,8.0,0.0,Winger,0.16987542468856173,0.03397508493771234,0.13590033975084936,0.044167610419026046,3.4654586636466593,0.3737259343148358,0.13590033975084936,2.276330690826727,0.3057757644394111,1.7327293318233297,1.1891279728199322,0.7692307692307693,0.23076923076923078,0.7692307692307693,0.11538461538461539,0.8076923076923077,0.038461538461538464,0.038461538461538464,0.6538461538461539,0.8653846153846154,0.9230769230769231,0.8846153846153846,0.5384615384615384,0.15384615384615385,0.34615384615384615,0.038461538461538464,0.38461538461538464,0.038461538461538464,0.038461538461538464,0.038461538461538464,0.5384615384615384,0.5,0.6153846153846154,0.21449704142011833,36,0.14285714285714285,0.9615384615384616,0.34875316990701605
52896,,Everton Ribeiro,Everton Ribeiro,10010,Brazil,Arujá,Brazil,1989-04-10,Attacking Midfield,Midfield,left,174.0,2026-12-31 00:00:00,22.0,3.0,,BRA1,Esporte Clube Bahia,1000000.0,17000000.0,Everton Ribeiro,RM,Bahia,2681.0,2.0,5.0,1.2,4.3,326.0,85.0,69.0,29.0,122.0,13.0,53.0,22.0,4.0,0.0,Attacking Midfielder,0.06713912719134651,0.1678478179783663,0.04028347631480791,0.144349123461395,10.943677732189482,2.8534129056322266,0.9735173442745244,4.095486758672137,0.43640432674375235,1.7791868705706828,0.7385303991048116,0.23809523809523808,0.6904761904761905,0.16666666666666666,0.6428571428571429,1.0,0.9047619047619048,0.7142857142857143,0.8095238095238095,0.8333333333333334,0.9761904761904762,0.7619047619047619,0.09523809523809523,0.47619047619047616,0.047619047619047616,0.42857142857142855,1.0,0.7142857142857143,0.47619047619047616,0.42857142857142855,0.5714285714285714,0.8571428571428571,0.6190476190476191,0.380952380952381,35,0.23529411764705882,0.8809523809523809,0.4376050420168067
54590,Germán,Cano,Germán Cano,2462,Argentina,Posadas,Argentina,1988-01-02,Centre-Forward,Attack,right,176.0,2026-12-31 00:00:00,,,,BRA1,Fluminense Football Club,500000.0,3300000.0,Germán Cano,"FW,AM",Fluminense,1598.0,4.0,0.0,5.3,1.2000000000000002,19.0,4.0,17.0,6.0,18.0,0.0,9.0,4.0,5.0,0.0,Centre-Forward,0.22528160200250313,0.0,0.29849812265331666,0.06758448060075095,1.0700876095118899,0.22528160200250313,0.3379224030037547,1.013767209011264,0.0,0.506883604505632,0.22528160200250313,0.2619047619047619,0.09523809523809523,0.3333333333333333,0.2857142857142857,0.21428571428571427,0.09523809523809523,0.30952380952380953,0.09523809523809523,0.09523809523809523,0.3333333333333333,0.09523809523809523,0.3333333333333333,0.09523809523809523,0.42857142857142855,0.2857142857142857,0.09523809523809523,0.09523809523809523,0.19047619047619047,0.047619047619047616,0.09523809523809523,0.47619047619047616,0.09523809523809523,0.269047619047619,37,0.05555555555555555,0.9523809523809523,0.4046825396825397
55250,,Titi,Titi,10870,Brazil,Pelotas,Brazil,1988-03-12,Centre-Back,Defender,left,188.0,2026-11-30 00:00:00,,,,BRA1,Fortaleza Esporte Clube,200000.0,2300000.0,Titi,CB,Fortaleza,2020.0,1.0,0.0,0.2,0.5,43.0,8.0,4.0,3.0,10.0,0.0,31.0,30.0,8.0,0.0,Centre-Back,0.04455445544554455,0.0,0.008910891089108912,0.022277227722772276,1.915841584158416,0.3564356435643564,0.13366336633663367,0.44554455445544555,0.0,1.381188118811881,1.3366336633663365,0.675,0.35,0.0875,0.6375,0.3125,0.4,0.45,0.325,0.1625,0.7125,0.7375,0.625,0.35,0.025,0.65,0.175,0.4,0.4,0.15,0.1625,0.45,0.7,0.4183333333333333,36,0.07575757575757576,0.925,0.49331060606060595
67920,,Ganso,Ganso,2462,Brazil,Ananindeua,Brazil,1989-10-12,Attacking Midfield,Midfield,left,184.0,2026-12-31 00:00:00,8.0,0.0,,BRA1,Fluminense Football Club,300000.0,18000000.0,Ganso,"AM,DM",Fluminense,2169.0,3.0,6.0,2.5,3.4,165.0,15.0,20.0,14.0,95.0,9.0,34.0,15.0,11.0,1.0,Attacking Midfielder,0.12448132780082988,0.24896265560165975,0.1037344398340249,0.14107883817427386,6.846473029045643,0.6224066390041494,0.5809128630705394,3.941908713692946,0.37344398340248963,1.4107883817427385,0.6224066390041494,0.42857142857142855,0.7857142857142857,0.42857142857142855,0.47619047619047616,0.9047619047619048,0.09523809523809523,0.3333333333333333,0.6190476190476191,0.5238095238095238,0.8095238095238095,0.47619047619047616,0.3333333333333333,0.7142857142857143,0.2857142857142857,0.38095238095238093,0.7619047619047619,0.047619047619047616,0.23809523809523808,0.38095238095238093,0.42857142857142855,0.5714285714285714,0.38095238095238093,0.4109347442680776,35,0.11764705882352941,0.8809523809523809,0.485006224712107
74758,,Marinho,Marinho,2125,Brazil,Penedo,Brazil,1990-05-29,Right Winger,Attack,left,169.0,2026-12-31 00:00:00,,,,BRA1,Esporte Clube Vitória,200000.0,4000000.0,Marinho,FW,Fortaleza,1348.0,4.0,3.0,2.2,1.8,53.0,54.0,59.0,26.0,63.0,8.0,28.0,20.0,4.0,1.0,Winger,0.26706231454005935,0.20029673590504452,0.14688427299703266,0.1201780415430267,3.538575667655786,3.605341246290801,1.7359050445103859,4.206231454005934,0.5341246290801187,1.8694362017804154,1.3353115727002969,0.6153846153846154,0.6730769230769231,0.25,0.36538461538461536,0.3076923076923077,0.6538461538461539,0.5769230769230769,0.5961538461538461,0.7307692307692307,0.5192307692307693,0.6153846153846154,0.8461538461538461,0.7307692307692307,0.4230769230769231,0.4230769230769231,0.4230769230769231,0.8076923076923077,0.5769230769230769,0.8846153846153846,0.8461538461538461,0.6538461538461539,0.6923076923076923,0.6508875739644969,34,0.09523809523809523,0.9230769230769231,0.6282614821076359
75080,Alan,Ruschel,Alan Ruschel,10492,Brazil,Taquara,Brazil,1989-08-23,Left-Back,Defender,left,176.0,2026-12-31 00:00:00,,,,BRA1,Esporte Clube Juventude,,,Alan Ruschel,LB,Juventude,2243.0,1.0,1.0,0.7,1.6,120.0,43.0,24.0,10.0,56.0,5.0,69.0,30.0,7.0,2.0,Full-Back,0.04012483281319661,0.04012483281319661,0.02808738296923763,0.06419973250111458,4.814979937583594,1.7253678109674544,0.40124832813196615,2.2469906375390103,0.20062416406598307,2.768613464110566,1.2037449843958985,0.4857142857142857,0.42857142857142855,0.42857142857142855,0.4714285714285714,0.7714285714285715,0.6714285714285714,0.4857142857142857,0.6571428571428571,0.6428571428571429,0.9428571428571428,0.8714285714285714,0.37142857142857144,0.37142857142857144,0.34285714285714286,0.2571428571428571,0.6857142857142857,0.37142857142857144,0.2857142857142857,0.4857142857142857,0.5142857142857142,0.8,0.7714285714285715,0.5085714285714286,35,,0.9285714285714286,
75435,,Marcos Rocha,Marcos Rocha,210,Brazil,Sete Lagoas,Brazil,1988-12-11,Right-Back,Defender,right,176.0,2026-12-31 00:00:00,2.0,0.0,,BRA1,Grêmio Foot-Ball Porto Alegrense,200000.0,6000000.0,Marcos Rocha,WB,Palmeiras,1936.0,0.0,2.0,0.3,3.6,150.0,35.0,18.0,8.0,83.0,7.0,55.0,22.0,5.0,1.0,Full-Back,0.0,0.09297520661157024,0.013946280991735536,0.16735537190082644,6.973140495867769,1.6270661157024793,0.371900826446281,3.8584710743801653,0.32541322314049587,2.5568181818181817,1.0227272727272727,0.15714285714285714,0.6428571428571429,0.2,0.9142857142857143,0.9714285714285714,0.45714285714285713,0.3,0.9428571428571428,0.8857142857142857,0.7142857142857143,0.6,0.15714285714285714,0.6285714285714286,0.14285714285714285,0.8571428571428571,1.0,0.3142857142857143,0.17142857142857143,0.9714285714285714,0.8,0.7428571428571429,0.5142857142857142,0.64,36,0.08064516129032258,1.0,0.6138387096774194
76191,,Osvaldo,Osvaldo,2125,Brazil,Fortaleza,Brazil,1987-04-11,Right Winger,Attack,right,170.0,2026-06-30 00:00:00,2.0,0.0,,BRA1,Esporte Clube Vitória,75000.0,4500000.0,Osvaldo,LW,Vitória,1072.0,2.0,0.0,2.3000000000000003,1.6,37.0,29.0,33.0,12.0,43.0,3.0,8.0,10.0,1.0,0.0,Winger,0.16791044776119401,0.0,0.19309701492537315,0.13432835820895522,3.1063432835820897,2.434701492537313,1.007462686567164,3.6100746268656714,0.251865671641791,0.6716417910447761,0.8395522388059701,0.28846153846153844,0.07692307692307693,0.3269230769230769,0.23076923076923078,0.15384615384615385,0.17307692307692307,0.17307692307692307,0.15384615384615385,0.15384615384615385,0.07692307692307693,0.23076923076923078,0.4230769230769231,0.07692307692307693,0.6538461538461539,0.5,0.2692307692307692,0.34615384615384615,0.23076923076923078,0.4230769230769231,0.3076923076923077,0.11538461538461539,0.46153846153846156,0.3905325443786983,37,0.047619047619047616,1.0,0.472414764722457
77100,,Lucas Moura,Lucas Moura,585,Brazil,São Paulo,Brazil,1992-08-13,Right Winger,Attack,right,172.0,2026-12-31 00:00:00,37.0,4.0,,BRA1,São Paulo Futebol Clube,2000000.0,40000000.0,Lucas Moura,FW,São Paulo,2246.0,10.0,6.0,4.9,2.9,131.0,87.0,100.0,48.0,103.0,12.0,27.0,17.0,4.0,0.0,Winger,0.40071237756010686,0.2404274265360641,0.1963490650044524,0.11620658949243098,5.2493321460374,3.4861976847729297,1.9234194122885129,4.127337488869101,0.4808548530721282,1.0819234194122884,0.6812110418521816,1.0,1.0,0.8076923076923077,0.6923076923076923,0.9230769230769231,0.8076923076923077,0.8461538461538461,0.9038461538461539,0.9615384615384616,0.46153846153846156,0.5576923076923077,0.9615384615384616,0.8076923076923077,0.6923076923076923,0.34615384615384615,0.8461538461538461,0.6923076923076923,0.6923076923076923,0.8461538461538461,0.6923076923076923,0.3076923076923077,0.3076923076923077,0.6937869822485208,32,0.5,0.8461538461538461,0.5643491124260355
80562,,Hulk,Hulk,2462,Brazil,Campina Grande,Brazil,1986-07-25,Centre-Forward,Attack,left,180.0,2027-12-31 00:00:00,49.0,11.0,,BRA1,Fluminense Football Club,1000000.0,48000000.0,Hulk,FW,Atlético Mineiro,1806.0,10.0,5.0,8.5,2.0,57.0,33.0,78.0,33.0,80.0,13.0,10.0,8.0,5.0,1.0,Centre-Forward,0.49833887043189373,0.24916943521594687,0.42358803986710963,0.09966777408637874,2.840531561461794,1.6445182724252494,1.6445182724252494,3.98671096345515,0.6478405315614618,0.49833887043189373,0.39867109634551495,0.7380952380952381,0.9761904761904762,0.7142857142857143,0.5,0.8809523809523809,0.8571428571428571,1.0,1.0,1.0,0.4523809523809524,0.2857142857142857,0.8571428571428571,0.9523809523809523,0.8571428571428571,0.6666666666666666,0.9047619047619048,0.9047619047619048,1.0,1.0,1.0,0.42857142857142855,0.3333333333333333,0.8833333333333332,38,0.3333333333333333,1.0,0.6966666666666665
95732,Martin,Braithwaite,Martin Braithwaite,210,Denmark,Esbjerg,Denmark,1991-06-05,Centre-Forward,Attack,right,177.0,2027-12-31 00:00:00,69.0,10.0,,BRA1,Grêmio Foot-Ball Porto Alegrense,1000000.0,12000000.0,Martin Braithwaite,FW,Grêmio,1395.0,7.0,2.0,5.2,1.2999999999999998,29.0,19.0,28.0,11.0,30.0,7.0,9.0,6.0,1.0,0.0,Centre-Forward,0.45161290322580644,0.12903225806451613,0.33548387096774196,0.08387096774193548,1.8709677419354838,1.2258064516129032,0.7096774193548387,1.935483870967742,0.45161290322580644,0.5806451612903226,0.3870967741935484,0.5238095238095238,0.42857142857142855,0.2857142857142857,0.3333333333333333,0.47619047619047616,0.47619047619047616,0.5238095238095238,0.23809523809523808,0.6904761904761905,0.3333333333333333,0.14285714285714285,0.8095238095238095,0.6190476190476191,0.5238095238095238,0.42857142857142855,0.6666666666666666,0.6666666666666666,0.8095238095238095,0.2857142857142857,0.8571428571428571,0.5238095238095238,0.2857142857142857,0.6214285714285714,33,0.3333333333333333,0.7380952380952381,0.5788095238095238
103381,,Tiquinho Soares,Tiquinho Soares,3876,Brazil,Sousa,Brazil,1991-01-17,Centre-Forward,Attack,right,187.0,2026-12-31 00:00:00,,,,BRA1,Mirasol Futebol Clube,800000.0,12000000.0,Tiquinho Soares,FW,Botafogo (RJ),1349.0,5.0,3.0,6.7,2.1,27.0,7.0,19.0,9.0,41.0,6.0,13.0,10.0,4.0,1.0,Centre-Forward,0.3335804299481097,0.20014825796886582,0.44699777613046704,0.14010378057820608,1.8013343217197924,0.46701260192735355,0.6004447739065975,2.7353595255745,0.40029651593773163,0.8673091178650852,0.6671608598962194,0.40476190476190477,0.6904761904761905,0.5476190476190477,0.5952380952380952,0.38095238095238093,0.19047619047619047,0.38095238095238093,0.42857142857142855,0.5714285714285714,0.6190476190476191,0.5238095238095238,0.47619047619047616,0.9047619047619048,0.9523809523809523,1.0,0.6190476190476191,0.19047619047619047,0.6666666666666666,0.9047619047619048,0.7619047619047619,0.7619047619047619,0.6190476190476191,0.8,33,0.19444444444444445,0.7380952380952381,0.7206746031746031
104505,,Alan Patrick,Alan Patrick,6600,Brazil,São Paulo,Brazil,1991-05-13,Attacking Midfield,Midfield,right,177.0,2027-12-31 00:00:00,4.0,0.0,,BRA1,Sport Club Internacional,2000000.0,8000000.0,Alan Patrick,AM,Internacional,1777.0,8.0,3.0,7.2,8.200000000000001,128.0,35.0,58.0,34.0,127.0,13.0,22.0,17.0,3.0,0.0,Attacking Midfielder,0.4051772650534609,0.15194147439504782,0.36465953854811484,0.41530669667979747,6.482836240855375,1.7726505346088912,1.7220033764772087,6.432189082723692,0.6584130557118739,1.1142374788970175,0.8610016882386043,0.8333333333333334,0.40476190476190477,0.9523809523809523,1.0,0.7142857142857143,0.5238095238095238,0.8095238095238095,0.8571428571428571,0.8333333333333334,0.47619047619047616,0.6428571428571429,0.9047619047619048,0.38095238095238093,0.9523809523809523,1.0,0.7142857142857143,0.5714285714285714,0.7619047619047619,1.0,0.8095238095238095,0.38095238095238093,0.7142857142857143,0.8465608465608467,33,0.5882352941176471,0.8095238095238095,0.6394491129785248
113586,,Manoel,Manoel,2462,Brazil,Bacabal,Brazil,1990-02-26,Centre-Back,Defender,right,181.0,,,,,BRA1,Fluminense Football Club,350000.0,5500000.0,Manoel,CB,Fluminense,1047.0,0.0,0.0,0.2,0.1,17.0,0.0,3.0,3.0,2.0,0.0,14.0,14.0,2.0,0.0,Centre-Back,0.0,0.0,0.017191977077363897,0.008595988538681949,1.4613180515759312,0.0,0.25787965616045844,0.17191977077363896,0.0,1.2034383954154728,1.2034383954154728,0.2625,0.35,0.0875,0.2875,0.025,0.025,0.45,0.025,0.1625,0.125,0.2125,0.2625,0.35,0.15,0.375,0.025,0.025,0.575,0.025,0.1625,0.275,0.55,0.23166666666666666,34,0.13636363636363635,0.9,0.3699090909090909
121986,,Lucas Sasha,Lucas Sasha,10870,Brazil,São Paulo,Brazil,1990-03-01,Defensive Midfield,Midfield,both,177.0,2026-12-31 00:00:00,,,,BRA1,Fortaleza Esporte Clube,750000.0,2000000.0,Lucas Sasha,CM,Fortaleza,1220.0,0.0,0.0,0.5,1.5,40.0,7.0,12.0,6.0,18.0,0.0,61.0,35.0,2.0,0.0,Defensive Midfielder,0.0,0.0,0.036885245901639344,0.11065573770491804,2.9508196721311477,0.5163934426229508,0.4426229508196722,1.3278688524590165,0.0,4.5,2.581967213114754,0.2619047619047619,0.19047619047619047,0.2619047619047619,0.7142857142857143,0.09523809523809523,0.14285714285714285,0.23809523809523808,0.14285714285714285,0.09523809523809523,0.6666666666666666,0.7619047619047619,0.2619047619047619,0.19047619047619047,0.38095238095238093,0.8571428571428571,0.14285714285714285,0.14285714285714285,0.42857142857142855,0.19047619047619047,0.09523809523809523,1.0,1.0,0.5602240896358542,34,0.17647058823529413,1.0,0.5420168067226889
137745,,Marçal,Marçal,537,Brazil,São Paulo,Brazil,1989-02-19,Left-Back,Defender,left,178.0,2026-12-31 00:00:00,,,,BRA1,S. A. F. Botafogo,200000.0,8000000.0,Fernando Marçal,LB,Botafogo (RJ),1014.0,1.0,0.0,0.3,0.6,59.0,18.0,9.0,4.0,23.0,0.0,28.0,9.0,5.0,0.0,Full-Back,0.08875739644970415,0.0,0.026627218934911243,0.05325443786982249,5.236686390532545,1.5976331360946745,0.3550295857988166,2.0414201183431953,0.0,2.485207100591716,0.7988165680473372,0.4857142857142857,0.17142857142857143,0.2,0.07142857142857142,0.4,0.17142857142857143,0.07142857142857142,0.11428571428571428,0.05714285714285714,0.3,0.12857142857142856,0.7714285714285715,0.17142857142857143,0.3142857142857143,0.17142857142857143,0.8,0.2571428571428571,0.11428571428571428,0.2857142857142857,0.05714285714285714,0.6857142857142857,0.2571428571428571,0.3817142857142856,35,0.08064516129032258,0.9285714285714286,0.46958156682027646
139867,Robert,Arboleda,Robert Arboleda,585,Ecuador,Esmeraldas,Ecuador,1991-10-22,Centre-Back,Defender,right,189.0,2027-12-31 00:00:00,39.0,2.0,,BRA1,São Paulo Futebol Clube,400000.0,2500000.0,Robert Arboleda,CB,São Paulo,2256.0,2.0,0.0,1.2000000000000002,0.5,45.0,2.0,0.0,0.0,19.0,3.0,31.0,28.0,3.0,0.0,Centre-Back,0.0797872340425532,0.0,0.04787234042553193,0.0199468085106383,1.7952127659574468,0.0797872340425532,0.0,0.7579787234042553,0.11968085106382978,1.2367021276595744,1.1170212765957448,0.8625,0.35,0.7375,0.6375,0.45,0.1625,0.0625,0.625,0.8875,0.7125,0.6875,0.8,0.35,0.575,0.6,0.1,0.075,0.0625,0.475,0.8,0.35,0.375,0.23666666666666666,33,0.18181818181818182,0.85,0.3690454545454545
145400,Walter,Kannemann,Walter Kannemann,210,Argentina,Concepción del Uruguay,Argentina,1991-03-14,Centre-Back,Defender,left,184.0,2027-12-31 00:00:00,6.0,0.0,,BRA1,Grêmio Foot-Ball Porto Alegrense,350000.0,6000000.0,Walter Kannemann,CB,Grêmio,1000.0,0.0,2.0,0.6000000000000001,0.8,21.0,2.0,6.0,6.0,8.0,2.0,18.0,16.0,6.0,1.0,Centre-Back,0.0,0.18,0.054000000000000006,0.07200000000000001,1.8900000000000001,0.18,0.54,0.72,0.18,1.6199999999999999,1.44,0.2625,0.95,0.425,0.7875,0.075,0.1625,0.6875,0.175,0.6875,0.2125,0.275,0.2625,1.0,0.675,0.925,0.15,0.225,0.9,0.425,0.9,0.725,0.75,0.4733333333333334,33,0.13636363636363635,0.85,0.5224090909090909
147361,,Mayke,Mayke,221,Brazil,Carangola,Brazil,1992-11-10,Right-Back,Defender,right,178.0,2027-12-31 00:00:00,,,,BRA1,Santos Futebol Clube,1500000.0,5500000.0,Mayke,RB,Palmeiras,1035.0,1.0,0.0,1.2,0.8,73.0,20.0,11.0,8.0,36.0,2.0,36.0,13.0,7.0,0.0,Full-Back,0.08695652173913043,0.0,0.10434782608695652,0.06956521739130436,6.3478260869565215,1.7391304347826086,0.6956521739130435,3.130434782608696,0.17391304347826086,3.130434782608696,1.1304347826086956,0.4857142857142857,0.17142857142857143,0.6428571428571429,0.17142857142857143,0.45714285714285713,0.22857142857142856,0.3,0.42857142857142855,0.2571428571428571,0.42857142857142855,0.32857142857142857,0.7142857142857143,0.17142857142857143,0.8857142857142857,0.34285714285714286,0.9428571428571428,0.4,0.5142857142857142,0.8285714285714286,0.4,0.9428571428571428,0.6,0.5702857142857143,32,0.2903225806451613,0.7857142857142857,0.5517336405529955
147410,Raúl,Cáceres,Raúl Cáceres,2125,Paraguay,Asunción,Paraguay,1991-09-18,Right-Back,Defender,right,180.0,2026-12-31 00:00:00,0.0,0.0,,BRA1,Esporte Clube Vitória,,,Raúl Cáceres,RB,Vitória,1695.0,0.0,3.0,0.1,2.4,50.0,51.0,18.0,7.0,44.0,7.0,38.0,16.0,2.0,0.0,Full-Back,0.0,0.1592920353982301,0.005309734513274336,0.12743362831858407,2.6548672566371683,2.7079646017699113,0.37168141592920356,2.336283185840708,0.37168141592920356,2.017699115044248,0.8495575221238938,0.15714285714285714,0.8285714285714286,0.08571428571428572,0.7285714285714285,0.2571428571428571,0.7714285714285715,0.22857142857142856,0.5,0.8857142857142857,0.4857142857142857,0.45714285714285713,0.15714285714285714,0.8571428571428571,0.05714285714285714,0.6857142857142857,0.11428571428571428,0.9142857142857143,0.14285714285714285,0.5714285714285714,0.8571428571428571,0.45714285714285713,0.3142857142857143,0.5222857142857142,33,,0.8285714285714286,
159372,,Felipe Anderson,Felipe Anderson,1023,Brazil,Brasília,Brazil,1993-04-15,Left Winger,Attack,right,175.0,2027-12-31 00:00:00,2.0,0.0,,BRA1,Sociedade Esportiva Palmeiras,1500000.0,45000000.0,Felipe Anderson,LM,Palmeiras,1310.0,2.0,2.0,3.0,4.0,57.0,46.0,42.0,24.0,57.0,7.0,35.0,25.0,0.0,0.0,Winger,0.13740458015267176,0.13740458015267176,0.20610687022900764,0.2748091603053435,3.9160305343511452,3.1603053435114505,1.6488549618320612,3.9160305343511452,0.48091603053435117,2.404580152671756,1.717557251908397,0.28846153846153844,0.4423076923076923,0.5384615384615384,0.8461538461538461,0.38461538461538464,0.5,0.4423076923076923,0.5384615384615384,0.5769230769230769,0.6730769230769231,0.7115384615384616,0.3076923076923077,0.5769230769230769,0.7307692307692307,0.9615384615384616,0.5384615384615384,0.5769230769230769,0.5384615384615384,0.6153846153846154,0.7307692307692307,0.9615384615384616,0.8846153846153846,0.6612426035502958,31,0.38095238095238093,0.7692307692307693,0.5861228515074669
162807,Juan Martín,Lucero,Juan Martín Lucero,10870,Argentina,Mendoza,Argentina,1991-10-10,Centre-Forward,Attack,right,183.0,2027-12-31 00:00:00,,,,BRA1,Fortaleza Esporte Clube,,,Juan Martín Lucero,FW,Fortaleza,2246.0,8.0,3.0,6.7,2.0,27.0,13.0,10.0,3.0,36.0,3.0,17.0,9.0,8.0,0.0,Centre-Forward,0.3205699020480855,0.12021371326803205,0.2684772929652716,0.08014247551202137,1.0819234194122884,0.5209260908281389,0.12021371326803205,1.4425645592163845,0.12021371326803205,0.6812110418521816,0.3606411398040961,0.6428571428571429,0.6904761904761905,0.5476190476190477,0.5,0.38095238095238093,0.2857142857142857,0.11904761904761904,0.35714285714285715,0.2619047619047619,0.8095238095238095,0.4523809523809524,0.42857142857142855,0.5714285714285714,0.3333333333333333,0.38095238095238093,0.14285714285714285,0.2857142857142857,0.14285714285714285,0.19047619047619047,0.19047619047619047,0.6666666666666666,0.23809523809523808,0.3499999999999999,33,,0.7380952380952381,
162883,Eduardo,Sasha,Eduardo Sasha,8793,Brazil,Porto Alegre,Brazil,1992-02-24,Centre-Forward,Attack,right,173.0,2027-12-31 00:00:00,,,,BRA1,Red Bull Bragantino,800000.0,5500000.0,Eduardo Sasha,"FW,LW",Red Bull Bragantino,2079.0,8.0,4.0,5.4,2.6,57.0,25.0,33.0,11.0,54.0,8.0,9.0,12.0,7.0,1.0,Centre-Forward,0.3463203463203463,0.17316017316017315,0.23376623376623376,0.11255411255411257,2.4675324675324672,1.0822510822510822,0.47619047619047616,2.337662337662338,0.3463203463203463,0.38961038961038963,0.5194805194805194,0.6428571428571429,0.8333333333333334,0.42857142857142855,0.8333333333333334,0.8809523809523809,0.7619047619047619,0.5238095238095238,0.7142857142857143,0.7619047619047619,0.3333333333333333,0.6666666666666666,0.5238095238095238,0.8095238095238095,0.23809523809523808,0.7619047619047619,0.8571428571428571,0.5238095238095238,0.42857142857142855,0.5714285714285714,0.6666666666666666,0.19047619047619047,0.42857142857142855,0.5166666666666666,32,0.19444444444444445,0.6190476190476191,0.568531746031746
164013,,Gilberto,Gilberto,10492,Brazil,Piranhas,Brazil,1989-06-05,Centre-Forward,Attack,right,178.0,2026-11-30 00:00:00,,,,BRA1,Esporte Clube Juventude,700000.0,1400000.0,Gilberto,FW,Juventude,2058.0,4.0,2.0,3.7,2.1,79.0,66.0,48.0,27.0,50.0,5.0,44.0,16.0,3.0,0.0,Centre-Forward,0.1749271137026239,0.08746355685131195,0.1618075801749271,0.09183673469387756,3.454810495626822,2.8862973760932946,1.1807580174927115,2.186588921282799,0.21865889212827988,1.924198250728863,0.6997084548104956,0.2619047619047619,0.42857142857142855,0.14285714285714285,0.5952380952380952,0.9523809523809523,1.0,0.9523809523809523,0.6428571428571429,0.4523809523809524,1.0,0.7619047619047619,0.14285714285714285,0.42857142857142855,0.047619047619047616,0.5714285714285714,0.9523809523809523,1.0,0.9523809523809523,0.47619047619047616,0.47619047619047616,1.0,0.6666666666666666,0.2690476190476191,35,0.1111111111111111,0.8571428571428571,0.40507936507936515
167724,,Diogo Barbosa,Diogo Barbosa,10870,Brazil,Terra Nova do Norte,Brazil,1992-08-17,Left-Back,Defender,left,179.0,,,,,BRA1,Fortaleza Esporte Clube,,,Diogo Barbosa,LB,Fluminense,1759.0,0.0,0.0,0.0,0.6000000000000001,111.0,41.0,35.0,15.0,30.0,0.0,35.0,9.0,5.0,0.0,Full-Back,0.0,0.0,0.0,0.030699260943718026,5.679363274587834,2.0977828311540647,0.7674815235929505,1.534963047185901,0.0,1.7907902217168847,0.4604889141557703,0.15714285714285714,0.17142857142857143,0.02857142857142857,0.11428571428571428,0.6857142857142857,0.6142857142857143,0.6285714285714286,0.3,0.05714285714285714,0.4,0.12857142857142856,0.15714285714285714,0.17142857142857143,0.02857142857142857,0.08571428571428572,0.8571428571428571,0.6285714285714286,0.6571428571428571,0.11428571428571428,0.05714285714285714,0.2571428571428571,0.02857142857142857,0.4182857142857143,32,,0.7857142857142857,
169179,Alan,Empereur,Alan Empereur,3876,Brazil,Ipatinga,Brazil,1994-03-10,Centre-Back,Defender,left,186.0,2026-12-31 00:00:00,,,,BRA1,Mirasol Futebol Clube,750000.0,1000000.0,Alan Empereur,CB,Cuiabá,2548.0,0.0,0.0,0.5,1.1,96.0,18.0,7.0,4.0,31.0,1.0,20.0,20.0,9.0,0.0,Centre-Back,0.0,0.0,0.017660910518053376,0.03885400313971743,3.3908948194662476,0.6357927786499216,0.141287284144427,1.0949764521193093,0.03532182103610675,0.706436420722135,0.706436420722135,0.2625,0.35,0.35,0.85,0.8,0.8125,0.5625,0.8625,0.425,0.2875,0.3875,0.2625,0.35,0.175,0.725,0.65,0.675,0.425,0.775,0.35,0.075,0.125,0.36000000000000004,30,0.30303030303030304,0.625,0.4464924242424243
175169,,Bernard,Bernard,330,Brazil,Belo Horizonte,Brazil,1992-09-08,Left Winger,Attack,right,167.0,2027-12-31 00:00:00,14.0,1.0,,BRA1,Clube Atlético Mineiro,600000.0,20000000.0,Bernard,AM,Atlético Mineiro,900.0,0.0,0.0,0.6000000000000001,1.8,61.0,28.0,25.0,12.0,40.0,1.0,20.0,7.0,1.0,0.0,Winger,0.0,0.0,0.060000000000000005,0.18,6.1000000000000005,2.8,1.2000000000000002,4.0,0.1,2.0,0.7,0.057692307692307696,0.07692307692307693,0.07692307692307693,0.36538461538461536,0.4230769230769231,0.11538461538461539,0.17307692307692307,0.038461538461538464,0.057692307692307696,0.3076923076923077,0.07692307692307693,0.057692307692307696,0.07692307692307693,0.07692307692307693,0.6153846153846154,0.9615384615384616,0.46153846153846156,0.40384615384615385,0.7692307692307693,0.07692307692307693,0.7307692307692307,0.38461538461538464,0.33505917159763315,32,0.23809523809523808,0.8461538461538461,0.41458861651169343
175792,,André Ramalho,André Ramalho,199,Brazil,Ibiúna,Brazil,1992-02-16,Centre-Back,Defender,both,182.0,2026-12-31 00:00:00,,,,BRA1,Sport Club Corinthians Paulista,800000.0,4500000.0,André Ramalho,CB,Corinthians,1482.0,0.0,1.0,0.2,0.3,53.0,10.0,6.0,5.0,15.0,4.0,24.0,20.0,5.0,1.0,Centre-Back,0.0,0.06072874493927125,0.012145748987854251,0.018218623481781375,3.218623481781376,0.6072874493927126,0.3036437246963563,0.9109311740890689,0.242914979757085,1.45748987854251,1.2145748987854252,0.2625,0.7875,0.0875,0.5375,0.5625,0.5375,0.6375,0.5375,0.9625,0.4375,0.3875,0.2625,0.8,0.075,0.5,0.625,0.625,0.675,0.6,0.975,0.575,0.575,0.5983333333333333,32,0.3333333333333333,0.7625,0.5612916666666666
176140,Rodrigo,Ely,Rodrigo Ely,210,Brazil,Lajeado,Brazil,1993-11-03,Centre-Back,Defender,right,188.0,2028-06-30 00:00:00,3.0,0.0,,BRA1,Grêmio Foot-Ball Porto Alegrense,3000000.0,6000000.0,Rodrigo Ely,CB,Grêmio,1569.0,1.0,0.0,0.9,0.2,36.0,3.0,5.0,4.0,10.0,0.0,37.0,32.0,5.0,0.0,Centre-Back,0.05736137667304015,0.0,0.05162523900573614,0.011472275334608033,2.0650095602294454,0.17208413001912046,0.2294455066921606,0.5736137667304015,0.0,2.1223709369024855,1.8355640535372848,0.675,0.35,0.5625,0.425,0.2,0.25,0.5625,0.325,0.1625,0.85,0.775,0.7,0.35,0.65,0.4,0.25,0.2,0.525,0.275,0.1625,0.95,0.925,0.61,31,0.6666666666666666,0.675,0.4980833333333334
188862,Guillermo,Varela,Guillermo Varela,614,Uruguay,Montevideo,Uruguay,1993-03-24,Right-Back,Defender,right,174.0,2027-12-31 00:00:00,30.0,0.0,,BRA1,Clube de Regatas do Flamengo,1000000.0,2500000.0,Guillermo Varela,RB,Flamengo,1038.0,1.0,0.0,0.2,1.0,24.0,14.0,15.0,6.0,17.0,2.0,18.0,12.0,2.0,0.0,Full-Back,0.08670520231213873,0.0,0.017341040462427747,0.08670520231213873,2.0809248554913293,1.2138728323699421,0.5202312138728323,1.4739884393063585,0.17341040462427745,1.5606936416184969,1.0404624277456647,0.4857142857142857,0.17142857142857143,0.14285714285714285,0.3142857142857143,0.02857142857142857,0.1,0.18571428571428572,0.02857142857142857,0.2571428571428571,0.05714285714285714,0.2714285714285714,0.6714285714285714,0.17142857142857143,0.2,0.5428571428571428,0.02857142857142857,0.08571428571428572,0.4,0.05714285714285714,0.37142857142857144,0.11428571428571428,0.5428571428571428,0.24114285714285713,31,0.22580645161290322,0.7428571428571429,0.37680552995391703
195810,,Bastos,Bastos,537,Angola,Luanda,Angola,1991-03-27,Centre-Back,Defender,right,184.0,2026-12-31 00:00:00,54.0,2.0,,BRA1,S. A. F. Botafogo,600000.0,8000000.0,Bastos,CB,Botafogo (RJ),2628.0,3.0,0.0,1.8,0.1,111.0,12.0,5.0,2.0,21.0,2.0,32.0,27.0,6.0,0.0,Centre-Back,0.10273972602739725,0.0,0.06164383561643836,0.0034246575342465756,3.8013698630136985,0.410958904109589,0.0684931506849315,0.7191780821917808,0.0684931506849315,1.095890410958904,0.9246575342465753,0.925,0.35,0.85,0.2875,0.875,0.6625,0.325,0.7125,0.6875,0.7875,0.6375,0.9,0.35,0.75,0.25,0.725,0.425,0.175,0.4,0.5,0.2,0.275,0.425,33,0.2727272727272727,0.85,0.45931818181818185
195882,Gonzalo,Mastriani,Gonzalo Mastriani,537,Uruguay,Montevideo,Uruguay,1993-04-28,Centre-Forward,Attack,left,182.0,2026-11-30 00:00:00,0.0,0.0,,BRA1,S. A. F. Botafogo,,,Gonzalo Mastriani,FW,Athletico Paranaense,900.0,4.0,0.0,4.2,0.8999999999999999,17.0,2.0,12.0,1.0,19.0,0.0,15.0,8.0,0.0,0.0,Centre-Forward,0.4,0.0,0.42000000000000004,0.08999999999999998,1.7,0.2,0.1,1.9000000000000001,0.0,1.5,0.8,0.2619047619047619,0.09523809523809523,0.23809523809523808,0.19047619047619047,0.09523809523809523,0.047619047619047616,0.047619047619047616,0.14285714285714285,0.09523809523809523,0.7142857142857143,0.2857142857142857,0.6190476190476191,0.09523809523809523,0.8095238095238095,0.5238095238095238,0.5238095238095238,0.047619047619047616,0.09523809523809523,0.23809523809523808,0.09523809523809523,0.9523809523809523,0.7619047619047619,0.4976190476190476,31,,0.5238095238095238,
198250,,Samuel Xavier,Samuel Xavier,2462,Brazil,São Paulo,Brazil,1990-06-06,Right-Back,Defender,right,166.0,2027-12-31 00:00:00,,,,BRA1,Fluminense Football Club,200000.0,2000000.0,Samuel Xavier,RB,Fluminense,2660.0,0.0,2.0,0.7000000000000001,1.9,135.0,64.0,31.0,9.0,59.0,5.0,48.0,19.0,5.0,0.0,Full-Back,0.0,0.06766917293233084,0.023684210526315794,0.06428571428571428,4.56766917293233,2.165413533834587,0.30451127819548873,1.9962406015037595,0.16917293233082706,1.62406015037594,0.6428571428571428,0.15714285714285714,0.6428571428571429,0.45714285714285713,0.5285714285714286,0.8571428571428571,0.9428571428571428,0.4,0.7,0.6428571428571429,0.6,0.5,0.15714285714285714,0.45714285714285713,0.2857142857142857,0.2857142857142857,0.6285714285714286,0.6571428571428571,0.08571428571428572,0.22857142857142856,0.34285714285714286,0.22857142857142856,0.11428571428571428,0.4057142857142857,34,0.08064516129032258,0.8571428571428571,0.49469585253456216
215390,Gustavo,Gómez,Gustavo Gómez,1023,Paraguay,San Juan Bautista,Paraguay,1993-05-06,Centre-Back,Defender,right,185.0,2027-12-31 00:00:00,94.0,4.0,,BRA1,Sociedade Esportiva Palmeiras,3500000.0,9000000.0,Gustavo Gómez,CB,Palmeiras,2367.0,1.0,2.0,3.7,1.7999999999999998,82.0,8.0,4.0,1.0,22.0,2.0,38.0,35.0,9.0,0.0,Centre-Back,0.03802281368821293,0.07604562737642585,0.14068441064638784,0.06844106463878327,3.11787072243346,0.3041825095057034,0.03802281368821293,0.8365019011406843,0.07604562737642585,1.4448669201520912,1.3307984790874525,0.675,0.95,0.95,0.925,0.75,0.4,0.1875,0.7625,0.6875,0.8875,0.85,0.525,0.85,0.95,0.875,0.525,0.35,0.125,0.525,0.525,0.55,0.675,0.5483333333333333,31,0.7272727272727273,0.675,0.4459318181818182
215616,Erick,Pulgar,Erick Pulgar,614,Chile,Antofagasta,Chile,1994-01-15,Defensive Midfield,Midfield,right,188.0,2027-12-31 00:00:00,54.0,4.0,,BRA1,Clube de Regatas do Flamengo,4500000.0,15000000.0,Erick Pulgar,DM,Flamengo,1750.0,0.0,3.0,1.0,1.8,110.0,12.0,10.0,5.0,46.0,5.0,51.0,20.0,7.0,1.0,Defensive Midfielder,0.0,0.15428571428571428,0.051428571428571435,0.09257142857142857,5.6571428571428575,0.6171428571428571,0.2571428571428571,2.3657142857142857,0.2571428571428571,2.6228571428571428,1.0285714285714285,0.2619047619047619,0.8095238095238095,0.5476190476190477,0.8095238095238095,0.6190476190476191,0.3333333333333333,0.16666666666666666,0.5714285714285714,0.6904761904761905,0.42857142857142855,0.3333333333333333,0.2619047619047619,0.8095238095238095,0.5714285714285714,0.8095238095238095,0.8571428571428571,0.23809523809523808,0.14285714285714285,0.6666666666666666,0.8571428571428571,0.6190476190476191,0.2857142857142857,0.6218487394957984,30,0.7647058823529411,0.8809523809523809,0.4497899159663866
215915,Igor,Coronado,Igor Coronado,199,Brazil,Londrina,Italy,1992-08-18,Attacking Midfield,Midfield,right,170.0,2027-06-30 00:00:00,,,,BRA1,Sport Club Corinthians Paulista,,,Igor Coronado,AM,Corinthians,1378.0,1.0,2.0,1.2,3.9,114.0,71.0,78.0,30.0,79.0,3.0,33.0,27.0,6.0,0.0,Attacking Midfielder,0.06531204644412192,0.13062409288824384,0.0783744557329463,0.25471698113207547,7.445573294629899,4.637155297532656,1.9593613933236576,5.1596516690856316,0.19593613933236573,2.1552975326560233,1.7634252539912916,0.09523809523809523,0.2857142857142857,0.16666666666666666,0.5714285714285714,0.6190476190476191,0.8095238095238095,0.7619047619047619,0.5238095238095238,0.14285714285714285,0.7619047619047619,0.8809523809523809,0.047619047619047616,0.3333333333333333,0.14285714285714285,0.8095238095238095,0.8571428571428571,0.9047619047619048,0.8571428571428571,0.8571428571428571,0.19047619047619047,0.9523809523809523,0.9523809523809523,0.5008818342151675,32,,0.7619047619047619,
223560,,Luciano,Luciano,585,Brazil,Anápolis,Brazil,1993-05-18,Centre-Forward,Attack,left,181.0,2028-12-31 00:00:00,6.0,5.0,,BRA1,São Paulo Futebol Clube,1300000.0,5500000.0,Luciano,FW,São Paulo,2302.0,11.0,2.0,7.0,2.2,91.0,24.0,36.0,15.0,60.0,10.0,26.0,23.0,13.0,1.0,Centre-Forward,0.4300608166811469,0.07819287576020852,0.2736750651607298,0.08601216333622937,3.5577758470894874,0.9383145091225022,0.5864465682015638,2.3457862728062553,0.3909643788010426,1.0165073848827109,0.8992180712423979,0.8333333333333334,0.42857142857142855,0.6190476190476191,0.6904761904761905,1.0,0.6904761904761905,0.7857142857142857,0.8095238095238095,0.8333333333333334,0.9523809523809523,0.9047619047619048,0.7619047619047619,0.2857142857142857,0.38095238095238093,0.47619047619047616,1.0,0.42857142857142855,0.5714285714285714,0.6190476190476191,0.7142857142857143,0.8571428571428571,0.8571428571428571,0.55,31,0.4444444444444444,0.5238095238095238,0.5403174603174603
225432,,Zé Rafael,Zé Rafael,221,Brazil,Ponta Grossa,Brazil,1993-06-16,Central Midfield,Midfield,right,175.0,2027-12-31 00:00:00,,,,BRA1,Santos Futebol Clube,1500000.0,5000000.0,Zé Rafael,CM,Palmeiras,951.0,0.0,2.0,0.4,1.8,49.0,10.0,19.0,6.0,34.0,5.0,25.0,10.0,7.0,0.0,Central Midfielder,0.0,0.1892744479495268,0.03785488958990536,0.17034700315457413,4.6372239747634065,0.9463722397476341,0.5678233438485805,3.217665615141956,0.47318611987381703,2.365930599369085,0.9463722397476341,0.17647058823529413,0.6764705882352942,0.20588235294117646,0.7647058823529411,0.17647058823529413,0.23529411764705882,0.11764705882352941,0.35294117647058826,0.6764705882352942,0.5294117647058824,0.17647058823529413,0.17647058823529413,0.8823529411764706,0.29411764705882354,0.9411764705882353,0.47058823529411764,0.35294117647058826,0.29411764705882354,0.6470588235294118,0.8823529411764706,0.8823529411764706,0.47058823529411764,0.649616368286445,31,0.13333333333333333,0.9411764705882353,0.6152600170502983
225617,,Reinaldo,Reinaldo,3876,Brazil,Porto Calvo,Brazil,1989-09-28,Left-Back,Defender,left,178.0,2026-12-31 00:00:00,,,,BRA1,Mirasol Futebol Clube,350000.0,4000000.0,Reinaldo,LB,Grêmio,2436.0,2.0,2.0,1.6,2.9000000000000004,127.0,34.0,50.0,27.0,76.0,4.0,51.0,19.0,5.0,0.0,Full-Back,0.07389162561576354,0.07389162561576354,0.05911330049261084,0.10714285714285715,4.692118226600985,1.2561576354679804,0.9975369458128079,2.8078817733990147,0.14778325123152708,1.8842364532019704,0.7019704433497537,0.7571428571428571,0.6428571428571429,0.8285714285714286,0.8285714285714286,0.8,0.4142857142857143,0.8428571428571429,0.8571428571428571,0.5142857142857142,0.6571428571428571,0.5,0.4857142857142857,0.5142857142857142,0.6857142857142857,0.6285714285714286,0.6571428571428571,0.11428571428571428,0.8,0.7428571428571429,0.2857142857142857,0.34285714285714286,0.17142857142857143,0.4422857142857143,35,0.16129032258064516,0.9285714285714286,0.48576313364055296
242201,Lucas,Romero,Lucas Romero,609,Argentina,Loma Hermosa,Argentina,1994-04-18,Defensive Midfield,Midfield,right,167.0,2027-12-31 00:00:00,0.0,0.0,,BRA1,Cruzeiro Esporte Clube,2500000.0,4000000.0,Lucas Romero,CM,Cruzeiro,2531.0,0.0,2.0,0.5,0.4,159.0,22.0,26.0,13.0,79.0,7.0,73.0,29.0,8.0,1.0,Defensive Midfielder,0.0,0.07111813512445674,0.017779533781114184,0.014223627024891349,5.65389174239431,0.7822994863690241,0.46226787830896876,2.809166337416041,0.24891347293559857,2.595811932042671,1.0312129593046226,0.2619047619047619,0.6666666666666666,0.2619047619047619,0.2619047619047619,0.8571428571428571,0.6428571428571429,0.5952380952380952,0.8571428571428571,0.9047619047619048,0.8333333333333334,0.5952380952380952,0.2619047619047619,0.5714285714285714,0.14285714285714285,0.23809523809523808,0.8095238095238095,0.38095238095238093,0.47619047619047616,0.8571428571428571,0.7619047619047619,0.5714285714285714,0.3333333333333333,0.5616246498599441,30,0.47058823529411764,0.8809523809523809,0.48718487394957993
243541,,Deyverson,Deyverson,330,Brazil,Santa Margarida,Brazil,1991-05-08,Centre-Forward,Attack,left,187.0,2026-12-31 00:00:00,,,,BRA1,Clube Atlético Mineiro,1000000.0,5000000.0,Deyverson,FW,Cuiabá,1147.0,3.0,1.0,2.9,0.6,19.0,6.0,16.0,6.0,14.0,4.0,6.0,9.0,4.0,0.0,Centre-Forward,0.23539668700959024,0.07846556233653008,0.22755013077593722,0.047079337401918046,1.4908456843940714,0.4707933740191805,0.4707933740191805,1.098517872711421,0.31386224934612034,0.4707933740191805,0.7061900610287707,0.14285714285714285,0.19047619047619047,0.09523809523809523,0.09523809523809523,0.21428571428571427,0.14285714285714285,0.30952380952380953,0.047619047619047616,0.35714285714285715,0.16666666666666666,0.4523809523809524,0.38095238095238093,0.3333333333333333,0.14285714285714285,0.14285714285714285,0.42857142857142855,0.23809523809523808,0.38095238095238093,0.09523809523809523,0.6190476190476191,0.2857142857142857,0.7142857142857143,0.28809523809523807,33,0.3333333333333333,0.7380952380952381,0.3788095238095238
248410,Giorgian,de Arrascaeta,Giorgian de Arrascaeta,614,Uruguay,Nuevo Berlín,Uruguay,1994-06-01,Attacking Midfield,Midfield,right,177.0,2028-12-31 00:00:00,59.0,13.0,,BRA1,Clube de Regatas do Flamengo,14000000.0,19000000.0,Giorgian De Arrascaeta,AM,Flamengo,1007.0,5.0,5.0,2.2,2.5,80.0,19.0,33.0,18.0,57.0,12.0,16.0,13.0,2.0,0.0,Attacking Midfielder,0.4468718967229394,0.4468718967229394,0.19662363455809337,0.2234359483614697,7.149950347567031,1.6981132075471697,1.608738828202582,5.09433962264151,1.0724925521350546,1.429990069513406,1.1618669314796426,0.6666666666666666,0.6904761904761905,0.35714285714285715,0.40476190476190477,0.38095238095238093,0.21428571428571427,0.5238095238095238,0.3333333333333333,0.7619047619047619,0.2619047619047619,0.42857142857142855,0.9523809523809523,1.0,0.6666666666666666,0.6666666666666666,0.8095238095238095,0.42857142857142855,0.7142857142857143,0.7619047619047619,1.0,0.6190476190476191,0.8095238095238095,0.818342151675485,30,0.9411764705882353,0.6428571428571429,0.5592826019296607
258254,,Jemerson,Jemerson,210,Brazil,Jeremoabo,Brazil,1992-08-24,Centre-Back,Defender,right,184.0,2026-11-30 00:00:00,2.0,0.0,,BRA1,Grêmio Foot-Ball Porto Alegrense,1700000.0,18000000.0,Jemerson,CB,Atlético Mineiro,1256.0,1.0,0.0,0.7,0.0,23.0,2.0,2.0,2.0,4.0,0.0,21.0,23.0,7.0,0.0,Centre-Back,0.07165605095541401,0.0,0.050159235668789805,0.0,1.6480891719745223,0.14331210191082802,0.14331210191082802,0.28662420382165604,0.0,1.5047770700636942,1.6480891719745223,0.675,0.35,0.4875,0.125,0.1,0.1625,0.325,0.075,0.1625,0.3375,0.5375,0.75,0.35,0.625,0.125,0.05,0.15,0.45,0.075,0.1625,0.675,0.8375,0.44000000000000006,32,0.5757575757575758,0.7625,0.4056856060606061
262851,Emanuel,Brítez,Emanuel Brítez,2125,Argentina,Santa Fe,Argentina,1992-03-26,Centre-Back,Defender,right,178.0,2027-06-30 00:00:00,,,,BRA1,Esporte Clube Vitória,,,Emanuel Brítez,CB,Fortaleza,2503.0,0.0,2.0,1.1,2.0,63.0,12.0,14.0,10.0,34.0,3.0,60.0,33.0,11.0,2.0,Centre-Back,0.0,0.07191370355573312,0.03955253695565322,0.07191370355573312,2.2652816620055933,0.4314822213343987,0.35956851777866555,1.222532960447463,0.10787055533359967,2.1574111066719937,1.1865761086695965,0.2625,0.95,0.65,1.0,0.65,0.6625,0.9375,0.925,0.8875,1.0,0.8,0.2625,0.825,0.475,0.9,0.275,0.475,0.8,0.8,0.775,0.975,0.475,0.5416666666666666,32,,0.7625,
270188,Lucas,Evangelista,Lucas Evangelista,1023,Brazil,Limeira,Brazil,1995-02-06,Central Midfield,Midfield,left,181.0,2027-12-31 00:00:00,10.0,1.0,,BRA1,Sociedade Esportiva Palmeiras,4000000.0,5000000.0,Lucas Evangelista,DM,Red Bull Bragantino,2540.0,2.0,3.0,2.5,1.6,132.0,26.0,34.0,15.0,73.0,6.0,48.0,29.0,4.0,0.0,Central Midfielder,0.07086614173228346,0.1062992125984252,0.08858267716535433,0.05669291338582678,4.677165354330708,0.9212598425196851,0.5314960629921259,2.5866141732283463,0.2125984251968504,1.7007874015748032,1.0275590551181102,0.6764705882352942,0.8529411764705882,0.8823529411764706,0.6470588235294118,0.9411764705882353,0.6764705882352942,0.7647058823529411,0.8823529411764706,0.7647058823529411,0.8235294117647058,0.8823529411764706,0.47058823529411764,0.5882352941176471,0.5882352941176471,0.35294117647058826,0.5294117647058824,0.29411764705882354,0.11764705882352941,0.5294117647058824,0.4117647058823529,0.35294117647058826,0.5882352941176471,0.45524296675191817,29,0.3333333333333333,0.8823529411764706,0.45745950554134696
273000,Júnior,Alonso,Júnior Alonso,330,Paraguay,Asunción,Paraguay,1993-02-09,Centre-Back,Defender,left,185.0,2026-12-31 00:00:00,76.0,3.0,,BRA1,Clube Atlético Mineiro,1500000.0,8000000.0,Júnior Alonso,CB,Atlético Mineiro,956.0,1.0,0.0,0.2,0.0,45.0,16.0,5.0,3.0,15.0,1.0,18.0,5.0,2.0,0.0,Centre-Back,0.09414225941422594,0.0,0.01882845188284519,0.0,4.2364016736401675,1.506276150627615,0.2824267782426778,1.4121338912133892,0.09414225941422594,1.694560669456067,0.4707112970711297,0.675,0.35,0.0875,0.125,0.45,0.75,0.45,0.5375,0.425,0.2125,0.025,0.85,0.35,0.2,0.125,0.85,0.925,0.625,0.875,0.675,0.775,0.025,0.62,31,0.5151515151515151,0.675,0.5419621212121212
273438,Danilo,Barbosa,Danilo Barbosa,537,Brazil,Simões Filho,Brazil,1996-02-28,Defensive Midfield,Midfield,right,183.0,2028-06-30 00:00:00,11.0,2.0,,BRA1,S. A. F. Botafogo,2000000.0,10000000.0,Danilo Barbosa,"CB,CM",Botafogo (RJ),1153.0,3.0,1.0,1.4,0.4,53.0,9.0,19.0,13.0,23.0,3.0,29.0,15.0,4.0,0.0,Defensive Midfielder,0.2341717259323504,0.07805724197745013,0.10928013876843018,0.031222896790980052,4.137033824804857,0.7025151777970512,1.0147441457068516,1.795316565481353,0.2341717259323504,2.2636600173460537,1.170858629661752,0.9523809523809523,0.47619047619047616,0.7142857142857143,0.2619047619047619,0.2857142857142857,0.21428571428571427,0.5952380952380952,0.2619047619047619,0.47619047619047616,0.19047619047619047,0.19047619047619047,1.0,0.6666666666666666,1.0,0.2857142857142857,0.38095238095238093,0.3333333333333333,0.9523809523809523,0.5238095238095238,0.6666666666666666,0.38095238095238093,0.47619047619047616,0.392156862745098,28,0.35294117647058826,0.6666666666666666,0.4470588235294117
284727,Jonathan,Calleri,Jonathan Calleri,585,Argentina,Buenos Aires,Argentina,1993-09-23,Centre-Forward,Attack,right,181.0,2026-12-31 00:00:00,3.0,1.0,,BRA1,São Paulo Futebol Clube,1500000.0,10000000.0,Jonathan Calleri,FW,São Paulo,2047.0,5.0,4.0,5.4,1.2,27.0,24.0,22.0,11.0,47.0,11.0,11.0,8.0,6.0,0.0,Centre-Forward,0.21983390327308255,0.17586712261846604,0.23742061553492919,0.05276013678553981,1.1871030776746458,1.0552027357107963,0.4836345872007816,2.066438690766976,0.4836345872007816,0.4836345872007816,0.3517342452369321,0.40476190476190477,0.8333333333333334,0.42857142857142855,0.23809523809523808,0.38095238095238093,0.6904761904761905,0.5238095238095238,0.5,0.9285714285714286,0.5238095238095238,0.2857142857142857,0.23809523809523808,0.8571428571428571,0.2857142857142857,0.19047619047619047,0.23809523809523808,0.47619047619047616,0.47619047619047616,0.3333333333333333,0.9047619047619048,0.38095238095238093,0.19047619047619047,0.419047619047619,31,0.5277777777777778,0.5238095238095238,0.4409126984126983
294873,,Thiago Maia,Thiago Maia,6600,Brazil,Boa Vista,Brazil,1997-03-23,Defensive Midfield,Midfield,left,179.0,2026-12-31 00:00:00,1.0,0.0,,BRA1,Sport Club Internacional,2500000.0,9000000.0,Thiago Maia,CM,Internacional,1896.0,2.0,4.0,2.3,2.4,104.0,22.0,22.0,14.0,55.0,8.0,40.0,21.0,4.0,0.0,Defensive Midfielder,0.09493670886075949,0.18987341772151897,0.1091772151898734,0.11392405063291139,4.936708860759494,1.0443037974683544,0.6645569620253164,2.6107594936708862,0.37974683544303794,1.8987341772151898,0.9968354430379747,0.8333333333333334,0.9285714285714286,1.0,0.9523809523809523,0.5714285714285714,0.6428571428571429,0.6666666666666666,0.7142857142857143,0.9523809523809523,0.30952380952380953,0.40476190476190477,0.8571428571428571,0.9523809523809523,0.9523809523809523,0.9047619047619048,0.7619047619047619,0.7619047619047619,0.6666666666666666,0.7619047619047619,1.0,0.19047619047619047,0.23809523809523808,0.5532212885154062,27,0.47058823529411764,0.5238095238095238,0.5357142857142857
309193,Jefferson,Savarino,Jefferson Savarino,2462,Venezuela,Maracaibo,Venezuela,1996-11-11,Attacking Midfield,Midfield,right,168.0,2029-12-31 00:00:00,51.0,4.0,,BRA1,Fluminense Football Club,8000000.0,10000000.0,Jefferson Savarino,"RM,LM",Botafogo (RJ),2009.0,8.0,7.0,4.8,6.6,124.0,46.0,19.0,8.0,115.0,11.0,8.0,9.0,3.0,0.0,Attacking Midfielder,0.35838725734196114,0.313588850174216,0.21503235440517668,0.29566948730711795,5.555002488800398,2.060726729716277,0.35838725734196114,5.151816824290692,0.49278247884519666,0.35838725734196114,0.4031856645097063,0.8333333333333334,0.8809523809523809,0.7619047619047619,0.8571428571428571,0.6666666666666666,0.6190476190476191,0.09523809523809523,0.7142857142857143,0.7142857142857143,0.047619047619047616,0.23809523809523808,0.8095238095238095,0.8095238095238095,0.7142857142857143,0.9047619047619048,0.6190476190476191,0.6666666666666666,0.09523809523809523,0.8095238095238095,0.7142857142857143,0.047619047619047616,0.09523809523809523,0.7530864197530863,28,0.8235294117647058,0.5,0.5709694989106753
312294,Yeferson,Soteldo,Yeferson Soteldo,2462,Venezuela,Acarigua,Venezuela,1997-06-30,Left Winger,Attack,right,160.0,2028-12-31 00:00:00,54.0,4.0,,BRA1,Fluminense Football Club,3500000.0,10000000.0,Yeferson Soteldo,LW,Grêmio,1592.0,5.0,2.0,2.9,4.6,77.0,116.0,118.0,61.0,89.0,4.0,14.0,10.0,1.0,0.0,Winger,0.2826633165829146,0.11306532663316583,0.16394472361809045,0.2600502512562814,4.353015075376884,6.557788944723618,3.448492462311558,5.03140703517588,0.22613065326633167,0.7914572864321608,0.5653266331658292,0.7692307692307693,0.4423076923076923,0.5,0.9615384615384616,0.6730769230769231,0.9615384615384616,0.8846153846153846,0.8461538461538461,0.21153846153846154,0.2692307692307692,0.23076923076923078,0.8846153846153846,0.46153846153846156,0.5,0.9230769230769231,0.7307692307692307,1.0,1.0,1.0,0.19230769230769232,0.19230769230769232,0.11538461538461539,0.7396449704142012,27,0.6904761904761905,0.36538461538461536,0.6163602423217808
312314,,Otávio,Otávio,2462,Brazil,Maceió,Brazil,1994-05-04,Defensive Midfield,Midfield,right,173.0,2027-12-31 00:00:00,0.0,0.0,,BRA1,Fluminense Football Club,1200000.0,8000000.0,Otávio,CM,Atlético Mineiro,1917.0,0.0,0.0,0.0,0.2,89.0,18.0,17.0,10.0,32.0,2.0,57.0,32.0,2.0,0.0,Defensive Midfielder,0.0,0.0,0.0,0.009389671361502348,4.178403755868545,0.8450704225352113,0.46948356807511743,1.5023474178403755,0.09389671361502347,2.676056338028169,1.5023474178403755,0.2619047619047619,0.19047619047619047,0.047619047619047616,0.19047619047619047,0.5,0.47619047619047616,0.5238095238095238,0.38095238095238093,0.30952380952380953,0.5714285714285714,0.6666666666666666,0.2619047619047619,0.19047619047619047,0.047619047619047616,0.14285714285714285,0.42857142857142855,0.5238095238095238,0.5238095238095238,0.23809523809523808,0.2857142857142857,0.6666666666666666,0.7619047619047619,0.5224089635854341,30,0.29411764705882354,0.8809523809523809,0.5077731092436975
323850,,Zé Marcos,Zé Marcos,2125,Brazil,Americana,Brazil,1998-02-01,Centre-Back,Defender,left,188.0,2026-11-30 00:00:00,6.0,0.0,,BRA1,Esporte Clube Vitória,,,Zé Marcos,CB,Juventude,1951.0,0.0,0.0,0.9,0.1,42.0,5.0,3.0,2.0,10.0,2.0,30.0,25.0,12.0,2.0,Centre-Back,0.0,0.0,0.041517170681701694,0.0046130189646335215,1.9374679651460789,0.23065094823167603,0.09226037929267042,0.46130189646335207,0.09226037929267042,1.3839056893900565,1.1532547411583804,0.2625,0.35,0.5625,0.2875,0.25,0.325,0.325,0.325,0.6875,0.6125,0.6,0.2625,0.35,0.5,0.275,0.2,0.275,0.3,0.175,0.625,0.475,0.45,0.35,26,,0.2625,
330085,Gustavo,Scarpa,Gustavo Scarpa,330,Brazil,Campinas,Brazil,1994-01-05,Attacking Midfield,Midfield,left,177.0,2027-12-31 00:00:00,1.0,0.0,,BRA1,Clube Atlético Mineiro,4500000.0,12000000.0,Gustavo Scarpa,AM,Atlético Mineiro,2155.0,4.0,4.0,4.0,3.6,136.0,87.0,48.0,22.0,101.0,9.0,40.0,12.0,5.0,0.0,Attacking Midfielder,0.16705336426914152,0.16705336426914152,0.16705336426914152,0.1503480278422274,5.679814385150812,3.6334106728538287,0.9187935034802784,4.218097447795824,0.37587006960556846,1.6705336426914152,0.5011600928074246,0.5714285714285714,0.5476190476190477,0.7142857142857143,0.5238095238095238,0.8095238095238095,0.9523809523809523,0.6190476190476191,0.6666666666666666,0.5238095238095238,0.8571428571428571,0.38095238095238093,0.38095238095238093,0.42857142857142855,0.5238095238095238,0.47619047619047616,0.6666666666666666,0.8571428571428571,0.42857142857142855,0.47619047619047616,0.47619047619047616,0.7619047619047619,0.23809523809523808,0.46031746031746035,31,0.7647058823529411,0.7142857142857143,0.3778711484593838
334229,Pablo,Vegetti,Pablo Vegetti,978,Argentina,Santo Domingo,Argentina,1988-10-15,Centre-Forward,Attack,right,187.0,2028-12-31 00:00:00,,,,BRA1,Club de Regatas Vasco da Gama,,,Pablo Vegetti,FW,Vasco da Gama,2986.0,12.0,2.0,12.8,2.6,37.0,10.0,17.0,3.0,47.0,5.0,16.0,21.0,7.0,0.0,Centre-Forward,0.3616878767582049,0.060281312793034156,0.38580040187541864,0.0783657066309444,1.115204286671132,0.3014065639651708,0.09042196918955123,1.4166108506363027,0.1507032819825854,0.48225050234427325,0.6329537843268587,0.9047619047619048,0.42857142857142855,1.0,0.8333333333333334,0.6666666666666666,0.23809523809523808,0.11904761904761904,0.5,0.4523809523809524,0.7619047619047619,0.8571428571428571,0.5714285714285714,0.19047619047619047,0.5714285714285714,0.3333333333333333,0.19047619047619047,0.14285714285714285,0.047619047619047616,0.14285714285714285,0.23809523809523808,0.3333333333333333,0.5714285714285714,0.41666666666666663,36,,0.9047619047619048,
341701,,Igor Rabello,Igor Rabello,2462,Brazil,Rio de Janeiro,Brazil,1995-04-28,Centre-Back,Defender,right,190.0,2027-12-31 00:00:00,1.0,0.0,,BRA1,Fluminense Football Club,1400000.0,3500000.0,Igor Rabello,CB,Atlético Mineiro,962.0,0.0,1.0,0.3,0.2,20.0,2.0,2.0,1.0,9.0,0.0,20.0,14.0,3.0,1.0,Centre-Back,0.0,0.09355509355509356,0.028066528066528065,0.018711018711018712,1.8711018711018712,0.18711018711018712,0.09355509355509356,0.841995841995842,0.0,1.8711018711018712,1.30977130977131,0.2625,0.7875,0.2375,0.425,0.05,0.1625,0.1875,0.225,0.1625,0.2875,0.2125,0.2625,0.9,0.325,0.525,0.125,0.25,0.325,0.55,0.1625,0.9,0.65,0.48833333333333334,29,0.45454545454545453,0.5625,0.4949886363636363
341705,,Gerson,Gerson,609,Brazil,Belford Roxo,Brazil,1997-05-20,Central Midfield,Midfield,left,184.0,2030-12-31 00:00:00,14.0,1.0,,BRA1,Cruzeiro Esporte Clube,18000000.0,25000000.0,Gerson,LB,Flamengo,2457.0,3.0,6.0,2.1,3.6,181.0,71.0,80.0,36.0,111.0,16.0,57.0,23.0,3.0,0.0,Central Midfielder,0.10989010989010989,0.21978021978021978,0.07692307692307693,0.13186813186813187,6.6300366300366305,2.600732600732601,1.3186813186813187,4.065934065934066,0.5860805860805861,2.087912087912088,0.8424908424908425,0.8529411764705882,0.9705882352941176,0.7647058823529411,1.0,1.0,1.0,0.9117647058823529,1.0,1.0,1.0,0.8235294117647058,0.7058823529411765,0.9411764705882353,0.47058823529411764,0.8235294117647058,0.9411764705882353,0.9411764705882353,0.9411764705882353,0.8823529411764706,0.9411764705882353,0.7058823529411765,0.29411764705882354,0.8260869565217391,27,1.0,0.6764705882352942,0.5441815856777493
341710,,William,William,609,Brazil,Pelotas,Brazil,1995-04-03,Right-Back,Defender,right,171.0,2026-12-31 00:00:00,0.0,0.0,,BRA1,Cruzeiro Esporte Clube,3000000.0,14000000.0,William,RB,Cruzeiro,2963.0,5.0,5.0,4.5,4.6,139.0,83.0,85.0,36.0,92.0,10.0,97.0,52.0,8.0,0.0,Full-Back,0.15187310158623019,0.15187310158623019,0.13668579142760715,0.13972325345933173,4.222072224097198,2.521093486331421,1.0934863314208572,2.7944650691866353,0.30374620317246037,2.9463381707728655,1.5794802564967938,1.0,0.9571428571428572,1.0,0.9714285714285714,0.9142857142857143,1.0,0.9714285714285714,0.9714285714285714,0.9857142857142858,1.0,1.0,0.9428571428571428,0.8285714285714286,0.9714285714285714,0.7714285714285715,0.5428571428571428,0.8285714285714286,0.8285714285714286,0.7142857142857143,0.7714285714285715,0.8857142857142857,0.9714285714285714,0.7862857142857144,29,0.5645161290322581,0.7,0.6256423963133642
346766,Guilherme,Arana,Guilherme Arana,2462,Brazil,São Paulo,Brazil,1997-04-14,Left-Back,Defender,left,176.0,2029-12-31 00:00:00,13.0,0.0,,BRA1,Fluminense Football Club,6000000.0,14000000.0,Guilherme Arana,WB,Atlético Mineiro,1213.0,1.0,1.0,0.5,1.0,90.0,41.0,23.0,10.0,46.0,3.0,21.0,13.0,5.0,0.0,Full-Back,0.0741962077493817,0.0741962077493817,0.03709810387469085,0.0741962077493817,6.677658697444353,3.0420445177246496,0.7419620774938169,3.413025556471558,0.2225886232481451,1.5581203627370155,0.964550700741962,0.4857142857142857,0.42857142857142855,0.37142857142857144,0.3142857142857143,0.5857142857142857,0.6142857142857143,0.4857142857142857,0.5857142857142857,0.4,0.11428571428571428,0.32857142857142857,0.5142857142857142,0.5428571428571428,0.5142857142857142,0.4,0.9714285714285714,0.9714285714285714,0.5714285714285714,0.9428571428571428,0.5714285714285714,0.08571428571428572,0.45714285714285713,0.6285714285714286,27,0.7258064516129032,0.5428571428571428,0.5142626728110599
348354,Tomás,Pochettino,Tomás Pochettino,2125,Argentina,Rafaela,Argentina,1996-02-01,Attacking Midfield,Midfield,right,180.0,2026-12-31 00:00:00,,,,BRA1,Esporte Clube Vitória,,,Tomas Pochettino,CM,Fortaleza,1648.0,5.0,6.0,2.9,4.5,89.0,57.0,41.0,20.0,83.0,10.0,27.0,27.0,3.0,0.0,Attacking Midfielder,0.27305825242718446,0.3276699029126214,0.15837378640776698,0.24575242718446602,4.860436893203883,3.1128640776699026,1.0922330097087378,4.532766990291262,0.5461165048543689,1.4745145631067962,1.4745145631067962,0.6666666666666666,0.7857142857142857,0.5238095238095238,0.7142857142857143,0.42857142857142855,0.6666666666666666,0.5714285714285714,0.5714285714285714,0.6428571428571429,0.5952380952380952,0.8809523809523809,0.6666666666666666,0.8571428571428571,0.42857142857142855,0.7619047619047619,0.5238095238095238,0.7619047619047619,0.5714285714285714,0.6190476190476191,0.7619047619047619,0.6666666666666666,0.8571428571428571,0.6878306878306878,28,,0.5,
348769,Marcelo,Hermes,Marcelo Hermes,10492,Brazil,Sarandi,Brazil,1995-02-01,Left-Back,Defender,left,177.0,2026-12-31 00:00:00,,,,BRA1,Esporte Clube Juventude,450000.0,750000.0,Marcelo Hermes,LB,Criciúma,3205.0,2.0,5.0,1.5,2.9,131.0,50.0,35.0,16.0,111.0,10.0,57.0,41.0,4.0,0.0,Full-Back,0.056162246489859596,0.14040561622464898,0.0421216848673947,0.0814352574102964,3.6786271450858035,1.40405616224649,0.44929797191887677,3.1170046801872076,0.28081123244929795,1.6006240249609982,1.1513260530421217,0.7571428571428571,0.9571428571428572,0.8,0.8,0.8285714285714286,0.7428571428571429,0.6571428571428571,1.0,0.9857142857142858,0.7714285714285715,0.9714285714285714,0.45714285714285713,0.7714285714285715,0.5714285714285714,0.5142857142857142,0.34285714285714286,0.22857142857142856,0.3142857142857143,0.8,0.7142857142857143,0.17142857142857143,0.6857142857142857,0.41714285714285715,29,0.1935483870967742,0.7,0.4968986175115207
349513,,Neris,Neris,2125,Brazil,Tucuruí,Brazil,1992-06-17,Centre-Back,Defender,right,192.0,2026-12-31 00:00:00,,,,BRA1,Esporte Clube Vitória,200000.0,2000000.0,Neris,CB,Cruzeiro,1663.0,1.0,0.0,0.3,0.0,43.0,10.0,10.0,8.0,10.0,1.0,33.0,23.0,3.0,1.0,Centre-Back,0.054119061936259774,0.0,0.016235718580877932,0.0,2.3271196632591704,0.5411906193625977,0.4329524954900782,0.5411906193625977,0.054119061936259774,1.7859290438965725,1.2447384245339748,0.675,0.35,0.2375,0.125,0.3125,0.5375,0.8375,0.325,0.425,0.825,0.5375,0.675,0.35,0.125,0.125,0.3,0.55,0.825,0.25,0.425,0.825,0.625,0.56,32,0.07575757575757576,0.7625,0.6026856060606061
349585,,Ayrton Lucas,Ayrton Lucas,614,Brazil,Carnaúba dos Dantas,Brazil,1997-06-19,Left-Back,Defender,left,180.0,2027-12-31 00:00:00,2.0,0.0,,BRA1,Clube de Regatas do Flamengo,4000000.0,9000000.0,Ayrton Lucas,RB,Flamengo,2393.0,3.0,3.0,1.3,2.0,106.0,59.0,67.0,32.0,59.0,5.0,50.0,23.0,3.0,0.0,Full-Back,0.11282908483075636,0.11282908483075636,0.048892603426661095,0.07521938988717092,3.9866276640200584,2.218972001671542,1.2035102381947347,2.218972001671542,0.1880484747179273,1.880484747179273,0.8650229837024656,0.9,0.8285714285714286,0.7,0.5714285714285714,0.6571428571428571,0.8571428571428571,0.9285714285714286,0.7,0.6428571428571429,0.6285714285714286,0.6285714285714286,0.8285714285714286,0.6857142857142857,0.6,0.42857142857142855,0.4857142857142857,0.6857142857142857,0.8857142857142857,0.42857142857142855,0.4857142857142857,0.3142857142857143,0.4,0.5417142857142858,27,0.6451612903225806,0.5428571428571428,0.4823096774193549
360526,Emmanuel,Martínez,Emmanuel Martínez,2125,Argentina,Tandil,Argentina,1994-06-04,Attacking Midfield,Midfield,right,169.0,2027-12-31 00:00:00,,,,BRA1,Esporte Clube Vitória,1200000.0,2000000.0,Leandro Emmanuel Martínez,LM,Fortaleza,1011.0,1.0,4.0,1.0,1.8,50.0,14.0,27.0,15.0,42.0,10.0,27.0,21.0,4.0,0.0,Attacking Midfielder,0.08902077151335311,0.35608308605341243,0.08902077151335311,0.16023738872403562,4.451038575667656,1.2462908011869436,1.3353115727002969,3.7388724035608307,0.890207715133531,2.403560830860534,1.8694362017804154,0.09523809523809523,0.5476190476190477,0.09523809523809523,0.2857142857142857,0.16666666666666666,0.047619047619047616,0.40476190476190477,0.14285714285714285,0.6428571428571429,0.5952380952380952,0.7142857142857143,0.23809523809523808,0.9047619047619048,0.19047619047619047,0.5238095238095238,0.42857142857142855,0.19047619047619047,0.6666666666666666,0.2857142857142857,0.9523809523809523,1.0,1.0,0.5414462081128748,30,0.38235294117647056,0.6428571428571429,0.5328509181450358
363794,,Carlos Eduardo,Carlos Eduardo,3876,Brazil,Nerópolis,Brazil,1996-10-10,Right Winger,Attack,right,173.0,2026-12-31 00:00:00,,,,BRA1,Mirasol Futebol Clube,500000.0,4000000.0,Carlos Eduardo,FW,Atlético Mineiro,2210.0,3.0,3.0,3.9,1.7000000000000002,66.0,39.0,49.0,27.0,63.0,6.0,45.0,17.0,5.0,0.0,Winger,0.12217194570135746,0.12217194570135746,0.15882352941176472,0.06923076923076923,2.6877828054298645,1.588235294117647,1.0995475113122173,2.5656108597285066,0.24434389140271492,1.8325791855203621,0.6923076923076923,0.46153846153846156,0.6730769230769231,0.7307692307692307,0.3076923076923077,0.5,0.28846153846153844,0.6153846153846154,0.5961538461538461,0.4807692307692308,0.8461538461538461,0.5576923076923077,0.23076923076923078,0.5384615384615384,0.46153846153846156,0.15384615384615385,0.19230769230769232,0.07692307692307693,0.34615384615384615,0.23076923076923078,0.2692307692307692,0.5384615384615384,0.34615384615384615,0.3091715976331362,28,0.19047619047619047,0.5,0.4628839109608341
364261,,Tchê Tchê,Tchê Tchê,978,Brazil,São Paulo,Brazil,1992-08-30,Central Midfield,Midfield,both,175.0,2026-12-31 00:00:00,,,,BRA1,Club de Regatas Vasco da Gama,800000.0,5000000.0,Tchê Tchê,CM,Botafogo (RJ),1570.0,0.0,0.0,0.4,2.8000000000000003,94.0,30.0,15.0,10.0,54.0,5.0,16.0,10.0,2.0,1.0,Central Midfielder,0.0,0.0,0.022929936305732486,0.1605095541401274,5.388535031847134,1.7197452229299361,0.5732484076433121,3.095541401273885,0.28662420382165604,0.9171974522292993,0.5732484076433121,0.17647058823529413,0.23529411764705882,0.20588235294117646,0.9411764705882353,0.7058823529411765,0.8235294117647058,0.38235294117647056,0.6470588235294118,0.6764705882352942,0.11764705882352941,0.17647058823529413,0.17647058823529413,0.23529411764705882,0.17647058823529413,0.8823529411764706,0.7058823529411765,0.7647058823529411,0.35294117647058826,0.5882352941176471,0.7058823529411765,0.058823529411764705,0.058823529411764705,0.547314578005115,32,0.06666666666666667,1.0,0.5617220801364022
364972,,Marlon Freitas,Marlon Freitas,1023,Brazil,Magé,Brazil,1995-03-27,Defensive Midfield,Midfield,right,185.0,2028-12-31 00:00:00,,,,BRA1,Sociedade Esportiva Palmeiras,6000000.0,7000000.0,Marlon Freitas,CM,Botafogo (RJ),2425.0,0.0,5.0,1.6,4.4,263.0,44.0,10.0,5.0,96.0,10.0,43.0,33.0,6.0,0.0,Defensive Midfielder,0.0,0.18556701030927836,0.05938144329896907,0.16329896907216496,9.760824742268042,1.6329896907216495,0.18556701030927836,3.562886597938144,0.3711340206185567,1.5958762886597937,1.224742268041237,0.2619047619047619,1.0,0.8095238095238095,1.0,1.0,0.9523809523809523,0.16666666666666666,1.0,1.0,0.38095238095238093,0.7142857142857143,0.2619047619047619,0.9047619047619048,0.6666666666666666,1.0,1.0,0.9523809523809523,0.09523809523809523,0.9523809523809523,0.9047619047619048,0.14285714285714285,0.5238095238095238,0.7058823529411765,29,0.8529411764705882,0.7619047619047619,0.49600840336134455
371009,,Rony,Rony,221,Brazil,Magalhães Barata,Brazil,1995-05-11,Centre-Forward,Attack,right,167.0,2029-12-31 00:00:00,3.0,0.0,,BRA1,Santos Futebol Clube,4500000.0,13000000.0,Rony,LW,Palmeiras,1721.0,4.0,2.0,8.0,2.6,20.0,22.0,23.0,13.0,59.0,4.0,21.0,11.0,4.0,0.0,Centre-Forward,0.20918070889018012,0.10459035444509006,0.41836141778036023,0.1359674607786171,1.0459035444509006,1.1504938988959907,0.6798373038930854,3.085415456130157,0.20918070889018012,1.0981987216734457,0.5752469494479954,0.2619047619047619,0.42857142857142855,0.6666666666666666,0.8333333333333334,0.2857142857142857,0.6190476190476191,0.6666666666666666,0.7619047619047619,0.35714285714285715,0.8571428571428571,0.5952380952380952,0.19047619047619047,0.47619047619047616,0.7619047619047619,0.9523809523809523,0.047619047619047616,0.5714285714285714,0.7142857142857143,0.9523809523809523,0.42857142857142855,0.9047619047619048,0.47619047619047616,0.5785714285714285,29,0.7222222222222222,0.42857142857142855,0.5023015873015872
371996,,Alerrandro,Alerrandro,6600,Brazil,Lavras,Brazil,2000-01-12,Centre-Forward,Attack,right,181.0,2026-12-31 00:00:00,0.0,0.0,,BRA1,Sport Club Internacional,3000000.0,4000000.0,Alerrandro,FW,Vitória,2387.0,15.0,4.0,11.0,2.6,55.0,16.0,24.0,10.0,68.0,7.0,24.0,29.0,4.0,0.0,Centre-Forward,0.5655634687892752,0.1508169250104734,0.4147465437788018,0.0980310012568077,2.0737327188940093,0.6032677000418936,0.3770423125261835,2.5638877251780476,0.26392961876832843,0.9049015500628403,1.0934227063259323,0.9761904761904762,0.8333333333333334,0.9523809523809523,0.8333333333333334,0.8095238095238095,0.40476190476190477,0.42857142857142855,0.9047619047619048,0.6904761904761905,0.9047619047619048,1.0,0.9047619047619048,0.6666666666666666,0.6666666666666666,0.6190476190476191,0.8095238095238095,0.3333333333333333,0.23809523809523808,0.7619047619047619,0.5714285714285714,0.8095238095238095,0.9523809523809523,0.7166666666666667,24,0.6388888888888888,0.16666666666666666,0.6452777777777778
373170,Cristian,Pavón,Cristian Pavón,210,Argentina,Anisacate,Argentina,1996-01-21,Right-Back,Defender,right,174.0,2026-12-31 00:00:00,11.0,0.0,,BRA1,Grêmio Foot-Ball Porto Alegrense,1700000.0,20000000.0,Cristian Pavón,RW,Grêmio,1087.0,1.0,3.0,2.7,2.3,43.0,29.0,40.0,18.0,47.0,6.0,13.0,12.0,4.0,0.0,Full-Back,0.0827966881324747,0.24839006439742412,0.22355105795768174,0.1904323827046918,3.560257589696412,2.401103955841766,1.4903403863845446,3.8914443422263107,0.49678012879484823,1.076356945722171,0.9935602575896965,0.4857142857142857,0.8285714285714286,0.9714285714285714,0.6857142857142857,0.17142857142857143,0.3,0.6857142857142857,0.6285714285714286,0.7857142857142857,0.02857142857142857,0.2714285714285714,0.6285714285714286,0.9714285714285714,1.0,0.9142857142857143,0.2857142857142857,0.7714285714285715,0.9142857142857143,1.0,1.0,0.02857142857142857,0.4857142857142857,0.6091428571428571,28,0.3709677419354839,0.6428571428571429,0.5763152073732719
373174,,Dodi,Dodi,210,Brazil,Santo Antônio do Sudoeste,Brazil,1996-04-17,Defensive Midfield,Midfield,right,169.0,2026-12-31 00:00:00,,,,BRA1,Grêmio Foot-Ball Porto Alegrense,700000.0,1000000.0,Dodi,CM,Grêmio,2319.0,0.0,2.0,0.8,1.1,79.0,24.0,35.0,22.0,30.0,3.0,78.0,29.0,6.0,1.0,Defensive Midfielder,0.0,0.0776196636481242,0.031047865459249677,0.04269081500646831,3.0659767141009056,0.9314359637774904,0.853816300129366,1.1642949547218628,0.1164294954721863,3.0271668822768434,1.125485122897801,0.2619047619047619,0.6666666666666666,0.40476190476190477,0.5238095238095238,0.42857142857142855,0.7619047619047619,0.9285714285714286,0.3333333333333333,0.47619047619047616,0.9285714285714286,0.5952380952380952,0.2619047619047619,0.6190476190476191,0.2857142857142857,0.5714285714285714,0.23809523809523808,0.6190476190476191,0.8571428571428571,0.09523809523809523,0.38095238095238093,0.7142857142857143,0.42857142857142855,0.46918767507002795,28,0.11764705882352941,0.6666666666666666,0.5521008403361345
373189,,David,David,978,Brazil,Serra,Brazil,1995-10-17,Left Winger,Attack,right,179.0,2027-12-31 00:00:00,,,,BRA1,Club de Regatas Vasco da Gama,1500000.0,2000000.0,David,LW,Vasco da Gama,1662.0,4.0,3.0,1.9,1.7,50.0,43.0,66.0,39.0,48.0,5.0,21.0,12.0,7.0,1.0,Winger,0.21660649819494585,0.1624548736462094,0.10288808664259927,0.09205776173285199,2.707581227436823,2.3285198555956677,2.111913357400722,2.5992779783393503,0.27075812274368233,1.1371841155234657,0.6498194945848376,0.6153846153846154,0.6730769230769231,0.19230769230769232,0.2692307692307692,0.2692307692307692,0.38461538461538464,0.7692307692307693,0.38461538461538464,0.34615384615384615,0.34615384615384615,0.38461538461538464,0.5769230769230769,0.6538461538461539,0.15384615384615385,0.2692307692307692,0.23076923076923078,0.23076923076923078,0.7307692307692307,0.2692307692307692,0.34615384615384615,0.38461538461538464,0.19230769230769232,0.41124260355029574,29,0.38095238095238093,0.6346153846153846,0.4563151591997745
374136,,Léo Ortiz,Léo Ortiz,614,Brazil,Porto Alegre,Brazil,1996-01-03,Centre-Back,Defender,right,185.0,2028-12-31 00:00:00,2.0,0.0,,BRA1,Clube de Regatas do Flamengo,12000000.0,15000000.0,Leo Ortiz,CB,Flamengo,1878.0,1.0,2.0,1.0,1.3,138.0,16.0,13.0,7.0,32.0,2.0,31.0,17.0,2.0,0.0,Centre-Back,0.047923322683706075,0.09584664536741215,0.047923322683706075,0.06230031948881789,6.613418530351438,0.7667731629392972,0.3354632587859425,1.5335463258785944,0.09584664536741215,1.4856230031948883,0.8146964856230032,0.675,0.95,0.6,0.875,1.0,0.75,0.7375,0.9,0.6875,0.7125,0.3,0.65,0.95,0.6,0.85,1.0,0.75,0.725,0.9,0.7,0.6,0.175,0.64,29,0.9848484848484849,0.5625,0.4534128787878788
379752,Alexander,Barboza,Alexander Barboza,1023,Argentina,Villa Celina,Argentina,1995-03-16,Centre-Back,Defender,left,193.0,2028-12-31 00:00:00,,,,BRA1,Sociedade Esportiva Palmeiras,5000000.0,6000000.0,Alexander Barboza,CB,Botafogo (RJ),2033.0,0.0,1.0,1.5,0.9,89.0,14.0,12.0,8.0,24.0,2.0,30.0,27.0,11.0,2.0,Centre-Back,0.0,0.044269552385636984,0.06640432857845548,0.03984259714707329,3.9399901623216924,0.6197737333989178,0.3541564190850959,1.0624692572552876,0.08853910477127397,1.3280865715691097,1.1952779144121988,0.2625,0.7875,0.8125,0.825,0.775,0.7,0.8375,0.8125,0.6875,0.6125,0.6375,0.2625,0.725,0.8,0.75,0.75,0.65,0.75,0.75,0.6,0.425,0.5,0.5833333333333334,29,0.8939393939393939,0.5625,0.44214015151515157
379807,,Lyanco,Lyanco,330,Brazil,Vitória,Brazil,1997-02-01,Centre-Back,Defender,right,187.0,2029-12-31 00:00:00,10.0,0.0,,BRA1,Clube Atlético Mineiro,4500000.0,8000000.0,Lyanco,CB,Atlético Mineiro,904.0,0.0,0.0,0.2,0.2,37.0,9.0,9.0,5.0,5.0,1.0,15.0,15.0,8.0,1.0,Centre-Back,0.0,0.0,0.019911504424778764,0.019911504424778764,3.683628318584071,0.8960176991150443,0.497787610619469,0.497787610619469,0.09955752212389381,1.4933628318584071,1.4933628318584071,0.2625,0.35,0.0875,0.425,0.225,0.475,0.6375,0.1,0.425,0.15,0.25,0.2625,0.35,0.225,0.575,0.7,0.8,0.875,0.2,0.725,0.625,0.775,0.7133333333333333,27,0.8333333333333334,0.375,0.5634166666666666
392487,,Thaciano,Thaciano,221,Brazil,Campina Grande,Brazil,1995-05-12,Attacking Midfield,Midfield,right,182.0,2028-12-31 00:00:00,,,,BRA1,Santos Futebol Clube,1000000.0,2000000.0,Thaciano,FW,Bahia,2343.0,7.0,2.0,5.6000000000000005,2.4,50.0,20.0,20.0,10.0,56.0,5.0,19.0,16.0,6.0,0.0,Attacking Midfielder,0.26888604353393086,0.0768245838668374,0.21510883482714468,0.09218950064020486,1.9206145966709345,0.7682458386683739,0.38412291933418696,2.151088348271447,0.19206145966709348,0.7298335467349552,0.6145966709346992,0.7619047619047619,0.2857142857142857,0.8095238095238095,0.3333333333333333,0.16666666666666666,0.2857142857142857,0.16666666666666666,0.2857142857142857,0.3333333333333333,0.38095238095238093,0.5476190476190477,0.6190476190476191,0.14285714285714285,0.7619047619047619,0.19047619047619047,0.047619047619047616,0.09523809523809523,0.14285714285714285,0.047619047619047616,0.14285714285714285,0.19047619047619047,0.3333333333333333,0.25749559082892415,29,0.23529411764705882,0.5714285714285714,0.409959539371304
392809,,Clayson,Clayson,3876,Brazil,Botucatu,Brazil,1995-03-19,Left Winger,Attack,right,166.0,2026-11-30 00:00:00,,,,BRA1,Mirasol Futebol Clube,,,Clayson,LM,Cuiabá,2043.0,5.0,1.0,2.7,1.1,77.0,54.0,78.0,24.0,55.0,8.0,11.0,27.0,6.0,0.0,Winger,0.22026431718061673,0.04405286343612335,0.11894273127753305,0.04845814977973569,3.3920704845814975,2.378854625550661,1.0572687224669604,2.4229074889867843,0.3524229074889868,0.4845814977973568,1.1894273127753305,0.7692307692307693,0.23076923076923078,0.4423076923076923,0.057692307692307696,0.6730769230769231,0.6538461538461539,0.4423076923076923,0.46153846153846156,0.7307692307692307,0.1346153846153846,0.7692307692307693,0.6153846153846154,0.23076923076923078,0.23076923076923078,0.07692307692307693,0.34615384615384615,0.2692307692307692,0.3076923076923077,0.11538461538461539,0.5769230769230769,0.07692307692307693,0.6538461538461539,0.27958579881656803,29,,0.6346153846153846,
397458,Nicolás,de la Cruz,Nicolás de la Cruz,614,Uruguay,Montevideo,Uruguay,1997-06-01,Central Midfield,Midfield,right,167.0,2028-06-30 00:00:00,37.0,5.0,,BRA1,Clube de Regatas do Flamengo,8000000.0,18000000.0,Nicolás De La Cruz,DM,Flamengo,1010.0,2.0,3.0,1.6,2.6,104.0,18.0,15.0,8.0,72.0,7.0,20.0,16.0,3.0,0.0,Central Midfielder,0.1782178217821782,0.26732673267326734,0.1425742574257426,0.2316831683168317,9.267326732673267,1.6039603960396038,0.7128712871287128,6.415841584158415,0.6237623762376238,1.7821782178217822,1.4257425742574257,0.6764705882352942,0.8529411764705882,0.5882352941176471,0.8823529411764706,0.8235294117647058,0.35294117647058826,0.23529411764705882,0.8235294117647058,0.8235294117647058,0.17647058823529413,0.5588235294117647,0.9411764705882353,1.0,0.7647058823529411,1.0,1.0,0.5882352941176471,0.4117647058823529,1.0,1.0,0.47058823529411764,0.9411764705882353,0.8721227621483376,27,0.6666666666666666,0.6764705882352942,0.6551364023870418
401533,,Matheusinho,Matheusinho,8718,Brazil,Belo Horizonte,Brazil,1998-02-11,Attacking Midfield,Midfield,right,164.0,2026-12-31 00:00:00,0.0,0.0,,BRA1,Sport Club do Recife,1500000.0,2000000.0,Matheusinho,AM,Criciúma,3494.0,9.0,7.0,6.5,5.1,159.0,68.0,147.0,67.0,151.0,15.0,53.0,25.0,8.0,0.0,Attacking Midfielder,0.2318259874069834,0.18030910131654265,0.16742987979393245,0.13136805953062392,4.09559244419004,1.7515741270749856,1.7258156840297654,3.889524899828277,0.3863766456783057,1.36519748139668,0.6439610761305095,0.9047619047619048,0.8809523809523809,0.9047619047619048,0.7619047619047619,0.8571428571428571,0.7619047619047619,0.9523809523809523,0.9523809523809523,0.9285714285714286,0.9761904761904762,0.8095238095238095,0.5714285714285714,0.5238095238095238,0.5714285714285714,0.3333333333333333,0.2857142857142857,0.47619047619047616,0.8095238095238095,0.3333333333333333,0.5238095238095238,0.5238095238095238,0.42857142857142855,0.47795414462081115,26,0.47058823529411764,0.2857142857142857,0.5262682850918143
406676,Juninho,Capixaba,Juninho Capixaba,8793,Brazil,Cachoeiro de Itapemirim,Brazil,1997-07-06,Left-Back,Defender,left,176.0,2028-12-31 00:00:00,,,,BRA1,Red Bull Bragantino,8000000.0,8000000.0,Juninho Capixaba,LB,Red Bull Bragantino,1872.0,2.0,0.0,1.7000000000000002,0.6,90.0,34.0,32.0,13.0,31.0,1.0,62.0,28.0,4.0,0.0,Full-Back,0.09615384615384616,0.0,0.08173076923076925,0.028846153846153848,4.3269230769230775,1.6346153846153848,0.625,1.4903846153846154,0.04807692307692308,2.980769230769231,1.3461538461538463,0.7571428571428571,0.17142857142857143,0.8714285714285714,0.07142857142857142,0.5857142857142857,0.4142857142857143,0.5714285714285714,0.34285714285714286,0.14285714285714285,0.8428571428571429,0.8285714285714286,0.8,0.17142857142857143,0.8285714285714286,0.05714285714285714,0.6,0.34285714285714286,0.45714285714285713,0.08571428571428572,0.14285714285714285,0.9142857142857143,0.8857142857142857,0.4708571428571428,27,0.8548387096774194,0.5428571428571428,0.3873760368663594
412594,,Paulo Henrique,Paulo Henrique,978,Brazil,Sete Barras,Brazil,1996-07-25,Right-Back,Defender,right,175.0,2027-12-31 00:00:00,2.0,1.0,,BRA1,Club de Regatas Vasco da Gama,6000000.0,6000000.0,Paulo Henrique,RB,Vasco da Gama,2516.0,1.0,0.0,1.8,1.6,86.0,56.0,95.0,46.0,60.0,2.0,96.0,36.0,6.0,0.0,Full-Back,0.03577106518282989,0.0,0.0643879173290938,0.057233704292527825,3.0763116057233706,2.0031796502384736,1.645468998410175,2.1462639109697936,0.07154213036565978,3.434022257551669,1.287758346581876,0.4857142857142857,0.17142857142857143,0.9142857142857143,0.4714285714285714,0.5142857142857142,0.8,1.0,0.7428571428571429,0.2571428571428571,0.9714285714285714,0.9142857142857143,0.34285714285714286,0.17142857142857143,0.8,0.2,0.22857142857142856,0.5428571428571428,0.9428571428571428,0.34285714285714286,0.17142857142857143,1.0,0.8571428571428571,0.5051428571428571,28,0.7258064516129032,0.6428571428571429,0.42520552995391697
422700,Tomás,Cardona,Tomás Cardona,10870,Argentina,Buenos Aires,Argentina,1995-10-10,Centre-Back,Defender,left,185.0,2026-12-31 00:00:00,,,,BRA1,Fortaleza Esporte Clube,,,Tomás Cardona,CB,Fortaleza,1435.0,1.0,0.0,0.5,0.0,50.0,11.0,0.0,0.0,7.0,0.0,26.0,37.0,4.0,0.0,Centre-Back,0.0627177700348432,0.0,0.0313588850174216,0.0,3.1358885017421603,0.6898954703832753,0.0,0.43902439024390244,0.0,1.6306620209059235,2.3205574912891986,0.675,0.35,0.35,0.125,0.525,0.6,0.0625,0.15,0.1625,0.475,0.9125,0.725,0.35,0.4,0.125,0.55,0.7,0.0625,0.125,0.1625,0.75,1.0,0.7433333333333334,29,,0.5625,
430339,José Luis,Rodríguez,José Luis Rodríguez,978,Uruguay,Canelones,Uruguay,1997-03-14,Right-Back,Defender,right,183.0,2027-12-31 00:00:00,5.0,0.0,,BRA1,Club de Regatas Vasco da Gama,1500000.0,3000000.0,José Luis Rodríguez Bebanz,LW,Vasco da Gama,1123.0,1.0,2.0,0.8,2.2,51.0,38.0,12.0,5.0,27.0,6.0,20.0,15.0,1.0,0.0,Full-Back,0.08014247551202137,0.16028495102404275,0.0641139804096171,0.17631344612644703,4.08726625111309,3.0454140694568124,0.40071237756010686,2.163846838824577,0.4808548530721282,1.6028495102404274,1.2021371326803205,0.4857142857142857,0.6428571428571429,0.5428571428571428,0.6428571428571429,0.32857142857142857,0.5142857142857142,0.12857142857142856,0.22857142857142856,0.7857142857142857,0.08571428571428572,0.4,0.6,0.8857142857142857,0.7714285714285715,0.8857142857142857,0.5142857142857142,1.0,0.2571428571428571,0.37142857142857144,0.9428571428571428,0.2,0.7428571428571429,0.6845714285714286,27,0.2903225806451613,0.5428571428571428,0.6567336405529954
430761,Lucas,Fernandes,Lucas Fernandes,10492,Brazil,São Bernardo do Campo,Brazil,1997-09-20,Attacking Midfield,Midfield,right,175.0,2026-11-30 00:00:00,3.0,0.0,,BRA1,Esporte Clube Juventude,1200000.0,2200000.0,Lucas Fernandes,CM,Cuiabá,1039.0,1.0,1.0,0.7000000000000001,0.5,45.0,16.0,19.0,12.0,30.0,1.0,20.0,8.0,3.0,0.0,Attacking Midfielder,0.08662175168431184,0.08662175168431184,0.060635226179018294,0.04331087584215592,3.897978825794033,1.3859480269489894,1.039461020211742,2.598652550529355,0.08662175168431184,1.7324350336862366,0.6929740134744947,0.09523809523809523,0.14285714285714285,0.047619047619047616,0.047619047619047616,0.09523809523809523,0.14285714285714285,0.2619047619047619,0.047619047619047616,0.047619047619047616,0.42857142857142855,0.16666666666666666,0.19047619047619047,0.23809523809523808,0.09523809523809523,0.047619047619047616,0.14285714285714285,0.3333333333333333,0.5238095238095238,0.14285714285714285,0.047619047619047616,0.8095238095238095,0.5238095238095238,0.14991181657848324,27,0.38235294117647056,0.38095238095238093,0.33721599751011516
432166,Luan,Cândido,Luan Cândido,2125,Brazil,Ubá,Brazil,2001-02-02,Left-Back,Defender,left,187.0,2026-12-31 00:00:00,0.0,0.0,,BRA1,Esporte Clube Vitória,3000000.0,7000000.0,Luan Cândido,CB,Red Bull Bragantino,1953.0,1.0,0.0,1.3,0.1,50.0,7.0,9.0,2.0,19.0,1.0,41.0,27.0,5.0,0.0,Full-Back,0.04608294930875576,0.0,0.059907834101382486,0.004608294930875576,2.3041474654377883,0.3225806451612903,0.09216589861751152,0.8755760368663595,0.04608294930875576,1.8894009216589862,1.2442396313364057,0.4857142857142857,0.17142857142857143,0.7,0.02857142857142857,0.2571428571428571,0.02857142857142857,0.02857142857142857,0.05714285714285714,0.14285714285714285,0.5142857142857142,0.8,0.42857142857142855,0.17142857142857143,0.7142857142857143,0.02857142857142857,0.05714285714285714,0.02857142857142857,0.02857142857142857,0.02857142857142857,0.11428571428571428,0.37142857142857144,0.8,0.18514285714285716,23,0.5645161290322581,0.2,0.3399566820276498
432773,,Fabrício Bruno,Fabrício Bruno,609,Brazil,Contagem,Brazil,1996-02-12,Centre-Back,Defender,right,190.0,2030-12-31 00:00:00,6.0,0.0,,BRA1,Cruzeiro Esporte Clube,12000000.0,12000000.0,Fabrício Bruno,CB,Flamengo,2310.0,1.0,0.0,0.6000000000000001,0.2,115.0,11.0,4.0,2.0,17.0,1.0,30.0,21.0,6.0,0.0,Centre-Back,0.03896103896103896,0.0,0.02337662337662338,0.007792207792207792,4.48051948051948,0.4285714285714286,0.07792207792207792,0.6623376623376623,0.03896103896103896,1.168831168831169,0.8181818181818181,0.675,0.35,0.425,0.425,0.9,0.6,0.325,0.6,0.425,0.6125,0.45,0.575,0.35,0.275,0.325,0.875,0.45,0.25,0.35,0.375,0.25,0.2,0.4716666666666667,28,0.9848484848484849,0.4875,0.36366287878787873
432895,,Pedro,Pedro,614,Brazil,Rio de Janeiro,Brazil,1997-06-20,Centre-Forward,Attack,right,185.0,2027-12-31 00:00:00,6.0,1.0,,BRA1,Clube de Regatas do Flamengo,20000000.0,23000000.0,Pedro,FW,Flamengo,1653.0,11.0,5.0,10.6,2.2,36.0,16.0,36.0,15.0,48.0,11.0,12.0,15.0,3.0,0.0,Centre-Forward,0.5989110707803993,0.27223230490018147,0.5771324863883848,0.11978221415607987,1.9600725952813067,0.8711433756805809,0.8166969147005445,2.613430127041742,0.5989110707803993,0.6533575317604355,0.8166969147005445,0.8333333333333334,0.9761904761904762,0.8571428571428571,0.6904761904761905,0.6190476190476191,0.40476190476190477,0.7857142857142857,0.5714285714285714,0.9285714285714286,0.5714285714285714,0.7142857142857143,0.9523809523809523,1.0,1.0,0.8571428571428571,0.7619047619047619,0.38095238095238093,0.8571428571428571,0.8571428571428571,0.9523809523809523,0.6190476190476191,0.8095238095238095,0.9523809523809526,27,0.8333333333333334,0.35714285714285715,0.7095238095238096
435485,,Luiz Araújo,Luiz Araújo,614,Brazil,Taquaritinga,Brazil,1996-06-02,Right Winger,Attack,left,175.0,2027-12-31 00:00:00,,,,BRA1,Clube de Regatas do Flamengo,7000000.0,10000000.0,Luiz Araújo,RW,Flamengo,1566.0,4.0,5.0,3.3000000000000003,4.5,74.0,54.0,63.0,38.0,69.0,10.0,37.0,25.0,3.0,0.0,Winger,0.2298850574712644,0.2873563218390805,0.18965517241379312,0.25862068965517243,4.25287356321839,3.103448275862069,2.1839080459770113,3.96551724137931,0.574712643678161,2.126436781609195,1.4367816091954024,0.6153846153846154,0.9230769230769231,0.6153846153846154,0.9230769230769231,0.6153846153846154,0.6538461538461539,0.7307692307692307,0.7115384615384616,0.9230769230769231,0.7692307692307693,0.7115384615384616,0.6538461538461539,0.9230769230769231,0.6153846153846154,0.8846153846153846,0.6923076923076923,0.5384615384615384,0.7692307692307693,0.7307692307692307,0.9230769230769231,0.8076923076923077,0.8076923076923077,0.7840236686390534,28,0.8809523809523809,0.5,0.5751761059453367
436385,Mathías,Villasanti,Mathías Villasanti,210,Paraguay,Caacupé,Paraguay,1997-01-24,Defensive Midfield,Midfield,right,178.0,2029-12-31 00:00:00,51.0,0.0,,BRA1,Grêmio Foot-Ball Porto Alegrense,4000000.0,10000000.0,Mathías Villasanti,DM,Grêmio,2249.0,3.0,1.0,2.1,1.5,117.0,17.0,43.0,20.0,47.0,5.0,78.0,41.0,4.0,0.0,Defensive Midfielder,0.12005335704757669,0.040017785682525564,0.0840373499333037,0.060026678523788346,4.682080924855492,0.6803023566029346,0.8003557136505113,1.8808359270787016,0.20008892841262782,3.1213872832369938,1.640729212983548,0.9523809523809523,0.47619047619047616,0.9285714285714286,0.7142857142857143,0.7619047619047619,0.42857142857142855,0.8571428571428571,0.6190476190476191,0.6904761904761905,0.9285714285714286,0.9523809523809523,0.9047619047619048,0.47619047619047616,0.9047619047619048,0.6190476190476191,0.5714285714285714,0.2857142857142857,0.7619047619047619,0.5714285714285714,0.5714285714285714,0.8571428571428571,0.9047619047619048,0.665266106442577,27,0.6764705882352942,0.5238095238095238,0.551470588235294
438202,Bruno,Tabata,Bruno Tabata,6600,Brazil,Ipatinga,Brazil,1997-03-30,Right Winger,Attack,left,175.0,2027-12-31 00:00:00,7.0,1.0,,BRA1,Sport Club Internacional,1500000.0,4000000.0,Bruno Tabata,RW,Internacional,1071.0,2.0,3.0,2.5,2.5,62.0,38.0,44.0,19.0,47.0,6.0,13.0,16.0,2.0,0.0,Winger,0.16806722689075632,0.25210084033613445,0.21008403361344538,0.21008403361344538,5.2100840336134455,3.1932773109243695,1.5966386554621848,3.949579831932773,0.5042016806722689,1.092436974789916,1.3445378151260505,0.28846153846153844,0.6730769230769231,0.38461538461538464,0.5192307692307693,0.46153846153846156,0.23076923076923078,0.38461538461538464,0.3076923076923077,0.4807692307692308,0.23076923076923078,0.5,0.46153846153846156,0.8846153846153846,0.7692307692307693,0.7692307692307693,0.8076923076923077,0.6153846153846154,0.5,0.6923076923076923,0.8076923076923077,0.34615384615384615,0.7692307692307693,0.6982248520710059,27,0.38095238095238093,0.36538461538461536,0.6688891236968161
442818,,Fernandinho,Fernandinho,3876,Brazil,São Luís,Brazil,1997-07-19,Left Winger,Attack,right,175.0,,,,,BRA1,Mirasol Futebol Clube,,,Fernandinho,AM,Athletico Paranaense,1465.0,2.0,3.0,1.6,2.5,166.0,39.0,23.0,11.0,77.0,8.0,28.0,11.0,7.0,0.0,Winger,0.12286689419795221,0.18430034129692832,0.09829351535836178,0.15358361774744028,10.197952218430034,2.3959044368600684,0.6757679180887372,4.73037542662116,0.49146757679180886,1.720136518771331,0.6757679180887372,0.28846153846153844,0.6730769230769231,0.15384615384615385,0.5192307692307693,0.9615384615384616,0.28846153846153844,0.11538461538461539,0.8076923076923077,0.7307692307692307,0.5192307692307693,0.3269230769230769,0.2692307692307692,0.6923076923076923,0.11538461538461539,0.5769230769230769,1.0,0.3076923076923077,0.11538461538461539,0.9230769230769231,0.7692307692307693,0.46153846153846156,0.2692307692307692,0.48816568047337283,27,,0.36538461538461536,
445000,Matheus,Rossetto,Matheus Rossetto,10870,Brazil,Santo Amaro da Imperatriz,Brazil,1996-06-03,Central Midfield,Midfield,right,180.0,2027-12-31 00:00:00,,,,BRA1,Fortaleza Esporte Clube,,,Matheus Rossetto,DM,Fortaleza,1548.0,0.0,0.0,0.0,0.2,93.0,26.0,27.0,18.0,22.0,3.0,22.0,11.0,3.0,0.0,Central Midfielder,0.0,0.0,0.0,0.011627906976744188,5.406976744186046,1.5116279069767442,1.0465116279069768,1.2790697674418605,0.1744186046511628,1.2790697674418605,0.6395348837209303,0.17647058823529413,0.23529411764705882,0.058823529411764705,0.17647058823529413,0.6470588235294118,0.6764705882352942,0.8235294117647058,0.14705882352941177,0.4411764705882353,0.2647058823529412,0.29411764705882354,0.17647058823529413,0.23529411764705882,0.058823529411764705,0.11764705882352941,0.7647058823529411,0.47058823529411764,0.7647058823529411,0.058823529411764705,0.35294117647058826,0.11764705882352941,0.11764705882352941,0.3350383631713555,28,,0.8235294117647058,
456535,Agustín,Rogel,Agustín Rogel,6600,Uruguay,Montevideo,Uruguay,1997-10-17,Centre-Back,Defender,right,191.0,2027-12-31 00:00:00,1.0,0.0,,BRA1,Sport Club Internacional,1500000.0,4500000.0,Agustín Rogel,CB,Internacional,1055.0,0.0,1.0,1.1,0.0,24.0,1.0,1.0,1.0,6.0,0.0,12.0,7.0,2.0,1.0,Centre-Back,0.0,0.08530805687203792,0.09383886255924172,0.0,2.0473933649289098,0.08530805687203792,0.08530805687203792,0.5118483412322274,0.0,1.0236966824644549,0.5971563981042654,0.2625,0.7875,0.65,0.125,0.125,0.0625,0.1875,0.125,0.1625,0.075,0.0625,0.2625,0.875,0.85,0.125,0.225,0.1,0.275,0.225,0.1625,0.125,0.075,0.14166666666666666,27,0.5151515151515151,0.375,0.2999621212121212
457533,Agustín,Canobbio,Agustín Canobbio,2462,Uruguay,Montevideo,Uruguay,1998-10-01,Right Winger,Attack,right,176.0,2028-12-31 00:00:00,17.0,2.0,,BRA1,Fluminense Football Club,8000000.0,8000000.0,Agustín Canobbio,"FW,LM",Athletico Paranaense,1125.0,4.0,1.0,3.4000000000000004,2.3,56.0,44.0,42.0,15.0,45.0,2.0,29.0,22.0,5.0,1.0,Winger,0.32,0.08,0.272,0.18399999999999997,4.4799999999999995,3.52,1.2000000000000002,3.6,0.16,2.32,1.76,0.6153846153846154,0.23076923076923078,0.6538461538461539,0.46153846153846156,0.34615384615384615,0.4423076923076923,0.2692307692307692,0.19230769230769232,0.11538461538461539,0.5769230769230769,0.6538461538461539,0.9230769230769231,0.38461538461538464,0.9230769230769231,0.6538461538461539,0.7692307692307693,0.7307692307692307,0.40384615384615385,0.38461538461538464,0.15384615384615385,0.8846153846153846,0.9230769230769231,0.5576923076923077,26,0.9523809523809523,0.2692307692307692,0.4561355311355311
458710,,Murilo,Murilo,1023,Brazil,São Gonçalo dos Campos,Brazil,1997-03-27,Centre-Back,Defender,right,188.0,2027-12-31 00:00:00,0.0,0.0,,BRA1,Sociedade Esportiva Palmeiras,5000000.0,10000000.0,Murilo Cerqueira,CB,Palmeiras,2175.0,1.0,0.0,1.5,0.3,127.0,25.0,13.0,7.0,24.0,2.0,38.0,21.0,7.0,1.0,Centre-Back,0.041379310344827586,0.0,0.06206896551724137,0.012413793103448277,5.255172413793104,1.0344827586206897,0.2896551724137931,0.9931034482758619,0.08275862068965517,1.572413793103448,0.8689655172413794,0.675,0.35,0.8125,0.5375,0.925,0.925,0.7375,0.8125,0.6875,0.8875,0.45,0.6,0.35,0.775,0.45,0.925,0.875,0.65,0.7,0.575,0.7,0.25,0.6783333333333333,27,0.8939393939393939,0.375,0.5272651515151515
466336,Nahuel,Ferraresi,Nahuel Ferraresi,537,Venezuela,San Cristóbal,Venezuela,1998-11-19,Centre-Back,Defender,right,190.0,2026-12-31 00:00:00,45.0,1.0,,BRA1,S. A. F. Botafogo,4500000.0,5000000.0,Nahuel Ferraresi,CB,São Paulo,902.0,1.0,1.0,0.3,0.8,45.0,9.0,7.0,6.0,14.0,3.0,21.0,23.0,2.0,0.0,Centre-Back,0.09977827050997783,0.09977827050997783,0.02993348115299335,0.07982261640798226,4.490022172949002,0.8980044345898004,0.5986696230598669,1.3968957871396896,0.29933481152993346,2.0953436807095343,2.29490022172949,0.675,0.7875,0.2375,0.7875,0.45,0.475,0.6875,0.4875,0.8875,0.3375,0.5375,0.875,0.975,0.35,1.0,0.9,0.825,0.925,0.85,1.0,0.925,0.975,0.9166666666666666,26,0.8333333333333334,0.2625,0.7022916666666665
468174,Félix,Torres,Félix Torres,6600,Ecuador,San Lorenzo,Ecuador,1997-01-11,Centre-Back,Defender,right,187.0,2026-12-31 00:00:00,50.0,5.0,,BRA1,Sport Club Internacional,1000000.0,6000000.0,Félix Torres Caicedo,CB,Corinthians,1710.0,0.0,0.0,0.8,0.7,60.0,5.0,8.0,3.0,20.0,2.0,23.0,12.0,3.0,0.0,Centre-Back,0.0,0.0,0.042105263157894736,0.03684210526315789,3.1578947368421053,0.2631578947368421,0.15789473684210525,1.0526315789473684,0.10526315789473685,1.2105263157894737,0.631578947368421,0.2625,0.35,0.525,0.725,0.625,0.325,0.45,0.6625,0.6875,0.3875,0.175,0.2625,0.35,0.55,0.7,0.575,0.325,0.475,0.725,0.75,0.3,0.1,0.3416666666666667,27,0.3939393939393939,0.375,0.4502651515151515
468304,Rodrigo,Nestor,Rodrigo Nestor,10010,Brazil,São Paulo,Brazil,2000-08-09,Central Midfield,Midfield,left,175.0,2030-12-31 00:00:00,14.0,0.0,,BRA1,Esporte Clube Bahia,7000000.0,9000000.0,Rodrigo Nestor,CM,São Paulo,984.0,0.0,2.0,0.9,1.4,50.0,29.0,24.0,6.0,37.0,3.0,15.0,7.0,3.0,0.0,Central Midfielder,0.0,0.1829268292682927,0.08231707317073171,0.12804878048780488,4.573170731707317,2.652439024390244,0.5487804878048781,3.3841463414634148,0.27439024390243905,1.371951219512195,0.6402439024390244,0.17647058823529413,0.6764705882352942,0.4117647058823529,0.4411764705882353,0.23529411764705882,0.7647058823529411,0.11764705882352941,0.4117647058823529,0.4411764705882353,0.058823529411764705,0.058823529411764705,0.17647058823529413,0.7647058823529411,0.5294117647058824,0.7647058823529411,0.4117647058823529,1.0,0.23529411764705882,0.7647058823529411,0.5882352941176471,0.17647058823529413,0.17647058823529413,0.5754475703324807,24,0.5666666666666667,0.35294117647058826,0.5506606990622336
480274,,Shaylon,Shaylon,3876,Brazil,Modelo,Brazil,1997-04-27,Attacking Midfield,Midfield,left,178.0,2026-12-31 00:00:00,0.0,0.0,,BRA1,Mirasol Futebol Clube,1000000.0,2000000.0,Shaylon,RM,Atlético Goianiense,2167.0,2.0,2.0,3.9,5.7,129.0,36.0,24.0,10.0,118.0,5.0,16.0,17.0,3.0,0.0,Attacking Midfielder,0.08306414397784956,0.08306414397784956,0.16197508075680664,0.23673281033687124,5.357637286571297,1.495154591601292,0.4153207198892478,4.900784494693124,0.2076603599446239,0.6645131518227965,0.7060452238117213,0.23809523809523808,0.2857142857142857,0.6428571428571429,0.8095238095238095,0.7619047619047619,0.5714285714285714,0.16666666666666666,0.7619047619047619,0.3333333333333333,0.2619047619047619,0.6428571428571429,0.14285714285714285,0.19047619047619047,0.47619047619047616,0.7142857142857143,0.5714285714285714,0.38095238095238093,0.19047619047619047,0.6666666666666666,0.23809523809523808,0.14285714285714285,0.5714285714285714,0.42857142857142855,27,0.23529411764705882,0.38095238095238093,0.5411764705882353
484848,,Zé Ivaldo,Zé Ivaldo,221,Brazil,Maceió,Brazil,1997-02-21,Centre-Back,Defender,right,185.0,2028-12-31 00:00:00,,,,BRA1,Santos Futebol Clube,2000000.0,4000000.0,Zé Ivaldo,CB,Cruzeiro,2361.0,1.0,0.0,1.1,0.4,80.0,23.0,17.0,8.0,21.0,0.0,28.0,30.0,9.0,0.0,Centre-Back,0.03811944091486658,0.0,0.041931385006353246,0.015247776365946635,3.049555273189326,0.8767471410419314,0.30495552731893266,0.8005082592121983,0.0,1.0673443456162643,1.1435832274459974,0.675,0.35,0.65,0.5875,0.725,0.875,0.8375,0.7125,0.1625,0.525,0.7375,0.55,0.35,0.525,0.475,0.475,0.775,0.7,0.5,0.1625,0.175,0.425,0.4216666666666667,27,0.6060606060606061,0.375,0.4452348484848485
489893,,Yuri Alberto,Yuri Alberto,199,Brazil,São José dos Campos,Brazil,2001-03-18,Centre-Forward,Attack,right,183.0,2030-06-30 00:00:00,1.0,0.0,,BRA1,Sport Club Corinthians Paulista,23000000.0,25000000.0,Yuri Alberto,FW,Corinthians,2197.0,15.0,4.0,10.7,1.6,31.0,52.0,52.0,21.0,63.0,10.0,10.0,11.0,6.0,1.0,Centre-Forward,0.6144742831133364,0.16385980883022302,0.43832498862084657,0.06554392353208921,1.2699135184342285,2.130177514792899,0.860263996358671,2.5807919890760127,0.40964952207555755,0.40964952207555755,0.45061447428311335,0.9761904761904762,0.8333333333333334,0.9047619047619048,0.42857142857142855,0.5238095238095238,0.9523809523809523,0.9047619047619048,0.8571428571428571,0.8333333333333334,0.4523809523809524,0.5952380952380952,1.0,0.7619047619047619,0.9047619047619048,0.23809523809523808,0.2857142857142857,0.9523809523809523,0.9047619047619048,0.8095238095238095,0.8095238095238095,0.23809523809523808,0.38095238095238093,0.8238095238095239,23,0.8888888888888888,0.09523809523809523,0.6577777777777778
496268,Joaquín,Piquerez,Joaquín Piquerez,1023,Uruguay,Montevideo,Uruguay,1998-08-24,Left-Back,Defender,left,185.0,2030-12-31 00:00:00,19.0,0.0,,BRA1,Sociedade Esportiva Palmeiras,12000000.0,15000000.0,Joaquín Piquerez,CB,Palmeiras,1314.0,2.0,0.0,1.9,1.9,87.0,29.0,19.0,8.0,45.0,0.0,27.0,20.0,2.0,0.0,Full-Back,0.136986301369863,0.0,0.13013698630136986,0.13013698630136986,5.9589041095890405,1.9863013698630136,0.547945205479452,3.0821917808219177,0.0,1.8493150684931505,1.36986301369863,0.7571428571428571,0.17142857142857143,0.9428571428571428,0.5285714285714286,0.5428571428571428,0.3,0.3,0.5428571428571428,0.05714285714285714,0.2571428571428571,0.5571428571428572,0.9142857142857143,0.17142857142857143,0.9428571428571428,0.7428571428571429,0.8857142857142857,0.5142857142857142,0.42857142857142855,0.7714285714285715,0.05714285714285714,0.2857142857142857,0.9142857142857143,0.5977142857142858,26,0.9354838709677419,0.44285714285714284,0.4583290322580646
503052,Tomás,Cuello,Tomás Cuello,330,Argentina,San Miguel de Tucumán,Argentina,2000-03-05,Left Winger,Attack,right,176.0,2028-12-31 00:00:00,0.0,0.0,,BRA1,Clube Atlético Mineiro,6000000.0,7000000.0,Tomás Cuello,LM,Athletico Paranaense,1920.0,3.0,5.0,2.7,4.1,86.0,100.0,118.0,62.0,103.0,8.0,36.0,33.0,3.0,0.0,Winger,0.140625,0.234375,0.12656250000000002,0.19218749999999998,4.03125,4.6875,2.9062500000000004,4.828125,0.375,1.6875,1.5468750000000002,0.46153846153846156,0.9230769230769231,0.4423076923076923,0.8846153846153846,0.7692307692307693,0.9230769230769231,0.9230769230769231,0.9038461538461539,0.7307692307692307,0.7307692307692307,0.8076923076923077,0.34615384615384615,0.7692307692307693,0.2692307692307692,0.7307692307692307,0.6153846153846154,0.9230769230769231,0.9230769230769231,0.9615384615384616,0.6538461538461539,0.4230769230769231,0.8461538461538461,0.6760355029585798,24,0.7857142857142857,0.15384615384615385,0.5861158072696534
524446,,Kanu,Kanu,10010,Brazil,Duque de Caxias,Brazil,1997-03-07,Centre-Back,Defender,right,186.0,2027-12-31 00:00:00,,,,BRA1,Esporte Clube Bahia,3000000.0,3500000.0,Kanu,CB,Bahia,2700.0,0.0,0.0,0.3,0.0,78.0,18.0,10.0,4.0,9.0,2.0,32.0,36.0,11.0,0.0,Centre-Back,0.0,0.0,0.009999999999999998,0.0,2.6,0.6000000000000001,0.13333333333333333,0.30000000000000004,0.06666666666666667,1.0666666666666667,1.2000000000000002,0.2625,0.35,0.2375,0.125,0.7,0.8125,0.5625,0.225,0.6875,0.7875,0.875,0.2625,0.35,0.05,0.125,0.4,0.6,0.375,0.1,0.475,0.15,0.525,0.39333333333333337,27,0.6666666666666666,0.375,0.41308333333333336
542483,,Wellington Rato,Wellington Rato,2125,Brazil,Japeri,Brazil,1992-06-18,Right Winger,Attack,left,172.0,2027-12-31 00:00:00,,,,BRA1,Esporte Clube Vitória,,,Wellington Rato,AM,São Paulo,1052.0,1.0,5.0,2.2,3.5,47.0,24.0,16.0,9.0,46.0,9.0,11.0,7.0,2.0,0.0,Winger,0.08555133079847908,0.42775665399239543,0.18821292775665402,0.2994296577946768,4.020912547528517,2.0532319391634983,0.7699619771863118,3.935361216730038,0.7699619771863118,0.9410646387832698,0.5988593155893536,0.1346153846153846,0.9230769230769231,0.25,0.7884615384615384,0.23076923076923078,0.07692307692307693,0.07692307692307693,0.23076923076923078,0.8653846153846154,0.1346153846153846,0.07692307692307693,0.15384615384615385,1.0,0.5769230769230769,1.0,0.5769230769230769,0.15384615384615385,0.15384615384615385,0.6538461538461539,1.0,0.23076923076923078,0.15384615384615385,0.6538461538461539,32,,0.8461538461538461,
544259,,Ademir,Ademir,10010,Brazil,São Paulo,Brazil,1995-02-16,Right Winger,Attack,left,172.0,2026-12-31 00:00:00,,,,BRA1,Esporte Clube Bahia,1200000.0,4500000.0,Ademir Santos,LW,Bahia,1131.0,3.0,4.0,3.3,2.7,29.0,65.0,62.0,28.0,47.0,8.0,30.0,10.0,0.0,0.0,Winger,0.23872679045092837,0.3183023872679045,0.2625994694960212,0.21485411140583557,2.3076923076923075,5.172413793103448,2.2281167108753315,3.7400530503978784,0.636604774535809,2.387267904509284,0.7957559681697614,0.46153846153846156,0.8269230769230769,0.5769230769230769,0.6153846153846154,0.07692307692307693,0.7692307692307693,0.6538461538461539,0.3076923076923077,0.7307692307692307,0.6153846153846154,0.23076923076923078,0.7307692307692307,0.9615384615384616,0.8846153846153846,0.8076923076923077,0.15384615384615385,0.9615384615384616,0.8076923076923077,0.5,0.9615384615384616,0.9230769230769231,0.4230769230769231,0.7988165680473371,29,0.2857142857142857,0.6346153846153846,0.7126690617075232
546033,,Sabino,Sabino,585,Brazil,Brasília,Brazil,1996-10-25,Centre-Back,Defender,left,185.0,2028-12-31 00:00:00,,,,BRA1,São Paulo Futebol Clube,1000000.0,1200000.0,José Sabino,CB,São Paulo,972.0,0.0,0.0,0.3,0.0,43.0,5.0,5.0,3.0,10.0,0.0,19.0,11.0,3.0,0.0,Centre-Back,0.0,0.0,0.027777777777777776,0.0,3.9814814814814814,0.46296296296296297,0.2777777777777778,0.9259259259259259,0.0,1.7592592592592593,1.0185185185185186,0.2625,0.35,0.2375,0.125,0.3125,0.325,0.45,0.325,0.1625,0.25,0.15,0.2625,0.35,0.3,0.125,0.8,0.5,0.6,0.625,0.1625,0.8,0.35,0.64,28,0.3939393939393939,0.4875,0.6123901515151515
546036,,Gregore,Gregore,537,Brazil,Juiz de Fora,Brazil,1994-03-02,Defensive Midfield,Midfield,right,181.0,2027-06-30 00:00:00,,,,BRA1,S. A. F. Botafogo,,,Gregore,CM,Botafogo (RJ),2220.0,3.0,2.0,1.2,1.5,199.0,29.0,14.0,9.0,57.0,6.0,97.0,37.0,9.0,0.0,Defensive Midfielder,0.12162162162162163,0.08108108108108109,0.04864864864864865,0.060810810810810814,8.067567567567568,1.1756756756756757,0.3648648648648649,2.310810810810811,0.24324324324324326,3.9324324324324325,1.5,0.9523809523809523,0.6666666666666666,0.6190476190476191,0.7142857142857143,0.9047619047619048,0.8571428571428571,0.4523809523809524,0.7857142857142857,0.8095238095238095,1.0,0.8095238095238095,0.9523809523809523,0.7142857142857143,0.47619047619047616,0.6666666666666666,0.9523809523809523,0.8571428571428571,0.2857142857142857,0.6190476190476191,0.7142857142857143,0.9523809523809523,0.7142857142857143,0.8669467787114845,30,,0.8809523809523809,
546530,,Raniele,Raniele,199,Brazil,Baixa Grande,Brazil,1996-12-31,Defensive Midfield,Midfield,right,184.0,2028-12-31 00:00:00,,,,BRA1,Sport Club Corinthians Paulista,4000000.0,4000000.0,Raniele,"DM,CB",Corinthians,2290.0,0.0,0.0,1.3,1.0,71.0,20.0,14.0,8.0,43.0,3.0,63.0,40.0,8.0,0.0,Defensive Midfielder,0.0,0.0,0.051091703056768564,0.039301310043668124,2.7903930131004366,0.7860262008733624,0.314410480349345,1.6899563318777293,0.11790393013100436,2.475982532751092,1.5720524017467248,0.2619047619047619,0.19047619047619047,0.6666666666666666,0.47619047619047616,0.3333333333333333,0.5238095238095238,0.35714285714285715,0.5238095238095238,0.47619047619047616,0.7142857142857143,0.8571428571428571,0.2619047619047619,0.19047619047619047,0.5238095238095238,0.47619047619047616,0.09523809523809523,0.42857142857142855,0.19047619047619047,0.42857142857142855,0.42857142857142855,0.5238095238095238,0.8571428571428571,0.4061624649859943,28,0.6764705882352942,0.6666666666666666,0.374579831932773
550178,,Bruno Tubarão,Bruno Tubarão,2029,Brazil,Rio de Janeiro,Brazil,1995-03-05,Right Winger,Attack,right,180.0,,,,,BRA1,Ceará Sporting Club,,,Bruno Tubarão,RB,Atlético Goianiense,1586.0,0.0,0.0,0.3,1.1,107.0,49.0,34.0,14.0,42.0,1.0,35.0,15.0,4.0,1.0,Winger,0.0,0.0,0.017023959646910468,0.062421185372005056,6.0718789407314,2.780580075662043,0.7944514501891552,2.3833543505674655,0.05674653215636822,1.9861286254728878,0.8511979823455232,0.057692307692307696,0.07692307692307693,0.038461538461538464,0.057692307692307696,0.8846153846153846,0.5576923076923077,0.23076923076923078,0.09615384615384616,0.057692307692307696,0.6730769230769231,0.4423076923076923,0.057692307692307696,0.07692307692307693,0.038461538461538464,0.11538461538461539,0.9230769230769231,0.4230769230769231,0.19230769230769232,0.07692307692307693,0.038461538461538464,0.6923076923076923,0.5,0.08949704142011836,29,,0.6346153846153846,
552240,,Igor Vinícius,Igor Vinícius,221,Brazil,Sinop,Brazil,1997-04-01,Right-Back,Defender,right,174.0,2028-06-30 00:00:00,,,,BRA1,Santos Futebol Clube,2000000.0,3500000.0,Igor Vinícius de Souza,WB,São Paulo,2463.0,0.0,2.0,0.7999999999999999,2.4,138.0,65.0,59.0,21.0,69.0,5.0,66.0,25.0,7.0,1.0,Full-Back,0.0,0.0730816077953715,0.029232643118148598,0.08769792935444579,5.0426309378806335,2.3751522533495737,0.7673568818514007,2.5213154689403168,0.18270401948842874,2.4116930572472595,0.9135200974421437,0.15714285714285714,0.6428571428571429,0.4857142857142857,0.7285714285714285,0.8857142857142857,0.9714285714285714,0.7428571428571429,0.7714285714285715,0.6428571428571429,0.9,0.7285714285714285,0.15714285714285714,0.4857142857142857,0.37142857142857144,0.5714285714285714,0.7428571428571429,0.7428571428571429,0.6285714285714286,0.6285714285714286,0.45714285714285713,0.6285714285714286,0.42857142857142855,0.6239999999999999,27,0.45161290322580644,0.5428571428571428,0.580068202764977
552242,,Baralhas,Baralhas,2125,Brazil,Botucatu,Brazil,1998-10-10,Defensive Midfield,Midfield,right,178.0,2028-12-31 00:00:00,,,,BRA1,Esporte Clube Vitória,2500000.0,2500000.0,Gabriel Baralhas,CM,Atlético Goianiense,2452.0,1.0,3.0,2.1,2.2,121.0,22.0,40.0,15.0,87.0,6.0,56.0,41.0,9.0,0.0,Defensive Midfielder,0.0367047308319739,0.11011419249592169,0.07707993474714518,0.08075040783034258,4.441272430668842,0.8075040783034257,0.5505709624796085,3.193311582381729,0.22022838499184338,2.0554649265905383,1.5048939641109298,0.6428571428571429,0.8095238095238095,0.9285714285714286,0.8571428571428571,0.8095238095238095,0.6428571428571429,0.7142857142857143,0.9523809523809523,0.8095238095238095,0.5238095238095238,0.9523809523809523,0.5714285714285714,0.7619047619047619,0.8571428571428571,0.7619047619047619,0.5238095238095238,0.47619047619047616,0.5714285714285714,0.9047619047619048,0.6190476190476191,0.3333333333333333,0.8095238095238095,0.5518207282913166,26,0.47058823529411764,0.42857142857142855,0.5491596638655463
552549,,Matheus Henrique,Matheus Henrique,609,Brazil,São Paulo,Brazil,1997-12-19,Central Midfield,Midfield,right,175.0,2029-06-30 00:00:00,1.0,0.0,,BRA1,Cruzeiro Esporte Clube,4500000.0,22000000.0,Matheus Henrique,RM,Cruzeiro,1219.0,2.0,0.0,1.2000000000000002,0.2,57.0,23.0,25.0,12.0,45.0,2.0,24.0,17.0,4.0,0.0,Central Midfielder,0.14766201804758,0.0,0.088597210828548,0.014766201804757998,4.20836751435603,1.6981132075471697,0.8859721082854799,3.3223954060705494,0.14766201804758,1.7719442165709598,1.25512715340443,0.6764705882352942,0.23529411764705882,0.5294117647058824,0.17647058823529413,0.3235294117647059,0.47058823529411764,0.6470588235294118,0.5294117647058824,0.23529411764705882,0.4117647058823529,0.7058823529411765,0.7647058823529411,0.23529411764705882,0.6470588235294118,0.17647058823529413,0.35294117647058826,0.7058823529411765,0.5882352941176471,0.7058823529411765,0.23529411764705882,0.4117647058823529,0.6470588235294118,0.4373401534526855,27,0.4,0.6764705882352942,0.4609335038363172
553459,,Igor Gomes,Igor Gomes,330,Brazil,São José do Rio Preto,Brazil,1999-03-17,Attacking Midfield,Midfield,right,183.0,2026-12-31 00:00:00,4.0,0.0,,BRA1,Clube Atlético Mineiro,2500000.0,8500000.0,Igor Gomes,AM,Atlético Mineiro,1907.0,2.0,4.0,2.2,1.1,100.0,27.0,29.0,15.0,55.0,6.0,28.0,34.0,8.0,0.0,Attacking Midfielder,0.09438909281594127,0.18877818563188253,0.10382800209753541,0.051914001048767706,4.719454640797063,1.274252753015207,0.7079181961195594,2.595700052438385,0.2831672784478238,1.3214472994231778,1.6046145778710015,0.23809523809523808,0.5476190476190477,0.35714285714285715,0.14285714285714285,0.5238095238095238,0.42857142857142855,0.40476190476190477,0.23809523809523808,0.42857142857142855,0.6666666666666666,1.0,0.2857142857142857,0.5714285714285714,0.3333333333333333,0.09523809523809523,0.47619047619047616,0.23809523809523808,0.2857142857142857,0.09523809523809523,0.38095238095238093,0.47619047619047616,0.9047619047619048,0.2698412698412698,25,0.6470588235294118,0.23809523809523808,0.36442577030812323
563692,Bruno,Fuchs,Bruno Fuchs,1023,Brazil,Ponta Grossa,Brazil,1999-04-01,Centre-Back,Defender,right,190.0,2029-12-31 00:00:00,8.0,0.0,,BRA1,Sociedade Esportiva Palmeiras,4000000.0,5000000.0,Bruno Fuchs,CB,Atlético Mineiro,2031.0,0.0,1.0,0.7,1.8,136.0,22.0,11.0,8.0,36.0,3.0,42.0,34.0,9.0,1.0,Centre-Back,0.0,0.044313146233382575,0.031019202363367797,0.07976366322008863,6.026587887740029,0.9748892171344166,0.3545051698670606,1.5952732644017726,0.1329394387001477,1.861152141802068,1.5066469719350073,0.2625,0.7875,0.4875,0.9625,0.975,0.85,0.8375,0.95,0.8875,0.925,0.825,0.2625,0.75,0.375,0.975,0.975,0.85,0.775,0.95,0.85,0.875,0.8,0.8849999999999999,25,0.7727272727272727,0.2,0.7078181818181818
565009,Rodrigo,Garro,Rodrigo Garro,199,Argentina,General Pico,Argentina,1998-01-04,Attacking Midfield,Midfield,left,174.0,2028-12-31 00:00:00,,,,BRA1,Sport Club Corinthians Paulista,12000000.0,15000000.0,Rodrigo Garro,AM,Corinthians,2995.0,10.0,10.0,6.1000000000000005,7.2,248.0,62.0,69.0,27.0,191.0,15.0,51.0,29.0,8.0,0.0,Attacking Midfielder,0.3005008347245409,0.3005008347245409,0.18330550918196994,0.21636060100166943,7.452420701168614,1.8631051752921535,0.8113522537562604,5.739565943238731,0.4507512520868113,1.5325542570951585,0.8714524207011686,0.9523809523809523,1.0,0.8571428571428571,0.9523809523809523,0.9523809523809523,0.7142857142857143,0.6666666666666666,1.0,0.9285714285714286,0.9047619047619048,0.9523809523809523,0.7619047619047619,0.7619047619047619,0.6190476190476191,0.6190476190476191,0.9523809523809523,0.6190476190476191,0.38095238095238093,0.9047619047619048,0.6190476190476191,0.7142857142857143,0.7619047619047619,0.6913580246913581,27,0.8823529411764706,0.38095238095238093,0.5370837223778401
565232,André,Silva,André Silva,585,Brazil,Taboão da Serra,Brazil,1997-06-03,Centre-Forward,Attack,left,181.0,2027-12-31 00:00:00,,,,BRA1,São Paulo Futebol Clube,3000000.0,5000000.0,André Silva,FW,São Paulo,1535.0,7.0,2.0,3.9,0.8,32.0,20.0,25.0,12.0,36.0,3.0,3.0,18.0,3.0,0.0,Centre-Forward,0.4104234527687296,0.11726384364820848,0.2286644951140065,0.04690553745928339,1.8762214983713357,1.1726384364820848,0.7035830618892508,2.1107491856677525,0.1758957654723127,0.1758957654723127,1.0553745928338762,0.5238095238095238,0.42857142857142855,0.19047619047619047,0.14285714285714285,0.5714285714285714,0.5476190476190477,0.6190476190476191,0.35714285714285715,0.2619047619047619,0.09523809523809523,0.8095238095238095,0.6666666666666666,0.5238095238095238,0.19047619047619047,0.047619047619047616,0.7142857142857143,0.6190476190476191,0.7619047619047619,0.42857142857142855,0.3333333333333333,0.09523809523809523,0.9047619047619048,0.37380952380952376,27,0.6388888888888888,0.35714285714285715,0.41099206349206346
578872,,Jean Lucas,Jean Lucas,10010,Brazil,Rio de Janeiro,Brazil,1998-06-22,Central Midfield,Midfield,right,181.0,2028-12-31 00:00:00,1.0,0.0,,BRA1,Esporte Clube Bahia,13000000.0,13000000.0,Jean Lucas,LM,Bahia,2901.0,3.0,6.0,5.2,2.5,126.0,53.0,70.0,36.0,78.0,9.0,50.0,33.0,7.0,0.0,Central Midfielder,0.09307135470527406,0.1861427094105481,0.16132368148914167,0.07755946225439503,3.90899689762151,1.644260599793175,1.1168562564632885,2.4198552223371252,0.2792140641158221,1.5511892450879008,1.0237849017580145,0.8529411764705882,0.9705882352941176,1.0,0.8235294117647058,0.8823529411764706,0.9411764705882353,0.9117647058823529,0.9411764705882353,0.9117647058823529,0.8823529411764706,0.9705882352941176,0.6470588235294118,0.8235294117647058,0.8235294117647058,0.5294117647058824,0.29411764705882354,0.6470588235294118,0.8235294117647058,0.4117647058823529,0.6470588235294118,0.23529411764705882,0.5294117647058824,0.45524296675191817,26,0.8,0.5294117647058824,0.39373401534526853
588989,Jhon,Arias,Jhon Arias,1023,Colombia,Quibdó,Colombia,1997-09-21,Right Winger,Attack,right,168.0,2029-12-31 00:00:00,43.0,7.0,,BRA1,Sociedade Esportiva Palmeiras,15000000.0,17000000.0,Jhon Arias,LW,Fluminense,2286.0,6.0,3.0,6.2,3.5,84.0,88.0,116.0,47.0,104.0,7.0,47.0,34.0,5.0,0.0,Winger,0.23622047244094488,0.11811023622047244,0.2440944881889764,0.1377952755905512,3.3070866141732282,3.464566929133858,1.8503937007874014,4.094488188976378,0.2755905511811024,1.8503937007874014,1.3385826771653542,0.8461538461538461,0.6730769230769231,0.9807692307692307,0.7884615384615384,0.7307692307692307,0.8461538461538461,0.8076923076923077,0.9615384615384616,0.5769230769230769,0.8846153846153846,0.8461538461538461,0.6923076923076923,0.5,0.8461538461538461,0.5384615384615384,0.3076923076923077,0.6538461538461539,0.6538461538461539,0.8076923076923077,0.4230769230769231,0.6153846153846154,0.7307692307692307,0.6449704142011833,27,1.0,0.36538461538461536,0.48217455621301764
592347,,Júnior Santos,Júnior Santos,537,Brazil,Conceição do Jacuípe,Brazil,1994-10-11,Right Winger,Attack,right,188.0,2026-12-31 00:00:00,,,,BRA1,S. A. F. Botafogo,3000000.0,6000000.0,Júnior Santos,FW,Botafogo (RJ),1481.0,4.0,1.0,6.2,1.4,31.0,44.0,57.0,25.0,42.0,5.0,12.0,11.0,2.0,0.0,Winger,0.24307900067521945,0.06076975016880486,0.3767724510465902,0.0850776502363268,1.8838622552329507,2.673869007427414,1.5192437542201216,2.552329507089804,0.3038487508440243,0.7292370020256583,0.6684672518568535,0.6153846153846154,0.23076923076923078,0.9807692307692307,0.15384615384615385,0.11538461538461539,0.4423076923076923,0.5192307692307693,0.09615384615384616,0.34615384615384615,0.19230769230769232,0.3269230769230769,0.7692307692307693,0.2692307692307692,0.9615384615384616,0.19230769230769232,0.07692307692307693,0.38461538461538464,0.46153846153846156,0.19230769230769232,0.5,0.15384615384615385,0.23076923076923078,0.46301775147929003,30,0.6190476190476191,0.7307692307692307,0.41343336151028465
601011,,Caio Paulista,Caio Paulista,210,Brazil,São Paulo,Brazil,1998-05-11,Left-Back,Defender,left,184.0,2026-12-31 00:00:00,,,,BRA1,Grêmio Foot-Ball Porto Alegrense,2000000.0,4000000.0,Caio Paulista,LB,Palmeiras,1201.0,0.0,0.0,0.4,0.7,74.0,39.0,45.0,24.0,30.0,2.0,29.0,15.0,1.0,1.0,Full-Back,0.0,0.0,0.02997502081598668,0.05245628642797668,5.545378850957535,2.922564529558701,1.7985012489592007,2.2481265611990007,0.1498751040799334,2.1731890091590342,1.1240632805995003,0.15714285714285714,0.17142857142857143,0.2857142857142857,0.14285714285714285,0.4857142857142857,0.5571428571428572,0.8,0.3,0.2571428571428571,0.34285714285714286,0.4,0.15714285714285714,0.17142857142857143,0.4,0.14285714285714285,0.8285714285714286,0.9428571428571428,0.9714285714285714,0.5142857142857142,0.3142857142857143,0.5142857142857142,0.5714285714285714,0.6057142857142856,26,0.45161290322580644,0.44285714285714284,0.5840967741935483
603122,,Cacá,Cacá,2125,Brazil,Visconde do Rio Branco,Brazil,1999-04-25,Centre-Back,Defender,right,187.0,2026-12-31 00:00:00,,,,BRA1,Esporte Clube Vitória,1500000.0,3000000.0,Cacá,CB,Corinthians,2298.0,4.0,1.0,4.2,0.2,44.0,9.0,3.0,1.0,16.0,2.0,28.0,44.0,4.0,1.0,Centre-Back,0.1566579634464752,0.0391644908616188,0.16449086161879897,0.00783289817232376,1.723237597911227,0.3524804177545692,0.0391644908616188,0.6266318537859008,0.0783289817232376,1.0966057441253265,1.723237597911227,0.9875,0.7875,1.0,0.425,0.375,0.475,0.1875,0.575,0.6875,0.525,1.0,0.975,0.7,1.0,0.35,0.075,0.375,0.15,0.3,0.55,0.225,0.9,0.375,25,0.5151515151515151,0.2,0.4662121212121212
606716,,Pepê,Pepê,210,Brazil,Rio de Janeiro,Brazil,1998-01-06,Central Midfield,Midfield,right,183.0,2026-12-31 00:00:00,,,,BRA1,Grêmio Foot-Ball Porto Alegrense,1800000.0,1800000.0,João Pedro Pepê,CM,Grêmio,1283.0,1.0,0.0,0.5,0.3,81.0,22.0,27.0,11.0,22.0,0.0,44.0,13.0,2.0,1.0,Central Midfielder,0.0701480904130943,0.0,0.03507404520654715,0.021044427123928292,5.681995323460639,1.5432579890880749,0.7716289945440374,1.5432579890880749,0.0,3.0865159781761498,0.9119251753702261,0.4411764705882353,0.23529411764705882,0.29411764705882354,0.29411764705882354,0.5882352941176471,0.4117647058823529,0.5294117647058824,0.14705882352941177,0.08823529411764706,0.7647058823529411,0.35294117647058826,0.4117647058823529,0.23529411764705882,0.23529411764705882,0.29411764705882354,0.8235294117647058,0.5294117647058824,0.47058823529411764,0.11764705882352941,0.08823529411764706,1.0,0.4117647058823529,0.5370843989769821,27,0.2,0.6764705882352942,0.5707800511508951
608216,,Gabriel Menino,Gabriel Menino,221,Brazil,Morungaba,Brazil,2000-09-29,Central Midfield,Midfield,right,176.0,2026-12-31 00:00:00,0.0,0.0,,BRA1,Santos Futebol Clube,7000000.0,15000000.0,Gabriel Menino,DM,Palmeiras,1067.0,1.0,0.0,2.1,1.4,73.0,25.0,25.0,11.0,58.0,3.0,28.0,16.0,7.0,1.0,Central Midfielder,0.08434864104967198,0.0,0.17713214620431117,0.11808809746954076,6.157450796626055,2.1087160262417997,0.9278350515463918,4.892221180880974,0.2530459231490159,2.3617619493908153,1.3495782567947516,0.4411764705882353,0.23529411764705882,0.7647058823529411,0.4411764705882353,0.5294117647058824,0.5588235294117647,0.5294117647058824,0.7058823529411765,0.4411764705882353,0.6470588235294118,0.5588235294117647,0.5294117647058824,0.23529411764705882,0.9411764705882353,0.6470588235294118,0.8823529411764706,0.8823529411764706,0.7058823529411765,0.9411764705882353,0.5294117647058824,0.8235294117647058,0.8235294117647058,0.7800511508951409,24,0.5666666666666667,0.35294117647058826,0.6734228473998296
612162,,Jadsom,Jadsom,8793,Brazil,Recife,Brazil,2001-05-20,Defensive Midfield,Midfield,right,176.0,,2.0,0.0,,BRA1,Red Bull Bragantino,,,Jadsom,"CM,RM",Red Bull Bragantino,1663.0,0.0,1.0,0.1,0.6000000000000001,89.0,11.0,11.0,8.0,23.0,2.0,68.0,15.0,10.0,1.0,Defensive Midfielder,0.0,0.054119061936259774,0.005411906193625977,0.032471437161755864,4.81659651232712,0.5953096812988575,0.4329524954900782,1.2447384245339748,0.10823812387251955,3.680096211665665,0.8117859290438966,0.2619047619047619,0.47619047619047616,0.09523809523809523,0.3333333333333333,0.5,0.2857142857142857,0.35714285714285715,0.2619047619047619,0.30952380952380953,0.7619047619047619,0.19047619047619047,0.2619047619047619,0.5238095238095238,0.09523809523809523,0.38095238095238093,0.6666666666666666,0.19047619047619047,0.38095238095238093,0.14285714285714285,0.3333333333333333,0.9047619047619048,0.09523809523809523,0.5364145658263306,23,,0.23809523809523808,
613873,Álvaro,Barreal,Álvaro Barreal,221,Argentina,Buenos Aires,Argentina,2000-08-17,Left Winger,Attack,left,172.0,2028-12-31 00:00:00,6.0,2.0,,BRA1,Santos Futebol Clube,7000000.0,7000000.0,Álvaro Barreal,LW,Cruzeiro,1488.0,2.0,4.0,2.3000000000000003,1.5,69.0,29.0,38.0,17.0,56.0,5.0,38.0,39.0,6.0,0.0,Winger,0.12096774193548387,0.24193548387096775,0.13911290322580647,0.0907258064516129,4.173387096774194,1.7540322580645162,1.028225806451613,3.3870967741935485,0.3024193548387097,2.2983870967741935,2.3588709677419355,0.28846153846153844,0.8269230769230769,0.3269230769230769,0.19230769230769232,0.5384615384615384,0.17307692307692307,0.3076923076923077,0.5,0.34615384615384615,0.8076923076923077,0.9230769230769231,0.19230769230769232,0.8461538461538461,0.38461538461538464,0.23076923076923078,0.6538461538461539,0.11538461538461539,0.2692307692307692,0.34615384615384615,0.46153846153846156,0.8461538461538461,1.0,0.37130177514792895,24,0.8809523809523809,0.15384615384615385,0.3794660467737391
614328,,Eric Ramires,Eric Ramires,8793,Brazil,Salvador,Brazil,2000-08-10,Central Midfield,Midfield,right,172.0,2026-12-31 00:00:00,4.0,0.0,,BRA1,Red Bull Bragantino,3500000.0,4500000.0,Eric Ramires,CM,Red Bull Bragantino,1106.0,2.0,2.0,2.1,0.2,38.0,9.0,21.0,10.0,27.0,3.0,24.0,10.0,4.0,0.0,Central Midfielder,0.162748643761302,0.162748643761302,0.1708860759493671,0.0162748643761302,3.092224231464738,0.732368896925859,0.81374321880651,2.1971066907775767,0.244122965641953,1.952983725135624,0.81374321880651,0.6764705882352942,0.6764705882352942,0.7647058823529411,0.17647058823529413,0.058823529411764705,0.14705882352941177,0.38235294117647056,0.29411764705882354,0.4411764705882353,0.4117647058823529,0.17647058823529413,0.8823529411764706,0.6470588235294118,0.8823529411764706,0.23529411764705882,0.058823529411764705,0.11764705882352941,0.5294117647058824,0.29411764705882354,0.47058823529411764,0.5882352941176471,0.23529411764705882,0.26342710997442453,24,0.26666666666666666,0.35294117647058826,0.4384484228473998
620477,,Kaio Jorge,Kaio Jorge,609,Brazil,Olinda,Brazil,2002-01-24,Centre-Forward,Attack,right,182.0,2030-12-31 00:00:00,1.0,0.0,,BRA1,Cruzeiro Esporte Clube,25000000.0,26000000.0,Kaio Jorge,"FW,RW",Cruzeiro,1163.0,2.0,2.0,5.4,1.3,18.0,20.0,14.0,5.0,31.0,2.0,2.0,8.0,3.0,0.0,Centre-Forward,0.15477214101461736,0.15477214101461736,0.41788478073946694,0.1006018916595013,1.3929492691315561,1.5477214101461736,0.3869303525365434,2.3989681857265692,0.15477214101461736,0.15477214101461736,0.6190885640584695,0.09523809523809523,0.42857142857142855,0.42857142857142855,0.38095238095238093,0.14285714285714285,0.5476190476190477,0.21428571428571427,0.2857142857142857,0.19047619047619047,0.047619047619047616,0.2857142857142857,0.09523809523809523,0.7142857142857143,0.7142857142857143,0.7142857142857143,0.3333333333333333,0.8095238095238095,0.2857142857142857,0.6666666666666666,0.2857142857142857,0.047619047619047616,0.5238095238095238,0.4904761904761905,22,0.9722222222222222,0.047619047619047616,0.44408730158730164
644157,,Hugo Moura,Hugo Moura,978,Brazil,Rio de Janeiro,Brazil,1998-01-03,Defensive Midfield,Midfield,right,177.0,2026-12-31 00:00:00,,,,BRA1,Club de Regatas Vasco da Gama,1000000.0,1800000.0,Hugo Moura,CM,Vasco da Gama,2114.0,1.0,4.0,1.7,0.9,115.0,22.0,16.0,9.0,57.0,6.0,73.0,26.0,8.0,1.0,Defensive Midfielder,0.04257332071901608,0.17029328287606432,0.07237464522232734,0.038315988647114475,4.89593188268685,0.9366130558183539,0.3831598864711448,2.4266792809839166,0.2554399243140965,3.1078524124881737,1.1069063386944182,0.6428571428571429,0.9285714285714286,0.8571428571428571,0.42857142857142855,0.6904761904761905,0.6428571428571429,0.4523809523809524,0.7857142857142857,0.8095238095238095,0.8333333333333334,0.47619047619047616,0.6666666666666666,0.8571428571428571,0.7619047619047619,0.42857142857142855,0.7142857142857143,0.6666666666666666,0.3333333333333333,0.7142857142857143,0.8095238095238095,0.8095238095238095,0.38095238095238093,0.6512605042016808,27,0.23529411764705882,0.5238095238095238,0.6533613445378151
658678,,Christian,Christian,609,Brazil,Jundiaí,Brazil,2000-12-19,Central Midfield,Midfield,right,178.0,2027-12-31 00:00:00,,,,BRA1,Cruzeiro Esporte Clube,12000000.0,12000000.0,Christian,LW,Athletico Paranaense,1494.0,1.0,0.0,1.8,1.7,57.0,15.0,24.0,9.0,41.0,2.0,27.0,15.0,7.0,0.0,Central Midfielder,0.060240963855421686,0.0,0.10843373493975905,0.10240963855421686,3.433734939759036,0.9036144578313253,0.5421686746987953,2.4698795180722892,0.12048192771084337,1.6265060240963856,0.9036144578313253,0.4411764705882353,0.23529411764705882,0.6470588235294118,0.7058823529411765,0.3235294117647059,0.29411764705882354,0.29411764705882354,0.47058823529411764,0.23529411764705882,0.5882352941176471,0.4117647058823529,0.35294117647058826,0.23529411764705882,0.7058823529411765,0.5882352941176471,0.17647058823529413,0.23529411764705882,0.17647058823529413,0.47058823529411764,0.17647058823529413,0.29411764705882354,0.35294117647058826,0.329923273657289,24,0.7333333333333333,0.35294117647058826,0.36167945439045185
661245,Mateo,Gamarra,Mateo Gamarra,609,Paraguay,Concepción,Paraguay,2000-10-20,Centre-Back,Defender,left,183.0,2026-12-31 00:00:00,4.0,0.0,,BRA1,Cruzeiro Esporte Clube,,,Mateo Gamarra,CB,Athletico Paranaense,1482.0,0.0,0.0,1.2,0.2,59.0,4.0,4.0,2.0,12.0,2.0,30.0,28.0,7.0,0.0,Centre-Back,0.0,0.0,0.0728744939271255,0.012145748987854251,3.582995951417004,0.242914979757085,0.1214574898785425,0.728744939271255,0.1214574898785425,1.8218623481781377,1.7004048582995952,0.2625,0.35,0.7,0.425,0.6,0.275,0.325,0.4,0.6875,0.6125,0.6875,0.2625,0.35,0.825,0.425,0.675,0.3,0.35,0.45,0.825,0.85,0.875,0.725,24,,0.15,
670021,Matheus,Bidu,Matheus Bidu,199,Brazil,São Paulo,Brazil,1999-05-04,Left-Back,Defender,left,172.0,2027-12-31 00:00:00,,,,BRA1,Sport Club Corinthians Paulista,7000000.0,7000000.0,Matheus Bidu,"LB,CM",Corinthians,1500.0,2.0,1.0,0.9,1.0,64.0,33.0,26.0,14.0,43.0,2.0,33.0,20.0,3.0,0.0,Full-Back,0.12,0.06,0.054000000000000006,0.06,3.84,1.98,0.8400000000000001,2.58,0.12,1.98,1.2000000000000002,0.7571428571428571,0.42857142857142855,0.6,0.3142857142857143,0.42857142857142855,0.37142857142857144,0.6,0.45714285714285713,0.2571428571428571,0.37142857142857144,0.5571428571428572,0.8571428571428571,0.42857142857142855,0.6571428571428571,0.22857142857142856,0.4,0.4857142857142857,0.6857142857142857,0.6857142857142857,0.2571428571428571,0.42857142857142855,0.7142857142857143,0.45714285714285713,25,0.8064516129032258,0.38571428571428573,0.41481566820276494
670201,Lucas,Piton,Lucas Piton,978,Brazil,Jundiaí,Italy,2000-10-09,Left-Back,Defender,left,175.0,2028-12-31 00:00:00,,,,BRA1,Club de Regatas Vasco da Gama,6000000.0,8000000.0,Lucas Piton,LB,Vasco da Gama,2703.0,1.0,5.0,0.5,3.5,103.0,63.0,47.0,28.0,77.0,7.0,66.0,24.0,5.0,0.0,Full-Back,0.033296337402885685,0.16648168701442842,0.016648168701442843,0.11653718091009987,3.4295227524972254,2.097669256381798,0.932297447280799,2.563817980022198,0.23307436182019975,2.197558268590455,0.7991120976692564,0.4857142857142857,0.9571428571428572,0.37142857142857144,0.8714285714285714,0.6285714285714286,0.9142857142857143,0.8857142857142857,0.8857142857142857,0.8857142857142857,0.9,0.6714285714285714,0.3142857142857143,0.9142857142857143,0.17142857142857143,0.6571428571428571,0.2571428571428571,0.6,0.7714285714285715,0.6571428571428571,0.6285714285714286,0.5428571428571428,0.2857142857142857,0.5474285714285714,24,0.7258064516129032,0.3,0.502005529953917
674732,,Wesley,Wesley,6600,Brazil,Salvador,Brazil,1999-03-30,Left Winger,Attack,right,175.0,,,,,BRA1,Sport Club Internacional,,,Wesley,FW,Internacional,4251.0,8.0,2.0,6.1,5.7,183.0,167.0,233.0,123.0,184.0,13.0,97.0,56.0,4.0,0.0,Winger,0.16937191249117856,0.04234297812279464,0.12914608327452365,0.12067748764996472,3.8743824982357093,3.535638673253352,2.60409315455187,3.895553987297107,0.27522935779816515,2.0536344389555397,1.18560338743825,0.9615384615384616,0.4423076923076923,0.8846153846153846,1.0,1.0,1.0,1.0,1.0,1.0,1.0,0.9615384615384616,0.5,0.19230769230769232,0.3076923076923077,0.46153846153846156,0.5,0.7692307692307693,0.8846153846153846,0.5384615384615384,0.38461538461538464,0.7692307692307693,0.5769230769230769,0.4792899408284023,25,,0.23076923076923078,
675178,Isidro,Pitta,Isidro Pitta,8793,Paraguay,Tobatí,Paraguay,1999-08-14,Centre-Forward,Attack,right,185.0,2028-12-31 00:00:00,6.0,0.0,,BRA1,Red Bull Bragantino,7500000.0,7500000.0,Isidro Pitta,FW,Cuiabá,2831.0,7.0,2.0,9.7,3.7,52.0,49.0,50.0,17.0,70.0,6.0,6.0,8.0,5.0,0.0,Centre-Forward,0.22253620628753093,0.06358177322500883,0.30837160014129283,0.11762628046626634,1.6531261038502296,1.5577534440127165,0.5404450724125751,2.225362062875309,0.1907453196750265,0.1907453196750265,0.2543270929000353,0.5238095238095238,0.42857142857142855,0.8095238095238095,1.0,0.7619047619047619,0.9047619047619048,0.8571428571428571,0.9523809523809523,0.5714285714285714,0.16666666666666666,0.2857142857142857,0.2857142857142857,0.23809523809523808,0.47619047619047616,0.8095238095238095,0.47619047619047616,0.8571428571428571,0.5238095238095238,0.5238095238095238,0.38095238095238093,0.14285714285714285,0.14285714285714285,0.4285714285714285,25,0.7777777777777778,0.23809523809523808,0.42698412698412685
676034,,Ewerthon,Ewerthon,10492,Brazil,Recife,Brazil,2000-11-10,Right-Back,Defender,right,171.0,2026-12-31 00:00:00,,,,BRA1,Esporte Clube Juventude,,,Ewerton,RW,Juventude,1189.0,1.0,2.0,0.8,1.4,36.0,10.0,11.0,6.0,29.0,4.0,28.0,8.0,1.0,0.0,Full-Back,0.07569386038687972,0.15138772077375945,0.06055508830950379,0.10597140454163162,2.72497897392767,0.7569386038687973,0.4541631623212784,2.1951219512195124,0.3027754415475189,2.1194280908326326,0.6055508830950378,0.4857142857142857,0.6428571428571429,0.5428571428571428,0.4142857142857143,0.11428571428571428,0.05714285714285714,0.18571428571428572,0.2571428571428571,0.5142857142857142,0.3,0.05714285714285714,0.5428571428571428,0.8,0.7428571428571429,0.6,0.14285714285714285,0.05714285714285714,0.34285714285714286,0.4,0.7428571428571429,0.4857142857142857,0.05714285714285714,0.3245714285714286,24,,0.3,
676035,Luciano,Juba,Luciano Juba,10010,Brazil,Jaboatão dos Guararapes,Brazil,1999-08-29,Left-Back,Defender,left,176.0,2029-12-31 00:00:00,0.0,0.0,,BRA1,Esporte Clube Bahia,14000000.0,14000000.0,Luciano Juba,LB,Bahia,3114.0,3.0,1.0,1.4,4.5,148.0,47.0,24.0,10.0,80.0,3.0,47.0,24.0,2.0,0.0,Full-Back,0.08670520231213873,0.028901734104046242,0.04046242774566474,0.13005780346820808,4.277456647398844,1.3583815028901733,0.2890173410404624,2.312138728323699,0.08670520231213873,1.3583815028901733,0.6936416184971098,0.9,0.42857142857142855,0.7571428571428571,0.9428571428571428,0.9428571428571428,0.7142857142857143,0.4857142857142857,0.9142857142857143,0.4,0.5714285714285714,0.6714285714285714,0.6714285714285714,0.34285714285714286,0.5428571428571428,0.7142857142857143,0.5714285714285714,0.17142857142857143,0.05714285714285714,0.5428571428571428,0.22857142857142856,0.05714285714285714,0.14285714285714285,0.3325714285714285,25,0.9838709677419355,0.38571428571428573,0.2957179723502304
678439,,Mauricio,Mauricio,1023,Brazil,São Paulo,Paraguay,2001-06-22,Attacking Midfield,Midfield,left,175.0,2028-12-31 00:00:00,7.0,1.0,,BRA1,Sociedade Esportiva Palmeiras,15000000.0,15000000.0,Mauricio,RM,Internacional,1513.0,3.0,0.0,3.9,1.7000000000000002,53.0,19.0,15.0,3.0,53.0,4.0,18.0,10.0,2.0,0.0,Attacking Midfielder,0.1784534038334435,0.0,0.23198942498347652,0.10112359550561799,3.1526768010575017,1.130204890945142,0.1784534038334435,3.1526768010575017,0.23793787177792464,1.0707204230006608,0.5948446794448117,0.42857142857142855,0.047619047619047616,0.6428571428571429,0.23809523809523808,0.23809523809523808,0.21428571428571427,0.047619047619047616,0.19047619047619047,0.21428571428571427,0.3333333333333333,0.2857142857142857,0.42857142857142855,0.047619047619047616,0.8571428571428571,0.23809523809523808,0.09523809523809523,0.14285714285714285,0.047619047619047616,0.19047619047619047,0.2857142857142857,0.3333333333333333,0.2857142857142857,0.2839506172839506,23,1.0,0.19047619047619047,0.2917989417989418
680506,José Andrés,Hurtado,José Andrés Hurtado,8793,Ecuador,Santo Domingo,Ecuador,2001-12-23,Right-Back,Defender,right,178.0,2027-12-31 00:00:00,10.0,0.0,,BRA1,Red Bull Bragantino,3000000.0,3000000.0,José Hurtado,RB,Red Bull Bragantino,1325.0,0.0,2.0,0.1,2.1,56.0,39.0,18.0,11.0,33.0,6.0,23.0,11.0,2.0,0.0,Full-Back,0.0,0.13584905660377358,0.00679245283018868,0.14264150943396228,3.803773584905661,2.6490566037735848,0.7471698113207548,2.241509433962264,0.4075471698113208,1.562264150943396,0.7471698113207548,0.15714285714285714,0.6428571428571429,0.08571428571428572,0.6,0.37142857142857144,0.5571428571428572,0.5428571428571428,0.4,0.7857142857142857,0.15714285714285714,0.21428571428571427,0.15714285714285714,0.7428571428571429,0.08571428571428572,0.8,0.37142857142857144,0.8857142857142857,0.6,0.45714285714285713,0.9142857142857143,0.14285714285714285,0.2,0.5577142857142857,23,0.5645161290322581,0.2,0.5634995391705069
697845,,Claudinho,Claudinho,2125,Brazil,Nova Veneza,Brazil,2000-09-24,Right-Back,Defender,right,180.0,2027-12-31 00:00:00,,,,BRA1,Esporte Clube Vitória,1700000.0,2500000.0,Claudinho,RB,Criciúma,2047.0,2.0,3.0,0.8,3.5,115.0,43.0,38.0,21.0,72.0,4.0,58.0,40.0,3.0,1.0,Full-Back,0.08793356130923302,0.13190034196384953,0.03517342452369321,0.1538837322911578,5.056179775280898,1.89057156814851,0.9233023937469467,3.1656082071323888,0.17586712261846604,2.5500732779677575,1.7586712261846604,0.7571428571428571,0.8285714285714286,0.5428571428571428,0.8714285714285714,0.7428571428571429,0.6714285714285714,0.7428571428571429,0.8,0.5142857142857142,0.8,0.9428571428571428,0.7428571428571429,0.7142857142857143,0.4857142857142857,0.8285714285714286,0.7714285714285715,0.45714285714285713,0.7428571428571429,0.8857142857142857,0.42857142857142855,0.7142857142857143,1.0,0.7291428571428571,24,0.3709677419354839,0.3,0.6997437788018432
703322,,Bruno Gomes,Bruno Gomes,6600,Brazil,Rio de Janeiro,Brazil,2001-04-04,Right-Back,Defender,right,175.0,2027-12-31 00:00:00,5.0,0.0,,BRA1,Sport Club Internacional,6000000.0,6000000.0,Bruno Gomes,CM,Internacional,2157.0,1.0,2.0,0.5,1.0,152.0,58.0,37.0,21.0,46.0,5.0,62.0,30.0,3.0,0.0,Full-Back,0.041724617524339355,0.08344923504867871,0.020862308762169678,0.041724617524339355,6.342141863699582,2.420027816411683,0.8762169680111266,1.9193324061196106,0.20862308762169682,2.5869262865090406,1.251738525730181,0.4857142857142857,0.6428571428571429,0.37142857142857144,0.3142857142857143,1.0,0.8285714285714286,0.7428571428571429,0.5857142857142857,0.6428571428571429,0.8428571428571429,0.8714285714285714,0.4,0.6,0.22857142857142856,0.11428571428571428,0.9142857142857143,0.8,0.7142857142857143,0.17142857142857143,0.5428571428571428,0.7714285714285715,0.8285714285714286,0.6822857142857143,23,0.7258064516129032,0.2,0.5979198156682027
719635,Alexandro,Bernabei,Alexandro Bernabei,6600,Argentina,Cañada de Gómez,Argentina,2000-09-24,Left-Back,Defender,left,169.0,2028-12-31 00:00:00,2.0,0.0,,BRA1,Sport Club Internacional,8000000.0,8000000.0,Alexandro Bernabei,LB,Internacional,2063.0,3.0,5.0,1.2,4.9,113.0,60.0,64.0,27.0,74.0,9.0,56.0,26.0,5.0,0.0,Full-Back,0.13087736306349976,0.21812893843916625,0.0523509452253999,0.21376635967038293,4.929714008725157,2.6175472612699955,1.177896267571498,3.228308288899661,0.39263208919049924,2.443044110518662,1.1342704798836645,0.9,0.9571428571428572,0.6428571428571429,1.0,0.7142857142857143,0.8857142857142857,0.8428571428571429,0.8285714285714286,0.9428571428571428,0.7428571428571429,0.7714285714285715,0.8857142857142857,0.9428571428571428,0.6285714285714286,0.9428571428571428,0.7142857142857143,0.8571428571428571,0.8571428571428571,0.9142857142857143,0.8857142857142857,0.6571428571428571,0.6285714285714286,0.8011428571428573,24,0.8548387096774194,0.3,0.6219760368663595
720294,,Lautaro Díaz,Lautaro Díaz,221,Argentina,Buenos Aires,Argentina,1998-05-21,Centre-Forward,Attack,right,181.0,2026-12-31 00:00:00,,,,BRA1,Santos Futebol Clube,1500000.0,1500000.0,Lautaro Díaz,LW,Cruzeiro,959.0,1.0,0.0,2.4,0.5,15.0,15.0,27.0,5.0,26.0,0.0,8.0,2.0,1.0,0.0,Centre-Forward,0.09384775808133472,0.0,0.2252346193952033,0.04692387904066736,1.407716371220021,1.407716371220021,0.4692387904066736,2.440041710114703,0.0,0.7507820646506778,0.18769551616266944,0.047619047619047616,0.09523809523809523,0.047619047619047616,0.047619047619047616,0.047619047619047616,0.3333333333333333,0.21428571428571427,0.19047619047619047,0.09523809523809523,0.23809523809523808,0.047619047619047616,0.047619047619047616,0.09523809523809523,0.09523809523809523,0.09523809523809523,0.38095238095238093,0.7619047619047619,0.3333333333333333,0.7142857142857143,0.09523809523809523,0.7142857142857143,0.047619047619047616,0.14523809523809525,26,0.5277777777777778,0.2857142857142857,0.31234126984126986
727751,,Caio Alexandre,Caio Alexandre,10010,Brazil,Duque de Caxias,Brazil,1999-02-24,Defensive Midfield,Midfield,right,174.0,2028-12-31 00:00:00,,,,BRA1,Esporte Clube Bahia,7000000.0,7000000.0,Caio Alexandre,CM,Bahia,2774.0,2.0,0.0,0.8,2.3000000000000003,235.0,80.0,30.0,17.0,81.0,4.0,59.0,27.0,6.0,0.0,Defensive Midfielder,0.06488824801730353,0.0,0.025955299206921415,0.07462148521989907,7.6243691420331645,2.595529920692141,0.5515501081470799,2.627974044700793,0.12977649603460706,1.9142033165104542,0.8759913482335977,0.8333333333333334,0.19047619047619047,0.40476190476190477,0.9047619047619048,0.9523809523809523,1.0,0.7857142857142857,0.9047619047619048,0.5952380952380952,0.6190476190476191,0.5238095238095238,0.7142857142857143,0.19047619047619047,0.23809523809523808,0.7142857142857143,0.9047619047619048,1.0,0.6190476190476191,0.8095238095238095,0.47619047619047616,0.23809523809523808,0.14285714285714285,0.5868347338935574,25,0.9411764705882353,0.38095238095238093,0.4596638655462185
739272,,Adriano Martins,Adriano Martins,10492,Brazil,Rio de Janeiro,Brazil,1997-04-01,Centre-Back,Defender,right,193.0,2026-12-31 00:00:00,,,,BRA1,Esporte Clube Juventude,,,Adriano Martins,CB,Atlético Goianiense,2990.0,0.0,0.0,1.2000000000000002,0.0,106.0,24.0,14.0,8.0,22.0,1.0,43.0,41.0,7.0,0.0,Centre-Back,0.0,0.0,0.03612040133779265,0.0,3.190635451505017,0.7224080267558528,0.24080267558528426,0.6622073578595318,0.030100334448160532,1.294314381270903,1.234113712374582,0.2625,0.35,0.7375,0.125,0.85,0.9,0.8375,0.7625,0.425,0.95,0.95,0.2625,0.35,0.45,0.125,0.6,0.725,0.55,0.325,0.325,0.4,0.6,0.5633333333333332,27,,0.375,
788361,,Moisés,Moisés,221,Brazil,Morro da Fumaça,Brazil,1996-09-02,Left Winger,Attack,right,177.0,2028-12-31 00:00:00,,,,BRA1,Santos Futebol Clube,2000000.0,3000000.0,Moises,FW,Fortaleza,1171.0,7.0,2.0,5.6,2.8,25.0,49.0,71.0,33.0,47.0,7.0,6.0,7.0,0.0,0.0,Winger,0.5380017079419299,0.1537147736976943,0.4304013663535439,0.21520068317677196,1.9214346712211785,3.76601195559351,2.5362937660119553,3.6122971818958156,0.5380017079419299,0.46114432109308284,0.5380017079419299,0.9038461538461539,0.4423076923076923,0.8461538461538461,0.6538461538461539,0.038461538461538464,0.5576923076923077,0.6923076923076923,0.3076923076923077,0.5769230769230769,0.038461538461538464,0.07692307692307693,1.0,0.6153846153846154,1.0,0.8461538461538461,0.11538461538461539,0.8461538461538461,0.8461538461538461,0.46153846153846156,0.8846153846153846,0.038461538461538464,0.07692307692307693,0.8062130177514792,28,0.5,0.5,0.6837278106508875
809716,,Lucas Freitas,Lucas Freitas,978,Brazil,Rio de Janeiro,Brazil,2001-01-20,Centre-Back,Defender,left,184.0,2027-12-31 00:00:00,0.0,0.0,,BRA1,Club de Regatas Vasco da Gama,1000000.0,1000000.0,Lucas Freitas,CB,Juventude,1256.0,0.0,0.0,0.2,0.1,43.0,8.0,4.0,1.0,13.0,0.0,9.0,23.0,3.0,1.0,Centre-Back,0.0,0.0,0.014331210191082805,0.007165605095541402,3.0812101910828025,0.5732484076433121,0.07165605095541401,0.9315286624203821,0.0,0.6449044585987261,1.6480891719745223,0.2625,0.35,0.0875,0.2875,0.3125,0.4,0.1875,0.4375,0.1625,0.025,0.5375,0.2625,0.35,0.1,0.3,0.5,0.575,0.2,0.675,0.1625,0.05,0.8375,0.4800000000000001,23,0.3939393939393939,0.125,0.5707651515151515
811219,,Newton,Newton,537,Brazil,Salvador,Brazil,2000-03-12,Defensive Midfield,Midfield,right,188.0,2027-12-31 00:00:00,,,,BRA1,S. A. F. Botafogo,3000000.0,3000000.0,Newton,CM,Criciúma,2299.0,1.0,1.0,1.5,0.8,78.0,35.0,32.0,22.0,42.0,1.0,52.0,15.0,7.0,0.0,Defensive Midfielder,0.039147455415398,0.039147455415398,0.058721183123097,0.0313179643323184,3.053501522401044,1.3701609395389298,0.8612440191387559,1.6441931274467159,0.039147455415398,2.035667681600696,0.58721183123097,0.6428571428571429,0.47619047619047616,0.7619047619047619,0.38095238095238093,0.38095238095238093,0.9047619047619048,0.9285714285714286,0.47619047619047616,0.19047619047619047,0.47619047619047616,0.19047619047619047,0.6190476190476191,0.42857142857142855,0.6190476190476191,0.3333333333333333,0.19047619047619047,0.9047619047619048,0.9047619047619048,0.38095238095238093,0.19047619047619047,0.2857142857142857,0.047619047619047616,0.2913165266106443,24,0.5882352941176471,0.3333333333333333,0.3777310924369748
815558,,Martinelli,Martinelli,2462,Brazil,Presidente Prudente,Brazil,2001-10-05,Defensive Midfield,Midfield,right,176.0,2030-12-31 00:00:00,,,,BRA1,Fluminense Football Club,16000000.0,16000000.0,Martinelli,CB,Fluminense,2578.0,1.0,1.0,1.0,1.2,115.0,28.0,52.0,24.0,49.0,2.0,40.0,41.0,8.0,0.0,Defensive Midfielder,0.03491078355314197,0.03491078355314197,0.03491078355314197,0.04189294026377036,4.014740108611327,0.9775019394879753,0.8378588052754072,1.7106283941039566,0.06982156710628394,1.3964313421256789,1.4313421256788208,0.6428571428571429,0.47619047619047616,0.5476190476190477,0.5714285714285714,0.6904761904761905,0.8095238095238095,1.0,0.6666666666666666,0.30952380952380953,0.30952380952380953,0.9523809523809523,0.5238095238095238,0.38095238095238093,0.3333333333333333,0.5238095238095238,0.3333333333333333,0.7142857142857143,0.8095238095238095,0.47619047619047616,0.23809523809523808,0.047619047619047616,0.6666666666666666,0.38795518207282914,23,1.0,0.23809523809523808,0.34705882352941175
816129,,Vanderlan,Vanderlan,8793,Brazil,Brumado,Brazil,2002-09-07,Left-Back,Defender,left,183.0,2030-12-31 00:00:00,,,,BRA1,Red Bull Bragantino,3000000.0,4000000.0,Vanderlan,LB,Palmeiras,1051.0,0.0,3.0,0.4,2.5,32.0,19.0,23.0,8.0,21.0,3.0,26.0,10.0,0.0,0.0,Full-Back,0.0,0.25689819219790677,0.03425309229305423,0.21408182683158897,2.740247383444339,1.6270218839200763,0.6850618458610848,1.7982873453853474,0.25689819219790677,2.226450999048525,0.8563273073263559,0.15714285714285714,0.8285714285714286,0.2857142857142857,0.7714285714285715,0.07142857142857142,0.2,0.3,0.08571428571428572,0.4,0.22857142857142856,0.17142857142857143,0.15714285714285714,1.0,0.45714285714285713,0.9714285714285714,0.17142857142857143,0.2857142857142857,0.4857142857142857,0.14285714285714285,0.6857142857142857,0.5714285714285714,0.37142857142857144,0.5188571428571428,22,0.5645161290322581,0.12857142857142856,0.5508995391705068
816144,,Lucas Barbosa,Lucas Barbosa,8793,Brazil,Bebedouro,Brazil,2001-02-22,Right Winger,Attack,left,194.0,2029-12-31 00:00:00,,,,BRA1,Red Bull Bragantino,6000000.0,6000000.0,Lucas Barbosa,RM,Juventude,2443.0,7.0,2.0,6.1000000000000005,3.2,103.0,61.0,51.0,18.0,69.0,4.0,68.0,57.0,12.0,1.0,Winger,0.25787965616045844,0.07367990176013099,0.22472370036839953,0.11788784281620959,3.7945149406467458,2.247237003683995,0.6631191158411789,2.541956610724519,0.14735980352026198,2.5051166598444534,2.099877200163733,0.9038461538461539,0.4423076923076923,0.9230769230769231,0.7307692307692307,0.8461538461538461,0.7307692307692307,0.34615384615384615,0.7115384615384616,0.21153846153846154,0.9615384615384616,1.0,0.8076923076923077,0.34615384615384615,0.8076923076923077,0.38461538461538464,0.46153846153846156,0.19230769230769232,0.07692307692307693,0.15384615384615385,0.11538461538461539,1.0,0.9615384615384616,0.3801775147928995,23,0.7857142857142857,0.057692307692307696,0.42302409129332214
828045,Miguel,Monsalve,Miguel Monsalve,210,Colombia,Medellín,Colombia,2004-02-27,Attacking Midfield,Midfield,right,178.0,2028-12-31 00:00:00,17.0,3.0,,BRA1,Grêmio Foot-Ball Porto Alegrense,3500000.0,6000000.0,Miguel Monsalve,FW,Grêmio,969.0,3.0,1.0,2.7,0.8,43.0,34.0,64.0,38.0,34.0,5.0,10.0,5.0,3.0,1.0,Attacking Midfielder,0.2786377708978328,0.09287925696594426,0.25077399380804954,0.07430340557275543,3.9938080495356036,3.1578947368421053,3.5294117647058822,3.1578947368421053,0.46439628482972134,0.9287925696594427,0.46439628482972134,0.42857142857142855,0.14285714285714285,0.47619047619047616,0.09523809523809523,0.047619047619047616,0.47619047619047616,0.8571428571428571,0.09523809523809523,0.3333333333333333,0.11904761904761904,0.09523809523809523,0.7142857142857143,0.2857142857142857,0.9047619047619048,0.14285714285714285,0.23809523809523808,0.8095238095238095,0.9047619047619048,0.23809523809523808,0.6666666666666666,0.2857142857142857,0.14285714285714285,0.4638447971781306,20,0.7058823529411765,0.09523809523809523,0.4875505757858699
844797,José Manuel,López,José Manuel López,1023,Argentina,San Lorenzo,Argentina,2000-12-06,Centre-Forward,Attack,left,190.0,2029-12-31 00:00:00,3.0,0.0,,BRA1,Sociedade Esportiva Palmeiras,25000000.0,25000000.0,José López,DM,Palmeiras,2140.0,10.0,2.0,9.5,3.2,41.0,32.0,37.0,14.0,50.0,6.0,14.0,26.0,8.0,0.0,Centre-Forward,0.4205607476635514,0.08411214953271029,0.39953271028037385,0.13457943925233645,1.7242990654205608,1.3457943925233646,0.588785046728972,2.102803738317757,0.2523364485981308,0.588785046728972,1.0934579439252337,0.7380952380952381,0.42857142857142855,0.7619047619047619,0.9523809523809523,0.7142857142857143,0.8095238095238095,0.7142857142857143,0.6428571428571429,0.5714285714285714,0.6666666666666666,0.9523809523809523,0.7142857142857143,0.38095238095238093,0.6190476190476191,0.9047619047619048,0.5714285714285714,0.7142857142857143,0.6190476190476191,0.38095238095238093,0.5238095238095238,0.5714285714285714,1.0,0.6095238095238097,24,0.9722222222222222,0.16666666666666666,0.4976587301587303
856047,Mateo,Ponte,Mateo Ponte,537,Uruguay,Montevideo,Uruguay,2003-05-24,Right-Back,Defender,right,183.0,2028-06-30 00:00:00,0.0,0.0,,BRA1,S. A. F. Botafogo,2000000.0,2000000.0,Mateo Ponte,RB,Botafogo (RJ),1132.0,3.0,0.0,1.4,0.9,45.0,22.0,25.0,9.0,26.0,3.0,37.0,8.0,3.0,0.0,Full-Back,0.2385159010600707,0.0,0.11130742049469965,0.07155477031802121,3.5777385159010597,1.7491166077738516,0.715547703180212,2.067137809187279,0.2385159010600707,2.9416961130742054,0.6360424028268551,0.9,0.17142857142857143,0.7571428571428571,0.21428571428571427,0.2,0.2571428571428571,0.4,0.17142857142857143,0.4,0.45714285714285713,0.05714285714285714,1.0,0.17142857142857143,0.9142857142857143,0.37142857142857144,0.3142857142857143,0.42857142857142855,0.5428571428571428,0.3142857142857143,0.6571428571428571,0.8571428571428571,0.08571428571428572,0.38514285714285706,21,0.45161290322580644,0.05714285714285714,0.5096110599078341
859135,,Léo Naldi,Léo Naldi,2125,Brazil,Pindamonhangaba,Brazil,2001-08-18,Defensive Midfield,Midfield,right,177.0,2026-12-31 00:00:00,,,,BRA1,Esporte Clube Vitória,,,Léo Naldi,RM,Vitória,1103.0,0.0,0.0,0.3,0.1,45.0,13.0,15.0,4.0,20.0,0.0,38.0,21.0,6.0,0.0,Defensive Midfielder,0.0,0.0,0.024478694469628286,0.008159564823209429,3.6718041704442435,1.0607434270172258,0.3263825929283771,1.6319129646418857,0.0,3.100634632819583,1.71350861287398,0.2619047619047619,0.19047619047619047,0.14285714285714285,0.11904761904761904,0.16666666666666666,0.38095238095238093,0.09523809523809523,0.19047619047619047,0.09523809523809523,0.23809523809523808,0.40476190476190477,0.2619047619047619,0.19047619047619047,0.19047619047619047,0.09523809523809523,0.2857142857142857,0.8095238095238095,0.23809523809523808,0.3333333333333333,0.09523809523809523,0.7619047619047619,0.9523809523809523,0.557422969187675,23,,0.23809523809523808,
861852,Damián,Bobadilla,Damián Bobadilla,585,Paraguay,Asunción,Paraguay,2001-07-11,Central Midfield,Midfield,right,180.0,2027-12-31 00:00:00,23.0,1.0,,BRA1,São Paulo Futebol Clube,6000000.0,6000000.0,Damián Bobadilla,CM,São Paulo,1031.0,1.0,0.0,0.7000000000000001,0.7,60.0,7.0,9.0,6.0,20.0,0.0,34.0,16.0,3.0,0.0,Central Midfielder,0.08729388942774007,0.0,0.06110572259941805,0.06110572259941804,5.237633365664403,0.6110572259941804,0.5237633365664404,1.7458777885548014,0.0,2.967992240543162,1.396702230843841,0.4411764705882353,0.23529411764705882,0.35294117647058826,0.35294117647058826,0.4117647058823529,0.058823529411764705,0.11764705882352941,0.058823529411764705,0.08823529411764706,0.7058823529411765,0.5588235294117647,0.5882352941176471,0.23529411764705882,0.4117647058823529,0.47058823529411764,0.5882352941176471,0.058823529411764705,0.058823529411764705,0.17647058823529413,0.08823529411764706,0.9411764705882353,0.8823529411764706,0.4859335038363171,23,0.4666666666666667,0.14705882352941177,0.5528346121057118
868891,,Adson,Adson,978,Brazil,Araguapaz,Brazil,2000-10-06,Right Winger,Attack,left,171.0,2027-12-31 00:00:00,,,,BRA1,Club de Regatas Vasco da Gama,2500000.0,6000000.0,Adson,LW,Vasco da Gama,1224.0,2.0,1.0,1.5,2.6,72.0,42.0,50.0,25.0,53.0,5.0,25.0,15.0,2.0,0.0,Winger,0.14705882352941177,0.07352941176470588,0.11029411764705882,0.1911764705882353,5.294117647058823,3.088235294117647,1.8382352941176472,3.8970588235294117,0.36764705882352944,1.8382352941176472,1.1029411764705883,0.28846153846153844,0.23076923076923078,0.11538461538461539,0.5769230769230769,0.5769230769230769,0.34615384615384615,0.5192307692307693,0.4230769230769231,0.34615384615384615,0.4230769230769231,0.4423076923076923,0.38461538461538464,0.3076923076923077,0.19230769230769232,0.6923076923076923,0.8846153846153846,0.5,0.6153846153846154,0.5769230769230769,0.6153846153846154,0.5769230769230769,0.5384615384615384,0.4970414201183432,24,0.5714285714285714,0.15384615384615385,0.5322907861369399
874223,,Gustavo Martins,Gustavo Martins,210,Brazil,Niterói,Brazil,2002-08-11,Centre-Back,Defender,right,191.0,2027-12-31 00:00:00,0.0,0.0,,BRA1,Grêmio Foot-Ball Porto Alegrense,4000000.0,4000000.0,Gustavo Martins Santos,CB,Grêmio,1377.0,2.0,0.0,2.0,0.0,45.0,1.0,1.0,0.0,3.0,1.0,23.0,21.0,1.0,1.0,Centre-Back,0.13071895424836602,0.0,0.13071895424836602,0.0,2.9411764705882355,0.06535947712418301,0.0,0.19607843137254904,0.06535947712418301,1.5032679738562091,1.3725490196078431,0.8625,0.35,0.9,0.125,0.45,0.0625,0.0625,0.05,0.425,0.3875,0.45,0.925,0.35,0.925,0.125,0.425,0.05,0.0625,0.05,0.45,0.65,0.725,0.515,22,0.7727272727272727,0.1,0.5008181818181818
879217,,Kaiki,Kaiki,609,Brazil,Betim,Brazil,2003-03-08,Left-Back,Defender,left,172.0,2027-12-31 00:00:00,1.0,0.0,,BRA1,Cruzeiro Esporte Clube,14000000.0,14000000.0,Kaiki,LB,Cruzeiro,1184.0,1.0,0.0,0.4,1.0,32.0,31.0,58.0,32.0,26.0,3.0,42.0,15.0,4.0,0.0,Full-Back,0.07601351351351351,0.0,0.030405405405405407,0.07601351351351351,2.4324324324324325,2.356418918918919,2.4324324324324325,1.9763513513513515,0.22804054054054054,3.1925675675675675,1.1402027027027029,0.4857142857142857,0.17142857142857143,0.2857142857142857,0.3142857142857143,0.07142857142857142,0.34285714285714286,0.9285714285714286,0.17142857142857143,0.4,0.5428571428571428,0.4,0.5714285714285714,0.17142857142857143,0.42857142857142855,0.45714285714285713,0.08571428571428572,0.7142857142857143,1.0,0.2,0.6,0.9714285714285714,0.6571428571428571,0.5291428571428571,21,0.9838709677419355,0.05714285714285714,0.46294654377880184
880217,,Alix,Alix,8793,Brazil,Simões Filho,Brazil,1999-11-06,Centre-Back,Defender,right,195.0,2028-12-31 00:00:00,,,,BRA1,Red Bull Bragantino,3000000.0,3000000.0,Alix Vinicius,CB,Atlético Goianiense,2042.0,0.0,0.0,1.3,0.6,69.0,11.0,14.0,10.0,20.0,0.0,28.0,43.0,6.0,2.0,Centre-Back,0.0,0.0,0.05729676787463271,0.02644466209598433,3.041136141038198,0.484818805093046,0.4407443682664055,0.881488736532811,0.0,1.2340842311459355,1.8952007835455436,0.2625,0.35,0.775,0.6875,0.675,0.6,0.9375,0.6625,0.1625,0.525,0.975,0.2625,0.35,0.725,0.675,0.45,0.525,0.85,0.575,0.1625,0.325,0.95,0.56,25,0.6666666666666666,0.2,0.5393333333333333
887801,,Nathan Mendes,Nathan Mendes,2125,Brazil,Caçapava,Brazil,2002-08-19,Right-Back,Defender,right,182.0,2026-12-31 00:00:00,,,,BRA1,Esporte Clube Vitória,1500000.0,1500000.0,Nathan Mendes,RB,Red Bull Bragantino,1165.0,0.0,1.0,0.3,0.9,51.0,17.0,15.0,5.0,26.0,1.0,25.0,11.0,6.0,0.0,Full-Back,0.0,0.07725321888412016,0.023175965665236047,0.06952789699570816,3.939914163090129,1.313304721030043,0.38626609442060084,2.008583690987124,0.07725321888412016,1.9313304721030042,0.8497854077253219,0.15714285714285714,0.42857142857142855,0.2,0.21428571428571427,0.32857142857142857,0.14285714285714285,0.12857142857142856,0.17142857142857143,0.14285714285714285,0.2,0.21428571428571427,0.15714285714285714,0.5714285714285714,0.2571428571428571,0.3142857142857143,0.45714285714285713,0.14285714285714285,0.2,0.2571428571428571,0.2,0.4,0.34285714285714286,0.344,22,0.2903225806451613,0.12857142857142856,0.5145336405529953
891353,,Cuiabano,Cuiabano,978,Brazil,Cuiabá,Brazil,2003-02-16,Left-Back,Defender,left,179.0,2026-12-31 00:00:00,2.0,0.0,,BRA1,Club de Regatas Vasco da Gama,10000000.0,10000000.0,Cuiabano,LB,Grêmio,1639.0,4.0,1.0,1.7000000000000002,1.4,50.0,37.0,25.0,9.0,44.0,6.0,52.0,25.0,5.0,0.0,Full-Back,0.21964612568639413,0.05491153142159853,0.09334960341671752,0.07687614399023794,2.7455765710799267,2.0317266625991457,0.4942037827943868,2.4161073825503356,0.32946918852959123,2.8553996339231236,1.3727882855399633,0.9714285714285714,0.42857142857142855,0.8714285714285714,0.4142857142857143,0.2571428571428571,0.4857142857142857,0.4,0.5,0.7857142857142857,0.6857142857142857,0.7285714285714285,0.9714285714285714,0.4,0.8571428571428571,0.4857142857142857,0.2,0.5714285714285714,0.37142857142857144,0.6,0.8285714285714286,0.8285714285714286,0.9428571428571428,0.5222857142857142,21,0.9032258064516129,0.05714285714285714,0.47899354838709673
892091,,Mandaca,Mandaca,10492,Brazil,João Pessoa,Brazil,2001-10-02,Central Midfield,Midfield,right,178.0,2026-12-31 00:00:00,,,,BRA1,Esporte Clube Juventude,,,Luis Mandaca,FW,Juventude,1101.0,4.0,2.0,4.7,1.5,42.0,25.0,43.0,14.0,47.0,4.0,22.0,22.0,5.0,0.0,Central Midfielder,0.32697547683923706,0.16348773841961853,0.3841961852861036,0.12261580381471389,3.433242506811989,2.0435967302452314,1.1444141689373297,3.8419618528610355,0.32697547683923706,1.7983651226158037,1.7983651226158037,0.9705882352941176,0.6764705882352942,0.9411764705882353,0.5588235294117647,0.11764705882352941,0.5588235294117647,0.7058823529411765,0.5882352941176471,0.5882352941176471,0.2647058823529412,0.7647058823529411,1.0,0.7058823529411765,1.0,0.7058823529411765,0.11764705882352941,0.8235294117647058,0.8823529411764706,0.8235294117647058,0.7647058823529411,0.5294117647058824,1.0,0.5856777493606138,23,,0.14705882352941177,
898350,Facundo,Bernal,Facundo Bernal,2462,Uruguay,Montevideo,Uruguay,2003-08-21,Defensive Midfield,Midfield,right,187.0,2028-07-31 00:00:00,1.0,0.0,,BRA1,Fluminense Football Club,6000000.0,6000000.0,Facundo Bernal,DM,Fluminense,919.0,0.0,0.0,0.4,0.1,49.0,2.0,10.0,7.0,16.0,0.0,25.0,9.0,6.0,0.0,Defensive Midfielder,0.0,0.0,0.03917301414581067,0.009793253536452667,4.798694232861806,0.19586507072905332,0.6855277475516867,1.5669205658324266,0.0,2.4483133841131663,0.8813928182807399,0.2619047619047619,0.19047619047619047,0.19047619047619047,0.11904761904761904,0.23809523809523808,0.07142857142857142,0.2857142857142857,0.09523809523809523,0.09523809523809523,0.14285714285714285,0.047619047619047616,0.2619047619047619,0.19047619047619047,0.42857142857142855,0.19047619047619047,0.6190476190476191,0.09523809523809523,0.7142857142857143,0.2857142857142857,0.09523809523809523,0.47619047619047616,0.19047619047619047,0.39775910364145656,21,0.8529411764705882,0.14285714285714285,0.40399159663865547
958598,,Robert Renan,Robert Renan,978,Brazil,Brasília,Brazil,2003-10-11,Centre-Back,Defender,left,186.0,2026-12-31 00:00:00,0.0,0.0,,BRA1,Club de Regatas Vasco da Gama,10000000.0,10000000.0,Robert Renan,"CB,RW",Internacional,959.0,0.0,1.0,0.6000000000000001,0.2,45.0,16.0,16.0,8.0,14.0,1.0,24.0,10.0,2.0,0.0,Centre-Back,0.0,0.09384775808133472,0.05630865484880085,0.018769551616266946,4.223149113660062,1.5015641293013555,0.7507820646506778,1.313868613138686,0.09384775808133472,2.2523461939520333,0.9384775808133472,0.2625,0.7875,0.425,0.425,0.45,0.75,0.8375,0.4875,0.425,0.4375,0.1125,0.2625,0.925,0.7,0.55,0.825,0.9,0.95,0.825,0.65,1.0,0.3,0.7416666666666667,21,0.9393939393939394,0.075,0.5989015151515151
975191,Henry,Mosquera,Henry Mosquera,8793,Colombia,Quibdó,Colombia,2001-11-15,Left Winger,Attack,right,175.0,2027-12-31 00:00:00,2.0,0.0,,BRA1,Red Bull Bragantino,3500000.0,3500000.0,Henry Mosquera,"RM,FW",Red Bull Bragantino,1934.0,1.0,2.0,3.8,2.1,38.0,97.0,141.0,70.0,70.0,5.0,23.0,9.0,4.0,0.0,Winger,0.04653567735263703,0.09307135470527406,0.1768355739400207,0.09772492244053775,1.7683557394002067,4.5139607032057905,3.2574974146845914,3.2574974146845914,0.2326783867631851,1.0703205791106516,0.4188210961737332,0.1346153846153846,0.4423076923076923,0.6923076923076923,0.4230769230769231,0.19230769230769232,0.8846153846153846,0.9615384615384616,0.7692307692307693,0.34615384615384615,0.38461538461538464,0.15384615384615385,0.11538461538461539,0.4230769230769231,0.5384615384615384,0.3076923076923077,0.038461538461538464,0.8846153846153846,0.9615384615384616,0.3076923076923077,0.23076923076923078,0.2692307692307692,0.038461538461538464,0.4260355029585798,23,0.6904761904761905,0.057692307692307696,0.4743484080022541
982552,,Estêvão,Estêvão,6600,Brazil,Amambai,Brazil,2002-02-03,Attacking Midfield,Midfield,left,176.0,,,,,BRA1,Sport Club Internacional,,,Estevão,RW,Palmeiras,2097.0,13.0,9.0,10.3,6.9,92.0,145.0,182.0,84.0,139.0,19.0,30.0,16.0,4.0,0.0,Attacking Midfielder,0.5579399141630901,0.38626609442060084,0.4420600858369099,0.296137339055794,3.948497854077253,6.223175965665236,3.6051502145922747,5.965665236051502,0.8154506437768241,1.2875536480686696,0.6866952789699571,1.0,0.9523809523809523,1.0,0.9047619047619048,0.47619047619047616,1.0,1.0,0.9047619047619048,1.0,0.7142857142857143,0.5476190476190477,1.0,0.9523809523809523,1.0,0.9523809523809523,0.19047619047619047,1.0,0.9523809523809523,0.9523809523809523,0.9047619047619048,0.42857142857142855,0.47619047619047616,0.9559082892416226,22,,0.14285714285714285,
982617,,Hércules,Hércules,2462,Brazil,Jaicós,Brazil,2000-10-20,Central Midfield,Midfield,right,178.0,2029-12-31 00:00:00,,,,BRA1,Fluminense Football Club,15000000.0,15000000.0,Hércules,CM,Fortaleza,2317.0,4.0,1.0,1.0,1.5,96.0,31.0,56.0,37.0,59.0,9.0,55.0,33.0,6.0,2.0,Central Midfielder,0.15537332757876565,0.03884333189469141,0.03884333189469141,0.05826499784203712,3.7289598618903756,1.2041432887354337,1.4372032801035823,2.2917565817867933,0.3495899870522227,2.1363832542080274,1.2818299525248167,0.9705882352941176,0.5,0.47058823529411764,0.5588235294117647,0.7647058823529411,0.8823529411764706,1.0,0.7647058823529411,0.9117647058823529,0.9411764705882353,0.9705882352941176,0.8235294117647058,0.47058823529411764,0.35294117647058826,0.4117647058823529,0.23529411764705882,0.4117647058823529,1.0,0.35294117647058826,0.8235294117647058,0.7647058823529411,0.7058823529411765,0.43478260869565216,24,0.8666666666666667,0.35294117647058826,0.3912617220801364
1097224,,Janderson,Janderson,609,Brazil,Altos,Brazil,2005-08-31,Centre-Back,Defender,right,190.0,2029-02-01 00:00:00,,,,BRA1,Cruzeiro Esporte Clube,,,Janderson,LW,Vitória,1937.0,4.0,0.0,3.3000000000000003,1.6,53.0,61.0,82.0,31.0,64.0,4.0,31.0,18.0,8.0,0.0,Centre-Back,0.18585441404233352,0.0,0.15332989158492516,0.0743417656169334,2.462570986060919,2.834279814145586,1.4403717088280847,2.9736706246773363,0.18585441404233352,1.4403717088280847,0.8363448631905007,0.9875,0.35,0.925,0.9,0.5625,0.975,0.975,0.975,0.9625,0.7125,0.325,1.0,0.35,0.975,0.95,0.375,1.0,1.0,1.0,0.925,0.525,0.225,0.4583333333333333,19,,0.05,
1101124,,Gustavinho,Gustavinho,221,Brazil,Limeira,Brazil,2005-04-07,Defensive Midfield,Midfield,right,,2028-12-31 00:00:00,,,,BRA1,Santos Futebol Clube,500000.0,500000.0,Gustavinho,LM,Red Bull Bragantino,954.0,1.0,3.0,0.7000000000000001,1.4,45.0,9.0,33.0,17.0,38.0,4.0,24.0,14.0,1.0,0.0,Defensive Midfielder,0.09433962264150944,0.2830188679245283,0.0660377358490566,0.13207547169811318,4.245283018867925,0.8490566037735848,1.6037735849056602,3.5849056603773586,0.37735849056603776,2.2641509433962264,1.3207547169811322,0.6428571428571429,0.8095238095238095,0.3333333333333333,0.6190476190476191,0.16666666666666666,0.21428571428571427,0.7857142857142857,0.42857142857142855,0.5952380952380952,0.09523809523809523,0.09523809523809523,0.8095238095238095,1.0,0.7142857142857143,0.9523809523809523,0.47619047619047616,0.5714285714285714,1.0,1.0,0.9523809523809523,0.42857142857142855,0.5714285714285714,0.5504201680672268,19,0.058823529411764705,0.09523809523809523,0.7012605042016806
1221818,,André,André,199,Brazil,São Paulo,Brazil,2006-06-20,Central Midfield,Midfield,right,183.0,2029-12-31 00:00:00,,,,BRA1,Sport Club Corinthians Paulista,16000000.0,16000000.0,André,"DM,CB",Fluminense,1072.0,0.0,1.0,0.1,0.0,64.0,9.0,28.0,11.0,25.0,2.0,24.0,16.0,5.0,0.0,Central Midfielder,0.0,0.08395522388059701,0.008395522388059701,0.0,5.3731343283582085,0.7555970149253731,0.9235074626865671,2.0988805970149254,0.16791044776119401,2.014925373134328,1.3432835820895521,0.17647058823529413,0.5,0.11764705882352941,0.058823529411764705,0.47058823529411764,0.14705882352941177,0.5294117647058824,0.23529411764705882,0.23529411764705882,0.4117647058823529,0.5588235294117647,0.17647058823529413,0.5294117647058824,0.11764705882352941,0.058823529411764705,0.6470588235294118,0.17647058823529413,0.6470588235294118,0.23529411764705882,0.29411764705882354,0.6470588235294118,0.7647058823529411,0.4296675191815857,18,0.9333333333333333,0.058823529411764705,0.41564364876385335
1362701,,Pedro Ferreira,Pedro Ferreira,585,Brazil,Diadema,Brazil,2007-04-24,Attacking Midfield,Midfield,right,175.0,2029-04-30 00:00:00,2.0,0.0,,BRA1,São Paulo Futebol Clube,,,Ferreira,LM,São Paulo,1230.0,5.0,1.0,3.1,1.6,57.0,76.0,94.0,50.0,69.0,2.0,26.0,11.0,4.0,0.0,Attacking Midfielder,0.3658536585365854,0.07317073170731707,0.22682926829268293,0.11707317073170731,4.170731707317073,5.560975609756098,3.6585365853658534,5.048780487804878,0.14634146341463414,1.9024390243902438,0.8048780487804879,0.6666666666666666,0.14285714285714285,0.5714285714285714,0.19047619047619047,0.2857142857142857,0.8571428571428571,0.9047619047619048,0.42857142857142855,0.09523809523809523,0.5238095238095238,0.3333333333333333,0.8571428571428571,0.09523809523809523,0.8095238095238095,0.2857142857142857,0.3333333333333333,0.9523809523809523,1.0,0.7142857142857143,0.09523809523809523,0.9047619047619048,0.6666666666666666,0.48324514991181655,17,,0.047619047619047616,
1364987,,Breno,Breno,2462,,,Brazil,2007-03-24,Centre-Back,Defender,both,,,,,,BRA1,Fluminense Football Club,,,Breno,AM,Corinthians,2969.0,3.0,2.0,4.0,1.8,130.0,86.0,72.0,39.0,94.0,8.0,46.0,37.0,6.0,0.0,Centre-Back,0.09093971034018188,0.060626473560121255,0.12125294712024251,0.05456382620410913,3.9407207814078813,2.606938363085214,1.1822162344223646,2.8494442573256986,0.24250589424048502,1.3944088918827888,1.1215897608622432,0.925,0.95,0.975,0.9625,0.95,1.0,1.0,1.0,1.0,0.975,0.9125,0.825,0.775,0.9,0.825,0.775,0.975,0.975,0.975,0.95,0.5,0.4,0.6283333333333333,17,,0.025,
1376049,,Luiz Felipe,Luiz Felipe,614,,,Brazil,2008-02-08,Defensive Midfield,Midfield,right,183.0,,,,,BRA1,Clube de Regatas do Flamengo,,,Luiz Felipe,LM,Atlético Goianiense,1090.0,1.0,0.0,0.8999999999999999,0.0,20.0,2.0,2.0,1.0,7.0,2.0,19.0,17.0,5.0,1.0,Defensive Midfielder,0.08256880733944955,0.0,0.07431192660550458,0.0,1.651376146788991,0.1651376146788991,0.08256880733944955,0.5779816513761469,0.1651376146788991,1.5688073394495414,1.4036697247706422,0.6428571428571429,0.19047619047619047,0.47619047619047616,0.047619047619047616,0.047619047619047616,0.07142857142857142,0.047619047619047616,0.047619047619047616,0.30952380952380953,0.047619047619047616,0.2857142857142857,0.7619047619047619,0.19047619047619047,0.8095238095238095,0.047619047619047616,0.047619047619047616,0.047619047619047616,0.047619047619047616,0.047619047619047616,0.5238095238095238,0.09523809523809523,0.6190476190476191,0.16386554621848742,16,,0.047619047619047616,
